{"best_estimator": "AdaBoostClassifier(algorithm='SAMME', learning_rate=0.1, n_estimators=300)", "best_score": 0.6227090631940376, "test_score": 0.43643263757115747}