{"best_estimator": "BernoulliNB()", "best_score": 0.4721421710674276, "test_score": 0.4112903225806452}