{"best_estimator": "BernoulliNB()", "best_score": 0.47622133203413985, "test_score": 0.3953328757721345}