{"best_estimator": "BernoulliNB()", "best_score": 0.4732649599374633, "test_score": 0.4265964450296248}