{"best_estimator": "HistGradientBoostingClassifier(learning_rate=0.05)", "best_score": 0.5979409579696524, "test_score": 0.4871238818107888}