{"0": {"precision": 0.5384615384615384, "recall": 0.7777777777777778, "f1-score": 0.6363636363636364, "support": 18.0}, "1": {"precision": 0.2, "recall": 0.07692307692307693, "f1-score": 0.1111111111111111, "support": 13.0}, "accuracy": 0.4838709677419355, "macro avg": {"precision": 0.36923076923076925, "recall": 0.4273504273504274, "f1-score": 0.3737373737373737, "support": 31.0}, "weighted avg": {"precision": 0.39652605459057066, "recall": 0.4838709677419355, "f1-score": 0.41609644835451287, "support": 31.0}}