{"best_estimator": "HistGradientBoostingClassifier()", "best_score": 0.5947138400112386, "test_score": 0.6724857685009488}