{"best_estimator": "HistGradientBoostingClassifier()", "best_score": 0.5729921501213898, "test_score": 0.6327975722153534}