{"best_estimator": "KNeighborsClassifier(p=3, weights='distance')", "best_score": 0.5726980059914425, "test_score": 0.5269238878347038}