{"best_estimator": "RandomForestClassifier(criterion='log_loss', n_estimators=300)", "best_score": 0.5750341729396545, "test_score": 0.5129904097646034}