{"best_estimator": "RandomForestClassifier()", "best_score": 0.5652498379802727, "test_score": 0.5498479883128676}