{"best_estimator": "RandomForestClassifier(max_depth=6, n_estimators=200)", "best_score": 0.5423568841951196, "test_score": 0.7873900293255133}