{"best_estimator": "RandomForestClassifier(criterion='log_loss')", "best_score": 0.5363452271549078, "test_score": 0.5299120234604107}