{"best_estimator": "BernoulliNB()", "best_score": 0.6135547319275119, "test_score": 0.5440298507462686}