{"best_estimator": "BernoulliNB()", "best_score": 0.6046106984769261, "test_score": 0.6296875}