{"best_estimator": "HistGradientBoostingClassifier(learning_rate=0.05)", "best_score": 0.7072257505173057, "test_score": 0.7770440251572326}