{"best_estimator": "HistGradientBoostingClassifier(learning_rate=0.5)", "best_score": 0.7558294827579382, "test_score": 0.6779524807826695}