{"best_estimator": "HistGradientBoostingClassifier()", "best_score": 0.722977342501193, "test_score": 0.6928571428571428}