{"best_estimator": "KNeighborsClassifier(p=3, weights='distance')", "best_score": 0.7125028350159183, "test_score": 0.7952380952380953}