{"best_estimator": "KNeighborsClassifier(n_neighbors=15, p=3)", "best_score": 0.7325500952180395, "test_score": 0.6779524807826695}