{"best_estimator": "KNeighborsClassifier(p=3)", "best_score": 0.7253758498138337, "test_score": 0.6500807102502019}