{"best_estimator": "KNeighborsClassifier(n_neighbors=10, p=3, weights='distance')", "best_score": 0.736808370865355, "test_score": 0.5356984478935698}