{"best_estimator": "RandomForestClassifier(criterion='entropy', n_estimators=400)", "best_score": 0.6436081767397489, "test_score": 0.658174825307972}