{"best_estimator": "RandomForestClassifier(criterion='log_loss', n_estimators=400)", "best_score": 0.6642781306229509, "test_score": 0.8115819209039549}