{"best_estimator": "BernoulliNB()", "best_score": 0.5300070866073602, "test_score": 0.5147727272727273}