{"best_estimator": "BernoulliNB()", "best_score": 0.523266977507546, "test_score": 0.5981695869837297}