{"0": {"precision": 0.68, "recall": 0.8947368421052632, "f1-score": 0.7727272727272727, "support": 19.0}, "1": {"precision": 0.7142857142857143, "recall": 0.38461538461538464, "f1-score": 0.5, "support": 13.0}, "accuracy": 0.6875, "macro avg": {"precision": 0.6971428571428572, "recall": 0.6396761133603239, "f1-score": 0.6363636363636364, "support": 32.0}, "weighted avg": {"precision": 0.6939285714285715, "recall": 0.6875, "f1-score": 0.6619318181818181, "support": 32.0}}