{"0": {"precision": 0.5666666666666667, "recall": 0.9444444444444444, "f1-score": 0.7083333333333334, "support": 18.0}, "1": {"precision": 0.5, "recall": 0.07142857142857142, "f1-score": 0.125, "support": 14.0}, "accuracy": 0.5625, "macro avg": {"precision": 0.5333333333333333, "recall": 0.5079365079365079, "f1-score": 0.4166666666666667, "support": 32.0}, "weighted avg": {"precision": 0.5375, "recall": 0.5625, "f1-score": 0.453125, "support": 32.0}}