{"best_estimator": "BernoulliNB()", "best_score": 0.5490333576881445, "test_score": 0.4820936639118457}