{"best_estimator": "BernoulliNB()", "best_score": 0.5554706206560829, "test_score": 0.5228273127432792}