{"best_estimator": "HistGradientBoostingClassifier(learning_rate=0.05)", "best_score": 0.5453139648761243, "test_score": 0.7016196013289037}