{"best_estimator": "KNeighborsClassifier(p=3)", "best_score": 0.539144210052354, "test_score": 0.6087662337662337}