{"best_estimator": "KNeighborsClassifier(p=3)", "best_score": 0.6117198735603273, "test_score": 0.6363636363636364}