{"0": {"precision": 0.6363636363636364, "recall": 0.7368421052631579, "f1-score": 0.6829268292682927, "support": 19.0}, "1": {"precision": 0.5454545454545454, "recall": 0.42857142857142855, "f1-score": 0.48, "support": 14.0}, "accuracy": 0.6060606060606061, "macro avg": {"precision": 0.5909090909090908, "recall": 0.5827067669172932, "f1-score": 0.5814634146341464, "support": 33.0}, "weighted avg": {"precision": 0.5977961432506886, "recall": 0.6060606060606061, "f1-score": 0.5968366592756836, "support": 33.0}}