{"best_estimator": "KNeighborsClassifier(n_neighbors=7, p=3, weights='distance')", "best_score": 0.5502225718396814, "test_score": 0.7173423423423424}