{"best_estimator": "KNeighborsClassifier(p=3, weights='distance')", "best_score": 0.5603615995067512, "test_score": 0.6679092885989438}