{"best_estimator": "RandomForestClassifier(criterion='log_loss', n_estimators=300)", "best_score": 0.5767502898644121, "test_score": 0.7818965517241379}