{"best_estimator": "RandomForestClassifier(criterion='entropy')", "best_score": 0.5494175437437272, "test_score": 0.7391774891774892}