{"best_estimator": "RandomForestClassifier(criterion='log_loss', n_estimators=150)", "best_score": 0.5486870108973825, "test_score": 0.6928904428904429}