{"0": {"precision": 0.7222222222222222, "recall": 0.6842105263157895, "f1-score": 0.7027027027027027, "support": 19.0}, "1": {"precision": 0.5384615384615384, "recall": 0.5833333333333334, "f1-score": 0.56, "support": 12.0}, "accuracy": 0.6451612903225806, "macro avg": {"precision": 0.6303418803418803, "recall": 0.6337719298245614, "f1-score": 0.6313513513513513, "support": 31.0}, "weighted avg": {"precision": 0.6510890543148606, "recall": 0.6451612903225806, "f1-score": 0.6474629468177856, "support": 31.0}}