{"best_estimator": "BernoulliNB()", "best_score": 0.43085859878713617, "test_score": 0.5161290322580645}