{"best_estimator": "BernoulliNB()", "best_score": 0.3786601824167317, "test_score": 0.3994134897360703}