{"best_estimator": "BernoulliNB()", "best_score": 0.3921032902978752, "test_score": 0.21605401350337583}