{"best_estimator": "HistGradientBoostingClassifier(learning_rate=0.5)", "best_score": 0.5123367532187582, "test_score": 0.7576104552453904}