{"best_estimator": "HistGradientBoostingClassifier(learning_rate=0.05)", "best_score": 0.5493827400754677, "test_score": 0.5833653007846556}