{"best_estimator": "HistGradientBoostingClassifier(learning_rate=0.05)", "best_score": 0.5240336389990496, "test_score": 0.41935483870967744}