{"best_estimator": "RandomForestClassifier(n_estimators=150)", "best_score": 0.5271157144204007, "test_score": 0.5769050958391772}