{"best_estimator": "RandomForestClassifier(n_estimators=150)", "best_score": 0.5573086029847178, "test_score": 0.4325053388782735}