{"best_estimator": "RandomForestClassifier()", "best_score": 0.5812931312625959, "test_score": 0.41044142614601015}