{"best_estimator": "RandomForestClassifier(n_estimators=200)", "best_score": 0.5174048481250256, "test_score": 0.43694033876362065}