{"best_estimator": "BernoulliNB()", "best_score": 0.5304790335278059, "test_score": 0.764102564102564}