{"best_estimator": "BernoulliNB()", "best_score": 0.5051343611865808, "test_score": 0.5209235209235209}