{"0": {"precision": 0.75, "recall": 0.8297872340425532, "f1-score": 0.7878787878787878, "support": 47.0}, "1": {"precision": 0.4666666666666667, "recall": 0.35, "f1-score": 0.4, "support": 20.0}, "accuracy": 0.6865671641791045, "macro avg": {"precision": 0.6083333333333334, "recall": 0.5898936170212765, "f1-score": 0.593939393939394, "support": 67.0}, "weighted avg": {"precision": 0.6654228855721394, "recall": 0.6865671641791045, "f1-score": 0.6720940750791498, "support": 67.0}}