{"0": {"precision": 0.7857142857142857, "recall": 0.9166666666666666, "f1-score": 0.8461538461538461, "support": 12.0}, "1": {"precision": 0.75, "recall": 0.5, "f1-score": 0.6, "support": 6.0}, "accuracy": 0.7777777777777778, "macro avg": {"precision": 0.7678571428571428, "recall": 0.7083333333333333, "f1-score": 0.7230769230769231, "support": 18.0}, "weighted avg": {"precision": 0.7738095238095238, "recall": 0.7777777777777778, "f1-score": 0.764102564102564, "support": 18.0}}