{"best_estimator": "HistGradientBoostingClassifier(learning_rate=0.01)", "best_score": 0.6745943025306887, "test_score": 0.4935143288084464}