{"best_estimator": "HistGradientBoostingClassifier()", "best_score": 0.6248118517052756, "test_score": 0.7549559612064402}