{"best_estimator": "HistGradientBoostingClassifier(learning_rate=0.5)", "best_score": 0.6237455896455512, "test_score": 0.6934929917386058}