{"0": {"precision": 0.5833333333333334, "recall": 0.5185185185185185, "f1-score": 0.5490196078431373, "support": 27.0}, "1": {"precision": 0.38095238095238093, "recall": 0.4444444444444444, "f1-score": 0.41025641025641024, "support": 18.0}, "accuracy": 0.4888888888888889, "macro avg": {"precision": 0.48214285714285715, "recall": 0.48148148148148145, "f1-score": 0.4796380090497738, "support": 45.0}, "weighted avg": {"precision": 0.5023809523809524, "recall": 0.4888888888888889, "f1-score": 0.4935143288084464, "support": 45.0}}