{"best_estimator": "HistGradientBoostingClassifier(learning_rate=0.05)", "best_score": 0.6776009553469049, "test_score": 0.7121212121212122}