{"best_estimator": "HistGradientBoostingClassifier()", "best_score": 0.6768037749866229, "test_score": 0.5679012345679013}