{"best_estimator": "KNeighborsClassifier(n_neighbors=25)", "best_score": 0.6780454141555111, "test_score": 0.5282533399307273}