{"best_estimator": "KNeighborsClassifier(n_neighbors=20, p=3)", "best_score": 0.6664587893986492, "test_score": 0.6241186993580975}