{"0": {"precision": 0.6875, "recall": 0.4074074074074074, "f1-score": 0.5116279069767442, "support": 27.0}, "1": {"precision": 0.4482758620689655, "recall": 0.7222222222222222, "f1-score": 0.5531914893617021, "support": 18.0}, "accuracy": 0.5333333333333333, "macro avg": {"precision": 0.5678879310344828, "recall": 0.5648148148148148, "f1-score": 0.5324096981692232, "support": 45.0}, "weighted avg": {"precision": 0.5918103448275862, "recall": 0.5333333333333333, "f1-score": 0.5282533399307273, "support": 45.0}}