{"best_estimator": "KNeighborsClassifier(n_neighbors=15, weights='distance')", "best_score": 0.6430688028286566, "test_score": 0.5422647527910686}