{"best_estimator": "KNeighborsClassifier(n_neighbors=20, weights='distance')", "best_score": 0.6430080746132402, "test_score": 0.6666666666666666}