{"best_estimator": "KNeighborsClassifier(n_neighbors=25, p=3)", "best_score": 0.6472077139008373, "test_score": 0.6012121212121212}