{"0": {"precision": 0.5675675675675675, "recall": 0.7777777777777778, "f1-score": 0.65625, "support": 27.0}, "1": {"precision": 0.25, "recall": 0.1111111111111111, "f1-score": 0.15384615384615385, "support": 18.0}, "accuracy": 0.5111111111111111, "macro avg": {"precision": 0.40878378378378377, "recall": 0.4444444444444444, "f1-score": 0.4050480769230769, "support": 45.0}, "weighted avg": {"precision": 0.4405405405405405, "recall": 0.5111111111111111, "f1-score": 0.45528846153846153, "support": 45.0}}