{"best_estimator": "BernoulliNB()", "best_score": 0.47742817105788105, "test_score": 0.5498479883128676}