{"best_estimator": "BernoulliNB()", "best_score": 0.49465564536882994, "test_score": 0.6995616499943801}