{"best_estimator": "BernoulliNB()", "best_score": 0.4802467185996598, "test_score": 0.5726835964310226}