{"best_estimator": "BernoulliNB()", "best_score": 0.49596441237680755, "test_score": 0.5824884792626728}