{"best_estimator": "BernoulliNB()", "best_score": 0.5192945716612699, "test_score": 0.5192676547515258}