{"best_estimator": "BernoulliNB()", "best_score": 0.5067457532414517, "test_score": 0.6642228739002932}