{"0": {"precision": 0.7647058823529411, "recall": 0.6842105263157895, "f1-score": 0.7222222222222222, "support": 19.0}, "1": {"precision": 0.5714285714285714, "recall": 0.6666666666666666, "f1-score": 0.6153846153846154, "support": 12.0}, "accuracy": 0.6774193548387096, "macro avg": {"precision": 0.6680672268907563, "recall": 0.6754385964912281, "f1-score": 0.6688034188034189, "support": 31.0}, "weighted avg": {"precision": 0.6898888587693142, "recall": 0.6774193548387096, "f1-score": 0.6808657292528261, "support": 31.0}}