{"best_estimator": "HistGradientBoostingClassifier(learning_rate=0.05)", "best_score": 0.6857443338250222, "test_score": 0.6428596338273758}