{"best_estimator": "HistGradientBoostingClassifier()", "best_score": 0.6866652911836623, "test_score": 0.541454442558008}