{"best_estimator": "KNeighborsClassifier(n_neighbors=20)", "best_score": 0.6190790161788469, "test_score": 0.6995616499943801}