{"best_estimator": "KNeighborsClassifier(n_neighbors=15)", "best_score": 0.6362110161177716, "test_score": 0.7873900293255133}