{"best_estimator": "KNeighborsClassifier(n_neighbors=15, p=3, weights='distance')", "best_score": 0.6316439964582419, "test_score": 0.7756582388840454}