{"0": {"precision": 0.5, "recall": 0.6111111111111112, "f1-score": 0.55, "support": 18.0}, "1": {"precision": 0.2222222222222222, "recall": 0.15384615384615385, "f1-score": 0.18181818181818182, "support": 13.0}, "accuracy": 0.41935483870967744, "macro avg": {"precision": 0.3611111111111111, "recall": 0.3824786324786325, "f1-score": 0.36590909090909096, "support": 31.0}, "weighted avg": {"precision": 0.3835125448028674, "recall": 0.41935483870967744, "f1-score": 0.3956011730205279, "support": 31.0}}