{"best_estimator": "RandomForestClassifier(criterion='log_loss')", "best_score": 0.6819740722865724, "test_score": 0.6724674589700056}