{"best_estimator": "RandomForestClassifier(criterion='entropy', n_estimators=300)", "best_score": 0.6273927990538177, "test_score": 0.6708211143695015}