{"best_estimator": "BernoulliNB()", "best_score": 0.4949286852430059, "test_score": 0.27350427350427353}