{"best_estimator": "BernoulliNB()", "best_score": 0.4528279695918183, "test_score": 0.5640509725016768}