{"best_estimator": "HistGradientBoostingClassifier(learning_rate=0.01)", "best_score": 0.5857770349719502, "test_score": 0.6961681242751141}