{"0": {"precision": 0.5172413793103449, "recall": 0.6818181818181818, "f1-score": 0.5882352941176471, "support": 22.0}, "1": {"precision": 0.5882352941176471, "recall": 0.4166666666666667, "f1-score": 0.4878048780487805, "support": 24.0}, "accuracy": 0.5434782608695652, "macro avg": {"precision": 0.552738336713996, "recall": 0.5492424242424242, "f1-score": 0.5380200860832138, "support": 46.0}, "weighted avg": {"precision": 0.5542816826880678, "recall": 0.5434782608695652, "f1-score": 0.5358368161686732, "support": 46.0}}