{"0": {"precision": 0.5333333333333333, "recall": 0.7272727272727273, "f1-score": 0.6153846153846154, "support": 22.0}, "1": {"precision": 0.625, "recall": 0.4166666666666667, "f1-score": 0.5, "support": 24.0}, "accuracy": 0.5652173913043478, "macro avg": {"precision": 0.5791666666666666, "recall": 0.571969696969697, "f1-score": 0.5576923076923077, "support": 46.0}, "weighted avg": {"precision": 0.5811594202898551, "recall": 0.5652173913043478, "f1-score": 0.5551839464882944, "support": 46.0}}