{"0": {"precision": 0.16666666666666666, "recall": 0.125, "f1-score": 0.14285714285714285, "support": 8.0}, "1": {"precision": 0.4166666666666667, "recall": 0.5, "f1-score": 0.45454545454545453, "support": 10.0}, "accuracy": 0.3333333333333333, "macro avg": {"precision": 0.2916666666666667, "recall": 0.3125, "f1-score": 0.2987012987012987, "support": 18.0}, "weighted avg": {"precision": 0.3055555555555556, "recall": 0.3333333333333333, "f1-score": 0.316017316017316, "support": 18.0}}