{"best_estimator": "KNeighborsClassifier(p=1, weights='distance')", "best_score": 0.5723696697940017, "test_score": 0.4841979725700655}