{"best_estimator": "RandomForestClassifier(max_depth=6, n_estimators=300)", "best_score": 0.5486647593656903, "test_score": 0.5333333333333334}