{"best_estimator": "RandomForestClassifier(criterion='log_loss')", "best_score": 0.6089200306682903, "test_score": 0.38663021430461236}