{"best_estimator": "RandomForestClassifier(criterion='log_loss')", "best_score": 0.5587947193560201, "test_score": 0.638938580799046}