{"0": {"precision": 0.7777777777777778, "recall": 0.5185185185185185, "f1-score": 0.6222222222222222, "support": 27.0}, "1": {"precision": 0.5185185185185185, "recall": 0.7777777777777778, "f1-score": 0.6222222222222222, "support": 18.0}, "accuracy": 0.6222222222222222, "macro avg": {"precision": 0.6481481481481481, "recall": 0.6481481481481481, "f1-score": 0.6222222222222222, "support": 45.0}, "weighted avg": {"precision": 0.674074074074074, "recall": 0.6222222222222222, "f1-score": 0.6222222222222222, "support": 45.0}}