{"best_estimator": "BernoulliNB()", "best_score": 0.6219341502061729, "test_score": 0.6198656314116748}