{"best_estimator": "BernoulliNB()", "best_score": 0.6199995214115036, "test_score": 0.6035714285714285}