{"best_estimator": "HistGradientBoostingClassifier()", "best_score": 0.695648271872065, "test_score": 0.770859985785359}