{"best_estimator": "HistGradientBoostingClassifier()", "best_score": 0.704663758347121, "test_score": 0.8317460317460318}