{"best_estimator": "HistGradientBoostingClassifier()", "best_score": 0.7160132495960196, "test_score": 0.6944927536231884}