{"0": {"precision": 0.8888888888888888, "recall": 0.5517241379310345, "f1-score": 0.6808510638297872, "support": 29.0}, "1": {"precision": 0.4583333333333333, "recall": 0.8461538461538461, "f1-score": 0.5945945945945946, "support": 13.0}, "accuracy": 0.6428571428571429, "macro avg": {"precision": 0.673611111111111, "recall": 0.6989389920424403, "f1-score": 0.6377228292121909, "support": 42.0}, "weighted avg": {"precision": 0.755621693121693, "recall": 0.6428571428571429, "f1-score": 0.6541526328760371, "support": 42.0}}