{"best_estimator": "HistGradientBoostingClassifier(learning_rate=0.5)", "best_score": 0.7011701079127828, "test_score": 0.6996536368134587}