{"0": {"precision": 0.918918918918919, "recall": 0.723404255319149, "f1-score": 0.8095238095238095, "support": 47.0}, "1": {"precision": 0.5666666666666667, "recall": 0.85, "f1-score": 0.68, "support": 20.0}, "accuracy": 0.7611940298507462, "macro avg": {"precision": 0.7427927927927929, "recall": 0.7867021276595745, "f1-score": 0.7447619047619047, "support": 67.0}, "weighted avg": {"precision": 0.8137689928734705, "recall": 0.7611940298507462, "f1-score": 0.770859985785359, "support": 67.0}}