{"best_estimator": "HistGradientBoostingClassifier(learning_rate=0.5)", "best_score": 0.6848645304102516, "test_score": 0.6680265170831209}