{"0": {"precision": 0.75, "recall": 0.75, "f1-score": 0.75, "support": 12.0}, "1": {"precision": 0.5, "recall": 0.5, "f1-score": 0.5, "support": 6.0}, "accuracy": 0.6666666666666666, "macro avg": {"precision": 0.625, "recall": 0.625, "f1-score": 0.625, "support": 18.0}, "weighted avg": {"precision": 0.6666666666666666, "recall": 0.6666666666666666, "f1-score": 0.6666666666666666, "support": 18.0}}