{"best_estimator": "KNeighborsClassifier(n_neighbors=20, p=3)", "best_score": 0.62282750279417, "test_score": 0.8317853457172342}