{"best_estimator": "RandomForestClassifier(max_depth=3)", "best_score": 0.6632121913188713, "test_score": 0.6787073271147743}