{"precision": 0.7186929710198947, "recall": 0.686234972866527, "f1": 0.6889535812818983}