{"best_estimator": "BernoulliNB()", "best_score": 0.49306082040492544, "test_score": 0.6909090909090909}