{"0": {"precision": 0.5813953488372093, "recall": 1.0, "f1-score": 0.7352941176470589, "support": 25.0}, "1": {"precision": 1.0, "recall": 0.14285714285714285, "f1-score": 0.25, "support": 21.0}, "accuracy": 0.6086956521739131, "macro avg": {"precision": 0.7906976744186047, "recall": 0.5714285714285714, "f1-score": 0.49264705882352944, "support": 46.0}, "weighted avg": {"precision": 0.7724974721941354, "recall": 0.6086956521739131, "f1-score": 0.5137468030690537, "support": 46.0}}