{"0": {"precision": 0.7291666666666666, "recall": 0.7954545454545454, "f1-score": 0.7608695652173914, "support": 44.0}, "1": {"precision": 0.5263157894736842, "recall": 0.43478260869565216, "f1-score": 0.47619047619047616, "support": 23.0}, "accuracy": 0.6716417910447762, "macro avg": {"precision": 0.6277412280701754, "recall": 0.6151185770750988, "f1-score": 0.6185300207039337, "support": 67.0}, "weighted avg": {"precision": 0.6595312909138518, "recall": 0.6716417910447762, "f1-score": 0.6631439077902413, "support": 67.0}}