{"best_estimator": "BernoulliNB()", "best_score": 0.5359783787047686, "test_score": 0.3918095597010238}