{"0": {"precision": 0.4634146341463415, "recall": 0.95, "f1-score": 0.6229508196721312, "support": 20.0}, "1": {"precision": 0.75, "recall": 0.12, "f1-score": 0.20689655172413793, "support": 25.0}, "accuracy": 0.4888888888888889, "macro avg": {"precision": 0.6067073170731707, "recall": 0.5349999999999999, "f1-score": 0.41492368569813454, "support": 45.0}, "weighted avg": {"precision": 0.6226287262872628, "recall": 0.4888888888888889, "f1-score": 0.3918095597010238, "support": 45.0}}