{"best_estimator": "BernoulliNB()", "best_score": 0.5138933575296012, "test_score": 0.5137468030690537}