{"best_estimator": "HistGradientBoostingClassifier(learning_rate=0.01)", "best_score": 0.7047659735754621, "test_score": 0.8596938775510206}