{"best_estimator": "HistGradientBoostingClassifier(learning_rate=0.01)", "best_score": 0.7144478155077308, "test_score": 0.6050911592707258}