{"best_estimator": "KNeighborsClassifier(n_neighbors=25, p=1)", "best_score": 0.697879044486586, "test_score": 0.7248022015823873}