{"best_estimator": "KNeighborsClassifier(n_neighbors=10, p=1)", "best_score": 0.6924582525231769, "test_score": 0.7059344062828384}