{"best_estimator": "KNeighborsClassifier(n_neighbors=20, weights='distance')", "best_score": 0.710318477043275, "test_score": 0.7961722488038276}