{"best_estimator": "KNeighborsClassifier(n_neighbors=25, p=1, weights='distance')", "best_score": 0.704589139192222, "test_score": 0.7200241618846269}