{"best_estimator": "KNeighborsClassifier(n_neighbors=25, p=1)", "best_score": 0.7032401597814031, "test_score": 0.782608695652174}