{"0": {"precision": 0.8095238095238095, "recall": 0.68, "f1-score": 0.7391304347826086, "support": 25.0}, "1": {"precision": 0.68, "recall": 0.8095238095238095, "f1-score": 0.7391304347826086, "support": 21.0}, "accuracy": 0.7391304347826086, "macro avg": {"precision": 0.7447619047619047, "recall": 0.7447619047619047, "f1-score": 0.7391304347826086, "support": 46.0}, "weighted avg": {"precision": 0.7503933747412009, "recall": 0.7391304347826086, "f1-score": 0.7391304347826086, "support": 46.0}}