{"0": {"precision": 0.75, "recall": 0.96, "f1-score": 0.8421052631578947, "support": 25.0}, "1": {"precision": 0.875, "recall": 0.4666666666666667, "f1-score": 0.6086956521739131, "support": 15.0}, "accuracy": 0.775, "macro avg": {"precision": 0.8125, "recall": 0.7133333333333334, "f1-score": 0.7254004576659039, "support": 40.0}, "weighted avg": {"precision": 0.796875, "recall": 0.775, "f1-score": 0.7545766590389016, "support": 40.0}}