{"best_estimator": "BernoulliNB()", "best_score": 0.47529745684775493, "test_score": 0.47111681643132225}