{"0": {"precision": 0.7142857142857143, "recall": 0.2, "f1-score": 0.3125, "support": 25.0}, "1": {"precision": 0.3939393939393939, "recall": 0.8666666666666667, "f1-score": 0.5416666666666666, "support": 15.0}, "accuracy": 0.45, "macro avg": {"precision": 0.5541125541125541, "recall": 0.5333333333333333, "f1-score": 0.4270833333333333, "support": 40.0}, "weighted avg": {"precision": 0.5941558441558442, "recall": 0.45, "f1-score": 0.3984375, "support": 40.0}}