{"best_estimator": "BernoulliNB()", "best_score": 0.38838532259753034, "test_score": 0.3984375}