{"best_estimator": "BernoulliNB()", "best_score": 0.5141279770828431, "test_score": 0.5214672075726842}