{"best_estimator": "HistGradientBoostingClassifier(learning_rate=0.05)", "best_score": 0.5884912842273028, "test_score": 0.7175052410901468}