{"best_estimator": "HistGradientBoostingClassifier()", "best_score": 0.549985717441072, "test_score": 0.688034188034188}