{"best_estimator": "KNeighborsClassifier(n_neighbors=7, p=3, weights='distance')", "best_score": 0.4970445863116953, "test_score": 0.5689289501590669}