{"best_estimator": "KNeighborsClassifier(p=3, weights='distance')", "best_score": 0.490447926844012, "test_score": 0.6792897548711502}