{"best_estimator": "KNeighborsClassifier(p=3, weights='distance')", "best_score": 0.4856742591182684, "test_score": 0.6300773694390716}