{"best_estimator": "KNeighborsClassifier(p=3, weights='distance')", "best_score": 0.5059020285504243, "test_score": 0.5807543520309478}