{"best_estimator": "RandomForestClassifier(criterion='entropy', n_estimators=300)", "best_score": 0.5287854599979183, "test_score": 0.6801587301587302}