{"best_estimator": "RandomForestClassifier()", "best_score": 0.5244069123717626, "test_score": 0.688034188034188}