{"best_estimator": "RandomForestClassifier(criterion='entropy', n_estimators=200)", "best_score": 0.5509545379276461, "test_score": 0.622210953346856}