{"best_estimator": "BernoulliNB()", "best_score": 0.579148443815168, "test_score": 0.6086784854108264}