{"best_estimator": "BernoulliNB()", "best_score": 0.6164949203433479, "test_score": 0.5997048281678262}