{"best_estimator": "BernoulliNB()", "best_score": 0.5429896730600385, "test_score": 0.7379739671760045}