{"best_estimator": "BernoulliNB()", "best_score": 0.6126242785700355, "test_score": 0.6086784854108264}