{"best_estimator": "BernoulliNB()", "best_score": 0.5493639708451739, "test_score": 0.6191021439570419}