{"best_estimator": "BernoulliNB()", "best_score": 0.5844143415911752, "test_score": 0.5747800586510264}