{"best_estimator": "HistGradientBoostingClassifier(learning_rate=0.05)", "best_score": 0.6593116969402628, "test_score": 0.7663257277734068}