{"best_estimator": "HistGradientBoostingClassifier(learning_rate=0.05)", "best_score": 0.6621901040913016, "test_score": 0.6708211143695015}