{"best_estimator": "HistGradientBoostingClassifier(learning_rate=0.05)", "best_score": 0.6514360307156172, "test_score": 0.8024926686217008}