{"best_estimator": "HistGradientBoostingClassifier()", "best_score": 0.6862297389947128, "test_score": 0.541454442558008}