{"best_estimator": "RandomForestClassifier(criterion='log_loss', n_estimators=400)", "best_score": 0.6350797791512902, "test_score": 0.7284178187403995}