{"best_estimator": "RandomForestClassifier(criterion='entropy')", "best_score": 0.6475881797146325, "test_score": 0.49926941665730024}