{"best_estimator": "RandomForestClassifier()", "best_score": 0.6234886465439233, "test_score": 0.5923444976076555}