{"best_estimator": "BernoulliNB()", "best_score": 0.5304233662831348, "test_score": 0.5210321668434076}