{"0": {"precision": 0.6190476190476191, "recall": 0.52, "f1-score": 0.5652173913043478, "support": 25.0}, "1": {"precision": 0.3684210526315789, "recall": 0.4666666666666667, "f1-score": 0.4117647058823529, "support": 15.0}, "accuracy": 0.5, "macro avg": {"precision": 0.493734335839599, "recall": 0.49333333333333335, "f1-score": 0.48849104859335035, "support": 40.0}, "weighted avg": {"precision": 0.525062656641604, "recall": 0.5, "f1-score": 0.5076726342710998, "support": 40.0}}