{"best_estimator": "BernoulliNB()", "best_score": 0.5437484138058674, "test_score": 0.5076726342710998}