{"best_estimator": "BernoulliNB()", "best_score": 0.4947827773810272, "test_score": 0.4417293233082706}