{"best_estimator": "BernoulliNB()", "best_score": 0.5125478856039236, "test_score": 0.47138836772983106}