{"best_estimator": "BernoulliNB()", "best_score": 0.49258802117717126, "test_score": 0.5050125313283209}