{"best_estimator": "HistGradientBoostingClassifier()", "best_score": 0.5539991473416574, "test_score": 0.7601056850656936}