{"best_estimator": "HistGradientBoostingClassifier()", "best_score": 0.5260075325918161, "test_score": 0.5052083333333334}