{"best_estimator": "HistGradientBoostingClassifier(learning_rate=0.05)", "best_score": 0.5991874023333622, "test_score": 0.6526648599819331}