{"best_estimator": "KNeighborsClassifier(n_neighbors=25, p=3, weights='distance')", "best_score": 0.5541590770791045, "test_score": 0.48192960402262736}