{"0": {"precision": 0.6666666666666666, "recall": 0.5384615384615384, "f1-score": 0.5957446808510638, "support": 26.0}, "1": {"precision": 0.4, "recall": 0.5333333333333333, "f1-score": 0.45714285714285713, "support": 15.0}, "accuracy": 0.5365853658536586, "macro avg": {"precision": 0.5333333333333333, "recall": 0.5358974358974359, "f1-score": 0.5264437689969604, "support": 41.0}, "weighted avg": {"precision": 0.5691056910569106, "recall": 0.5365853658536586, "f1-score": 0.5450366965675736, "support": 41.0}}