{"best_estimator": "RandomForestClassifier(criterion='entropy', n_estimators=300)", "best_score": 0.530925226755391, "test_score": 0.7229546991210277}