{"0": {"precision": 0.7586206896551724, "recall": 0.88, "f1-score": 0.8148148148148148, "support": 25.0}, "1": {"precision": 0.7272727272727273, "recall": 0.5333333333333333, "f1-score": 0.6153846153846154, "support": 15.0}, "accuracy": 0.75, "macro avg": {"precision": 0.7429467084639498, "recall": 0.7066666666666667, "f1-score": 0.7150997150997151, "support": 40.0}, "weighted avg": {"precision": 0.7468652037617555, "recall": 0.75, "f1-score": 0.74002849002849, "support": 40.0}}