{"best_estimator": "RandomForestClassifier(criterion='entropy')", "best_score": 0.539888758034506, "test_score": 0.6572727272727273}