{"best_estimator": "RandomForestClassifier(criterion='log_loss')", "best_score": 0.5407465819917114, "test_score": 0.6030455542650665}