{"best_estimator": "RandomForestClassifier(criterion='entropy', n_estimators=150)", "best_score": 0.5361971697468588, "test_score": 0.745879120879121}