{"0": {"precision": 0.7878787878787878, "recall": 1.0, "f1-score": 0.8813559322033898, "support": 26.0}, "1": {"precision": 1.0, "recall": 0.5333333333333333, "f1-score": 0.6956521739130435, "support": 15.0}, "accuracy": 0.8292682926829268, "macro avg": {"precision": 0.8939393939393939, "recall": 0.7666666666666666, "f1-score": 0.7885040530582166, "support": 41.0}, "weighted avg": {"precision": 0.8654841093865484, "recall": 0.8292682926829268, "f1-score": 0.8134155328288729, "support": 41.0}}