{"best_estimator": "RandomForestClassifier(criterion='log_loss', n_estimators=200)", "best_score": 0.5095831530276085, "test_score": 0.7601056850656936}