{"0": {"precision": 0.2, "recall": 0.125, "f1-score": 0.15384615384615385, "support": 8.0}, "1": {"precision": 0.46153846153846156, "recall": 0.6, "f1-score": 0.5217391304347826, "support": 10.0}, "accuracy": 0.3888888888888889, "macro avg": {"precision": 0.3307692307692308, "recall": 0.3625, "f1-score": 0.3377926421404682, "support": 18.0}, "weighted avg": {"precision": 0.34529914529914535, "recall": 0.3888888888888889, "f1-score": 0.3582311408398365, "support": 18.0}}