{"0": {"precision": 0.6176470588235294, "recall": 0.7777777777777778, "f1-score": 0.6885245901639344, "support": 27.0}, "1": {"precision": 0.45454545454545453, "recall": 0.2777777777777778, "f1-score": 0.3448275862068966, "support": 18.0}, "accuracy": 0.5777777777777777, "macro avg": {"precision": 0.536096256684492, "recall": 0.5277777777777778, "f1-score": 0.5166760881854155, "support": 45.0}, "weighted avg": {"precision": 0.5524064171122995, "recall": 0.5777777777777777, "f1-score": 0.5510457885811193, "support": 45.0}}