{"best_estimator": "AdaBoostClassifier(algorithm='SAMME', learning_rate=0.5, n_estimators=300)", "best_score": 0.46628579244996954, "test_score": 0.4444444444444444}