{"best_estimator": "BernoulliNB()", "best_score": 0.39387208585795497, "test_score": 0.5784236711180938}