{"best_estimator": "HistGradientBoostingClassifier(learning_rate=0.5)", "best_score": 0.5170545056813476, "test_score": 0.5905730427764326}