{"best_estimator": "HistGradientBoostingClassifier()", "best_score": 0.5432627125451817, "test_score": 0.6038461538461538}