{"best_estimator": "HistGradientBoostingClassifier()", "best_score": 0.5300047890073574, "test_score": 0.5333333333333333}