{"best_estimator": "HistGradientBoostingClassifier()", "best_score": 0.5085793079261836, "test_score": 0.6388869944758917}