{"best_estimator": "RandomForestClassifier(n_estimators=300)", "best_score": 0.5527481411104422, "test_score": 0.4782608695652174}