{"best_estimator": "RandomForestClassifier(criterion='entropy', n_estimators=400)", "best_score": 0.5723065238967353, "test_score": 0.5711028192371476}