{"0": {"precision": 0.5897435897435898, "recall": 0.8518518518518519, "f1-score": 0.696969696969697, "support": 27.0}, "1": {"precision": 0.3333333333333333, "recall": 0.1111111111111111, "f1-score": 0.16666666666666666, "support": 18.0}, "accuracy": 0.5555555555555556, "macro avg": {"precision": 0.46153846153846156, "recall": 0.4814814814814815, "f1-score": 0.4318181818181818, "support": 45.0}, "weighted avg": {"precision": 0.48717948717948717, "recall": 0.5555555555555556, "f1-score": 0.4848484848484849, "support": 45.0}}