{"best_estimator": "BernoulliNB()", "best_score": 0.6185434135256285, "test_score": 0.42980030721966206}