{"best_estimator": "BernoulliNB()", "best_score": 0.5801659303872211, "test_score": 0.7419354838709677}