{"best_estimator": "BernoulliNB()", "best_score": 0.5679621599150682, "test_score": 0.6675155631013016}