{"best_estimator": "BernoulliNB()", "best_score": 0.5781795860670796, "test_score": 0.7436029097133077}