{"0": {"precision": 0.6521739130434783, "recall": 0.8823529411764706, "f1-score": 0.75, "support": 17.0}, "1": {"precision": 0.75, "recall": 0.42857142857142855, "f1-score": 0.5454545454545454, "support": 14.0}, "accuracy": 0.6774193548387096, "macro avg": {"precision": 0.7010869565217391, "recall": 0.6554621848739496, "f1-score": 0.6477272727272727, "support": 31.0}, "weighted avg": {"precision": 0.6963534361851333, "recall": 0.6774193548387096, "f1-score": 0.657624633431085, "support": 31.0}}