{"0": {"precision": 0.5238095238095238, "recall": 0.6470588235294118, "f1-score": 0.5789473684210527, "support": 17.0}, "1": {"precision": 0.4, "recall": 0.2857142857142857, "f1-score": 0.3333333333333333, "support": 14.0}, "accuracy": 0.4838709677419355, "macro avg": {"precision": 0.46190476190476193, "recall": 0.46638655462184875, "f1-score": 0.45614035087719296, "support": 31.0}, "weighted avg": {"precision": 0.4678955453149002, "recall": 0.4838709677419355, "f1-score": 0.46802490096208266, "support": 31.0}}