{"best_estimator": "HistGradientBoostingClassifier(learning_rate=0.01)", "best_score": 0.6854930157832715, "test_score": 0.6967310389470278}