{"best_estimator": "HistGradientBoostingClassifier(learning_rate=0.01)", "best_score": 0.7140875199482495, "test_score": 0.6666666666666666}