{"best_estimator": "HistGradientBoostingClassifier(learning_rate=0.05)", "best_score": 0.6942278006144051, "test_score": 0.5435621725944307}