{"best_estimator": "KNeighborsClassifier(n_neighbors=20, p=1)", "best_score": 0.7068618571393716, "test_score": 0.7419354838709677}