{"best_estimator": "KNeighborsClassifier(n_neighbors=25, p=1)", "best_score": 0.7422526938954133, "test_score": 0.6459028550241008}