{"best_estimator": "KNeighborsClassifier(n_neighbors=25, p=1)", "best_score": 0.7170490956371355, "test_score": 0.6112903225806451}