{"best_estimator": "KNeighborsClassifier(n_neighbors=15, p=1)", "best_score": 0.7285075789199693, "test_score": 0.7435619409053944}