{"best_estimator": "RandomForestClassifier(max_depth=2, n_estimators=400)", "best_score": 0.7446953912870429, "test_score": 0.7114976236222066}