{"best_estimator": "RandomForestClassifier(max_depth=2, n_estimators=300)", "best_score": 0.7203232528263468, "test_score": 0.8380269670592251}