{"best_estimator": "RandomForestClassifier(max_depth=2)", "best_score": 0.7361909045865839, "test_score": 0.8393923877794844}