{"best_estimator": "BernoulliNB()", "best_score": 0.3273359731952482, "test_score": 0.4658064516129032}