{"best_estimator": "BernoulliNB()", "best_score": 0.33764485394380134, "test_score": 0.4265964450296248}