{"best_estimator": "HistGradientBoostingClassifier(learning_rate=0.05)", "best_score": 0.5720906567421546, "test_score": 0.5512333965844401}