{"best_estimator": "HistGradientBoostingClassifier(learning_rate=0.5)", "best_score": 0.521243581105827, "test_score": 0.4871238818107888}