{"best_estimator": "KNeighborsClassifier(n_neighbors=25, weights='distance')", "best_score": 0.4260640618400175, "test_score": 0.5341555977229602}