{"0": {"precision": 0.5555555555555556, "recall": 0.5555555555555556, "f1-score": 0.5555555555555556, "support": 18.0}, "1": {"precision": 0.3333333333333333, "recall": 0.3333333333333333, "f1-score": 0.3333333333333333, "support": 12.0}, "accuracy": 0.4666666666666667, "macro avg": {"precision": 0.4444444444444444, "recall": 0.4444444444444444, "f1-score": 0.4444444444444444, "support": 30.0}, "weighted avg": {"precision": 0.4666666666666667, "recall": 0.4666666666666667, "f1-score": 0.4666666666666667, "support": 30.0}}