{"best_estimator": "RandomForestClassifier()", "best_score": 0.5438576475264698, "test_score": 0.4480557977332171}