{"best_estimator": "RandomForestClassifier(max_depth=6)", "best_score": 0.5320886129424183, "test_score": 0.6036199095022624}