{"best_estimator": "BernoulliNB()", "best_score": 0.5714287524900753, "test_score": 0.6256410256410256}