{"best_estimator": "BernoulliNB()", "best_score": 0.5887329915866921, "test_score": 0.6387409200968522}