{"best_estimator": "BernoulliNB()", "best_score": 0.5729025219058819, "test_score": 0.5681818181818182}