{"best_estimator": "BernoulliNB()", "best_score": 0.5388948162798559, "test_score": 0.9320574162679426}