{"0": {"precision": 0.5483870967741935, "recall": 0.8947368421052632, "f1-score": 0.68, "support": 19.0}, "1": {"precision": 0.8333333333333334, "recall": 0.4166666666666667, "f1-score": 0.5555555555555556, "support": 24.0}, "accuracy": 0.627906976744186, "macro avg": {"precision": 0.6908602150537635, "recall": 0.6557017543859649, "f1-score": 0.6177777777777778, "support": 43.0}, "weighted avg": {"precision": 0.7074268567141785, "recall": 0.627906976744186, "f1-score": 0.6105426356589149, "support": 43.0}}