{"best_estimator": "HistGradientBoostingClassifier(learning_rate=0.01)", "best_score": 0.71264904696096, "test_score": 0.8206060606060606}