{"best_estimator": "KNeighborsClassifier(p=1, weights='distance')", "best_score": 0.7194776728069024, "test_score": 0.6956521739130435}