{"best_estimator": "KNeighborsClassifier(weights='distance')", "best_score": 0.724176955455891, "test_score": 0.7777777777777778}