{"0": {"precision": 0.8571428571428571, "recall": 0.8571428571428571, "f1-score": 0.8571428571428571, "support": 7.0}, "1": {"precision": 0.9090909090909091, "recall": 0.9090909090909091, "f1-score": 0.9090909090909091, "support": 11.0}, "accuracy": 0.8888888888888888, "macro avg": {"precision": 0.8831168831168831, "recall": 0.8831168831168831, "f1-score": 0.8831168831168831, "support": 18.0}, "weighted avg": {"precision": 0.8888888888888888, "recall": 0.8888888888888888, "f1-score": 0.8888888888888888, "support": 18.0}}