{"best_estimator": "RandomForestClassifier(max_depth=2, n_estimators=300)", "best_score": 0.7523572763245254, "test_score": 0.7167231986843459}