{"0": {"precision": 0.7142857142857143, "recall": 0.4166666666666667, "f1-score": 0.5263157894736842, "support": 24.0}, "1": {"precision": 0.44, "recall": 0.7333333333333333, "f1-score": 0.55, "support": 15.0}, "accuracy": 0.5384615384615384, "macro avg": {"precision": 0.5771428571428572, "recall": 0.575, "f1-score": 0.5381578947368422, "support": 39.0}, "weighted avg": {"precision": 0.6087912087912087, "recall": 0.5384615384615384, "f1-score": 0.5354251012145749, "support": 39.0}}