{"0": {"precision": 0.7222222222222222, "recall": 0.5416666666666666, "f1-score": 0.6190476190476191, "support": 24.0}, "1": {"precision": 0.47619047619047616, "recall": 0.6666666666666666, "f1-score": 0.5555555555555556, "support": 15.0}, "accuracy": 0.5897435897435898, "macro avg": {"precision": 0.5992063492063492, "recall": 0.6041666666666666, "f1-score": 0.5873015873015873, "support": 39.0}, "weighted avg": {"precision": 0.6275946275946276, "recall": 0.5897435897435898, "f1-score": 0.5946275946275946, "support": 39.0}}