{"0": {"precision": 0.6666666666666666, "recall": 0.43478260869565216, "f1-score": 0.5263157894736842, "support": 23.0}, "1": {"precision": 0.43478260869565216, "recall": 0.6666666666666666, "f1-score": 0.5263157894736842, "support": 15.0}, "accuracy": 0.5263157894736842, "macro avg": {"precision": 0.5507246376811594, "recall": 0.5507246376811594, "f1-score": 0.5263157894736842, "support": 38.0}, "weighted avg": {"precision": 0.5751334858886346, "recall": 0.5263157894736842, "f1-score": 0.5263157894736842, "support": 38.0}}