{"best_estimator": "BernoulliNB()", "best_score": 0.5914512888175523, "test_score": 0.5573079039061067}