{"best_estimator": "BernoulliNB()", "best_score": 0.5521413170177493, "test_score": 0.5946275946275946}