{"0": {"precision": 0.6666666666666666, "recall": 0.5217391304347826, "f1-score": 0.5853658536585366, "support": 23.0}, "1": {"precision": 0.45, "recall": 0.6, "f1-score": 0.5142857142857142, "support": 15.0}, "accuracy": 0.5526315789473685, "macro avg": {"precision": 0.5583333333333333, "recall": 0.5608695652173913, "f1-score": 0.5498257839721254, "support": 38.0}, "weighted avg": {"precision": 0.581140350877193, "recall": 0.5526315789473685, "f1-score": 0.5573079039061067, "support": 38.0}}