{"best_estimator": "BernoulliNB()", "best_score": 0.5022666429235074, "test_score": 0.5919028340080971}