{"best_estimator": "BernoulliNB()", "best_score": 0.5913865447313754, "test_score": 0.6072439162422184}