{"best_estimator": "BernoulliNB()", "best_score": 0.5515099463961531, "test_score": 0.5897435897435898}