{"best_estimator": "HistGradientBoostingClassifier(learning_rate=0.05)", "best_score": 0.6775767573860936, "test_score": 0.6964212258329905}