{"best_estimator": "HistGradientBoostingClassifier(learning_rate=0.05)", "best_score": 0.6824280051231385, "test_score": 0.8482106129164952}