{"best_estimator": "HistGradientBoostingClassifier(learning_rate=0.001)", "best_score": 0.6821785980337952, "test_score": 0.7086148974784724}