{"best_estimator": "KNeighborsClassifier(weights='distance')", "best_score": 0.6424752605085933, "test_score": 0.7720279720279721}