{"best_estimator": "KNeighborsClassifier(n_neighbors=10, weights='distance')", "best_score": 0.6682287947517562, "test_score": 0.6596113940765894}