{"0": {"precision": 0.8461538461538461, "recall": 0.4583333333333333, "f1-score": 0.5945945945945946, "support": 24.0}, "1": {"precision": 0.5, "recall": 0.8666666666666667, "f1-score": 0.6341463414634146, "support": 15.0}, "accuracy": 0.6153846153846154, "macro avg": {"precision": 0.6730769230769231, "recall": 0.6625, "f1-score": 0.6143704680290046, "support": 39.0}, "weighted avg": {"precision": 0.7130177514792899, "recall": 0.6153846153846154, "f1-score": 0.6098068049287562, "support": 39.0}}