{"0": {"precision": 0.9545454545454546, "recall": 0.875, "f1-score": 0.9130434782608695, "support": 24.0}, "1": {"precision": 0.8235294117647058, "recall": 0.9333333333333333, "f1-score": 0.875, "support": 15.0}, "accuracy": 0.8974358974358975, "macro avg": {"precision": 0.8890374331550802, "recall": 0.9041666666666667, "f1-score": 0.8940217391304348, "support": 39.0}, "weighted avg": {"precision": 0.9041546688605513, "recall": 0.8974358974358975, "f1-score": 0.8984113712374582, "support": 39.0}}