{"0": {"precision": 0.7391304347826086, "recall": 0.7083333333333334, "f1-score": 0.723404255319149, "support": 24.0}, "1": {"precision": 0.5625, "recall": 0.6, "f1-score": 0.5806451612903226, "support": 15.0}, "accuracy": 0.6666666666666666, "macro avg": {"precision": 0.6508152173913043, "recall": 0.6541666666666667, "f1-score": 0.6520247083047358, "support": 39.0}, "weighted avg": {"precision": 0.6711956521739131, "recall": 0.6666666666666666, "f1-score": 0.6684969114619081, "support": 39.0}}