{"best_estimator": "RandomForestClassifier(max_depth=2, n_estimators=200)", "best_score": 0.714025200682326, "test_score": 0.7916483516483517}