{"best_estimator": "RandomForestClassifier(max_depth=3, n_estimators=400)", "best_score": 0.7475160020984132, "test_score": 0.6923076923076923}