{"0": {"precision": 0.8333333333333334, "recall": 0.625, "f1-score": 0.7142857142857143, "support": 24.0}, "1": {"precision": 0.5714285714285714, "recall": 0.8, "f1-score": 0.6666666666666666, "support": 15.0}, "accuracy": 0.6923076923076923, "macro avg": {"precision": 0.7023809523809523, "recall": 0.7125, "f1-score": 0.6904761904761905, "support": 39.0}, "weighted avg": {"precision": 0.7326007326007326, "recall": 0.6923076923076923, "f1-score": 0.6959706959706959, "support": 39.0}}