{"best_estimator": "RandomForestClassifier(max_depth=2, n_estimators=400)", "best_score": 0.717705660471692, "test_score": 0.5870445344129555}