{"best_estimator": "RandomForestClassifier(max_depth=3, n_estimators=200)", "best_score": 0.7396090162561232, "test_score": 0.5726817042606516}