{"0": {"precision": 0.9090909090909091, "recall": 0.8695652173913043, "f1-score": 0.8888888888888888, "support": 23.0}, "1": {"precision": 0.8125, "recall": 0.8666666666666667, "f1-score": 0.8387096774193549, "support": 15.0}, "accuracy": 0.868421052631579, "macro avg": {"precision": 0.8607954545454546, "recall": 0.8681159420289855, "f1-score": 0.8637992831541219, "support": 38.0}, "weighted avg": {"precision": 0.870962918660287, "recall": 0.868421052631579, "f1-score": 0.8690813054140727, "support": 38.0}}