{"best_estimator": "BernoulliNB()", "best_score": 0.5108352260323087, "test_score": 0.32051282051282054}