{"best_estimator": "BernoulliNB()", "best_score": 0.48960938647831015, "test_score": 0.3287037037037037}