{"best_estimator": "BernoulliNB()", "best_score": 0.49459805640475807, "test_score": 0.5773809523809523}