{"best_estimator": "HistGradientBoostingClassifier(learning_rate=0.05)", "best_score": 0.7091209221285928, "test_score": 0.6754802831142568}