{"best_estimator": "KNeighborsClassifier(n_neighbors=25, p=1)", "best_score": 0.7238499469303479, "test_score": 0.6730462519936203}