{"best_estimator": "KNeighborsClassifier(n_neighbors=10, p=1, weights='distance')", "best_score": 0.718860118423892, "test_score": 0.7603042450406001}