{"best_estimator": "RandomForestClassifier(criterion='entropy', max_depth=6)", "best_score": 0.7895939686705518, "test_score": 0.6527777777777778}