{"best_estimator": "RandomForestClassifier(max_depth=3, n_estimators=150)", "best_score": 0.7584566110025032, "test_score": 0.8005937654626422}