{"best_estimator": "RandomForestClassifier(max_depth=3)", "best_score": 0.7973571168872542, "test_score": 0.7221494146156707}