{"0": {"precision": 0.8, "recall": 0.5106382978723404, "f1-score": 0.6233766233766234, "support": 47.0}, "1": {"precision": 0.3783783783783784, "recall": 0.7, "f1-score": 0.49122807017543857, "support": 20.0}, "accuracy": 0.5671641791044776, "macro avg": {"precision": 0.5891891891891892, "recall": 0.6053191489361702, "f1-score": 0.557302346776031, "support": 67.0}, "weighted avg": {"precision": 0.6741427995159339, "recall": 0.5671641791044776, "f1-score": 0.5839292940628369, "support": 67.0}}