{"0": {"precision": 0.0, "recall": 0.0, "f1-score": 0.0, "support": 22.0}, "1": {"precision": 0.5217391304347826, "recall": 1.0, "f1-score": 0.6857142857142857, "support": 24.0}, "accuracy": 0.5217391304347826, "macro avg": {"precision": 0.2608695652173913, "recall": 0.5, "f1-score": 0.34285714285714286, "support": 46.0}, "weighted avg": {"precision": 0.2722117202268431, "recall": 0.5217391304347826, "f1-score": 0.35776397515527947, "support": 46.0}}