{"0": {"precision": 0.3333333333333333, "recall": 0.1, "f1-score": 0.15384615384615385, "support": 10.0}, "1": {"precision": 0.25, "recall": 0.6, "f1-score": 0.35294117647058826, "support": 5.0}, "accuracy": 0.26666666666666666, "macro avg": {"precision": 0.29166666666666663, "recall": 0.35, "f1-score": 0.25339366515837103, "support": 15.0}, "weighted avg": {"precision": 0.3055555555555555, "recall": 0.26666666666666666, "f1-score": 0.220211161387632, "support": 15.0}}