{"0": {"precision": 0.7692307692307693, "recall": 0.6382978723404256, "f1-score": 0.6976744186046512, "support": 47.0}, "1": {"precision": 0.39285714285714285, "recall": 0.55, "f1-score": 0.4583333333333333, "support": 20.0}, "accuracy": 0.6119402985074627, "macro avg": {"precision": 0.5810439560439561, "recall": 0.5941489361702128, "f1-score": 0.5780038759689923, "support": 67.0}, "weighted avg": {"precision": 0.6568804329998359, "recall": 0.6119402985074627, "f1-score": 0.6262293185236607, "support": 67.0}}