{"best_estimator": "HistGradientBoostingClassifier(learning_rate=0.5)", "best_score": 0.5648123852379833, "test_score": 0.391304347826087}