{"best_estimator": "KNeighborsClassifier(n_neighbors=7, p=1, weights='distance')", "best_score": 0.4221635068141799, "test_score": 0.5642371234207969}