{"best_estimator": "KNeighborsClassifier(p=1, weights='distance')", "best_score": 0.4764961077122859, "test_score": 0.5550470378845666}