{"best_estimator": "RandomForestClassifier(criterion='entropy', n_estimators=150)", "best_score": 0.45996415638507937, "test_score": 0.6661283376399656}