{"best_estimator": "RandomForestClassifier(criterion='log_loss', n_estimators=400)", "best_score": 0.45794218352664223, "test_score": 0.5586804000597103}