{"best_estimator": "BernoulliNB()", "best_score": 0.6198781625885775, "test_score": 0.542146612322051}