{"best_estimator": "BernoulliNB()", "best_score": 0.5731078747495022, "test_score": 0.7423030303030305}