{"best_estimator": "BernoulliNB()", "best_score": 0.6041729543494851, "test_score": 0.5243445692883895}