{"best_estimator": "HistGradientBoostingClassifier(learning_rate=0.5)", "best_score": 0.709404087496858, "test_score": 0.8148148148148148}