{"best_estimator": "HistGradientBoostingClassifier()", "best_score": 0.7233039623293153, "test_score": 0.5741109530583214}