{"0": {"precision": 0.6578947368421053, "recall": 0.6944444444444444, "f1-score": 0.6756756756756757, "support": 36.0}, "1": {"precision": 0.42105263157894735, "recall": 0.38095238095238093, "f1-score": 0.4, "support": 21.0}, "accuracy": 0.5789473684210527, "macro avg": {"precision": 0.5394736842105263, "recall": 0.5376984126984127, "f1-score": 0.5378378378378379, "support": 57.0}, "weighted avg": {"precision": 0.5706371191135734, "recall": 0.5789473684210527, "f1-score": 0.5741109530583214, "support": 57.0}}