{"best_estimator": "HistGradientBoostingClassifier()", "best_score": 0.7447342084001252, "test_score": 0.7005494505494505}