{"best_estimator": "HistGradientBoostingClassifier(learning_rate=0.5)", "best_score": 0.7156442616993083, "test_score": 0.6692745376955903}