{"best_estimator": "KNeighborsClassifier(n_neighbors=7, p=3)", "best_score": 0.7393067544665746, "test_score": 0.7401433691756273}