{"best_estimator": "RandomForestClassifier(criterion='entropy', n_estimators=150)", "best_score": 0.6579512323488975, "test_score": 0.7318713450292398}