{"0": {"precision": 0.5263157894736842, "recall": 0.9090909090909091, "f1-score": 0.6666666666666666, "support": 11.0}, "1": {"precision": 0.5, "recall": 0.1, "f1-score": 0.16666666666666666, "support": 10.0}, "accuracy": 0.5238095238095238, "macro avg": {"precision": 0.513157894736842, "recall": 0.5045454545454545, "f1-score": 0.41666666666666663, "support": 21.0}, "weighted avg": {"precision": 0.5137844611528821, "recall": 0.5238095238095238, "f1-score": 0.42857142857142855, "support": 21.0}}