{"best_estimator": "AdaBoostClassifier(algorithm='SAMME', learning_rate=0.05)", "best_score": 0.5200954212401833, "test_score": 0.5926267281105991}