{"0": {"precision": 0.75, "recall": 0.15789473684210525, "f1-score": 0.2608695652173913, "support": 19.0}, "1": {"precision": 0.4074074074074074, "recall": 0.9166666666666666, "f1-score": 0.5641025641025641, "support": 12.0}, "accuracy": 0.45161290322580644, "macro avg": {"precision": 0.5787037037037037, "recall": 0.5372807017543859, "f1-score": 0.4124860646599777, "support": 31.0}, "weighted avg": {"precision": 0.6173835125448028, "recall": 0.45161290322580644, "f1-score": 0.37825008091487755, "support": 31.0}}