{"0": {"precision": 0.6428571428571429, "recall": 0.5, "f1-score": 0.5625, "support": 18.0}, "1": {"precision": 0.4375, "recall": 0.5833333333333334, "f1-score": 0.5, "support": 12.0}, "accuracy": 0.5333333333333333, "macro avg": {"precision": 0.5401785714285714, "recall": 0.5416666666666667, "f1-score": 0.53125, "support": 30.0}, "weighted avg": {"precision": 0.5607142857142857, "recall": 0.5333333333333333, "f1-score": 0.5375, "support": 30.0}}