{"best_estimator": "HistGradientBoostingClassifier(learning_rate=0.05)", "best_score": 0.5032594235408046, "test_score": 0.6069609507640068}