{"best_estimator": "HistGradientBoostingClassifier()", "best_score": 0.4901082851062899, "test_score": 0.5833653007846556}