{"best_estimator": "HistGradientBoostingClassifier(learning_rate=0.05)", "best_score": 0.5435585878278669, "test_score": 0.4733137829912023}