{"best_estimator": "KNeighborsClassifier(p=1, weights='distance')", "best_score": 0.4470569953660067, "test_score": 0.5118135721221276}