{"best_estimator": "KNeighborsClassifier(n_neighbors=25, p=1)", "best_score": 0.5147462580873783, "test_score": 0.4860215053763441}