{"best_estimator": "RandomForestClassifier(criterion='log_loss', n_estimators=150)", "best_score": 0.5145292907807735, "test_score": 0.4880296729234573}