{"best_estimator": "RandomForestClassifier(max_depth=2, n_estimators=150)", "best_score": 0.5544222078950372, "test_score": 0.5620723362658847}