{"best_estimator": "BernoulliNB()", "best_score": 0.48048573419062757, "test_score": 0.43333333333333335}