{"best_estimator": "BernoulliNB()", "best_score": 0.46012364010869045, "test_score": 0.5333333333333334}