{"0": {"precision": 0.6666666666666666, "recall": 0.5957446808510638, "f1-score": 0.6292134831460674, "support": 47.0}, "1": {"precision": 0.24, "recall": 0.3, "f1-score": 0.26666666666666666, "support": 20.0}, "accuracy": 0.5074626865671642, "macro avg": {"precision": 0.4533333333333333, "recall": 0.4478723404255319, "f1-score": 0.447940074906367, "support": 67.0}, "weighted avg": {"precision": 0.5393034825870646, "recall": 0.5074626865671642, "f1-score": 0.520990552853709, "support": 67.0}}