{"0": {"precision": 0.5714285714285714, "recall": 0.7407407407407407, "f1-score": 0.6451612903225806, "support": 27.0}, "1": {"precision": 0.3, "recall": 0.16666666666666666, "f1-score": 0.21428571428571427, "support": 18.0}, "accuracy": 0.5111111111111111, "macro avg": {"precision": 0.4357142857142857, "recall": 0.45370370370370366, "f1-score": 0.42972350230414746, "support": 45.0}, "weighted avg": {"precision": 0.4628571428571428, "recall": 0.5111111111111111, "f1-score": 0.47281105990783406, "support": 45.0}}