{"best_estimator": "KNeighborsClassifier(weights='distance')", "best_score": 0.5753545515175, "test_score": 0.5162732919254658}