{"0": {"precision": 0.5555555555555556, "recall": 0.8, "f1-score": 0.6557377049180327, "support": 25.0}, "1": {"precision": 0.2857142857142857, "recall": 0.1111111111111111, "f1-score": 0.16, "support": 18.0}, "accuracy": 0.5116279069767442, "macro avg": {"precision": 0.42063492063492064, "recall": 0.4555555555555556, "f1-score": 0.4078688524590164, "support": 43.0}, "weighted avg": {"precision": 0.4425987449243263, "recall": 0.5116279069767442, "f1-score": 0.44821959588257715, "support": 43.0}}