{"best_estimator": "RandomForestClassifier(criterion='log_loss', n_estimators=200)", "best_score": 0.5628115350586752, "test_score": 0.4848484848484849}