{"best_estimator": "RandomForestClassifier(max_depth=2)", "best_score": 0.5367157216195494, "test_score": 0.5280112044817927}