{"best_estimator": "BernoulliNB()", "best_score": 0.5861415168278978, "test_score": 0.549364613880743}