{"best_estimator": "BernoulliNB()", "best_score": 0.5671065028856146, "test_score": 0.7391783843396746}