{"best_estimator": "BernoulliNB()", "best_score": 0.591809627654362, "test_score": 0.5620723362658847}