{"best_estimator": "HistGradientBoostingClassifier()", "best_score": 0.7260542349171155, "test_score": 0.710284154110628}