{"best_estimator": "HistGradientBoostingClassifier(learning_rate=0.05)", "best_score": 0.7448857809803501, "test_score": 0.6739729804245933}