{"best_estimator": "HistGradientBoostingClassifier(learning_rate=0.05)", "best_score": 0.7315201574964119, "test_score": 0.7756092628172717}