{"best_estimator": "HistGradientBoostingClassifier()", "best_score": 0.7430076025772775, "test_score": 0.6153429113580916}