{"best_estimator": "HistGradientBoostingClassifier(learning_rate=0.01)", "best_score": 0.7358051787472153, "test_score": 0.8005093378607809}