{"best_estimator": "KNeighborsClassifier(n_neighbors=25, p=1, weights='distance')", "best_score": 0.7214290482412755, "test_score": 0.5274578926752841}