{"best_estimator": "KNeighborsClassifier(n_neighbors=25, p=1, weights='distance')", "best_score": 0.6679978588922589, "test_score": 0.7732377538829153}