{"best_estimator": "RandomForestClassifier(criterion='entropy', max_depth=3)", "best_score": 0.7638701150291574, "test_score": 0.7435619409053944}