{"best_estimator": "RandomForestClassifier(criterion='entropy')", "best_score": 0.763622208925419, "test_score": 0.7751493428912785}