{"0": {"precision": 0.7777777777777778, "recall": 0.8076923076923077, "f1-score": 0.7924528301886793, "support": 26.0}, "1": {"precision": 0.6428571428571429, "recall": 0.6, "f1-score": 0.6206896551724138, "support": 15.0}, "accuracy": 0.7317073170731707, "macro avg": {"precision": 0.7103174603174603, "recall": 0.7038461538461538, "f1-score": 0.7065712426805466, "support": 41.0}, "weighted avg": {"precision": 0.7284165698799846, "recall": 0.7317073170731707, "f1-score": 0.7296126442071187, "support": 41.0}}