{"best_estimator": "BernoulliNB()", "best_score": 0.3333404894804637, "test_score": 0.2465303440913197}