{"best_estimator": "BernoulliNB()", "best_score": 0.35380077490425277, "test_score": 0.25641025641025644}