{"0": {"precision": 0.9047619047619048, "recall": 0.76, "f1-score": 0.8260869565217391, "support": 25.0}, "1": {"precision": 0.6842105263157895, "recall": 0.8666666666666667, "f1-score": 0.7647058823529411, "support": 15.0}, "accuracy": 0.8, "macro avg": {"precision": 0.7944862155388471, "recall": 0.8133333333333334, "f1-score": 0.7953964194373402, "support": 40.0}, "weighted avg": {"precision": 0.8220551378446116, "recall": 0.8, "f1-score": 0.8030690537084398, "support": 40.0}}