{"best_estimator": "HistGradientBoostingClassifier(learning_rate=0.5)", "best_score": 0.5926311029717484, "test_score": 0.5634171907756814}