{"best_estimator": "HistGradientBoostingClassifier(learning_rate=0.001)", "best_score": 0.5094745961806784, "test_score": 0.6164514586322334}