{"best_estimator": "HistGradientBoostingClassifier()", "best_score": 0.5728350632072885, "test_score": 0.5428839453229697}