{"0": {"precision": 0.7, "recall": 0.56, "f1-score": 0.6222222222222222, "support": 25.0}, "1": {"precision": 0.45, "recall": 0.6, "f1-score": 0.5142857142857142, "support": 15.0}, "accuracy": 0.575, "macro avg": {"precision": 0.575, "recall": 0.5800000000000001, "f1-score": 0.5682539682539682, "support": 40.0}, "weighted avg": {"precision": 0.60625, "recall": 0.575, "f1-score": 0.5817460317460317, "support": 40.0}}