{"best_estimator": "KNeighborsClassifier(p=3, weights='distance')", "best_score": 0.48195001422369954, "test_score": 0.6553708439897699}