{"best_estimator": "KNeighborsClassifier(p=3, weights='distance')", "best_score": 0.47215007761865796, "test_score": 0.6553708439897699}