{"0": {"precision": 0.75, "recall": 0.6923076923076923, "f1-score": 0.72, "support": 26.0}, "1": {"precision": 0.5294117647058824, "recall": 0.6, "f1-score": 0.5625, "support": 15.0}, "accuracy": 0.6585365853658537, "macro avg": {"precision": 0.6397058823529411, "recall": 0.6461538461538461, "f1-score": 0.64125, "support": 41.0}, "weighted avg": {"precision": 0.669296987087518, "recall": 0.6585365853658537, "f1-score": 0.6623780487804878, "support": 41.0}}