{"best_estimator": "RandomForestClassifier(criterion='log_loss', n_estimators=300)", "best_score": 0.5573003051318157, "test_score": 0.6147798742138365}