{"0": {"precision": 0.8148148148148148, "recall": 0.88, "f1-score": 0.8461538461538461, "support": 25.0}, "1": {"precision": 0.7692307692307693, "recall": 0.6666666666666666, "f1-score": 0.7142857142857143, "support": 15.0}, "accuracy": 0.8, "macro avg": {"precision": 0.792022792022792, "recall": 0.7733333333333333, "f1-score": 0.7802197802197802, "support": 40.0}, "weighted avg": {"precision": 0.7977207977207976, "recall": 0.8, "f1-score": 0.7967032967032968, "support": 40.0}}