{"precision": 0.7521102054133973, "recall": 0.7281205264011155, "f1": 0.7291917518886964}