{"best_estimator": "AdaBoostClassifier(algorithm='SAMME', learning_rate=0.1)", "best_score": 0.6439955612919732, "test_score": 0.6198430688753269}