{"best_estimator": "BernoulliNB()", "best_score": 0.6092266802385243, "test_score": 0.6153429113580916}