{"best_estimator": "BernoulliNB()", "best_score": 0.6322330817973818, "test_score": 0.5745103987595646}