{"best_estimator": "BernoulliNB()", "best_score": 0.5908258782071782, "test_score": 0.5806451612903226}