{"best_estimator": "BernoulliNB()", "best_score": 0.5565862525505959, "test_score": 0.6909090909090909}