{"best_estimator": "BernoulliNB()", "best_score": 0.543930860045264, "test_score": 0.4747545582047686}