{"best_estimator": "HistGradientBoostingClassifier()", "best_score": 0.6450088137590437, "test_score": 0.6451612903225806}