{"best_estimator": "HistGradientBoostingClassifier(learning_rate=0.05)", "best_score": 0.6506971901115198, "test_score": 0.6049853372434018}