{"best_estimator": "KNeighborsClassifier(p=3, weights='distance')", "best_score": 0.6876885017683259, "test_score": 0.646663253114866}