{"best_estimator": "KNeighborsClassifier(n_neighbors=10, p=3, weights='distance')", "best_score": 0.6702760426799953, "test_score": 0.6496671786994368}