{"best_estimator": "KNeighborsClassifier(p=3, weights='distance')", "best_score": 0.6490186116999992, "test_score": 0.6428596338273758}