{"best_estimator": "KNeighborsClassifier()", "best_score": 0.665934381687006, "test_score": 0.6456500488758553}