{"best_estimator": "KNeighborsClassifier(weights='distance')", "best_score": 0.6552551629820755, "test_score": 0.7115605928509154}