{"best_estimator": "RandomForestClassifier(criterion='entropy', n_estimators=200)", "best_score": 0.6583903029531224, "test_score": 0.6774193548387096}