{"0": {"precision": 0.5789473684210527, "recall": 0.6875, "f1-score": 0.6285714285714286, "support": 32.0}, "1": {"precision": 0.47368421052631576, "recall": 0.36, "f1-score": 0.4090909090909091, "support": 25.0}, "accuracy": 0.543859649122807, "macro avg": {"precision": 0.5263157894736842, "recall": 0.5237499999999999, "f1-score": 0.5188311688311689, "support": 57.0}, "weighted avg": {"precision": 0.5327793167128347, "recall": 0.543859649122807, "f1-score": 0.5323080428343586, "support": 57.0}}