{"0": {"precision": 0.7894736842105263, "recall": 1.0, "f1-score": 0.8823529411764706, "support": 15.0}, "1": {"precision": 1.0, "recall": 0.3333333333333333, "f1-score": 0.5, "support": 6.0}, "accuracy": 0.8095238095238095, "macro avg": {"precision": 0.8947368421052632, "recall": 0.6666666666666666, "f1-score": 0.6911764705882353, "support": 21.0}, "weighted avg": {"precision": 0.8496240601503761, "recall": 0.8095238095238095, "f1-score": 0.7731092436974789, "support": 21.0}}