{"0": {"precision": 0.7741935483870968, "recall": 0.5853658536585366, "f1-score": 0.6666666666666666, "support": 41.0}, "1": {"precision": 0.34615384615384615, "recall": 0.5625, "f1-score": 0.42857142857142855, "support": 16.0}, "accuracy": 0.5789473684210527, "macro avg": {"precision": 0.5601736972704714, "recall": 0.5739329268292683, "f1-score": 0.5476190476190476, "support": 57.0}, "weighted avg": {"precision": 0.6540420530233774, "recall": 0.5789473684210527, "f1-score": 0.5998329156223893, "support": 57.0}}