{"best_estimator": "BernoulliNB()", "best_score": 0.33100730749359364, "test_score": 0.22115384615384615}