{"0": {"precision": 1.0, "recall": 0.024390243902439025, "f1-score": 0.047619047619047616, "support": 41.0}, "1": {"precision": 0.2857142857142857, "recall": 1.0, "f1-score": 0.4444444444444444, "support": 16.0}, "accuracy": 0.2982456140350877, "macro avg": {"precision": 0.6428571428571428, "recall": 0.5121951219512195, "f1-score": 0.24603174603174602, "support": 57.0}, "weighted avg": {"precision": 0.7994987468671679, "recall": 0.2982456140350877, "f1-score": 0.1590086326928432, "support": 57.0}}