{"best_estimator": "HistGradientBoostingClassifier(learning_rate=0.5)", "best_score": 0.6039859963207868, "test_score": 0.5600539811066125}