{"best_estimator": "HistGradientBoostingClassifier(learning_rate=0.5)", "best_score": 0.5905793985757012, "test_score": 0.6162280701754386}