{"best_estimator": "HistGradientBoostingClassifier()", "best_score": 0.6065639983121216, "test_score": 0.5914687100893998}