{"best_estimator": "HistGradientBoostingClassifier(learning_rate=0.5)", "best_score": 0.6203513742644835, "test_score": 0.5835387683095719}