{"best_estimator": "KNeighborsClassifier(p=3, weights='distance')", "best_score": 0.5027032571324243, "test_score": 0.5953654188948306}