{"0": {"precision": 0.8571428571428571, "recall": 0.21428571428571427, "f1-score": 0.34285714285714286, "support": 28.0}, "1": {"precision": 0.5319148936170213, "recall": 0.9615384615384616, "f1-score": 0.684931506849315, "support": 26.0}, "accuracy": 0.5740740740740741, "macro avg": {"precision": 0.6945288753799392, "recall": 0.5879120879120879, "f1-score": 0.513894324853229, "support": 54.0}, "weighted avg": {"precision": 0.7005516154452325, "recall": 0.5740740740740741, "f1-score": 0.5075596144089295, "support": 54.0}}