{"best_estimator": "KNeighborsClassifier(p=3, weights='distance')", "best_score": 0.530335711122228, "test_score": 0.5075596144089295}