{"0": {"precision": 0.5909090909090909, "recall": 0.18840579710144928, "f1-score": 0.2857142857142857, "support": 69.0}, "1": {"precision": 0.2328767123287671, "recall": 0.6538461538461539, "f1-score": 0.3434343434343434, "support": 26.0}, "accuracy": 0.3157894736842105, "macro avg": {"precision": 0.411892901618929, "recall": 0.4211259754738016, "f1-score": 0.31457431457431456, "support": 95.0}, "weighted avg": {"precision": 0.492921282034476, "recall": 0.3157894736842105, "f1-score": 0.30151135414293306, "support": 95.0}}