{"0": {"precision": 0.8181818181818182, "recall": 0.75, "f1-score": 0.782608695652174, "support": 12.0}, "1": {"precision": 0.625, "recall": 0.7142857142857143, "f1-score": 0.6666666666666666, "support": 7.0}, "accuracy": 0.7368421052631579, "macro avg": {"precision": 0.7215909090909092, "recall": 0.7321428571428572, "f1-score": 0.7246376811594203, "support": 19.0}, "weighted avg": {"precision": 0.7470095693779905, "recall": 0.7368421052631579, "f1-score": 0.7398932112890924, "support": 19.0}}