{"best_estimator": "RandomForestClassifier(criterion='log_loss', n_estimators=150)", "best_score": 0.5533340631447969, "test_score": 0.6436090225563911}