{"best_estimator": "RandomForestClassifier(criterion='entropy')", "best_score": 0.5090273868092686, "test_score": 0.7318181818181819}