{"best_estimator": "RandomForestClassifier(criterion='log_loss', n_estimators=400)", "best_score": 0.5944567648263737, "test_score": 0.5589473684210526}