{"best_estimator": "RandomForestClassifier(criterion='entropy', n_estimators=200)", "best_score": 0.5876482934379598, "test_score": 0.6416040100250626}