{"best_estimator": "AdaBoostClassifier(algorithm='SAMME', learning_rate=0.01, n_estimators=400)", "best_score": 0.7688555535598531, "test_score": 0.7407407407407407}