{"best_estimator": "BernoulliNB()", "best_score": 0.5944203876502742, "test_score": 0.6182231698649608}