{"best_estimator": "BernoulliNB()", "best_score": 0.5128320036820331, "test_score": 0.3867243867243867}