{"best_estimator": "BernoulliNB()", "best_score": 0.5341738096896268, "test_score": 0.5390946502057612}