{"best_estimator": "BernoulliNB()", "best_score": 0.5126573821987144, "test_score": 0.6666666666666666}