{"best_estimator": "BernoulliNB()", "best_score": 0.5362613561659868, "test_score": 0.525858123569794}