{"best_estimator": "HistGradientBoostingClassifier(learning_rate=0.5)", "best_score": 0.716711852596223, "test_score": 0.7805555555555556}