{"best_estimator": "HistGradientBoostingClassifier()", "best_score": 0.7128755122424835, "test_score": 0.7111111111111111}