{"best_estimator": "HistGradientBoostingClassifier(learning_rate=0.01)", "best_score": 0.7712919447333478, "test_score": 0.6939337212243865}