{"0": {"precision": 0.8648648648648649, "recall": 0.7272727272727273, "f1-score": 0.7901234567901234, "support": 44.0}, "1": {"precision": 0.6, "recall": 0.782608695652174, "f1-score": 0.6792452830188679, "support": 23.0}, "accuracy": 0.746268656716418, "macro avg": {"precision": 0.7324324324324325, "recall": 0.7549407114624507, "f1-score": 0.7346843699044956, "support": 67.0}, "weighted avg": {"precision": 0.7739411052843889, "recall": 0.746268656716418, "f1-score": 0.752060800122379, "support": 67.0}}