{"best_estimator": "RandomForestClassifier(max_depth=2)", "best_score": 0.7800760158358313, "test_score": 0.6527777777777778}