{"best_estimator": "RandomForestClassifier(max_depth=3, n_estimators=200)", "best_score": 0.7622433932566202, "test_score": 0.7805555555555556}