{"best_estimator": "BernoulliNB()", "best_score": 0.5778683452154368, "test_score": 0.637037037037037}