{"best_estimator": "BernoulliNB()", "best_score": 0.5591248561442101, "test_score": 0.6006493506493507}