{"best_estimator": "BernoulliNB()", "best_score": 0.5395416592649888, "test_score": 0.6588617886178861}