{"best_estimator": "BernoulliNB()", "best_score": 0.5614402754411401, "test_score": 0.6739718614718614}