{"best_estimator": "HistGradientBoostingClassifier()", "best_score": 0.5988336214888197, "test_score": 0.6464077412513256}