{"best_estimator": "HistGradientBoostingClassifier(learning_rate=0.05)", "best_score": 0.5756114487900873, "test_score": 0.6115702479338843}