{"best_estimator": "HistGradientBoostingClassifier()", "best_score": 0.5720458116629104, "test_score": 0.6928904428904429}