{"best_estimator": "KNeighborsClassifier(n_neighbors=15, p=1)", "best_score": 0.577337233106088, "test_score": 0.6363636363636364}