{"best_estimator": "KNeighborsClassifier(p=3, weights='distance')", "best_score": 0.580671326807152, "test_score": 0.6377005347593584}