{"best_estimator": "RandomForestClassifier(criterion='log_loss')", "best_score": 0.5729234173168876, "test_score": 0.6986531986531986}