{"best_estimator": "RandomForestClassifier(n_estimators=150)", "best_score": 0.5690497913912644, "test_score": 0.7173423423423424}