{"best_estimator": "RandomForestClassifier(criterion='entropy', n_estimators=300)", "best_score": 0.6044106840634962, "test_score": 0.6187499999999999}