{"best_estimator": "BernoulliNB()", "best_score": 0.5899208162699718, "test_score": 0.7708902147166886}