{"best_estimator": "BernoulliNB()", "best_score": 0.6352347742698023, "test_score": 0.5161290322580645}