{"best_estimator": "BernoulliNB()", "best_score": 0.6131845315017924, "test_score": 0.6316436251920123}