{"best_estimator": "BernoulliNB()", "best_score": 0.6195813710719045, "test_score": 0.42607953575695506}