{"best_estimator": "HistGradientBoostingClassifier()", "best_score": 0.6713182923550429, "test_score": 0.6975323149236193}