{"best_estimator": "HistGradientBoostingClassifier(learning_rate=0.05)", "best_score": 0.680366263425965, "test_score": 0.5129904097646034}