{"best_estimator": "KNeighborsClassifier(n_neighbors=10, weights='distance')", "best_score": 0.6904445674942907, "test_score": 0.7114976236222066}