{"best_estimator": "RandomForestClassifier(criterion='log_loss', n_estimators=300)", "best_score": 0.6277681713499191, "test_score": 0.6496671786994368}