{"best_estimator": "RandomForestClassifier(criterion='log_loss', n_estimators=300)", "best_score": 0.6573988413213598, "test_score": 0.6642228739002932}