{"0": {"precision": 0.7916666666666666, "recall": 0.7307692307692307, "f1-score": 0.76, "support": 26.0}, "1": {"precision": 0.5333333333333333, "recall": 0.6153846153846154, "f1-score": 0.5714285714285714, "support": 13.0}, "accuracy": 0.6923076923076923, "macro avg": {"precision": 0.6625, "recall": 0.6730769230769231, "f1-score": 0.6657142857142857, "support": 39.0}, "weighted avg": {"precision": 0.7055555555555555, "recall": 0.6923076923076923, "f1-score": 0.6971428571428572, "support": 39.0}}