{"0": {"precision": 0.875, "recall": 0.8076923076923077, "f1-score": 0.84, "support": 26.0}, "1": {"precision": 0.6666666666666666, "recall": 0.7692307692307693, "f1-score": 0.7142857142857143, "support": 13.0}, "accuracy": 0.7948717948717948, "macro avg": {"precision": 0.7708333333333333, "recall": 0.7884615384615385, "f1-score": 0.7771428571428571, "support": 39.0}, "weighted avg": {"precision": 0.8055555555555555, "recall": 0.7948717948717948, "f1-score": 0.7980952380952382, "support": 39.0}}