{"0": {"precision": 0.8260869565217391, "recall": 0.7307692307692307, "f1-score": 0.7755102040816326, "support": 26.0}, "1": {"precision": 0.5625, "recall": 0.6923076923076923, "f1-score": 0.6206896551724138, "support": 13.0}, "accuracy": 0.717948717948718, "macro avg": {"precision": 0.6942934782608696, "recall": 0.7115384615384615, "f1-score": 0.6980999296270232, "support": 39.0}, "weighted avg": {"precision": 0.7382246376811594, "recall": 0.717948717948718, "f1-score": 0.7239033544452264, "support": 39.0}}