{"0": {"precision": 1.0, "recall": 0.8076923076923077, "f1-score": 0.8936170212765957, "support": 26.0}, "1": {"precision": 0.7058823529411765, "recall": 1.0, "f1-score": 0.8275862068965517, "support": 12.0}, "accuracy": 0.868421052631579, "macro avg": {"precision": 0.8529411764705883, "recall": 0.9038461538461539, "f1-score": 0.8606016140865738, "support": 38.0}, "weighted avg": {"precision": 0.9071207430340557, "recall": 0.868421052631579, "f1-score": 0.8727651851565819, "support": 38.0}}