{"best_estimator": "BernoulliNB()", "best_score": 0.7449001292114856, "test_score": 0.6951945080091533}