{"best_estimator": "BernoulliNB()", "best_score": 0.7324154570073989, "test_score": 0.7532051282051282}