{"0": {"precision": 0.9444444444444444, "recall": 0.6296296296296297, "f1-score": 0.7555555555555555, "support": 27.0}, "1": {"precision": 0.5238095238095238, "recall": 0.9166666666666666, "f1-score": 0.6666666666666666, "support": 12.0}, "accuracy": 0.717948717948718, "macro avg": {"precision": 0.7341269841269842, "recall": 0.7731481481481481, "f1-score": 0.711111111111111, "support": 39.0}, "weighted avg": {"precision": 0.815018315018315, "recall": 0.717948717948718, "f1-score": 0.7282051282051282, "support": 39.0}}