{"best_estimator": "HistGradientBoostingClassifier(learning_rate=0.5)", "best_score": 0.7962612871121869, "test_score": 0.6923076923076923}