{"best_estimator": "HistGradientBoostingClassifier()", "best_score": 0.7849180224702019, "test_score": 0.7933603238866397}