{"best_estimator": "HistGradientBoostingClassifier(learning_rate=0.5)", "best_score": 0.7844473415806604, "test_score": 0.8461538461538461}