{"0": {"precision": 0.8695652173913043, "recall": 0.7692307692307693, "f1-score": 0.8163265306122449, "support": 26.0}, "1": {"precision": 0.6, "recall": 0.75, "f1-score": 0.6666666666666666, "support": 12.0}, "accuracy": 0.7631578947368421, "macro avg": {"precision": 0.7347826086956522, "recall": 0.7596153846153846, "f1-score": 0.7414965986394557, "support": 38.0}, "weighted avg": {"precision": 0.7844393592677346, "recall": 0.7631578947368421, "f1-score": 0.7690655209452202, "support": 38.0}}