{"best_estimator": "KNeighborsClassifier(weights='distance')", "best_score": 0.7920316151354998, "test_score": 0.7532051282051282}