{"0": {"precision": 0.9047619047619048, "recall": 0.7037037037037037, "f1-score": 0.7916666666666666, "support": 27.0}, "1": {"precision": 0.5555555555555556, "recall": 0.8333333333333334, "f1-score": 0.6666666666666666, "support": 12.0}, "accuracy": 0.7435897435897436, "macro avg": {"precision": 0.7301587301587302, "recall": 0.7685185185185186, "f1-score": 0.7291666666666666, "support": 39.0}, "weighted avg": {"precision": 0.7973137973137973, "recall": 0.7435897435897436, "f1-score": 0.7532051282051282, "support": 39.0}}