{"best_estimator": "KNeighborsClassifier(n_neighbors=15, p=3)", "best_score": 0.7999094813511046, "test_score": 0.6760942760942762}