{"0": {"precision": 0.8076923076923077, "recall": 0.8076923076923077, "f1-score": 0.8076923076923077, "support": 26.0}, "1": {"precision": 0.6153846153846154, "recall": 0.6153846153846154, "f1-score": 0.6153846153846154, "support": 13.0}, "accuracy": 0.7435897435897436, "macro avg": {"precision": 0.7115384615384616, "recall": 0.7115384615384616, "f1-score": 0.7115384615384616, "support": 39.0}, "weighted avg": {"precision": 0.7435897435897436, "recall": 0.7435897435897436, "f1-score": 0.7435897435897436, "support": 39.0}}