{"best_estimator": "RandomForestClassifier(n_estimators=300)", "best_score": 0.810957739232576, "test_score": 0.6927880326631441}