{"0": {"precision": 0.75, "recall": 0.8888888888888888, "f1-score": 0.8135593220338984, "support": 27.0}, "1": {"precision": 0.5714285714285714, "recall": 0.3333333333333333, "f1-score": 0.42105263157894735, "support": 12.0}, "accuracy": 0.717948717948718, "macro avg": {"precision": 0.6607142857142857, "recall": 0.611111111111111, "f1-score": 0.6173059768064229, "support": 39.0}, "weighted avg": {"precision": 0.695054945054945, "recall": 0.717948717948718, "f1-score": 0.6927880326631441, "support": 39.0}}