{"best_estimator": "RandomForestClassifier(criterion='entropy', n_estimators=200)", "best_score": 0.8112067487950991, "test_score": 0.6851851851851851}