{"best_estimator": "AdaBoostClassifier(algorithm='SAMME', learning_rate=0.05)", "best_score": 0.8050323739754157, "test_score": 0.5646697388632872}