{"best_estimator": "BernoulliNB()", "best_score": 0.4457447851839097, "test_score": 0.3884408602150538}