{"best_estimator": "BernoulliNB()", "best_score": 0.4386704611191615, "test_score": 0.45692061313200644}