{"best_estimator": "BernoulliNB()", "best_score": 0.4434002342074582, "test_score": 0.4112903225806452}