{"best_estimator": "BernoulliNB()", "best_score": 0.43869253116761425, "test_score": 0.45692061313200644}