{"best_estimator": "BernoulliNB()", "best_score": 0.4340033913083518, "test_score": 0.49539170506912444}