{"best_estimator": "HistGradientBoostingClassifier(learning_rate=0.01)", "best_score": 0.6965761493527174, "test_score": 0.6774193548387096}