{"best_estimator": "HistGradientBoostingClassifier(learning_rate=0.01)", "best_score": 0.7518182454633786, "test_score": 0.7296296296296296}