{"best_estimator": "KNeighborsClassifier(n_neighbors=20, p=1)", "best_score": 0.7325118050776422, "test_score": 0.8393923877794844}