{"best_estimator": "KNeighborsClassifier(n_neighbors=20, p=1)", "best_score": 0.7550930430391429, "test_score": 0.6967310389470278}