{"best_estimator": "RandomForestClassifier(max_depth=2, n_estimators=200)", "best_score": 0.7608295376183515, "test_score": 0.9036354326676908}