{"0": {"precision": 0.6956521739130435, "recall": 0.6956521739130435, "f1-score": 0.6956521739130435, "support": 23.0}, "1": {"precision": 0.7083333333333334, "recall": 0.7083333333333334, "f1-score": 0.7083333333333334, "support": 24.0}, "accuracy": 0.7021276595744681, "macro avg": {"precision": 0.7019927536231885, "recall": 0.7019927536231885, "f1-score": 0.7019927536231885, "support": 47.0}, "weighted avg": {"precision": 0.7021276595744681, "recall": 0.7021276595744681, "f1-score": 0.7021276595744681, "support": 47.0}}