{"best_estimator": "BernoulliNB()", "best_score": 0.5756760311397545, "test_score": 0.5389621318373071}