{"best_estimator": "BernoulliNB()", "best_score": 0.5491617666223513, "test_score": 0.6973362930077691}