{"best_estimator": "BernoulliNB()", "best_score": 0.5419757425282606, "test_score": 0.6469622331691297}