{"best_estimator": "BernoulliNB()", "best_score": 0.5534133497223938, "test_score": 0.5873583780560524}