{"0": {"precision": 0.7954545454545454, "recall": 0.7446808510638298, "f1-score": 0.7692307692307693, "support": 47.0}, "1": {"precision": 0.5, "recall": 0.5714285714285714, "f1-score": 0.5333333333333333, "support": 21.0}, "accuracy": 0.6911764705882353, "macro avg": {"precision": 0.6477272727272727, "recall": 0.6580547112462005, "f1-score": 0.6512820512820513, "support": 68.0}, "weighted avg": {"precision": 0.704211229946524, "recall": 0.6911764705882353, "f1-score": 0.6963800904977375, "support": 68.0}}