{"best_estimator": "KNeighborsClassifier(n_neighbors=10, p=3, weights='distance')", "best_score": 0.666061577208968, "test_score": 0.7777777777777778}