{"0": {"precision": 0.8857142857142857, "recall": 0.6595744680851063, "f1-score": 0.7560975609756098, "support": 47.0}, "1": {"precision": 0.5151515151515151, "recall": 0.8095238095238095, "f1-score": 0.6296296296296297, "support": 21.0}, "accuracy": 0.7058823529411765, "macro avg": {"precision": 0.7004329004329004, "recall": 0.7345491388044579, "f1-score": 0.6928635953026197, "support": 68.0}, "weighted avg": {"precision": 0.7712757830404889, "recall": 0.7058823529411765, "f1-score": 0.7170412880599395, "support": 68.0}}