{"0": {"precision": 0.5945945945945946, "recall": 0.7586206896551724, "f1-score": 0.6666666666666666, "support": 29.0}, "1": {"precision": 0.46153846153846156, "recall": 0.2857142857142857, "f1-score": 0.35294117647058826, "support": 21.0}, "accuracy": 0.56, "macro avg": {"precision": 0.5280665280665281, "recall": 0.5221674876847291, "f1-score": 0.5098039215686274, "support": 50.0}, "weighted avg": {"precision": 0.5387110187110188, "recall": 0.56, "f1-score": 0.5349019607843136, "support": 50.0}}