{"0": {"precision": 0.7692307692307693, "recall": 0.9375, "f1-score": 0.8450704225352113, "support": 32.0}, "1": {"precision": 0.75, "recall": 0.4, "f1-score": 0.5217391304347826, "support": 15.0}, "accuracy": 0.7659574468085106, "macro avg": {"precision": 0.7596153846153846, "recall": 0.66875, "f1-score": 0.6834047764849969, "support": 47.0}, "weighted avg": {"precision": 0.7630932896890343, "recall": 0.7659574468085106, "f1-score": 0.7418795846308192, "support": 47.0}}