{"best_estimator": "RandomForestClassifier(max_depth=3, n_estimators=150)", "best_score": 0.5951201960315291, "test_score": 0.6901960784313727}