{"best_estimator": "RandomForestClassifier(criterion='entropy', max_depth=6)", "best_score": 0.6195409137613979, "test_score": 0.4258227848101266}