{"best_estimator": "RandomForestClassifier(criterion='log_loss', n_estimators=150)", "best_score": 0.5767283502356676, "test_score": 0.6868686868686869}