{"best_estimator": "RandomForestClassifier(max_depth=3)", "best_score": 0.5955683254344208, "test_score": 0.5333333333333334}