{"precision": 0.561543565620324, "recall": 0.5604640107564084, "f1": 0.5531720334621419}