{"0": {"precision": 0.7222222222222222, "recall": 0.2765957446808511, "f1-score": 0.4, "support": 47.0}, "1": {"precision": 0.30612244897959184, "recall": 0.75, "f1-score": 0.43478260869565216, "support": 20.0}, "accuracy": 0.417910447761194, "macro avg": {"precision": 0.514172335600907, "recall": 0.5132978723404256, "f1-score": 0.4173913043478261, "support": 67.0}, "weighted avg": {"precision": 0.5980133346871087, "recall": 0.417910447761194, "f1-score": 0.41038286826735887, "support": 67.0}}