{"0": {"precision": 0.3157894736842105, "recall": 0.2727272727272727, "f1-score": 0.2926829268292683, "support": 22.0}, "1": {"precision": 0.4074074074074074, "recall": 0.4583333333333333, "f1-score": 0.43137254901960786, "support": 24.0}, "accuracy": 0.3695652173913043, "macro avg": {"precision": 0.3615984405458089, "recall": 0.365530303030303, "f1-score": 0.3620277379244381, "support": 46.0}, "weighted avg": {"precision": 0.36359013475718277, "recall": 0.3695652173913043, "f1-score": 0.3650427297111846, "support": 46.0}}