{"0": {"precision": 1.0, "recall": 0.16666666666666666, "f1-score": 0.2857142857142857, "support": 12.0}, "1": {"precision": 0.375, "recall": 1.0, "f1-score": 0.5454545454545454, "support": 6.0}, "accuracy": 0.4444444444444444, "macro avg": {"precision": 0.6875, "recall": 0.5833333333333334, "f1-score": 0.41558441558441556, "support": 18.0}, "weighted avg": {"precision": 0.7916666666666666, "recall": 0.4444444444444444, "f1-score": 0.37229437229437223, "support": 18.0}}