{"best_estimator": "BernoulliNB()", "best_score": 0.40026946403977187, "test_score": 0.37229437229437223}