{"0": {"precision": 0.5, "recall": 0.037037037037037035, "f1-score": 0.06896551724137931, "support": 27.0}, "1": {"precision": 0.3953488372093023, "recall": 0.9444444444444444, "f1-score": 0.5573770491803278, "support": 18.0}, "accuracy": 0.4, "macro avg": {"precision": 0.4476744186046512, "recall": 0.4907407407407407, "f1-score": 0.3131712832108536, "support": 45.0}, "weighted avg": {"precision": 0.4581395348837209, "recall": 0.4, "f1-score": 0.26433013001695876, "support": 45.0}}