{"0": {"precision": 1.0, "recall": 0.0425531914893617, "f1-score": 0.08163265306122448, "support": 47.0}, "1": {"precision": 0.3076923076923077, "recall": 1.0, "f1-score": 0.47058823529411764, "support": 20.0}, "accuracy": 0.3283582089552239, "macro avg": {"precision": 0.6538461538461539, "recall": 0.5212765957446809, "f1-score": 0.27611044417767105, "support": 67.0}, "weighted avg": {"precision": 0.7933409873708381, "recall": 0.3283582089552239, "f1-score": 0.19773879701134187, "support": 67.0}}