{"best_estimator": "BernoulliNB()", "best_score": 0.3925800122972495, "test_score": 0.26433013001695876}