{"0": {"precision": 1.0, "recall": 0.10344827586206896, "f1-score": 0.1875, "support": 29.0}, "1": {"precision": 0.3333333333333333, "recall": 1.0, "f1-score": 0.5, "support": 13.0}, "accuracy": 0.38095238095238093, "macro avg": {"precision": 0.6666666666666666, "recall": 0.5517241379310345, "f1-score": 0.34375, "support": 42.0}, "weighted avg": {"precision": 0.7936507936507937, "recall": 0.38095238095238093, "f1-score": 0.28422619047619047, "support": 42.0}}