{"best_estimator": "HistGradientBoostingClassifier(learning_rate=0.001)", "best_score": 0.47519471393254903, "test_score": 0.6303350970017637}