{"best_estimator": "HistGradientBoostingClassifier(learning_rate=0.5)", "best_score": 0.5664145571647322, "test_score": 0.5032510271650246}