{"best_estimator": "HistGradientBoostingClassifier(learning_rate=0.001)", "best_score": 0.5077051672525872, "test_score": 0.5422647527910686}