{"best_estimator": "HistGradientBoostingClassifier(learning_rate=0.001)", "best_score": 0.5112025077148963, "test_score": 0.5057471264367815}