{"0": {"precision": 0.6206896551724138, "recall": 0.6666666666666666, "f1-score": 0.6428571428571429, "support": 27.0}, "1": {"precision": 0.4375, "recall": 0.3888888888888889, "f1-score": 0.4117647058823529, "support": 18.0}, "accuracy": 0.5555555555555556, "macro avg": {"precision": 0.5290948275862069, "recall": 0.5277777777777778, "f1-score": 0.5273109243697479, "support": 45.0}, "weighted avg": {"precision": 0.5474137931034483, "recall": 0.5555555555555556, "f1-score": 0.5504201680672268, "support": 45.0}}