{"0": {"precision": 0.47619047619047616, "recall": 0.4, "f1-score": 0.43478260869565216, "support": 25.0}, "1": {"precision": 0.3181818181818182, "recall": 0.3888888888888889, "f1-score": 0.35, "support": 18.0}, "accuracy": 0.3953488372093023, "macro avg": {"precision": 0.3971861471861472, "recall": 0.3944444444444445, "f1-score": 0.3923913043478261, "support": 43.0}, "weighted avg": {"precision": 0.4100473170240612, "recall": 0.3953488372093023, "f1-score": 0.3992922143579373, "support": 43.0}}