{"0": {"precision": 0.7297297297297297, "recall": 0.574468085106383, "f1-score": 0.6428571428571429, "support": 47.0}, "1": {"precision": 0.3333333333333333, "recall": 0.5, "f1-score": 0.4, "support": 20.0}, "accuracy": 0.5522388059701493, "macro avg": {"precision": 0.5315315315315315, "recall": 0.5372340425531915, "f1-score": 0.5214285714285715, "support": 67.0}, "weighted avg": {"precision": 0.6114024472233427, "recall": 0.5522388059701493, "f1-score": 0.570362473347548, "support": 67.0}}