{"best_estimator": "RandomForestClassifier(criterion='entropy')", "best_score": 0.5514981801505877, "test_score": 0.7195767195767195}