{"best_estimator": "RandomForestClassifier(criterion='entropy', n_estimators=150)", "best_score": 0.5590059729681701, "test_score": 0.4722408026755853}