{"0": {"precision": 0.2857142857142857, "recall": 0.09090909090909091, "f1-score": 0.13793103448275862, "support": 22.0}, "1": {"precision": 0.48717948717948717, "recall": 0.7916666666666666, "f1-score": 0.6031746031746031, "support": 24.0}, "accuracy": 0.45652173913043476, "macro avg": {"precision": 0.3864468864468864, "recall": 0.4412878787878788, "f1-score": 0.37055281882868085, "support": 46.0}, "weighted avg": {"precision": 0.3908265647396082, "recall": 0.45652173913043476, "f1-score": 0.38066680945241665, "support": 46.0}}