{"best_estimator": "BernoulliNB()", "best_score": 0.5097258293088807, "test_score": 0.5997048281678262}