{"0": {"precision": 0.75, "recall": 0.9473684210526315, "f1-score": 0.8372093023255814, "support": 19.0}, "1": {"precision": 0.8571428571428571, "recall": 0.5, "f1-score": 0.631578947368421, "support": 12.0}, "accuracy": 0.7741935483870968, "macro avg": {"precision": 0.8035714285714286, "recall": 0.7236842105263157, "f1-score": 0.7343941248470012, "support": 31.0}, "weighted avg": {"precision": 0.7914746543778801, "recall": 0.7741935483870968, "f1-score": 0.7576104552453904, "support": 31.0}}