{"0": {"precision": 0.9333333333333333, "recall": 0.7777777777777778, "f1-score": 0.8484848484848485, "support": 18.0}, "1": {"precision": 0.7333333333333333, "recall": 0.9166666666666666, "f1-score": 0.8148148148148148, "support": 12.0}, "accuracy": 0.8333333333333334, "macro avg": {"precision": 0.8333333333333333, "recall": 0.8472222222222222, "f1-score": 0.8316498316498316, "support": 30.0}, "weighted avg": {"precision": 0.8533333333333334, "recall": 0.8333333333333334, "f1-score": 0.8350168350168351, "support": 30.0}}