{"0": {"precision": 0.7727272727272727, "recall": 0.9444444444444444, "f1-score": 0.85, "support": 18.0}, "1": {"precision": 0.8888888888888888, "recall": 0.6153846153846154, "f1-score": 0.7272727272727273, "support": 13.0}, "accuracy": 0.8064516129032258, "macro avg": {"precision": 0.8308080808080808, "recall": 0.7799145299145299, "f1-score": 0.7886363636363636, "support": 31.0}, "weighted avg": {"precision": 0.8214402085369827, "recall": 0.8064516129032258, "f1-score": 0.7985337243401759, "support": 31.0}}