{"best_estimator": "HistGradientBoostingClassifier(learning_rate=0.01)", "best_score": 0.6906523259859574, "test_score": 0.6724857685009488}