{"best_estimator": "KNeighborsClassifier(n_neighbors=10, weights='distance')", "best_score": 0.6423110606366114, "test_score": 0.7379739671760045}