{"best_estimator": "KNeighborsClassifier(n_neighbors=10, weights='distance')", "best_score": 0.6335064030681263, "test_score": 0.7721796669903261}