{"best_estimator": "KNeighborsClassifier(n_neighbors=15, p=3, weights='distance')", "best_score": 0.671942153845471, "test_score": 0.7109062980030721}