{"best_estimator": "RandomForestClassifier(max_depth=6)", "best_score": 0.6425767643980006, "test_score": 0.6191021439570419}