{"best_estimator": "RandomForestClassifier(criterion='entropy', n_estimators=150)", "best_score": 0.6288791585770376, "test_score": 0.6995616499943801}