{"best_estimator": "RandomForestClassifier(max_depth=6, n_estimators=200)", "best_score": 0.6109715455782847, "test_score": 0.7452667088340712}