{"best_estimator": "RandomForestClassifier()", "best_score": 0.6458134939954134, "test_score": 0.5694249649368863}