{"0": {"precision": 0.7, "recall": 0.7368421052631579, "f1-score": 0.717948717948718, "support": 19.0}, "1": {"precision": 0.5454545454545454, "recall": 0.5, "f1-score": 0.5217391304347826, "support": 12.0}, "accuracy": 0.6451612903225806, "macro avg": {"precision": 0.6227272727272727, "recall": 0.618421052631579, "f1-score": 0.6198439241917503, "support": 31.0}, "weighted avg": {"precision": 0.6401759530791788, "recall": 0.6451612903225806, "f1-score": 0.6419966195562269, "support": 31.0}}