{"best_estimator": "AdaBoostClassifier(algorithm='SAMME', learning_rate=0.05, n_estimators=150)", "best_score": 0.7361019609125108, "test_score": 0.7468625916586964}