{"best_estimator": "AdaBoostClassifier(algorithm='SAMME', learning_rate=0.001, n_estimators=200)", "best_score": 0.7507741052229283, "test_score": 0.8666666666666667}