{"best_estimator": "BernoulliNB()", "best_score": 0.6011716919624777, "test_score": 0.5681818181818182}