{"best_estimator": "BernoulliNB()", "best_score": 0.608498047649658, "test_score": 0.5420541566720969}