{"best_estimator": "BernoulliNB()", "best_score": 0.6054378846176516, "test_score": 0.5390946502057612}