{"best_estimator": "BernoulliNB()", "best_score": 0.5865598024051772, "test_score": 0.9320574162679426}