{"best_estimator": "HistGradientBoostingClassifier(learning_rate=0.05)", "best_score": 0.6742956776248766, "test_score": 0.8888888888888888}