{"best_estimator": "HistGradientBoostingClassifier(learning_rate=0.01)", "best_score": 0.7186155147032958, "test_score": 0.6879666227492314}