{"best_estimator": "HistGradientBoostingClassifier(learning_rate=0.01)", "best_score": 0.716385352387379, "test_score": 0.5611111111111111}