{"best_estimator": "KNeighborsClassifier(n_neighbors=25, weights='distance')", "best_score": 0.7199630016426776, "test_score": 0.7603042450406001}