{"best_estimator": "KNeighborsClassifier(n_neighbors=20)", "best_score": 0.7124336169947179, "test_score": 0.8018099547511313}