{"best_estimator": "RandomForestClassifier(max_depth=2, n_estimators=300)", "best_score": 0.7463626809840915, "test_score": 0.9435154217762913}