{"best_estimator": "RandomForestClassifier(max_depth=2, n_estimators=400)", "best_score": 0.7567922872801024, "test_score": 0.6148148148148148}