{"0": {"precision": 0.7777777777777778, "recall": 0.6363636363636364, "f1-score": 0.7, "support": 33.0}, "1": {"precision": 0.5862068965517241, "recall": 0.7391304347826086, "f1-score": 0.6538461538461539, "support": 23.0}, "accuracy": 0.6785714285714286, "macro avg": {"precision": 0.6819923371647509, "recall": 0.6877470355731226, "f1-score": 0.676923076923077, "support": 56.0}, "weighted avg": {"precision": 0.699096880131363, "recall": 0.6785714285714286, "f1-score": 0.681043956043956, "support": 56.0}}