{"0": {"precision": 0.8, "recall": 0.5294117647058824, "f1-score": 0.6371681415929203, "support": 68.0}, "1": {"precision": 0.3469387755102041, "recall": 0.6538461538461539, "f1-score": 0.4533333333333333, "support": 26.0}, "accuracy": 0.5638297872340425, "macro avg": {"precision": 0.573469387755102, "recall": 0.5916289592760181, "f1-score": 0.5452507374631268, "support": 94.0}, "weighted avg": {"precision": 0.6746851932262268, "recall": 0.5638297872340425, "f1-score": 0.5863202159040984, "support": 94.0}}