{"best_estimator": "BernoulliNB()", "best_score": 0.5249085637000434, "test_score": 0.4166666666666667}