{"best_estimator": "BernoulliNB()", "best_score": 0.49784305062197454, "test_score": 0.5863202159040984}