{"0": {"precision": 0.5641025641025641, "recall": 0.6666666666666666, "f1-score": 0.6111111111111112, "support": 33.0}, "1": {"precision": 0.35294117647058826, "recall": 0.2608695652173913, "f1-score": 0.3, "support": 23.0}, "accuracy": 0.5, "macro avg": {"precision": 0.4585218702865762, "recall": 0.46376811594202894, "f1-score": 0.4555555555555556, "support": 56.0}, "weighted avg": {"precision": 0.4773755656108598, "recall": 0.5, "f1-score": 0.48333333333333334, "support": 56.0}}