{"best_estimator": "BernoulliNB()", "best_score": 0.48304939573255856, "test_score": 0.48333333333333334}