{"0": {"precision": 0.8918918918918919, "recall": 0.9166666666666666, "f1-score": 0.9041095890410958, "support": 36.0}, "1": {"precision": 0.8, "recall": 0.75, "f1-score": 0.7741935483870968, "support": 16.0}, "accuracy": 0.8653846153846154, "macro avg": {"precision": 0.845945945945946, "recall": 0.8333333333333333, "f1-score": 0.8391515687140962, "support": 52.0}, "weighted avg": {"precision": 0.8636174636174636, "recall": 0.8653846153846154, "f1-score": 0.8641354226860193, "support": 52.0}}