{"best_estimator": "HistGradientBoostingClassifier()", "best_score": 0.719202776336516, "test_score": 0.6939242409386541}