{"best_estimator": "HistGradientBoostingClassifier(learning_rate=0.05)", "best_score": 0.6952312498705745, "test_score": 0.6234567901234569}