{"0": {"precision": 0.72, "recall": 0.5454545454545454, "f1-score": 0.6206896551724138, "support": 33.0}, "1": {"precision": 0.5161290322580645, "recall": 0.6956521739130435, "f1-score": 0.5925925925925926, "support": 23.0}, "accuracy": 0.6071428571428571, "macro avg": {"precision": 0.6180645161290322, "recall": 0.6205533596837944, "f1-score": 0.6066411238825031, "support": 56.0}, "weighted avg": {"precision": 0.6362672811059907, "recall": 0.6071428571428571, "f1-score": 0.609149790184273, "support": 56.0}}