{"best_estimator": "RandomForestClassifier(max_depth=2)", "best_score": 0.7113384030039107, "test_score": 0.5986602870813397}