{"0": {"precision": 0.6060606060606061, "recall": 0.6896551724137931, "f1-score": 0.6451612903225806, "support": 29.0}, "1": {"precision": 0.47058823529411764, "recall": 0.38095238095238093, "f1-score": 0.42105263157894735, "support": 21.0}, "accuracy": 0.56, "macro avg": {"precision": 0.5383244206773619, "recall": 0.535303776683087, "f1-score": 0.5331069609507639, "support": 50.0}, "weighted avg": {"precision": 0.549162210338681, "recall": 0.56, "f1-score": 0.5510356536502546, "support": 50.0}}