{"best_estimator": "BernoulliNB()", "best_score": 0.5156156388565872, "test_score": 0.6583333333333333}