{"best_estimator": "BernoulliNB()", "best_score": 0.5368817772620387, "test_score": 0.35185185185185186}