{"0": {"precision": 0.7142857142857143, "recall": 0.851063829787234, "f1-score": 0.7766990291262136, "support": 47.0}, "1": {"precision": 0.4166666666666667, "recall": 0.23809523809523808, "f1-score": 0.30303030303030304, "support": 21.0}, "accuracy": 0.6617647058823529, "macro avg": {"precision": 0.5654761904761905, "recall": 0.544579533941236, "f1-score": 0.5398646660782583, "support": 68.0}, "weighted avg": {"precision": 0.6223739495798319, "recall": 0.6617647058823529, "f1-score": 0.6304189813613, "support": 68.0}}