{"best_estimator": "BernoulliNB()", "best_score": 0.515635302414433, "test_score": 0.6304189813613}