{"best_estimator": "BernoulliNB()", "best_score": 0.5351779067444308, "test_score": 0.5333333333333333}