{"best_estimator": "HistGradientBoostingClassifier()", "best_score": 0.6431322635626955, "test_score": 0.8317460317460318}