{"best_estimator": "HistGradientBoostingClassifier(learning_rate=0.05)", "best_score": 0.6203811853272823, "test_score": 0.7008113590263692}