{"best_estimator": "HistGradientBoostingClassifier(learning_rate=0.01)", "best_score": 0.6406177756769778, "test_score": 0.6604995374653099}