{"best_estimator": "KNeighborsClassifier(p=3)", "best_score": 0.700948568621705, "test_score": 0.5422647527910686}