{"best_estimator": "RandomForestClassifier(n_estimators=400)", "best_score": 0.6032812071688706, "test_score": 0.4258227848101266}