{"best_estimator": "RandomForestClassifier(criterion='entropy', n_estimators=400)", "best_score": 0.5980613183823957, "test_score": 0.5209235209235209}