{"0": {"precision": 0.76, "recall": 0.8085106382978723, "f1-score": 0.7835051546391752, "support": 47.0}, "1": {"precision": 0.5, "recall": 0.42857142857142855, "f1-score": 0.46153846153846156, "support": 21.0}, "accuracy": 0.6911764705882353, "macro avg": {"precision": 0.63, "recall": 0.6185410334346504, "f1-score": 0.6225218080888184, "support": 68.0}, "weighted avg": {"precision": 0.6797058823529412, "recall": 0.6911764705882353, "f1-score": 0.6840742641227784, "support": 68.0}}