{"best_estimator": "RandomForestClassifier(criterion='entropy', n_estimators=150)", "best_score": 0.6375856169608506, "test_score": 0.5681818181818182}