{"best_estimator": "RandomForestClassifier(criterion='entropy', n_estimators=300)", "best_score": 0.5707698962131864, "test_score": 0.7237082066869303}