{"best_estimator": "BernoulliNB()", "best_score": 0.652680390307, "test_score": 0.6559766763848396}