{"best_estimator": "BernoulliNB()", "best_score": 0.6143881019285381, "test_score": 0.7777777777777778}