{"best_estimator": "BernoulliNB()", "best_score": 0.6315947544347024, "test_score": 0.6072049689440994}