{"best_estimator": "HistGradientBoostingClassifier()", "best_score": 0.6774020340823591, "test_score": 0.6241770261458531}