{"best_estimator": "HistGradientBoostingClassifier(learning_rate=0.05)", "best_score": 0.6780115041285659, "test_score": 0.7777777777777778}