{"best_estimator": "KNeighborsClassifier(n_neighbors=25, p=1)", "best_score": 0.6534405412920428, "test_score": 0.6469622331691297}