{"best_estimator": "KNeighborsClassifier(n_neighbors=15, p=3)", "best_score": 0.672019409300642, "test_score": 0.6951758063614512}