{"0": {"precision": 0.6818181818181818, "recall": 0.5555555555555556, "f1-score": 0.6122448979591837, "support": 27.0}, "1": {"precision": 0.4782608695652174, "recall": 0.6111111111111112, "f1-score": 0.5365853658536586, "support": 18.0}, "accuracy": 0.5777777777777777, "macro avg": {"precision": 0.5800395256916996, "recall": 0.5833333333333334, "f1-score": 0.5744151319064211, "support": 45.0}, "weighted avg": {"precision": 0.600395256916996, "recall": 0.5777777777777777, "f1-score": 0.5819810851169737, "support": 45.0}}