{"0": {"precision": 0.6296296296296297, "recall": 0.7727272727272727, "f1-score": 0.6938775510204082, "support": 22.0}, "1": {"precision": 0.7368421052631579, "recall": 0.5833333333333334, "f1-score": 0.6511627906976745, "support": 24.0}, "accuracy": 0.6739130434782609, "macro avg": {"precision": 0.6832358674463938, "recall": 0.678030303030303, "f1-score": 0.6725201708590414, "support": 46.0}, "weighted avg": {"precision": 0.685566573438427, "recall": 0.6739130434782609, "f1-score": 0.671591589112895, "support": 46.0}}