{"0": {"precision": 0.6216216216216216, "recall": 0.92, "f1-score": 0.7419354838709677, "support": 25.0}, "1": {"precision": 0.6666666666666666, "recall": 0.2222222222222222, "f1-score": 0.3333333333333333, "support": 18.0}, "accuracy": 0.627906976744186, "macro avg": {"precision": 0.6441441441441441, "recall": 0.5711111111111111, "f1-score": 0.5376344086021505, "support": 43.0}, "weighted avg": {"precision": 0.6404776869893148, "recall": 0.627906976744186, "f1-score": 0.5708927231807952, "support": 43.0}}