{"best_estimator": "RandomForestClassifier(criterion='entropy', n_estimators=150)", "best_score": 0.6241946257631387, "test_score": 0.6869087974172721}