{"best_estimator": "RandomForestClassifier(criterion='entropy', n_estimators=400)", "best_score": 0.6821289575760944, "test_score": 0.7777777777777778}