{"best_estimator": "BernoulliNB()", "best_score": 0.5787226611453627, "test_score": 0.549789621318373}