{"best_estimator": "BernoulliNB()", "best_score": 0.5140409205311742, "test_score": 0.7216589861751151}