{"best_estimator": "BernoulliNB()", "best_score": 0.5804100118311888, "test_score": 0.5970674486803519}