{"best_estimator": "BernoulliNB()", "best_score": 0.5182143160152047, "test_score": 0.5363636363636365}