{"best_estimator": "BernoulliNB()", "best_score": 0.5574433535043202, "test_score": 0.5997048281678262}