{"best_estimator": "BernoulliNB()", "best_score": 0.5541687270714877, "test_score": 0.6350602802215705}