{"best_estimator": "HistGradientBoostingClassifier()", "best_score": 0.7172473657863166, "test_score": 0.4480557977332171}