{"best_estimator": "HistGradientBoostingClassifier()", "best_score": 0.7033786722309582, "test_score": 0.6327975722153534}