{"best_estimator": "HistGradientBoostingClassifier(learning_rate=0.01)", "best_score": 0.6933873476481498, "test_score": 0.8024926686217008}