{"best_estimator": "HistGradientBoostingClassifier()", "best_score": 0.6443530041054788, "test_score": 0.8024926686217008}