{"best_estimator": "KNeighborsClassifier(n_neighbors=15, p=3)", "best_score": 0.6507050482601253, "test_score": 0.5247311827956989}