{"best_estimator": "KNeighborsClassifier(n_neighbors=15, p=3)", "best_score": 0.6538840154940505, "test_score": 0.7446925834022609}