{"best_estimator": "KNeighborsClassifier(p=3)", "best_score": 0.6512843662497468, "test_score": 0.5181771633384537}