{"best_estimator": "RandomForestClassifier(criterion='log_loss', n_estimators=400)", "best_score": 0.6334586344161566, "test_score": 0.7313782991202346}