{"best_estimator": "RandomForestClassifier(n_estimators=150)", "best_score": 0.6474126291962196, "test_score": 0.7284178187403995}