{"best_estimator": "RandomForestClassifier(n_estimators=200)", "best_score": 0.6406212823158237, "test_score": 0.6626538987688098}