{"0": {"precision": 0.7358490566037735, "recall": 0.527027027027027, "f1-score": 0.6141732283464567, "support": 74.0}, "1": {"precision": 0.16666666666666666, "recall": 0.3333333333333333, "f1-score": 0.2222222222222222, "support": 21.0}, "accuracy": 0.4842105263157895, "macro avg": {"precision": 0.4512578616352201, "recall": 0.4301801801801801, "f1-score": 0.41819772528433946, "support": 95.0}, "weighted avg": {"precision": 0.6100297914597815, "recall": 0.4842105263157894, "f1-score": 0.5275314269926785, "support": 95.0}}