{"0": {"precision": 1.0, "recall": 0.3333333333333333, "f1-score": 0.5, "support": 9.0}, "1": {"precision": 0.625, "recall": 1.0, "f1-score": 0.7692307692307693, "support": 10.0}, "accuracy": 0.6842105263157895, "macro avg": {"precision": 0.8125, "recall": 0.6666666666666666, "f1-score": 0.6346153846153846, "support": 19.0}, "weighted avg": {"precision": 0.8026315789473685, "recall": 0.6842105263157895, "f1-score": 0.6417004048582996, "support": 19.0}}