{"best_estimator": "BernoulliNB()", "best_score": 0.3498772202482806, "test_score": 0.08003629764065336}