{"best_estimator": "BernoulliNB()", "best_score": 0.3460538415015789, "test_score": 0.11688311688311687}