{"best_estimator": "HistGradientBoostingClassifier(learning_rate=0.5)", "best_score": 0.5161953221020078, "test_score": 0.5400329907372161}