{"best_estimator": "HistGradientBoostingClassifier(learning_rate=0.05)", "best_score": 0.5426846360087701, "test_score": 0.5098398169336384}