{"best_estimator": "HistGradientBoostingClassifier(learning_rate=0.5)", "best_score": 0.5494952125783985, "test_score": 0.47278911564625853}