{"0": {"precision": 0.6571428571428571, "recall": 0.6388888888888888, "f1-score": 0.647887323943662, "support": 36.0}, "1": {"precision": 0.3157894736842105, "recall": 0.3333333333333333, "f1-score": 0.32432432432432434, "support": 18.0}, "accuracy": 0.5370370370370371, "macro avg": {"precision": 0.4864661654135338, "recall": 0.48611111111111105, "f1-score": 0.48610582413399317, "support": 54.0}, "weighted avg": {"precision": 0.5433583959899749, "recall": 0.5370370370370371, "f1-score": 0.5400329907372161, "support": 54.0}}