{"best_estimator": "KNeighborsClassifier(p=1, weights='distance')", "best_score": 0.5087018217003052, "test_score": 0.5915750915750916}