{"best_estimator": "KNeighborsClassifier(weights='distance')", "best_score": 0.4850625930607711, "test_score": 0.49674099485420237}