{"best_estimator": "KNeighborsClassifier(p=1, weights='distance')", "best_score": 0.5136462339003135, "test_score": 0.6253869969040248}