{"best_estimator": "RandomForestClassifier()", "best_score": 0.5144786905097555, "test_score": 0.5683436532507741}