{"0": {"precision": 0.6190476190476191, "recall": 0.7222222222222222, "f1-score": 0.6666666666666666, "support": 18.0}, "1": {"precision": 0.4444444444444444, "recall": 0.3333333333333333, "f1-score": 0.38095238095238093, "support": 12.0}, "accuracy": 0.5666666666666667, "macro avg": {"precision": 0.5317460317460317, "recall": 0.5277777777777778, "f1-score": 0.5238095238095237, "support": 30.0}, "weighted avg": {"precision": 0.5492063492063491, "recall": 0.5666666666666667, "f1-score": 0.5523809523809523, "support": 30.0}}