{"best_estimator": "BernoulliNB()", "best_score": 0.4454255107025712, "test_score": 0.45029624753127057}