{"best_estimator": "BernoulliNB()", "best_score": 0.4496023986559513, "test_score": 0.41739130434782606}