{"best_estimator": "BernoulliNB()", "best_score": 0.44408551461472656, "test_score": 0.4112903225806452}