{"best_estimator": "BernoulliNB()", "best_score": 0.4427932521323136, "test_score": 0.4759551590025166}