{"best_estimator": "HistGradientBoostingClassifier(learning_rate=0.5)", "best_score": 0.5052674950357038, "test_score": 0.6605222734254992}