{"best_estimator": "HistGradientBoostingClassifier(learning_rate=0.01)", "best_score": 0.548502032538283, "test_score": 0.6327975722153534}