{"best_estimator": "HistGradientBoostingClassifier(learning_rate=0.5)", "best_score": 0.5678591455661359, "test_score": 0.6642228739002932}