{"best_estimator": "HistGradientBoostingClassifier(learning_rate=0.5)", "best_score": 0.5265220041169494, "test_score": 0.6049853372434018}