{"best_estimator": "HistGradientBoostingClassifier(learning_rate=0.5)", "best_score": 0.539064383463691, "test_score": 0.7379739671760045}