{"best_estimator": "HistGradientBoostingClassifier()", "best_score": 0.5247366057934322, "test_score": 0.541454442558008}