{"0": {"precision": 0.7272727272727273, "recall": 0.42105263157894735, "f1-score": 0.5333333333333333, "support": 19.0}, "1": {"precision": 0.45, "recall": 0.75, "f1-score": 0.5625, "support": 12.0}, "accuracy": 0.5483870967741935, "macro avg": {"precision": 0.5886363636363636, "recall": 0.5855263157894737, "f1-score": 0.5479166666666666, "support": 31.0}, "weighted avg": {"precision": 0.6199413489736071, "recall": 0.5483870967741935, "f1-score": 0.5446236559139784, "support": 31.0}}