{"best_estimator": "RandomForestClassifier(criterion='log_loss')", "best_score": 0.5604889237755772, "test_score": 0.652073732718894}