{"best_estimator": "RandomForestClassifier(criterion='entropy', max_depth=3)", "best_score": 0.5578433683938886, "test_score": 0.5129032258064516}