{"best_estimator": "RandomForestClassifier(criterion='entropy', n_estimators=300)", "best_score": 0.5592483447152458, "test_score": 0.6928178037540744}