{"best_estimator": "AdaBoostClassifier(algorithm='SAMME', learning_rate=0.1)", "best_score": 0.6488621492343686, "test_score": 0.5037707390648568}