{"best_estimator": "BernoulliNB()", "best_score": 0.5114470942504046, "test_score": 0.691358024691358}