{"best_estimator": "BernoulliNB()", "best_score": 0.5107212629024592, "test_score": 0.6198656314116748}