{"best_estimator": "BernoulliNB()", "best_score": 0.5383393123132104, "test_score": 0.5048076923076923}