{"best_estimator": "BernoulliNB()", "best_score": 0.5235261139449449, "test_score": 0.7350766747376918}