{"best_estimator": "BernoulliNB()", "best_score": 0.5354709571444485, "test_score": 0.5132890365448506}