{"best_estimator": "BernoulliNB()", "best_score": 0.52196546156142, "test_score": 0.5681818181818182}