{"best_estimator": "HistGradientBoostingClassifier(learning_rate=0.5)", "best_score": 0.6517763540050074, "test_score": 0.8317460317460318}