{"best_estimator": "HistGradientBoostingClassifier(learning_rate=0.5)", "best_score": 0.6742209124460337, "test_score": 0.6559766763848396}