{"best_estimator": "HistGradientBoostingClassifier(learning_rate=0.05)", "best_score": 0.6487628144304475, "test_score": 0.738095238095238}