{"best_estimator": "KNeighborsClassifier(n_neighbors=15, p=3)", "best_score": 0.6746471614239219, "test_score": 0.6921404682274247}