{"0": {"precision": 0.7222222222222222, "recall": 0.5909090909090909, "f1-score": 0.65, "support": 22.0}, "1": {"precision": 0.6785714285714286, "recall": 0.7916666666666666, "f1-score": 0.7307692307692307, "support": 24.0}, "accuracy": 0.6956521739130435, "macro avg": {"precision": 0.7003968253968254, "recall": 0.6912878787878788, "f1-score": 0.6903846153846154, "support": 46.0}, "weighted avg": {"precision": 0.6994478951000691, "recall": 0.6956521739130435, "f1-score": 0.6921404682274247, "support": 46.0}}