{"best_estimator": "RandomForestClassifier(criterion='entropy', n_estimators=150)", "best_score": 0.6319892156543048, "test_score": 0.8317460317460318}