{"0": {"precision": 0.6153846153846154, "recall": 0.8888888888888888, "f1-score": 0.7272727272727273, "support": 27.0}, "1": {"precision": 0.5, "recall": 0.16666666666666666, "f1-score": 0.25, "support": 18.0}, "accuracy": 0.6, "macro avg": {"precision": 0.5576923076923077, "recall": 0.5277777777777778, "f1-score": 0.48863636363636365, "support": 45.0}, "weighted avg": {"precision": 0.5692307692307692, "recall": 0.6, "f1-score": 0.5363636363636364, "support": 45.0}}