{"0": {"precision": 0.6153846153846154, "recall": 0.2857142857142857, "f1-score": 0.3902439024390244, "support": 28.0}, "1": {"precision": 0.2857142857142857, "recall": 0.6153846153846154, "f1-score": 0.3902439024390244, "support": 13.0}, "accuracy": 0.3902439024390244, "macro avg": {"precision": 0.45054945054945056, "recall": 0.45054945054945056, "f1-score": 0.3902439024390244, "support": 41.0}, "weighted avg": {"precision": 0.5108549986598768, "recall": 0.3902439024390244, "f1-score": 0.3902439024390244, "support": 41.0}}