{"0": {"precision": 0.68, "recall": 0.6296296296296297, "f1-score": 0.6538461538461539, "support": 27.0}, "1": {"precision": 0.3333333333333333, "recall": 0.38461538461538464, "f1-score": 0.35714285714285715, "support": 13.0}, "accuracy": 0.55, "macro avg": {"precision": 0.5066666666666667, "recall": 0.5071225071225072, "f1-score": 0.5054945054945055, "support": 40.0}, "weighted avg": {"precision": 0.5673333333333334, "recall": 0.55, "f1-score": 0.5574175824175824, "support": 40.0}}