{"0": {"precision": 0.6451612903225806, "recall": 0.7142857142857143, "f1-score": 0.6779661016949152, "support": 28.0}, "1": {"precision": 0.2, "recall": 0.15384615384615385, "f1-score": 0.17391304347826086, "support": 13.0}, "accuracy": 0.5365853658536586, "macro avg": {"precision": 0.42258064516129035, "recall": 0.4340659340659341, "f1-score": 0.42593957258658804, "support": 41.0}, "weighted avg": {"precision": 0.5040125885129819, "recall": 0.5365853658536586, "f1-score": 0.5181444003091468, "support": 41.0}}