{"best_estimator": "HistGradientBoostingClassifier(learning_rate=0.5)", "best_score": 0.5724602293911507, "test_score": 0.47976939203354296}