{"best_estimator": "HistGradientBoostingClassifier()", "best_score": 0.542390167425667, "test_score": 0.5424132364810331}