{"best_estimator": "KNeighborsClassifier(weights='distance')", "best_score": 0.4680982892739152, "test_score": 0.5133333333333333}