{"best_estimator": "KNeighborsClassifier(p=1, weights='distance')", "best_score": 0.4788609657833276, "test_score": 0.5082417582417583}