{"0": {"precision": 0.64, "recall": 0.5925925925925926, "f1-score": 0.6153846153846154, "support": 27.0}, "1": {"precision": 0.26666666666666666, "recall": 0.3076923076923077, "f1-score": 0.2857142857142857, "support": 13.0}, "accuracy": 0.5, "macro avg": {"precision": 0.45333333333333337, "recall": 0.45014245014245013, "f1-score": 0.45054945054945056, "support": 40.0}, "weighted avg": {"precision": 0.5186666666666667, "recall": 0.5, "f1-score": 0.5082417582417583, "support": 40.0}}