{"0": {"precision": 0.7777777777777778, "recall": 0.5185185185185185, "f1-score": 0.6222222222222222, "support": 27.0}, "1": {"precision": 0.4090909090909091, "recall": 0.6923076923076923, "f1-score": 0.5142857142857142, "support": 13.0}, "accuracy": 0.575, "macro avg": {"precision": 0.5934343434343434, "recall": 0.6054131054131053, "f1-score": 0.5682539682539682, "support": 40.0}, "weighted avg": {"precision": 0.6579545454545455, "recall": 0.575, "f1-score": 0.5871428571428572, "support": 40.0}}