{"0": {"precision": 0.8181818181818182, "recall": 0.6428571428571429, "f1-score": 0.72, "support": 28.0}, "1": {"precision": 0.47368421052631576, "recall": 0.6923076923076923, "f1-score": 0.5625, "support": 13.0}, "accuracy": 0.6585365853658537, "macro avg": {"precision": 0.645933014354067, "recall": 0.6675824175824177, "f1-score": 0.64125, "support": 41.0}, "weighted avg": {"precision": 0.7089508694130005, "recall": 0.6585365853658537, "f1-score": 0.6700609756097561, "support": 41.0}}