{"best_estimator": "RandomForestClassifier(criterion='log_loss', n_estimators=300)", "best_score": 0.5359086448415684, "test_score": 0.6623569794050344}