{"best_estimator": "RandomForestClassifier(n_estimators=400)", "best_score": 0.5704279086349793, "test_score": 0.5502523128679563}