{"0": {"precision": 0.6774193548387096, "recall": 0.75, "f1-score": 0.711864406779661, "support": 28.0}, "1": {"precision": 0.3, "recall": 0.23076923076923078, "f1-score": 0.2608695652173913, "support": 13.0}, "accuracy": 0.5853658536585366, "macro avg": {"precision": 0.4887096774193548, "recall": 0.4903846153846154, "f1-score": 0.4863669859985261, "support": 41.0}, "weighted avg": {"precision": 0.5577498033044845, "recall": 0.5853658536585366, "f1-score": 0.5688660423818681, "support": 41.0}}