{"0": {"precision": 0.8, "recall": 0.8571428571428571, "f1-score": 0.8275862068965517, "support": 28.0}, "1": {"precision": 0.6363636363636364, "recall": 0.5384615384615384, "f1-score": 0.5833333333333334, "support": 13.0}, "accuracy": 0.7560975609756098, "macro avg": {"precision": 0.7181818181818183, "recall": 0.6978021978021978, "f1-score": 0.7054597701149425, "support": 41.0}, "weighted avg": {"precision": 0.7481152993348116, "recall": 0.7560975609756098, "f1-score": 0.7501401738155312, "support": 41.0}}