{"best_estimator": "AdaBoostClassifier(algorithm='SAMME', learning_rate=0.05)", "best_score": 0.7731611384032234, "test_score": 0.8052419354838709}