{"0": {"precision": 0.875, "recall": 0.7777777777777778, "f1-score": 0.8235294117647058, "support": 18.0}, "1": {"precision": 0.7333333333333333, "recall": 0.8461538461538461, "f1-score": 0.7857142857142857, "support": 13.0}, "accuracy": 0.8064516129032258, "macro avg": {"precision": 0.8041666666666667, "recall": 0.811965811965812, "f1-score": 0.8046218487394958, "support": 31.0}, "weighted avg": {"precision": 0.8155913978494623, "recall": 0.8064516129032258, "f1-score": 0.8076714556790457, "support": 31.0}}