{"best_estimator": "BernoulliNB()", "best_score": 0.46649407497138673, "test_score": 0.6350602802215705}