{"best_estimator": "BernoulliNB()", "best_score": 0.4776738258065024, "test_score": 0.5565774422328986}