{"best_estimator": "BernoulliNB()", "best_score": 0.5027461626714238, "test_score": 0.37336993822923814}