{"best_estimator": "BernoulliNB()", "best_score": 0.4929651923014167, "test_score": 0.4563464235624123}