{"best_estimator": "BernoulliNB()", "best_score": 0.47301099769192395, "test_score": 0.49622601728863586}