{"best_estimator": "BernoulliNB()", "best_score": 0.49086862846711676, "test_score": 0.49622601728863586}