{"0": {"precision": 0.5714285714285714, "recall": 0.8888888888888888, "f1-score": 0.6956521739130435, "support": 18.0}, "1": {"precision": 0.3333333333333333, "recall": 0.07692307692307693, "f1-score": 0.125, "support": 13.0}, "accuracy": 0.5483870967741935, "macro avg": {"precision": 0.45238095238095233, "recall": 0.48290598290598286, "f1-score": 0.41032608695652173, "support": 31.0}, "weighted avg": {"precision": 0.47158218125960055, "recall": 0.5483870967741935, "f1-score": 0.4563464235624123, "support": 31.0}}