{"best_estimator": "BernoulliNB()", "best_score": 0.4795842609963339, "test_score": 0.5182328190743338}