{"0": {"precision": 0.8, "recall": 0.9411764705882353, "f1-score": 0.8648648648648649, "support": 17.0}, "1": {"precision": 0.9090909090909091, "recall": 0.7142857142857143, "f1-score": 0.8, "support": 14.0}, "accuracy": 0.8387096774193549, "macro avg": {"precision": 0.8545454545454545, "recall": 0.8277310924369747, "f1-score": 0.8324324324324325, "support": 31.0}, "weighted avg": {"precision": 0.849266862170088, "recall": 0.8387096774193549, "f1-score": 0.8355710549258937, "support": 31.0}}