{"best_estimator": "HistGradientBoostingClassifier(learning_rate=0.01)", "best_score": 0.7275986956449048, "test_score": 0.7727288578901482}