{"best_estimator": "HistGradientBoostingClassifier(learning_rate=0.01)", "best_score": 0.7247546331591164, "test_score": 0.646663253114866}