{"best_estimator": "KNeighborsClassifier(n_neighbors=15, p=1)", "best_score": 0.7446928995498876, "test_score": 0.6794524261317431}