{"best_estimator": "KNeighborsClassifier(n_neighbors=25, p=1)", "best_score": 0.7330739020079612, "test_score": 0.7419354838709677}