{"best_estimator": "RandomForestClassifier(max_depth=2, n_estimators=150)", "best_score": 0.7799602887200077, "test_score": 0.7435619409053944}