{"best_estimator": "RandomForestClassifier(max_depth=2, n_estimators=150)", "best_score": 0.7659926778519889, "test_score": 0.8380269670592251}