{"0": {"precision": 0.9375, "recall": 0.9375, "f1-score": 0.9375, "support": 16.0}, "1": {"precision": 0.8333333333333334, "recall": 0.8333333333333334, "f1-score": 0.8333333333333334, "support": 6.0}, "accuracy": 0.9090909090909091, "macro avg": {"precision": 0.8854166666666667, "recall": 0.8854166666666667, "f1-score": 0.8854166666666667, "support": 22.0}, "weighted avg": {"precision": 0.9090909090909091, "recall": 0.9090909090909091, "f1-score": 0.9090909090909091, "support": 22.0}}