{"0": {"precision": 0.7857142857142857, "recall": 0.6875, "f1-score": 0.7333333333333333, "support": 32.0}, "1": {"precision": 0.6428571428571429, "recall": 0.75, "f1-score": 0.6923076923076923, "support": 24.0}, "accuracy": 0.7142857142857143, "macro avg": {"precision": 0.7142857142857143, "recall": 0.71875, "f1-score": 0.7128205128205127, "support": 56.0}, "weighted avg": {"precision": 0.7244897959183673, "recall": 0.7142857142857143, "f1-score": 0.7157509157509158, "support": 56.0}}