{"0": {"precision": 0.7916666666666666, "recall": 0.59375, "f1-score": 0.6785714285714286, "support": 32.0}, "1": {"precision": 0.59375, "recall": 0.7916666666666666, "f1-score": 0.6785714285714286, "support": 24.0}, "accuracy": 0.6785714285714286, "macro avg": {"precision": 0.6927083333333333, "recall": 0.6927083333333333, "f1-score": 0.6785714285714286, "support": 56.0}, "weighted avg": {"precision": 0.706845238095238, "recall": 0.6785714285714286, "f1-score": 0.6785714285714286, "support": 56.0}}