{"best_estimator": "HistGradientBoostingClassifier(learning_rate=0.5)", "best_score": 0.8123185990849928, "test_score": 0.7142857142857143}