{"best_estimator": "HistGradientBoostingClassifier(learning_rate=0.05)", "best_score": 0.7984862991845463, "test_score": 0.6263736263736264}