{"best_estimator": "HistGradientBoostingClassifier()", "best_score": 0.7856366121672131, "test_score": 0.8196248196248197}