{"best_estimator": "HistGradientBoostingClassifier(learning_rate=0.01)", "best_score": 0.7886160688153756, "test_score": 0.8412206988058382}