{"best_estimator": "HistGradientBoostingClassifier(learning_rate=0.5)", "best_score": 0.7959544127927789, "test_score": 0.7658402203856749}