{"best_estimator": "KNeighborsClassifier(weights='distance')", "best_score": 0.7905474820515763, "test_score": 0.8929425837320574}