{"0": {"precision": 0.8333333333333334, "recall": 0.625, "f1-score": 0.7142857142857143, "support": 32.0}, "1": {"precision": 0.625, "recall": 0.8333333333333334, "f1-score": 0.7142857142857143, "support": 24.0}, "accuracy": 0.7142857142857143, "macro avg": {"precision": 0.7291666666666667, "recall": 0.7291666666666667, "f1-score": 0.7142857142857143, "support": 56.0}, "weighted avg": {"precision": 0.7440476190476192, "recall": 0.7142857142857143, "f1-score": 0.7142857142857143, "support": 56.0}}