{"best_estimator": "KNeighborsClassifier(n_neighbors=20, p=3, weights='distance')", "best_score": 0.7995428173915528, "test_score": 0.6559283263438811}