{"best_estimator": "KNeighborsClassifier(n_neighbors=7, p=3, weights='distance')", "best_score": 0.7903638270795598, "test_score": 0.7778028423189713}