{"best_estimator": "KNeighborsClassifier(p=3, weights='distance')", "best_score": 0.8051728771329497, "test_score": 0.8317460317460318}