{"best_estimator": "RandomForestClassifier(n_estimators=150)", "best_score": 0.8447304608992013, "test_score": 0.6225961538461539}