{"best_estimator": "RandomForestClassifier(n_estimators=300)", "best_score": 0.8063388828681186, "test_score": 0.8181818181818182}