{"best_estimator": "RandomForestClassifier(n_estimators=300)", "best_score": 0.8145340612542826, "test_score": 0.7649572649572649}