{"best_estimator": "RandomForestClassifier(criterion='entropy', n_estimators=200)", "best_score": 0.8020112993128828, "test_score": 0.8412206988058382}