{"0": {"precision": 0.8235294117647058, "recall": 0.717948717948718, "f1-score": 0.7671232876712328, "support": 39.0}, "1": {"precision": 0.3888888888888889, "recall": 0.5384615384615384, "f1-score": 0.45161290322580644, "support": 13.0}, "accuracy": 0.6730769230769231, "macro avg": {"precision": 0.6062091503267973, "recall": 0.6282051282051282, "f1-score": 0.6093680954485197, "support": 52.0}, "weighted avg": {"precision": 0.7148692810457516, "recall": 0.6730769230769231, "f1-score": 0.6882456915598762, "support": 52.0}}