{"best_estimator": "RandomForestClassifier(n_estimators=150)", "best_score": 0.8056816320435093, "test_score": 0.8317460317460318}