{"0": {"precision": 0.967741935483871, "recall": 0.8333333333333334, "f1-score": 0.8955223880597015, "support": 36.0}, "1": {"precision": 0.7391304347826086, "recall": 0.9444444444444444, "f1-score": 0.8292682926829268, "support": 18.0}, "accuracy": 0.8703703703703703, "macro avg": {"precision": 0.8534361851332398, "recall": 0.8888888888888888, "f1-score": 0.8623953403713142, "support": 54.0}, "weighted avg": {"precision": 0.8915381019167836, "recall": 0.8703703703703703, "f1-score": 0.8734376896007766, "support": 54.0}}