{"best_estimator": "RandomForestClassifier()", "best_score": 0.8293149609739583, "test_score": 0.72627473638596}