{"0": {"precision": 0.7380952380952381, "recall": 0.8611111111111112, "f1-score": 0.7948717948717948, "support": 36.0}, "1": {"precision": 0.5833333333333334, "recall": 0.3888888888888889, "f1-score": 0.4666666666666667, "support": 18.0}, "accuracy": 0.7037037037037037, "macro avg": {"precision": 0.6607142857142858, "recall": 0.625, "f1-score": 0.6307692307692307, "support": 54.0}, "weighted avg": {"precision": 0.6865079365079365, "recall": 0.7037037037037037, "f1-score": 0.6854700854700854, "support": 54.0}}