{"best_estimator": "AdaBoostClassifier(algorithm='SAMME', learning_rate=0.001)", "best_score": 0.6693357697726781, "test_score": 0.4414715719063545}