{"best_estimator": "BernoulliNB()", "best_score": 0.5449264590175099, "test_score": 0.6124401913875598}