{"0": {"precision": 0.6538461538461539, "recall": 1.0, "f1-score": 0.7906976744186046, "support": 34.0}, "1": {"precision": 0.0, "recall": 0.0, "f1-score": 0.0, "support": 18.0}, "accuracy": 0.6538461538461539, "macro avg": {"precision": 0.3269230769230769, "recall": 0.5, "f1-score": 0.3953488372093023, "support": 52.0}, "weighted avg": {"precision": 0.42751479289940825, "recall": 0.6538461538461539, "f1-score": 0.516994633273703, "support": 52.0}}