{"0": {"precision": 0.4444444444444444, "recall": 0.8888888888888888, "f1-score": 0.5925925925925926, "support": 9.0}, "1": {"precision": 0.0, "recall": 0.0, "f1-score": 0.0, "support": 10.0}, "accuracy": 0.42105263157894735, "macro avg": {"precision": 0.2222222222222222, "recall": 0.4444444444444444, "f1-score": 0.2962962962962963, "support": 19.0}, "weighted avg": {"precision": 0.21052631578947367, "recall": 0.42105263157894735, "f1-score": 0.2807017543859649, "support": 19.0}}