{"best_estimator": "BernoulliNB()", "best_score": 0.5637339295127554, "test_score": 0.2807017543859649}