{"best_estimator": "HistGradientBoostingClassifier()", "best_score": 0.6310929599167011, "test_score": 0.5766081871345029}