{"best_estimator": "HistGradientBoostingClassifier(learning_rate=0.05)", "best_score": 0.6727775288156452, "test_score": 0.5686053077357426}