{"0": {"precision": 0.8192771084337349, "recall": 0.918918918918919, "f1-score": 0.8662420382165605, "support": 74.0}, "1": {"precision": 0.45454545454545453, "recall": 0.25, "f1-score": 0.3225806451612903, "support": 20.0}, "accuracy": 0.776595744680851, "macro avg": {"precision": 0.6369112814895947, "recall": 0.5844594594594594, "f1-score": 0.5944113416889254, "support": 94.0}, "weighted avg": {"precision": 0.741674628883037, "recall": 0.776595744680851, "f1-score": 0.7505694013962904, "support": 94.0}}