{"best_estimator": "HistGradientBoostingClassifier(learning_rate=0.01)", "best_score": 0.5690119757566897, "test_score": 0.7505694013962904}