{"best_estimator": "HistGradientBoostingClassifier(learning_rate=0.05)", "best_score": 0.6539875575362583, "test_score": 0.5444444444444445}