{"best_estimator": "HistGradientBoostingClassifier()", "best_score": 0.6529086266403479, "test_score": 0.5354235637779942}