{"0": {"precision": 0.75, "recall": 0.9230769230769231, "f1-score": 0.8275862068965517, "support": 39.0}, "1": {"precision": 0.25, "recall": 0.07692307692307693, "f1-score": 0.11764705882352941, "support": 13.0}, "accuracy": 0.7115384615384616, "macro avg": {"precision": 0.5, "recall": 0.5, "f1-score": 0.4726166328600406, "support": 52.0}, "weighted avg": {"precision": 0.625, "recall": 0.7115384615384616, "f1-score": 0.6501014198782962, "support": 52.0}}