{"best_estimator": "RandomForestClassifier(max_depth=6, n_estimators=400)", "best_score": 0.6639134902146787, "test_score": 0.5216548157724629}