{"0": {"precision": 0.875, "recall": 0.9333333333333333, "f1-score": 0.9032258064516129, "support": 15.0}, "1": {"precision": 0.75, "recall": 0.6, "f1-score": 0.6666666666666666, "support": 5.0}, "accuracy": 0.85, "macro avg": {"precision": 0.8125, "recall": 0.7666666666666666, "f1-score": 0.7849462365591398, "support": 20.0}, "weighted avg": {"precision": 0.84375, "recall": 0.85, "f1-score": 0.8440860215053764, "support": 20.0}}