{"best_estimator": "RandomForestClassifier(criterion='entropy', n_estimators=150)", "best_score": 0.590773506606397, "test_score": 0.7348932010565504}