{"best_estimator": "RandomForestClassifier(n_estimators=400)", "best_score": 0.6224448737137287, "test_score": 0.6190476190476191}