{"precision": 0.673597617453753, "recall": 0.6885722866773127, "f1": 0.6745618046878232}