{"0": {"precision": 0.7450980392156863, "recall": 0.8444444444444444, "f1-score": 0.7916666666666666, "support": 45.0}, "1": {"precision": 0.5882352941176471, "recall": 0.43478260869565216, "f1-score": 0.5, "support": 23.0}, "accuracy": 0.7058823529411765, "macro avg": {"precision": 0.6666666666666667, "recall": 0.6396135265700483, "f1-score": 0.6458333333333333, "support": 68.0}, "weighted avg": {"precision": 0.6920415224913495, "recall": 0.7058823529411765, "f1-score": 0.6930147058823529, "support": 68.0}}