{"best_estimator": "BernoulliNB()", "best_score": 0.5522626223654004, "test_score": 0.6595744680851063}