{"best_estimator": "BernoulliNB()", "best_score": 0.5935193963177315, "test_score": 0.5610173636585962}