{"best_estimator": "BernoulliNB()", "best_score": 0.5583725914749219, "test_score": 0.6909090909090909}