{"0": {"precision": 0.5, "recall": 0.9473684210526315, "f1-score": 0.6545454545454545, "support": 19.0}, "1": {"precision": 0.8571428571428571, "recall": 0.25, "f1-score": 0.3870967741935484, "support": 24.0}, "accuracy": 0.5581395348837209, "macro avg": {"precision": 0.6785714285714286, "recall": 0.5986842105263157, "f1-score": 0.5208211143695014, "support": 43.0}, "weighted avg": {"precision": 0.6993355481727574, "recall": 0.5581395348837209, "f1-score": 0.5052717724885767, "support": 43.0}}