{"best_estimator": "BernoulliNB()", "best_score": 0.5397678474133121, "test_score": 0.6369047619047619}