{"best_estimator": "BernoulliNB()", "best_score": 0.555215501530011, "test_score": 0.621267825311943}