{"best_estimator": "HistGradientBoostingClassifier(learning_rate=0.05)", "best_score": 0.5927631852996109, "test_score": 0.5425985896310643}