{"best_estimator": "HistGradientBoostingClassifier(learning_rate=0.5)", "best_score": 0.5621521351302405, "test_score": 0.7777777777777778}