{"0": {"precision": 0.7333333333333333, "recall": 0.8461538461538461, "f1-score": 0.7857142857142857, "support": 13.0}, "1": {"precision": 0.3333333333333333, "recall": 0.2, "f1-score": 0.25, "support": 5.0}, "accuracy": 0.6666666666666666, "macro avg": {"precision": 0.5333333333333333, "recall": 0.5230769230769231, "f1-score": 0.5178571428571428, "support": 18.0}, "weighted avg": {"precision": 0.6222222222222222, "recall": 0.6666666666666666, "f1-score": 0.6369047619047619, "support": 18.0}}