{"best_estimator": "KNeighborsClassifier(n_neighbors=15, p=1)", "best_score": 0.5415960441381005, "test_score": 0.57052582306132}