{"0": {"precision": 0.575, "recall": 0.8846153846153846, "f1-score": 0.696969696969697, "support": 26.0}, "1": {"precision": 0.5714285714285714, "recall": 0.19047619047619047, "f1-score": 0.2857142857142857, "support": 21.0}, "accuracy": 0.574468085106383, "macro avg": {"precision": 0.5732142857142857, "recall": 0.5375457875457875, "f1-score": 0.49134199134199136, "support": 47.0}, "weighted avg": {"precision": 0.573404255319149, "recall": 0.574468085106383, "f1-score": 0.5132172791747259, "support": 47.0}}