{"best_estimator": "RandomForestClassifier(n_estimators=300)", "best_score": 0.5219116777744397, "test_score": 0.5787967624753043}