{"best_estimator": "RandomForestClassifier(criterion='entropy', n_estimators=400)", "best_score": 0.6202425104740783, "test_score": 0.5519577797142886}