{"best_estimator": "RandomForestClassifier(n_estimators=200)", "best_score": 0.603028129719466, "test_score": 0.6773226068240359}