{"best_estimator": "RandomForestClassifier(criterion='log_loss')", "best_score": 0.5415981945022159, "test_score": 0.834920634920635}