{"0": {"precision": 0.6923076923076923, "recall": 0.6923076923076923, "f1-score": 0.6923076923076923, "support": 26.0}, "1": {"precision": 0.6190476190476191, "recall": 0.6190476190476191, "f1-score": 0.6190476190476191, "support": 21.0}, "accuracy": 0.6595744680851063, "macro avg": {"precision": 0.6556776556776557, "recall": 0.6556776556776557, "f1-score": 0.6556776556776557, "support": 47.0}, "weighted avg": {"precision": 0.6595744680851063, "recall": 0.6595744680851063, "f1-score": 0.6595744680851063, "support": 47.0}}