{"0": {"precision": 0.6363636363636364, "recall": 0.56, "f1-score": 0.5957446808510638, "support": 25.0}, "1": {"precision": 0.3888888888888889, "recall": 0.4666666666666667, "f1-score": 0.42424242424242425, "support": 15.0}, "accuracy": 0.525, "macro avg": {"precision": 0.5126262626262627, "recall": 0.5133333333333334, "f1-score": 0.5099935525467441, "support": 40.0}, "weighted avg": {"precision": 0.5435606060606061, "recall": 0.525, "f1-score": 0.531431334622824, "support": 40.0}}