{"best_estimator": "BernoulliNB()", "best_score": 0.43914867462232243, "test_score": 0.37666666666666665}