{"0": {"precision": 0.25, "recall": 0.04, "f1-score": 0.06896551724137931, "support": 25.0}, "1": {"precision": 0.3333333333333333, "recall": 0.8, "f1-score": 0.47058823529411764, "support": 15.0}, "accuracy": 0.325, "macro avg": {"precision": 0.29166666666666663, "recall": 0.42000000000000004, "f1-score": 0.2697768762677485, "support": 40.0}, "weighted avg": {"precision": 0.28125, "recall": 0.325, "f1-score": 0.21957403651115617, "support": 40.0}}