{"best_estimator": "BernoulliNB()", "best_score": 0.45104607798613117, "test_score": 0.4333333333333333}