{"best_estimator": "BernoulliNB()", "best_score": 0.45952473529178006, "test_score": 0.3351926977687627}