{"0": {"precision": 0.625, "recall": 0.2, "f1-score": 0.30303030303030304, "support": 25.0}, "1": {"precision": 0.375, "recall": 0.8, "f1-score": 0.5106382978723404, "support": 15.0}, "accuracy": 0.425, "macro avg": {"precision": 0.5, "recall": 0.5, "f1-score": 0.40683430045132174, "support": 40.0}, "weighted avg": {"precision": 0.53125, "recall": 0.425, "f1-score": 0.38088330109606705, "support": 40.0}}