{"0": {"precision": 0.75, "recall": 0.11538461538461539, "f1-score": 0.2, "support": 26.0}, "1": {"precision": 0.3783783783783784, "recall": 0.9333333333333333, "f1-score": 0.5384615384615384, "support": 15.0}, "accuracy": 0.4146341463414634, "macro avg": {"precision": 0.5641891891891893, "recall": 0.5243589743589744, "f1-score": 0.36923076923076925, "support": 41.0}, "weighted avg": {"precision": 0.6140408701384311, "recall": 0.4146341463414634, "f1-score": 0.323827392120075, "support": 41.0}}