{"0": {"precision": 0.7142857142857143, "recall": 0.19230769230769232, "f1-score": 0.30303030303030304, "support": 26.0}, "1": {"precision": 0.38235294117647056, "recall": 0.8666666666666667, "f1-score": 0.5306122448979592, "support": 15.0}, "accuracy": 0.43902439024390244, "macro avg": {"precision": 0.5483193277310925, "recall": 0.5294871794871795, "f1-score": 0.41682127396413116, "support": 41.0}, "weighted avg": {"precision": 0.5928468948555032, "recall": 0.43902439024390244, "f1-score": 0.38629198907944556, "support": 41.0}}