{"best_estimator": "BernoulliNB()", "best_score": 0.48835115577923627, "test_score": 0.5934065934065933}