{"0": {"precision": 0.6428571428571429, "recall": 0.36, "f1-score": 0.46153846153846156, "support": 25.0}, "1": {"precision": 0.38461538461538464, "recall": 0.6666666666666666, "f1-score": 0.4878048780487805, "support": 15.0}, "accuracy": 0.475, "macro avg": {"precision": 0.5137362637362638, "recall": 0.5133333333333333, "f1-score": 0.474671669793621, "support": 40.0}, "weighted avg": {"precision": 0.5460164835164836, "recall": 0.475, "f1-score": 0.47138836772983106, "support": 40.0}}