{"0": {"precision": 0.7037037037037037, "recall": 0.7307692307692307, "f1-score": 0.7169811320754716, "support": 26.0}, "1": {"precision": 0.5, "recall": 0.4666666666666667, "f1-score": 0.4827586206896552, "support": 15.0}, "accuracy": 0.6341463414634146, "macro avg": {"precision": 0.6018518518518519, "recall": 0.5987179487179487, "f1-score": 0.5998698763825634, "support": 41.0}, "weighted avg": {"precision": 0.6291779584462511, "recall": 0.6341463414634146, "f1-score": 0.6312899693733437, "support": 41.0}}