{"best_estimator": "HistGradientBoostingClassifier(learning_rate=0.5)", "best_score": 0.5678039254029686, "test_score": 0.6312899693733437}