{"best_estimator": "KNeighborsClassifier(p=3, weights='distance')", "best_score": 0.5091686836799039, "test_score": 0.5689289501590669}