{"best_estimator": "KNeighborsClassifier(p=3, weights='distance')", "best_score": 0.53526629619432, "test_score": 0.6801587301587302}