{"0": {"precision": 0.8, "recall": 0.64, "f1-score": 0.7111111111111111, "support": 25.0}, "1": {"precision": 0.55, "recall": 0.7333333333333333, "f1-score": 0.6285714285714286, "support": 15.0}, "accuracy": 0.675, "macro avg": {"precision": 0.675, "recall": 0.6866666666666666, "f1-score": 0.6698412698412699, "support": 40.0}, "weighted avg": {"precision": 0.70625, "recall": 0.675, "f1-score": 0.6801587301587302, "support": 40.0}}