{"best_estimator": "RandomForestClassifier(criterion='log_loss', n_estimators=150)", "best_score": 0.5250201670792276, "test_score": 0.7733265720081135}