{"best_estimator": "RandomForestClassifier(criterion='entropy', n_estimators=150)", "best_score": 0.5525696064245229, "test_score": 0.6661425576519917}