{"best_estimator": "BernoulliNB()", "best_score": 0.49057586865564906, "test_score": 0.49539170506912444}