{"best_estimator": "BernoulliNB()", "best_score": 0.4870738026951652, "test_score": 0.5348660556033829}