{"best_estimator": "BernoulliNB()", "best_score": 0.49988322796300827, "test_score": 0.4112903225806452}