{"0": {"precision": 0.6956521739130435, "recall": 0.8888888888888888, "f1-score": 0.7804878048780488, "support": 18.0}, "1": {"precision": 0.7142857142857143, "recall": 0.4166666666666667, "f1-score": 0.5263157894736842, "support": 12.0}, "accuracy": 0.7, "macro avg": {"precision": 0.7049689440993789, "recall": 0.6527777777777778, "f1-score": 0.6534017971758665, "support": 30.0}, "weighted avg": {"precision": 0.7031055900621117, "recall": 0.7, "f1-score": 0.6788189987163029, "support": 30.0}}