{"best_estimator": "HistGradientBoostingClassifier(learning_rate=0.01)", "best_score": 0.5883136982671804, "test_score": 0.5340112201963534}