{"best_estimator": "HistGradientBoostingClassifier(learning_rate=0.01)", "best_score": 0.5822863582262079, "test_score": 0.7721796669903261}