{"best_estimator": "HistGradientBoostingClassifier()", "best_score": 0.5912961903515421, "test_score": 0.5562923832003297}