{"best_estimator": "HistGradientBoostingClassifier()", "best_score": 0.5779812028073975, "test_score": 0.6774193548387096}