{"best_estimator": "HistGradientBoostingClassifier(learning_rate=0.01)", "best_score": 0.5768605507236547, "test_score": 0.7070881432732766}