{"best_estimator": "KNeighborsClassifier(n_neighbors=10, weights='distance')", "best_score": 0.5640191387559809, "test_score": 0.4663797528329451}