{"best_estimator": "KNeighborsClassifier(n_neighbors=7, p=1)", "best_score": 0.5534368290686007, "test_score": 0.5498479883128676}