{"best_estimator": "KNeighborsClassifier(n_neighbors=25, p=1, weights='distance')", "best_score": 0.5369363448861548, "test_score": 0.5039100684261973}