{"best_estimator": "RandomForestClassifier(criterion='entropy')", "best_score": 0.5611115825167192, "test_score": 0.5299120234604107}