{"best_estimator": "RandomForestClassifier(max_depth=3, n_estimators=300)", "best_score": 0.5593624732827741, "test_score": 0.549789621318373}