{"best_estimator": "BernoulliNB()", "best_score": 0.5920765309564107, "test_score": 0.6256410256410256}