{"best_estimator": "HistGradientBoostingClassifier(learning_rate=0.01)", "best_score": 0.7175291393130114, "test_score": 0.8129251700680271}