{"best_estimator": "HistGradientBoostingClassifier(learning_rate=0.05)", "best_score": 0.7871461967554658, "test_score": 0.7228914824897178}