{"0": {"precision": 0.6086956521739131, "recall": 0.7, "f1-score": 0.6511627906976745, "support": 20.0}, "1": {"precision": 0.7272727272727273, "recall": 0.64, "f1-score": 0.6808510638297872, "support": 25.0}, "accuracy": 0.6666666666666666, "macro avg": {"precision": 0.6679841897233202, "recall": 0.6699999999999999, "f1-score": 0.6660069272637308, "support": 45.0}, "weighted avg": {"precision": 0.6745718050065876, "recall": 0.6666666666666666, "f1-score": 0.6676562757710705, "support": 45.0}}