{"best_estimator": "KNeighborsClassifier(n_neighbors=7, p=1, weights='distance')", "best_score": 0.7479086688728648, "test_score": 0.6619351265136424}