{"best_estimator": "KNeighborsClassifier(n_neighbors=10, p=1)", "best_score": 0.7171065022326321, "test_score": 0.782608695652174}