{"0": {"precision": 0.8888888888888888, "recall": 0.5454545454545454, "f1-score": 0.676056338028169, "support": 44.0}, "1": {"precision": 0.5, "recall": 0.8695652173913043, "f1-score": 0.6349206349206349, "support": 23.0}, "accuracy": 0.6567164179104478, "macro avg": {"precision": 0.6944444444444444, "recall": 0.7075098814229248, "f1-score": 0.6554884864744019, "support": 67.0}, "weighted avg": {"precision": 0.7553897180762852, "recall": 0.6567164179104478, "f1-score": 0.6619351265136424, "support": 67.0}}