{"best_estimator": "RandomForestClassifier(max_depth=3, n_estimators=200)", "best_score": 0.7894606581958101, "test_score": 0.6527777777777778}