{"best_estimator": "RandomForestClassifier(criterion='log_loss', n_estimators=150)", "best_score": 0.8184440713987187, "test_score": 0.7230828906315878}