{"0": {"precision": 0.9, "recall": 0.6136363636363636, "f1-score": 0.7297297297297297, "support": 44.0}, "1": {"precision": 0.5405405405405406, "recall": 0.8695652173913043, "f1-score": 0.6666666666666666, "support": 23.0}, "accuracy": 0.7014925373134329, "macro avg": {"precision": 0.7202702702702704, "recall": 0.741600790513834, "f1-score": 0.6981981981981982, "support": 67.0}, "weighted avg": {"precision": 0.7766034691407826, "recall": 0.7014925373134329, "f1-score": 0.7080812155439021, "support": 67.0}}