{"best_estimator": "BernoulliNB()", "best_score": 0.5643372490605879, "test_score": 0.5970902866923405}