{"best_estimator": "BernoulliNB()", "best_score": 0.5800315744978846, "test_score": 0.5982548268646108}