{"best_estimator": "BernoulliNB()", "best_score": 0.581069015955886, "test_score": 0.5010752688172042}