{"best_estimator": "BernoulliNB()", "best_score": 0.5552412808745528, "test_score": 0.6069609507640068}