{"best_estimator": "BernoulliNB()", "best_score": 0.571679825626797, "test_score": 0.6086784854108264}