{"best_estimator": "BernoulliNB()", "best_score": 0.5946444309371632, "test_score": 0.652073732718894}