{"best_estimator": "HistGradientBoostingClassifier(learning_rate=0.01)", "best_score": 0.6669803516641462, "test_score": 0.8672619047619048}