{"best_estimator": "HistGradientBoostingClassifier(learning_rate=0.01)", "best_score": 0.6922552475939023, "test_score": 0.6137096774193548}