{"best_estimator": "HistGradientBoostingClassifier(learning_rate=0.01)", "best_score": 0.70957713690743, "test_score": 0.6642228739002932}