{"best_estimator": "HistGradientBoostingClassifier(learning_rate=0.01)", "best_score": 0.6842894203290565, "test_score": 0.8076714556790457}