{"best_estimator": "HistGradientBoostingClassifier(learning_rate=0.05)", "best_score": 0.6755315315480809, "test_score": 0.7379739671760045}