{"best_estimator": "KNeighborsClassifier(n_neighbors=25, p=1)", "best_score": 0.7243575153948141, "test_score": 0.7751493428912785}