{"best_estimator": "KNeighborsClassifier(n_neighbors=25, p=1)", "best_score": 0.7349377953448372, "test_score": 0.5682198327359618}