{"best_estimator": "KNeighborsClassifier(n_neighbors=20, p=1, weights='distance')", "best_score": 0.6925275823262795, "test_score": 0.8068548387096776}