{"best_estimator": "RandomForestClassifier(max_depth=2, n_estimators=150)", "best_score": 0.7678454633562979, "test_score": 0.6112903225806451}