{"best_estimator": "RandomForestClassifier(max_depth=2, n_estimators=200)", "best_score": 0.7520944920355395, "test_score": 0.7653689284390063}