{"best_estimator": "RandomForestClassifier(max_depth=2, n_estimators=200)", "best_score": 0.7409169414799729, "test_score": 0.7741935483870968}