{"precision": 0.6069247860613025, "recall": 0.6028203224109657, "f1": 0.5755059380250823}