{"best_estimator": "BernoulliNB()", "best_score": 0.5017793814798885, "test_score": 0.5737297069365381}