{"0": {"precision": 0.5833333333333334, "recall": 0.8235294117647058, "f1-score": 0.6829268292682927, "support": 17.0}, "1": {"precision": 0.5, "recall": 0.23076923076923078, "f1-score": 0.3157894736842105, "support": 13.0}, "accuracy": 0.5666666666666667, "macro avg": {"precision": 0.5416666666666667, "recall": 0.5271493212669683, "f1-score": 0.4993581514762516, "support": 30.0}, "weighted avg": {"precision": 0.5472222222222223, "recall": 0.5666666666666667, "f1-score": 0.5238339751818571, "support": 30.0}}