{"best_estimator": "BernoulliNB()", "best_score": 0.5064442150136326, "test_score": 0.6428596338273758}