{"best_estimator": "BernoulliNB()", "best_score": 0.5148164326441238, "test_score": 0.5465512719643326}