{"best_estimator": "HistGradientBoostingClassifier(learning_rate=0.05)", "best_score": 0.7081947633443726, "test_score": 0.6459028550241008}