{"best_estimator": "HistGradientBoostingClassifier()", "best_score": 0.674312032468801, "test_score": 0.7379739671760045}