{"best_estimator": "KNeighborsClassifier(n_neighbors=7, p=3)", "best_score": 0.7498474833837149, "test_score": 0.4838709677419355}