{"best_estimator": "KNeighborsClassifier(n_neighbors=15, weights='distance')", "best_score": 0.7338240403654593, "test_score": 0.7096774193548387}