{"0": {"precision": 1.0, "recall": 0.8333333333333334, "f1-score": 0.9090909090909091, "support": 18.0}, "1": {"precision": 0.8125, "recall": 1.0, "f1-score": 0.896551724137931, "support": 13.0}, "accuracy": 0.9032258064516129, "macro avg": {"precision": 0.90625, "recall": 0.9166666666666667, "f1-score": 0.9028213166144201, "support": 31.0}, "weighted avg": {"precision": 0.9213709677419355, "recall": 0.9032258064516129, "f1-score": 0.9038325412074022, "support": 31.0}}