{"best_estimator": "RandomForestClassifier(max_depth=2, n_estimators=150)", "best_score": 0.7254072515474577, "test_score": 0.8717809704526972}