{"best_estimator": "BernoulliNB()", "best_score": 0.5759396767360132, "test_score": 0.5467965923678376}