{"0": {"precision": 0.8461538461538461, "recall": 0.4074074074074074, "f1-score": 0.55, "support": 27.0}, "1": {"precision": 0.4074074074074074, "recall": 0.8461538461538461, "f1-score": 0.55, "support": 13.0}, "accuracy": 0.55, "macro avg": {"precision": 0.6267806267806267, "recall": 0.6267806267806267, "f1-score": 0.55, "support": 40.0}, "weighted avg": {"precision": 0.7035612535612537, "recall": 0.55, "f1-score": 0.55, "support": 40.0}}