{"0": {"precision": 0.8888888888888888, "recall": 0.2962962962962963, "f1-score": 0.4444444444444444, "support": 27.0}, "1": {"precision": 0.3870967741935484, "recall": 0.9230769230769231, "f1-score": 0.5454545454545454, "support": 13.0}, "accuracy": 0.5, "macro avg": {"precision": 0.6379928315412187, "recall": 0.6096866096866097, "f1-score": 0.4949494949494949, "support": 40.0}, "weighted avg": {"precision": 0.7258064516129032, "recall": 0.5, "f1-score": 0.47727272727272724, "support": 40.0}}