{"best_estimator": "BernoulliNB()", "best_score": 0.5635571809475259, "test_score": 0.5409774436090224}