{"best_estimator": "BernoulliNB()", "best_score": 0.5753635855916917, "test_score": 0.47727272727272724}