{"best_estimator": "BernoulliNB()", "best_score": 0.5724651168366093, "test_score": 0.4616368286445013}