{"0": {"precision": 1.0, "recall": 0.25925925925925924, "f1-score": 0.4117647058823529, "support": 27.0}, "1": {"precision": 0.3939393939393939, "recall": 1.0, "f1-score": 0.5652173913043478, "support": 13.0}, "accuracy": 0.5, "macro avg": {"precision": 0.696969696969697, "recall": 0.6296296296296297, "f1-score": 0.48849104859335035, "support": 40.0}, "weighted avg": {"precision": 0.8030303030303031, "recall": 0.5, "f1-score": 0.4616368286445013, "support": 40.0}}