{"best_estimator": "BernoulliNB()", "best_score": 0.5989625333256924, "test_score": 0.4616368286445013}