{"best_estimator": "HistGradientBoostingClassifier(learning_rate=0.01)", "best_score": 0.7506784900585318, "test_score": 0.7602916505355529}