{"best_estimator": "HistGradientBoostingClassifier(learning_rate=0.05)", "best_score": 0.7647340322760555, "test_score": 0.6557692307692308}