{"best_estimator": "HistGradientBoostingClassifier()", "best_score": 0.7592628007104234, "test_score": 0.7274982529699511}