{"best_estimator": "HistGradientBoostingClassifier(learning_rate=0.01)", "best_score": 0.7722941533678924, "test_score": 0.6357142857142857}