{"best_estimator": "HistGradientBoostingClassifier(learning_rate=0.05)", "best_score": 0.7506852043633558, "test_score": 0.7049450549450549}