{"best_estimator": "KNeighborsClassifier(n_neighbors=20, p=3)", "best_score": 0.7653592720859275, "test_score": 0.7541208791208791}