{"0": {"precision": 0.9090909090909091, "recall": 0.7407407407407407, "f1-score": 0.8163265306122449, "support": 27.0}, "1": {"precision": 0.6111111111111112, "recall": 0.8461538461538461, "f1-score": 0.7096774193548387, "support": 13.0}, "accuracy": 0.775, "macro avg": {"precision": 0.7601010101010102, "recall": 0.7934472934472934, "f1-score": 0.7630019749835418, "support": 40.0}, "weighted avg": {"precision": 0.8122474747474747, "recall": 0.775, "f1-score": 0.7816655694535879, "support": 40.0}}