{"best_estimator": "RandomForestClassifier(criterion='log_loss', n_estimators=150)", "best_score": 0.6342822786976607, "test_score": 0.7560975609756098}