{"0": {"precision": 0.9473684210526315, "recall": 0.6206896551724138, "f1-score": 0.75, "support": 29.0}, "1": {"precision": 0.5217391304347826, "recall": 0.9230769230769231, "f1-score": 0.6666666666666666, "support": 13.0}, "accuracy": 0.7142857142857143, "macro avg": {"precision": 0.7345537757437071, "recall": 0.7718832891246685, "f1-score": 0.7083333333333333, "support": 42.0}, "weighted avg": {"precision": 0.8156260215756783, "recall": 0.7142857142857143, "f1-score": 0.7242063492063492, "support": 42.0}}