{"best_estimator": "BernoulliNB()", "best_score": 0.5734503629094164, "test_score": 0.9320574162679426}