{"best_estimator": "BernoulliNB()", "best_score": 0.5892120141524444, "test_score": 0.5420541566720969}