{"best_estimator": "BernoulliNB()", "best_score": 0.6004370590544402, "test_score": 0.5448773448773448}