{"best_estimator": "BernoulliNB()", "best_score": 0.5682295060857682, "test_score": 0.6666666666666666}