{"best_estimator": "HistGradientBoostingClassifier(learning_rate=0.01)", "best_score": 0.7388125459320756, "test_score": 0.537037037037037}