{"best_estimator": "HistGradientBoostingClassifier()", "best_score": 0.7281279483760267, "test_score": 0.537037037037037}