{"best_estimator": "HistGradientBoostingClassifier(learning_rate=0.01)", "best_score": 0.7172768083215845, "test_score": 0.6730462519936203}