{"0": {"precision": 0.6666666666666666, "recall": 0.5333333333333333, "f1-score": 0.5925925925925926, "support": 45.0}, "1": {"precision": 0.34375, "recall": 0.4782608695652174, "f1-score": 0.4, "support": 23.0}, "accuracy": 0.5147058823529411, "macro avg": {"precision": 0.5052083333333333, "recall": 0.5057971014492754, "f1-score": 0.4962962962962963, "support": 68.0}, "weighted avg": {"precision": 0.5574448529411765, "recall": 0.5147058823529411, "f1-score": 0.5274509803921569, "support": 68.0}}