{"0": {"precision": 0.7058823529411765, "recall": 0.4444444444444444, "f1-score": 0.5454545454545454, "support": 27.0}, "1": {"precision": 0.4642857142857143, "recall": 0.7222222222222222, "f1-score": 0.5652173913043478, "support": 18.0}, "accuracy": 0.5555555555555556, "macro avg": {"precision": 0.5850840336134454, "recall": 0.5833333333333333, "f1-score": 0.5553359683794465, "support": 45.0}, "weighted avg": {"precision": 0.6092436974789917, "recall": 0.5555555555555556, "f1-score": 0.5533596837944663, "support": 45.0}}