{"best_estimator": "BernoulliNB()", "best_score": 0.6477519604933837, "test_score": 0.551468006374416}