{"best_estimator": "BernoulliNB()", "best_score": 0.6353621750918176, "test_score": 0.6534465040155293}