{"best_estimator": "BernoulliNB()", "best_score": 0.6434125481456358, "test_score": 0.5681818181818182}