{"best_estimator": "BernoulliNB()", "best_score": 0.6453527062443098, "test_score": 0.5566199950872022}