{"best_estimator": "HistGradientBoostingClassifier(learning_rate=0.01)", "best_score": 0.6624876417562737, "test_score": 0.6730462519936203}