{"0": {"precision": 0.5357142857142857, "recall": 0.5555555555555556, "f1-score": 0.5454545454545454, "support": 27.0}, "1": {"precision": 0.29411764705882354, "recall": 0.2777777777777778, "f1-score": 0.2857142857142857, "support": 18.0}, "accuracy": 0.4444444444444444, "macro avg": {"precision": 0.4149159663865546, "recall": 0.4166666666666667, "f1-score": 0.41558441558441556, "support": 45.0}, "weighted avg": {"precision": 0.43907563025210083, "recall": 0.4444444444444444, "f1-score": 0.44155844155844154, "support": 45.0}}