{"best_estimator": "HistGradientBoostingClassifier(learning_rate=0.05)", "best_score": 0.6466917285155975, "test_score": 0.5409798534798534}