{"best_estimator": "KNeighborsClassifier(p=3, weights='distance')", "best_score": 0.6617204084858127, "test_score": 0.6562899786780383}