{"0": {"precision": 0.875, "recall": 0.875, "f1-score": 0.875, "support": 8.0}, "1": {"precision": 0.9, "recall": 0.9, "f1-score": 0.9, "support": 10.0}, "accuracy": 0.8888888888888888, "macro avg": {"precision": 0.8875, "recall": 0.8875, "f1-score": 0.8875, "support": 18.0}, "weighted avg": {"precision": 0.8888888888888888, "recall": 0.8888888888888888, "f1-score": 0.8888888888888888, "support": 18.0}}