{"best_estimator": "RandomForestClassifier(n_estimators=400)", "best_score": 0.6891172100031179, "test_score": 0.7169904409497379}