{"best_estimator": "RandomForestClassifier(criterion='log_loss', n_estimators=200)", "best_score": 0.6791692617479765, "test_score": 0.8317460317460318}