{"best_estimator": "BernoulliNB()", "best_score": 0.5453676122187056, "test_score": 0.6428571428571428}