{"0": {"precision": 0.7317073170731707, "recall": 0.8333333333333334, "f1-score": 0.7792207792207793, "support": 36.0}, "1": {"precision": 0.5384615384615384, "recall": 0.3888888888888889, "f1-score": 0.45161290322580644, "support": 18.0}, "accuracy": 0.6851851851851852, "macro avg": {"precision": 0.6350844277673546, "recall": 0.6111111111111112, "f1-score": 0.6154168412232929, "support": 54.0}, "weighted avg": {"precision": 0.6672920575359599, "recall": 0.6851851851851852, "f1-score": 0.6700181538891217, "support": 54.0}}