{"best_estimator": "HistGradientBoostingClassifier()", "best_score": 0.6522740789711, "test_score": 0.5226824457593688}