{"best_estimator": "KNeighborsClassifier(n_neighbors=7)", "best_score": 0.6353271224884096, "test_score": 0.47801103715082205}