{"0": {"precision": 0.5714285714285714, "recall": 0.875, "f1-score": 0.691358024691358, "support": 32.0}, "1": {"precision": 0.42857142857142855, "recall": 0.125, "f1-score": 0.1935483870967742, "support": 24.0}, "accuracy": 0.5535714285714286, "macro avg": {"precision": 0.5, "recall": 0.5, "f1-score": 0.4424532058940661, "support": 56.0}, "weighted avg": {"precision": 0.5102040816326531, "recall": 0.5535714285714286, "f1-score": 0.47801103715082205, "support": 56.0}}