{"0": {"precision": 0.6304347826086957, "recall": 0.8529411764705882, "f1-score": 0.725, "support": 34.0}, "1": {"precision": 0.16666666666666666, "recall": 0.05555555555555555, "f1-score": 0.08333333333333333, "support": 18.0}, "accuracy": 0.5769230769230769, "macro avg": {"precision": 0.39855072463768115, "recall": 0.4542483660130719, "f1-score": 0.4041666666666667, "support": 52.0}, "weighted avg": {"precision": 0.4698996655518395, "recall": 0.5769230769230769, "f1-score": 0.5028846153846154, "support": 52.0}}