{"best_estimator": "RandomForestClassifier(max_depth=3, n_estimators=200)", "best_score": 0.6293736365529813, "test_score": 0.6124401913875598}