{"0": {"precision": 0.6470588235294118, "recall": 0.4583333333333333, "f1-score": 0.5365853658536586, "support": 24.0}, "1": {"precision": 0.4090909090909091, "recall": 0.6, "f1-score": 0.4864864864864865, "support": 15.0}, "accuracy": 0.5128205128205128, "macro avg": {"precision": 0.5280748663101604, "recall": 0.5291666666666667, "f1-score": 0.5115359261700725, "support": 39.0}, "weighted avg": {"precision": 0.5555327025915262, "recall": 0.5128205128205128, "f1-score": 0.5173165660970539, "support": 39.0}}