{"0": {"precision": 0.631578947368421, "recall": 0.5, "f1-score": 0.5581395348837209, "support": 24.0}, "1": {"precision": 0.4, "recall": 0.5333333333333333, "f1-score": 0.45714285714285713, "support": 15.0}, "accuracy": 0.5128205128205128, "macro avg": {"precision": 0.5157894736842106, "recall": 0.5166666666666666, "f1-score": 0.507641196013289, "support": 39.0}, "weighted avg": {"precision": 0.5425101214574898, "recall": 0.5128205128205128, "f1-score": 0.5192946588295425, "support": 39.0}}