{"0": {"precision": 1.0, "recall": 0.7916666666666666, "f1-score": 0.8837209302325582, "support": 24.0}, "1": {"precision": 0.75, "recall": 1.0, "f1-score": 0.8571428571428571, "support": 15.0}, "accuracy": 0.8717948717948718, "macro avg": {"precision": 0.875, "recall": 0.8958333333333333, "f1-score": 0.8704318936877076, "support": 39.0}, "weighted avg": {"precision": 0.9038461538461539, "recall": 0.8717948717948718, "f1-score": 0.8734985944288269, "support": 39.0}}