{"0": {"precision": 0.48, "recall": 0.5217391304347826, "f1-score": 0.5, "support": 23.0}, "1": {"precision": 0.15384615384615385, "recall": 0.13333333333333333, "f1-score": 0.14285714285714285, "support": 15.0}, "accuracy": 0.3684210526315789, "macro avg": {"precision": 0.3169230769230769, "recall": 0.32753623188405795, "f1-score": 0.3214285714285714, "support": 38.0}, "weighted avg": {"precision": 0.35125506072874496, "recall": 0.3684210526315789, "f1-score": 0.3590225563909774, "support": 38.0}}