{"0": {"precision": 0.6842105263157895, "recall": 0.5416666666666666, "f1-score": 0.6046511627906976, "support": 24.0}, "1": {"precision": 0.45, "recall": 0.6, "f1-score": 0.5142857142857142, "support": 15.0}, "accuracy": 0.5641025641025641, "macro avg": {"precision": 0.5671052631578948, "recall": 0.5708333333333333, "f1-score": 0.5594684385382059, "support": 39.0}, "weighted avg": {"precision": 0.5941295546558705, "recall": 0.5641025641025641, "f1-score": 0.5698952210580117, "support": 39.0}}