{"best_estimator": "BernoulliNB()", "best_score": 0.5585112610685743, "test_score": 0.5316231755860239}