{"best_estimator": "BernoulliNB()", "best_score": 0.529924209695522, "test_score": 0.5641025641025641}