{"0": {"precision": 0.7272727272727273, "recall": 0.6666666666666666, "f1-score": 0.6956521739130435, "support": 24.0}, "1": {"precision": 0.5294117647058824, "recall": 0.6, "f1-score": 0.5625, "support": 15.0}, "accuracy": 0.6410256410256411, "macro avg": {"precision": 0.6283422459893049, "recall": 0.6333333333333333, "f1-score": 0.6290760869565217, "support": 39.0}, "weighted avg": {"precision": 0.65117235705471, "recall": 0.6410256410256411, "f1-score": 0.6444397993311036, "support": 39.0}}