{"best_estimator": "BernoulliNB()", "best_score": 0.527349375459213, "test_score": 0.41025641025641024}