{"best_estimator": "HistGradientBoostingClassifier(learning_rate=0.01)", "best_score": 0.6459365577222446, "test_score": 0.7720279720279721}