{"best_estimator": "HistGradientBoostingClassifier(learning_rate=0.01)", "best_score": 0.6582580262140405, "test_score": 0.8192497158014399}