{"best_estimator": "HistGradientBoostingClassifier()", "best_score": 0.6656940901366275, "test_score": 0.631578947368421}