{"best_estimator": "HistGradientBoostingClassifier(learning_rate=0.01)", "best_score": 0.669976519282337, "test_score": 0.6444397993311036}