{"0": {"precision": 0.7, "recall": 0.5833333333333334, "f1-score": 0.6363636363636364, "support": 24.0}, "1": {"precision": 0.47368421052631576, "recall": 0.6, "f1-score": 0.5294117647058824, "support": 15.0}, "accuracy": 0.5897435897435898, "macro avg": {"precision": 0.5868421052631578, "recall": 0.5916666666666667, "f1-score": 0.5828877005347594, "support": 39.0}, "weighted avg": {"precision": 0.6129554655870445, "recall": 0.5897435897435898, "f1-score": 0.5952283011106541, "support": 39.0}}