{"best_estimator": "KNeighborsClassifier(n_neighbors=10, p=3, weights='distance')", "best_score": 0.670096567728075, "test_score": 0.4940353763883175}