{"best_estimator": "KNeighborsClassifier(p=3, weights='distance')", "best_score": 0.6260774827313187, "test_score": 0.6410256410256411}