{"best_estimator": "RandomForestClassifier(criterion='entropy', max_depth=2)", "best_score": 0.7176673191546458, "test_score": 0.6842105263157895}