{"0": {"precision": 0.6190476190476191, "recall": 0.5416666666666666, "f1-score": 0.5777777777777777, "support": 24.0}, "1": {"precision": 0.3888888888888889, "recall": 0.4666666666666667, "f1-score": 0.42424242424242425, "support": 15.0}, "accuracy": 0.5128205128205128, "macro avg": {"precision": 0.503968253968254, "recall": 0.5041666666666667, "f1-score": 0.501010101010101, "support": 39.0}, "weighted avg": {"precision": 0.5305250305250305, "recall": 0.5128205128205128, "f1-score": 0.5187257187257187, "support": 39.0}}