{"precision": 0.778349660474491, "recall": 0.7563484145176291, "f1": 0.7592704334266833}