{"best_estimator": "BernoulliNB()", "best_score": 0.6165239833396667, "test_score": 0.5632925472747498}