{"best_estimator": "BernoulliNB()", "best_score": 0.6439931760501093, "test_score": 0.5161290322580645}