{"best_estimator": "BernoulliNB()", "best_score": 0.6399791989229736, "test_score": 0.5191627060370109}