{"best_estimator": "BernoulliNB()", "best_score": 0.6212818517929048, "test_score": 0.614516129032258}