{"best_estimator": "HistGradientBoostingClassifier(learning_rate=0.001)", "best_score": 0.6690317465022402, "test_score": 0.6129032258064516}