{"0": {"precision": 0.7368421052631579, "recall": 0.7368421052631579, "f1-score": 0.7368421052631579, "support": 19.0}, "1": {"precision": 0.5833333333333334, "recall": 0.5833333333333334, "f1-score": 0.5833333333333334, "support": 12.0}, "accuracy": 0.6774193548387096, "macro avg": {"precision": 0.6600877192982456, "recall": 0.6600877192982456, "f1-score": 0.6600877192982456, "support": 31.0}, "weighted avg": {"precision": 0.6774193548387096, "recall": 0.6774193548387096, "f1-score": 0.6774193548387096, "support": 31.0}}