{"best_estimator": "HistGradientBoostingClassifier(learning_rate=0.01)", "best_score": 0.6686986243074184, "test_score": 0.7114976236222066}