{"best_estimator": "HistGradientBoostingClassifier(learning_rate=0.001)", "best_score": 0.6655796479145449, "test_score": 0.7751493428912785}