{"best_estimator": "KNeighborsClassifier(p=3, weights='distance')", "best_score": 0.7274163047136952, "test_score": 0.7741935483870968}