{"0": {"precision": 0.7, "recall": 0.3684210526315789, "f1-score": 0.4827586206896552, "support": 19.0}, "1": {"precision": 0.42857142857142855, "recall": 0.75, "f1-score": 0.5454545454545454, "support": 12.0}, "accuracy": 0.5161290322580645, "macro avg": {"precision": 0.5642857142857143, "recall": 0.5592105263157895, "f1-score": 0.5141065830721003, "support": 31.0}, "weighted avg": {"precision": 0.5949308755760369, "recall": 0.5161290322580645, "f1-score": 0.5070280109212256, "support": 31.0}}