{"best_estimator": "KNeighborsClassifier(n_neighbors=7, p=3, weights='distance')", "best_score": 0.7154670907619499, "test_score": 0.6354285714285715}