{"best_estimator": "RandomForestClassifier(criterion='entropy', n_estimators=150)", "best_score": 0.6726013988759441, "test_score": 0.6086784854108264}