{"best_estimator": "RandomForestClassifier()", "best_score": 0.6744504877518908, "test_score": 0.7019095911101522}