{"0": {"precision": 0.6888888888888889, "recall": 0.7045454545454546, "f1-score": 0.6966292134831461, "support": 44.0}, "1": {"precision": 0.4090909090909091, "recall": 0.391304347826087, "f1-score": 0.4, "support": 23.0}, "accuracy": 0.5970149253731343, "macro avg": {"precision": 0.548989898989899, "recall": 0.5479249011857708, "f1-score": 0.5483146067415731, "support": 67.0}, "weighted avg": {"precision": 0.5928388361224183, "recall": 0.5970149253731343, "f1-score": 0.5948012745262452, "support": 67.0}}