{"best_estimator": "BernoulliNB()", "best_score": 0.5714695279081828, "test_score": 0.5335144927536232}