{"best_estimator": "BernoulliNB()", "best_score": 0.5636473859913592, "test_score": 0.5681818181818182}