{"best_estimator": "BernoulliNB()", "best_score": 0.5492926908750246, "test_score": 0.780952380952381}