{"best_estimator": "HistGradientBoostingClassifier(learning_rate=0.01)", "best_score": 0.7472666278051306, "test_score": 0.8888888888888888}