{"best_estimator": "RandomForestClassifier(max_depth=2, n_estimators=400)", "best_score": 0.7448187888568187, "test_score": 0.6528326745718049}