{"0": {"precision": 0.6129032258064516, "recall": 0.76, "f1-score": 0.6785714285714286, "support": 25.0}, "1": {"precision": 0.5, "recall": 0.3333333333333333, "f1-score": 0.4, "support": 18.0}, "accuracy": 0.5813953488372093, "macro avg": {"precision": 0.5564516129032258, "recall": 0.5466666666666666, "f1-score": 0.5392857142857144, "support": 43.0}, "weighted avg": {"precision": 0.5656414103525881, "recall": 0.5813953488372093, "f1-score": 0.5619601328903655, "support": 43.0}}