{"best_estimator": "BernoulliNB()", "best_score": 0.5484690572260493, "test_score": 0.738095238095238}