{"best_estimator": "BernoulliNB()", "best_score": 0.6023508839191776, "test_score": 0.5686635944700462}