{"best_estimator": "BernoulliNB()", "best_score": 0.5374494798198997, "test_score": 0.6975282781734394}