{"best_estimator": "BernoulliNB()", "best_score": 0.5680850827782766, "test_score": 0.6666666666666666}