{"0": {"precision": 0.5, "recall": 0.7727272727272727, "f1-score": 0.6071428571428571, "support": 22.0}, "1": {"precision": 0.5833333333333334, "recall": 0.2916666666666667, "f1-score": 0.3888888888888889, "support": 24.0}, "accuracy": 0.5217391304347826, "macro avg": {"precision": 0.5416666666666667, "recall": 0.5321969696969697, "f1-score": 0.498015873015873, "support": 46.0}, "weighted avg": {"precision": 0.5434782608695652, "recall": 0.5217391304347826, "f1-score": 0.4932712215320911, "support": 46.0}}