{"0": {"precision": 0.7575757575757576, "recall": 0.8620689655172413, "f1-score": 0.8064516129032258, "support": 29.0}, "1": {"precision": 0.5555555555555556, "recall": 0.38461538461538464, "f1-score": 0.45454545454545453, "support": 13.0}, "accuracy": 0.7142857142857143, "macro avg": {"precision": 0.6565656565656566, "recall": 0.623342175066313, "f1-score": 0.6304985337243402, "support": 42.0}, "weighted avg": {"precision": 0.695045695045695, "recall": 0.7142857142857143, "f1-score": 0.6975282781734394, "support": 42.0}}