{"0": {"precision": 0.6956521739130435, "recall": 0.7272727272727273, "f1-score": 0.7111111111111111, "support": 22.0}, "1": {"precision": 0.7391304347826086, "recall": 0.7083333333333334, "f1-score": 0.723404255319149, "support": 24.0}, "accuracy": 0.717391304347826, "macro avg": {"precision": 0.717391304347826, "recall": 0.7178030303030303, "f1-score": 0.7172576832151301, "support": 46.0}, "weighted avg": {"precision": 0.718336483931947, "recall": 0.717391304347826, "f1-score": 0.7175249254805223, "support": 46.0}}