{"best_estimator": "HistGradientBoostingClassifier(learning_rate=0.05)", "best_score": 0.6406904445644898, "test_score": 0.6541526328760371}