{"best_estimator": "HistGradientBoostingClassifier()", "best_score": 0.6947046531017197, "test_score": 0.7224602203182375}