{"best_estimator": "KNeighborsClassifier(n_neighbors=25, weights='distance')", "best_score": 0.6699435581549443, "test_score": 0.5533596837944663}