{"best_estimator": "RandomForestClassifier(max_depth=6, n_estimators=200)", "best_score": 0.6671676949350079, "test_score": 0.4932712215320911}