{"0": {"precision": 0.6341463414634146, "recall": 0.9629629629629629, "f1-score": 0.7647058823529411, "support": 27.0}, "1": {"precision": 0.75, "recall": 0.16666666666666666, "f1-score": 0.2727272727272727, "support": 18.0}, "accuracy": 0.6444444444444445, "macro avg": {"precision": 0.6920731707317074, "recall": 0.5648148148148148, "f1-score": 0.5187165775401069, "support": 45.0}, "weighted avg": {"precision": 0.6804878048780487, "recall": 0.6444444444444445, "f1-score": 0.5679144385026738, "support": 45.0}}