{"best_estimator": "RandomForestClassifier(criterion='entropy', n_estimators=300)", "best_score": 0.6315626494142847, "test_score": 0.6666666666666666}