{"best_estimator": "BernoulliNB()", "best_score": 0.5210869313526053, "test_score": 0.4978962131837307}