{"best_estimator": "BernoulliNB()", "best_score": 0.5357877250801226, "test_score": 0.5686635944700462}