{"0": {"precision": 0.7068965517241379, "recall": 0.8723404255319149, "f1-score": 0.780952380952381, "support": 47.0}, "1": {"precision": 0.3333333333333333, "recall": 0.15, "f1-score": 0.20689655172413793, "support": 20.0}, "accuracy": 0.6567164179104478, "macro avg": {"precision": 0.5201149425287356, "recall": 0.5111702127659574, "f1-score": 0.4939244663382594, "support": 67.0}, "weighted avg": {"precision": 0.5953851432492708, "recall": 0.6567164179104478, "f1-score": 0.6095924319290248, "support": 67.0}}