{"best_estimator": "HistGradientBoostingClassifier(learning_rate=0.05)", "best_score": 0.6783962044796501, "test_score": 0.6947249007373795}