{"0": {"precision": 0.75, "recall": 0.72, "f1-score": 0.7346938775510204, "support": 25.0}, "1": {"precision": 0.631578947368421, "recall": 0.6666666666666666, "f1-score": 0.6486486486486487, "support": 18.0}, "accuracy": 0.6976744186046512, "macro avg": {"precision": 0.6907894736842105, "recall": 0.6933333333333334, "f1-score": 0.6916712630998345, "support": 43.0}, "weighted avg": {"precision": 0.7004283965728274, "recall": 0.6976744186046512, "f1-score": 0.6986749445221206, "support": 43.0}}