{"best_estimator": "RandomForestClassifier(criterion='log_loss', n_estimators=200)", "best_score": 0.6344646419571399, "test_score": 0.5333333333333333}