{"best_estimator": "RandomForestClassifier(criterion='entropy', n_estimators=200)", "best_score": 0.6723821133817187, "test_score": 0.6086956521739131}