{"best_estimator": "RandomForestClassifier(criterion='entropy', n_estimators=200)", "best_score": 0.6497429740754772, "test_score": 0.5892857142857142}