{"best_estimator": "RandomForestClassifier(criterion='entropy', n_estimators=200)", "best_score": 0.6395382298046384, "test_score": 0.8317460317460318}