{"0": {"precision": 0.6578947368421053, "recall": 1.0, "f1-score": 0.7936507936507936, "support": 25.0}, "1": {"precision": 1.0, "recall": 0.13333333333333333, "f1-score": 0.23529411764705882, "support": 15.0}, "accuracy": 0.675, "macro avg": {"precision": 0.8289473684210527, "recall": 0.5666666666666667, "f1-score": 0.5144724556489262, "support": 40.0}, "weighted avg": {"precision": 0.7861842105263158, "recall": 0.675, "f1-score": 0.5842670401493931, "support": 40.0}}