{"best_estimator": "BernoulliNB()", "best_score": 0.5403248348234884, "test_score": 0.5548589341692789}