{"best_estimator": "BernoulliNB()", "best_score": 0.5362380890050817, "test_score": 0.486624704956727}