{"best_estimator": "BernoulliNB()", "best_score": 0.5191079749763273, "test_score": 0.5502588438308887}