{"0": {"precision": 0.6153846153846154, "recall": 0.96, "f1-score": 0.75, "support": 25.0}, "1": {"precision": 0.0, "recall": 0.0, "f1-score": 0.0, "support": 15.0}, "accuracy": 0.6, "macro avg": {"precision": 0.3076923076923077, "recall": 0.48, "f1-score": 0.375, "support": 40.0}, "weighted avg": {"precision": 0.38461538461538464, "recall": 0.6, "f1-score": 0.46875, "support": 40.0}}