{"best_estimator": "BernoulliNB()", "best_score": 0.5365111988132737, "test_score": 0.5732445520581113}