{"0": {"precision": 0.7575757575757576, "recall": 1.0, "f1-score": 0.8620689655172413, "support": 25.0}, "1": {"precision": 1.0, "recall": 0.4666666666666667, "f1-score": 0.6363636363636364, "support": 15.0}, "accuracy": 0.8, "macro avg": {"precision": 0.8787878787878788, "recall": 0.7333333333333334, "f1-score": 0.7492163009404389, "support": 40.0}, "weighted avg": {"precision": 0.8484848484848484, "recall": 0.8, "f1-score": 0.7774294670846394, "support": 40.0}}