{"0": {"precision": 0.6206896551724138, "recall": 0.72, "f1-score": 0.6666666666666666, "support": 25.0}, "1": {"precision": 0.36363636363636365, "recall": 0.26666666666666666, "f1-score": 0.3076923076923077, "support": 15.0}, "accuracy": 0.55, "macro avg": {"precision": 0.49216300940438873, "recall": 0.4933333333333333, "f1-score": 0.48717948717948717, "support": 40.0}, "weighted avg": {"precision": 0.524294670846395, "recall": 0.55, "f1-score": 0.532051282051282, "support": 40.0}}