{"best_estimator": "HistGradientBoostingClassifier(learning_rate=0.01)", "best_score": 0.5321499587024705, "test_score": 0.7774294670846394}