{"best_estimator": "HistGradientBoostingClassifier(learning_rate=0.05)", "best_score": 0.5724488603721756, "test_score": 0.7175052410901468}