{"best_estimator": "HistGradientBoostingClassifier(learning_rate=0.05)", "best_score": 0.5424391921172286, "test_score": 0.7217868338557993}