{"0": {"precision": 0.7692307692307693, "recall": 0.7692307692307693, "f1-score": 0.7692307692307693, "support": 26.0}, "1": {"precision": 0.6, "recall": 0.6, "f1-score": 0.6, "support": 15.0}, "accuracy": 0.7073170731707317, "macro avg": {"precision": 0.6846153846153846, "recall": 0.6846153846153846, "f1-score": 0.6846153846153846, "support": 41.0}, "weighted avg": {"precision": 0.7073170731707317, "recall": 0.7073170731707317, "f1-score": 0.7073170731707317, "support": 41.0}}