{"best_estimator": "KNeighborsClassifier(p=3, weights='distance')", "best_score": 0.5900495739624539, "test_score": 0.6769256089532588}