{"best_estimator": "KNeighborsClassifier(p=3, weights='distance')", "best_score": 0.5801452484174029, "test_score": 0.6045454545454546}