{"best_estimator": "RandomForestClassifier(n_estimators=200)", "best_score": 0.553095678760155, "test_score": 0.688034188034188}