{"best_estimator": "RandomForestClassifier(criterion='log_loss', n_estimators=300)", "best_score": 0.5703809588841817, "test_score": 0.6739591032273959}