{"best_estimator": "RandomForestClassifier()", "best_score": 0.5579353968279178, "test_score": 0.6442307692307692}