{"best_estimator": "RandomForestClassifier(criterion='entropy', n_estimators=400)", "best_score": 0.5487196839268901, "test_score": 0.7627272727272727}