{"0": {"precision": 0.8235294117647058, "recall": 0.875, "f1-score": 0.8484848484848485, "support": 16.0}, "1": {"precision": 0.6, "recall": 0.5, "f1-score": 0.5454545454545454, "support": 6.0}, "accuracy": 0.7727272727272727, "macro avg": {"precision": 0.7117647058823529, "recall": 0.6875, "f1-score": 0.696969696969697, "support": 22.0}, "weighted avg": {"precision": 0.762566844919786, "recall": 0.7727272727272727, "f1-score": 0.7658402203856749, "support": 22.0}}