{"0": {"precision": 0.6666666666666666, "recall": 0.7058823529411765, "f1-score": 0.6857142857142857, "support": 34.0}, "1": {"precision": 0.375, "recall": 0.3333333333333333, "f1-score": 0.35294117647058826, "support": 18.0}, "accuracy": 0.5769230769230769, "macro avg": {"precision": 0.5208333333333333, "recall": 0.5196078431372549, "f1-score": 0.519327731092437, "support": 52.0}, "weighted avg": {"precision": 0.5657051282051282, "recall": 0.5769230769230769, "f1-score": 0.5705235940530058, "support": 52.0}}