{"best_estimator": "HistGradientBoostingClassifier(learning_rate=0.5)", "best_score": 0.5962698878032799, "test_score": 0.7249226690234202}