{"0": {"precision": 0.6666666666666666, "recall": 0.5625, "f1-score": 0.6101694915254238, "support": 32.0}, "1": {"precision": 0.5172413793103449, "recall": 0.625, "f1-score": 0.5660377358490566, "support": 24.0}, "accuracy": 0.5892857142857143, "macro avg": {"precision": 0.5919540229885057, "recall": 0.59375, "f1-score": 0.5881036136872402, "support": 56.0}, "weighted avg": {"precision": 0.6026272577996716, "recall": 0.5892857142857143, "f1-score": 0.5912558819498379, "support": 56.0}}