{"best_estimator": "HistGradientBoostingClassifier(learning_rate=0.5)", "best_score": 0.6746070167544935, "test_score": 0.5925155925155925}