{"best_estimator": "KNeighborsClassifier(weights='distance')", "best_score": 0.6247837377606837, "test_score": 0.5089285714285714}