{"0": {"precision": 0.7608695652173914, "recall": 0.47297297297297297, "f1-score": 0.5833333333333334, "support": 74.0}, "1": {"precision": 0.1875, "recall": 0.45, "f1-score": 0.2647058823529412, "support": 20.0}, "accuracy": 0.46808510638297873, "macro avg": {"precision": 0.4741847826086957, "recall": 0.4614864864864865, "f1-score": 0.4240196078431373, "support": 94.0}, "weighted avg": {"precision": 0.6388760407030528, "recall": 0.46808510638297873, "f1-score": 0.5155402586566542, "support": 94.0}}