{"0": {"precision": 0.6818181818181818, "recall": 0.4411764705882353, "f1-score": 0.5357142857142857, "support": 34.0}, "1": {"precision": 0.36666666666666664, "recall": 0.6111111111111112, "f1-score": 0.4583333333333333, "support": 18.0}, "accuracy": 0.5, "macro avg": {"precision": 0.5242424242424242, "recall": 0.5261437908496732, "f1-score": 0.49702380952380953, "support": 52.0}, "weighted avg": {"precision": 0.5727272727272728, "recall": 0.5, "f1-score": 0.5089285714285714, "support": 52.0}}