{"0": {"precision": 1.0, "recall": 0.2, "f1-score": 0.3333333333333333, "support": 15.0}, "1": {"precision": 0.29411764705882354, "recall": 1.0, "f1-score": 0.45454545454545453, "support": 5.0}, "accuracy": 0.4, "macro avg": {"precision": 0.6470588235294118, "recall": 0.6, "f1-score": 0.3939393939393939, "support": 20.0}, "weighted avg": {"precision": 0.8235294117647058, "recall": 0.4, "f1-score": 0.36363636363636365, "support": 20.0}}