{"best_estimator": "RandomForestClassifier(n_estimators=150)", "best_score": 0.6007859718228874, "test_score": 0.31666666666666665}