{"0": {"precision": 0.5897435897435898, "recall": 0.6764705882352942, "f1-score": 0.6301369863013698, "support": 34.0}, "1": {"precision": 0.15384615384615385, "recall": 0.1111111111111111, "f1-score": 0.12903225806451613, "support": 18.0}, "accuracy": 0.4807692307692308, "macro avg": {"precision": 0.3717948717948718, "recall": 0.39379084967320266, "f1-score": 0.379584622182943, "support": 52.0}, "weighted avg": {"precision": 0.4388560157790927, "recall": 0.4807692307692308, "f1-score": 0.4566776572963051, "support": 52.0}}