{"0": {"precision": 0.8076923076923077, "recall": 0.8513513513513513, "f1-score": 0.8289473684210527, "support": 74.0}, "1": {"precision": 0.3125, "recall": 0.25, "f1-score": 0.2777777777777778, "support": 20.0}, "accuracy": 0.723404255319149, "macro avg": {"precision": 0.5600961538461539, "recall": 0.5506756756756757, "f1-score": 0.5533625730994152, "support": 94.0}, "weighted avg": {"precision": 0.7023322422258593, "recall": 0.723404255319149, "f1-score": 0.7116772427522707, "support": 94.0}}