{"best_estimator": "BernoulliNB()", "best_score": 0.44041242391831703, "test_score": 0.3884408602150538}