{"best_estimator": "BernoulliNB()", "best_score": 0.44021767935382455, "test_score": 0.37336993822923814}