{"0": {"precision": 0.5666666666666667, "recall": 0.9444444444444444, "f1-score": 0.7083333333333334, "support": 18.0}, "1": {"precision": 0.0, "recall": 0.0, "f1-score": 0.0, "support": 13.0}, "accuracy": 0.5483870967741935, "macro avg": {"precision": 0.2833333333333333, "recall": 0.4722222222222222, "f1-score": 0.3541666666666667, "support": 31.0}, "weighted avg": {"precision": 0.3290322580645161, "recall": 0.5483870967741935, "f1-score": 0.4112903225806452, "support": 31.0}}