{"best_estimator": "BernoulliNB()", "best_score": 0.4293195769815205, "test_score": 0.49539170506912444}