{"best_estimator": "HistGradientBoostingClassifier(learning_rate=0.01)", "best_score": 0.7248127491249855, "test_score": 0.7313782991202346}