{"best_estimator": "HistGradientBoostingClassifier(learning_rate=0.01)", "best_score": 0.737445185400119, "test_score": 0.7697994768962511}