{"best_estimator": "KNeighborsClassifier(n_neighbors=25, p=1)", "best_score": 0.715918888165969, "test_score": 0.8390467522836822}