{"best_estimator": "KNeighborsClassifier(n_neighbors=25, p=1)", "best_score": 0.6786747506365395, "test_score": 0.871505376344086}