{"best_estimator": "BernoulliNB()", "best_score": 0.5599571864056736, "test_score": 0.5151785714285714}