{"0": {"precision": 0.5957446808510638, "recall": 0.8484848484848485, "f1-score": 0.7, "support": 33.0}, "1": {"precision": 0.4444444444444444, "recall": 0.17391304347826086, "f1-score": 0.25, "support": 23.0}, "accuracy": 0.5714285714285714, "macro avg": {"precision": 0.5200945626477541, "recall": 0.5111989459815547, "f1-score": 0.475, "support": 56.0}, "weighted avg": {"precision": 0.5336035123269165, "recall": 0.5714285714285714, "f1-score": 0.5151785714285714, "support": 56.0}}