{"best_estimator": "BernoulliNB()", "best_score": 0.5050394658472117, "test_score": 0.5747252747252747}