{"best_estimator": "BernoulliNB()", "best_score": 0.5357706695901978, "test_score": 0.26136363636363635}