{"0": {"precision": 0.7441860465116279, "recall": 0.9411764705882353, "f1-score": 0.8311688311688312, "support": 68.0}, "1": {"precision": 0.5, "recall": 0.15384615384615385, "f1-score": 0.23529411764705882, "support": 26.0}, "accuracy": 0.723404255319149, "macro avg": {"precision": 0.622093023255814, "recall": 0.5475113122171946, "f1-score": 0.533231474407945, "support": 94.0}, "weighted avg": {"precision": 0.6766452251360712, "recall": 0.723404255319149, "f1-score": 0.6663524210457878, "support": 94.0}}