{"best_estimator": "HistGradientBoostingClassifier(learning_rate=0.01)", "best_score": 0.6639827749566738, "test_score": 0.8148148148148148}