{"0": {"precision": 0.75, "recall": 0.7777777777777778, "f1-score": 0.7636363636363637, "support": 27.0}, "1": {"precision": 0.75, "recall": 0.72, "f1-score": 0.7346938775510204, "support": 25.0}, "accuracy": 0.75, "macro avg": {"precision": 0.75, "recall": 0.7488888888888889, "f1-score": 0.749165120593692, "support": 52.0}, "weighted avg": {"precision": 0.75, "recall": 0.75, "f1-score": 0.7497217068645641, "support": 52.0}}