{"best_estimator": "KNeighborsClassifier(n_neighbors=25, p=1)", "best_score": 0.6233041590381149, "test_score": 0.5600539811066125}