{"0": {"precision": 0.7142857142857143, "recall": 0.5555555555555556, "f1-score": 0.625, "support": 36.0}, "1": {"precision": 0.3333333333333333, "recall": 0.5, "f1-score": 0.4, "support": 16.0}, "accuracy": 0.5384615384615384, "macro avg": {"precision": 0.5238095238095238, "recall": 0.5277777777777778, "f1-score": 0.5125, "support": 52.0}, "weighted avg": {"precision": 0.5970695970695971, "recall": 0.5384615384615384, "f1-score": 0.5557692307692308, "support": 52.0}}