{"0": {"precision": 0.7142857142857143, "recall": 0.7692307692307693, "f1-score": 0.7407407407407407, "support": 13.0}, "1": {"precision": 0.5, "recall": 0.42857142857142855, "f1-score": 0.46153846153846156, "support": 7.0}, "accuracy": 0.65, "macro avg": {"precision": 0.6071428571428572, "recall": 0.5989010989010989, "f1-score": 0.6011396011396011, "support": 20.0}, "weighted avg": {"precision": 0.6392857142857143, "recall": 0.65, "f1-score": 0.643019943019943, "support": 20.0}}