{"0": {"precision": 0.6176470588235294, "recall": 0.75, "f1-score": 0.6774193548387096, "support": 28.0}, "1": {"precision": 0.65, "recall": 0.5, "f1-score": 0.5652173913043478, "support": 26.0}, "accuracy": 0.6296296296296297, "macro avg": {"precision": 0.6338235294117647, "recall": 0.625, "f1-score": 0.6213183730715287, "support": 54.0}, "weighted avg": {"precision": 0.6332244008714598, "recall": 0.6296296296296297, "f1-score": 0.6233961872110539, "support": 54.0}}