{"0": {"precision": 0.6382978723404256, "recall": 0.9090909090909091, "f1-score": 0.75, "support": 33.0}, "1": {"precision": 0.6666666666666666, "recall": 0.2608695652173913, "f1-score": 0.375, "support": 23.0}, "accuracy": 0.6428571428571429, "macro avg": {"precision": 0.6524822695035462, "recall": 0.5849802371541502, "f1-score": 0.5625, "support": 56.0}, "weighted avg": {"precision": 0.6499493414387032, "recall": 0.6428571428571429, "f1-score": 0.5959821428571429, "support": 56.0}}