{"0": {"precision": 0.631578947368421, "recall": 0.8888888888888888, "f1-score": 0.7384615384615385, "support": 27.0}, "1": {"precision": 0.7857142857142857, "recall": 0.44, "f1-score": 0.5641025641025641, "support": 25.0}, "accuracy": 0.6730769230769231, "macro avg": {"precision": 0.7086466165413534, "recall": 0.6644444444444444, "f1-score": 0.6512820512820513, "support": 52.0}, "weighted avg": {"precision": 0.7056824754193175, "recall": 0.6730769230769231, "f1-score": 0.6546351084812623, "support": 52.0}}