{"best_estimator": "KNeighborsClassifier(n_neighbors=20, p=1, weights='distance')", "best_score": 0.6321275669293142, "test_score": 0.6422967902802772}