{"0": {"precision": 0.71875, "recall": 0.8214285714285714, "f1-score": 0.7666666666666667, "support": 28.0}, "1": {"precision": 0.7727272727272727, "recall": 0.6538461538461539, "f1-score": 0.7083333333333334, "support": 26.0}, "accuracy": 0.7407407407407407, "macro avg": {"precision": 0.7457386363636364, "recall": 0.7376373626373627, "f1-score": 0.7375, "support": 54.0}, "weighted avg": {"precision": 0.7447390572390573, "recall": 0.7407407407407407, "f1-score": 0.7385802469135804, "support": 54.0}}