{"0": {"precision": 0.5882352941176471, "recall": 0.6896551724137931, "f1-score": 0.6349206349206349, "support": 29.0}, "1": {"precision": 0.4375, "recall": 0.3333333333333333, "f1-score": 0.3783783783783784, "support": 21.0}, "accuracy": 0.54, "macro avg": {"precision": 0.5128676470588236, "recall": 0.5114942528735632, "f1-score": 0.5066495066495067, "support": 50.0}, "weighted avg": {"precision": 0.5249264705882353, "recall": 0.54, "f1-score": 0.5271728871728871, "support": 50.0}}