{"best_estimator": "AdaBoostClassifier(algorithm='SAMME', learning_rate=0.5)", "best_score": 0.6698668884406329, "test_score": 0.5333333333333334}