{"best_estimator": "BernoulliNB()", "best_score": 0.5448475168282821, "test_score": 0.35185185185185186}