{"best_estimator": "BernoulliNB()", "best_score": 0.5350402580026079, "test_score": 0.6604995374653099}