{"0": {"precision": 0.5405405405405406, "recall": 0.6896551724137931, "f1-score": 0.6060606060606061, "support": 29.0}, "1": {"precision": 0.3076923076923077, "recall": 0.19047619047619047, "f1-score": 0.23529411764705882, "support": 21.0}, "accuracy": 0.48, "macro avg": {"precision": 0.42411642411642414, "recall": 0.4400656814449918, "f1-score": 0.4206773618538324, "support": 50.0}, "weighted avg": {"precision": 0.44274428274428274, "recall": 0.48, "f1-score": 0.45033868092691626, "support": 50.0}}