{"best_estimator": "HistGradientBoostingClassifier(learning_rate=0.01)", "best_score": 0.6511462066451202, "test_score": 0.6776595744680851}