{"best_estimator": "HistGradientBoostingClassifier(learning_rate=0.05)", "best_score": 0.6219008476198644, "test_score": 0.6963800904977375}