{"best_estimator": "KNeighborsClassifier(p=3)", "best_score": 0.6779989918922457, "test_score": 0.48148148148148145}