{"best_estimator": "RandomForestClassifier(criterion='entropy', n_estimators=200)", "best_score": 0.578554075313518, "test_score": 0.6388888888888888}