{"best_estimator": "RandomForestClassifier(criterion='entropy', n_estimators=150)", "best_score": 0.5675566673501427, "test_score": 0.6879753538076442}