{"best_estimator": "RandomForestClassifier(max_depth=6)", "best_score": 0.6083264953753454, "test_score": 0.40675324675324676}