{"0": {"precision": 0.717948717948718, "recall": 0.875, "f1-score": 0.7887323943661971, "support": 32.0}, "1": {"precision": 0.5, "recall": 0.26666666666666666, "f1-score": 0.34782608695652173, "support": 15.0}, "accuracy": 0.6808510638297872, "macro avg": {"precision": 0.608974358974359, "recall": 0.5708333333333333, "f1-score": 0.5682792406613595, "support": 47.0}, "weighted avg": {"precision": 0.6483906164757228, "recall": 0.6808510638297872, "f1-score": 0.6480176154056624, "support": 47.0}}