{"precision": 0.7041290995580554, "recall": 0.6639914364013787, "f1": 0.6640339104470125}