{"0": {"precision": 0.8947368421052632, "recall": 0.6538461538461539, "f1-score": 0.7555555555555555, "support": 26.0}, "1": {"precision": 0.5263157894736842, "recall": 0.8333333333333334, "f1-score": 0.6451612903225806, "support": 12.0}, "accuracy": 0.7105263157894737, "macro avg": {"precision": 0.7105263157894737, "recall": 0.7435897435897436, "f1-score": 0.700358422939068, "support": 38.0}, "weighted avg": {"precision": 0.778393351800554, "recall": 0.7105263157894737, "f1-score": 0.7206942086398793, "support": 38.0}}