{"0": {"precision": 0.9230769230769231, "recall": 0.9230769230769231, "f1-score": 0.9230769230769231, "support": 26.0}, "1": {"precision": 0.8461538461538461, "recall": 0.8461538461538461, "f1-score": 0.8461538461538461, "support": 13.0}, "accuracy": 0.8974358974358975, "macro avg": {"precision": 0.8846153846153846, "recall": 0.8846153846153846, "f1-score": 0.8846153846153846, "support": 39.0}, "weighted avg": {"precision": 0.8974358974358975, "recall": 0.8974358974358975, "f1-score": 0.8974358974358975, "support": 39.0}}