{"best_estimator": "BernoulliNB()", "best_score": 0.605788953359495, "test_score": 0.7052245999614419}