{"best_estimator": "BernoulliNB()", "best_score": 0.6070716304528498, "test_score": 0.6960297766749379}