{"0": {"precision": 0.6875, "recall": 0.8461538461538461, "f1-score": 0.7586206896551724, "support": 26.0}, "1": {"precision": 0.42857142857142855, "recall": 0.23076923076923078, "f1-score": 0.3, "support": 13.0}, "accuracy": 0.6410256410256411, "macro avg": {"precision": 0.5580357142857143, "recall": 0.5384615384615384, "f1-score": 0.5293103448275862, "support": 39.0}, "weighted avg": {"precision": 0.6011904761904762, "recall": 0.6410256410256411, "f1-score": 0.6057471264367815, "support": 39.0}}