{"best_estimator": "BernoulliNB()", "best_score": 0.6123934514596125, "test_score": 0.6564102564102564}