{"best_estimator": "BernoulliNB()", "best_score": 0.6153048679438321, "test_score": 0.6057471264367815}