{"0": {"precision": 0.7428571428571429, "recall": 0.9629629629629629, "f1-score": 0.8387096774193549, "support": 27.0}, "1": {"precision": 0.75, "recall": 0.25, "f1-score": 0.375, "support": 12.0}, "accuracy": 0.7435897435897436, "macro avg": {"precision": 0.7464285714285714, "recall": 0.6064814814814814, "f1-score": 0.6068548387096775, "support": 39.0}, "weighted avg": {"precision": 0.7450549450549451, "recall": 0.7435897435897436, "f1-score": 0.6960297766749379, "support": 39.0}}