{"best_estimator": "HistGradientBoostingClassifier(learning_rate=0.5)", "best_score": 0.7764526385779097, "test_score": 0.6900404858299596}