{"0": {"precision": 0.7666666666666667, "recall": 0.8846153846153846, "f1-score": 0.8214285714285714, "support": 26.0}, "1": {"precision": 0.6666666666666666, "recall": 0.46153846153846156, "f1-score": 0.5454545454545454, "support": 13.0}, "accuracy": 0.7435897435897436, "macro avg": {"precision": 0.7166666666666667, "recall": 0.6730769230769231, "f1-score": 0.6834415584415584, "support": 39.0}, "weighted avg": {"precision": 0.7333333333333334, "recall": 0.7435897435897436, "f1-score": 0.7294372294372294, "support": 39.0}}