{"best_estimator": "HistGradientBoostingClassifier(learning_rate=0.05)", "best_score": 0.7424628526777843, "test_score": 0.7417004048582996}