{"0": {"precision": 0.875, "recall": 0.7777777777777778, "f1-score": 0.8235294117647058, "support": 27.0}, "1": {"precision": 0.6, "recall": 0.75, "f1-score": 0.6666666666666666, "support": 12.0}, "accuracy": 0.7692307692307693, "macro avg": {"precision": 0.7375, "recall": 0.7638888888888888, "f1-score": 0.7450980392156863, "support": 39.0}, "weighted avg": {"precision": 0.7903846153846154, "recall": 0.7692307692307693, "f1-score": 0.77526395173454, "support": 39.0}}