{"best_estimator": "HistGradientBoostingClassifier(learning_rate=0.05)", "best_score": 0.7579895734621716, "test_score": 0.6951945080091533}