{"best_estimator": "KNeighborsClassifier(p=3)", "best_score": 0.7216701079509911, "test_score": 0.6721485411140584}