{"best_estimator": "KNeighborsClassifier(weights='distance')", "best_score": 0.7191743394080197, "test_score": 0.6923076923076923}