{"best_estimator": "KNeighborsClassifier()", "best_score": 0.7199750154949356, "test_score": 0.7435897435897436}