{"best_estimator": "RandomForestClassifier(criterion='entropy', n_estimators=400)", "best_score": 0.737394763906889, "test_score": 0.7663119489206446}