{"0": {"precision": 0.7931034482758621, "recall": 0.8846153846153846, "f1-score": 0.8363636363636363, "support": 26.0}, "1": {"precision": 0.7, "recall": 0.5384615384615384, "f1-score": 0.6086956521739131, "support": 13.0}, "accuracy": 0.7692307692307693, "macro avg": {"precision": 0.746551724137931, "recall": 0.7115384615384615, "f1-score": 0.7225296442687748, "support": 39.0}, "weighted avg": {"precision": 0.7620689655172413, "recall": 0.7692307692307693, "f1-score": 0.7604743083003952, "support": 39.0}}