{"0": {"precision": 0.5294117647058824, "recall": 0.47368421052631576, "f1-score": 0.5, "support": 19.0}, "1": {"precision": 0.375, "recall": 0.42857142857142855, "f1-score": 0.4, "support": 14.0}, "accuracy": 0.45454545454545453, "macro avg": {"precision": 0.4522058823529412, "recall": 0.45112781954887216, "f1-score": 0.45, "support": 33.0}, "weighted avg": {"precision": 0.463903743315508, "recall": 0.45454545454545453, "f1-score": 0.45757575757575764, "support": 33.0}}