{"0": {"precision": 0.7058823529411765, "recall": 0.631578947368421, "f1-score": 0.6666666666666666, "support": 19.0}, "1": {"precision": 0.5625, "recall": 0.6428571428571429, "f1-score": 0.6, "support": 14.0}, "accuracy": 0.6363636363636364, "macro avg": {"precision": 0.6341911764705883, "recall": 0.637218045112782, "f1-score": 0.6333333333333333, "support": 33.0}, "weighted avg": {"precision": 0.645053475935829, "recall": 0.6363636363636364, "f1-score": 0.6383838383838384, "support": 33.0}}