{"best_estimator": "BernoulliNB()", "best_score": 0.49375981703784255, "test_score": 0.5968366592756836}