{"best_estimator": "BernoulliNB()", "best_score": 0.6424436669150315, "test_score": 0.5552083333333333}