{"best_estimator": "BernoulliNB()", "best_score": 0.5036855677202928, "test_score": 0.266304347826087}