{"best_estimator": "BernoulliNB()", "best_score": 0.4099655568312285, "test_score": 0.2347222222222222}