{"best_estimator": "HistGradientBoostingClassifier(learning_rate=0.01)", "best_score": 0.5807117078010073, "test_score": 0.6464077412513256}