{"0": {"precision": 0.65, "recall": 0.7222222222222222, "f1-score": 0.6842105263157895, "support": 18.0}, "1": {"precision": 0.5833333333333334, "recall": 0.5, "f1-score": 0.5384615384615384, "support": 14.0}, "accuracy": 0.625, "macro avg": {"precision": 0.6166666666666667, "recall": 0.6111111111111112, "f1-score": 0.611336032388664, "support": 32.0}, "weighted avg": {"precision": 0.6208333333333333, "recall": 0.625, "f1-score": 0.6204453441295547, "support": 32.0}}