{"0": {"precision": 0.68, "recall": 0.8947368421052632, "f1-score": 0.7727272727272727, "support": 19.0}, "1": {"precision": 0.75, "recall": 0.42857142857142855, "f1-score": 0.5454545454545454, "support": 14.0}, "accuracy": 0.696969696969697, "macro avg": {"precision": 0.7150000000000001, "recall": 0.6616541353383458, "f1-score": 0.6590909090909091, "support": 33.0}, "weighted avg": {"precision": 0.7096969696969697, "recall": 0.696969696969697, "f1-score": 0.6763085399449036, "support": 33.0}}