{"0": {"precision": 0.875, "recall": 0.7368421052631579, "f1-score": 0.8, "support": 19.0}, "1": {"precision": 0.7058823529411765, "recall": 0.8571428571428571, "f1-score": 0.7741935483870968, "support": 14.0}, "accuracy": 0.7878787878787878, "macro avg": {"precision": 0.7904411764705883, "recall": 0.7969924812030075, "f1-score": 0.7870967741935484, "support": 33.0}, "weighted avg": {"precision": 0.80325311942959, "recall": 0.7878787878787878, "f1-score": 0.7890518084066471, "support": 33.0}}