{"best_estimator": "RandomForestClassifier(criterion='log_loss', n_estimators=400)", "best_score": 0.6147781043769704, "test_score": 0.6837044534412955}