{"best_estimator": "RandomForestClassifier(criterion='entropy')", "best_score": 0.5623946970320428, "test_score": 0.63531284606866}