{"best_estimator": "RandomForestClassifier(criterion='entropy')", "best_score": 0.6128726244013041, "test_score": 0.6398462354188759}