{"best_estimator": "RandomForestClassifier(criterion='entropy')", "best_score": 0.5673177518788062, "test_score": 0.6082390727552018}