{"precision": 0.6252244997486975, "recall": 0.6315710713371532, "f1": 0.6078210228102638}