{"best_estimator": "BernoulliNB()", "best_score": 0.5277623018632773, "test_score": 0.4902933563416738}