{"best_estimator": "BernoulliNB()", "best_score": 0.5342187325025446, "test_score": 0.45634920634920634}