{"0": {"precision": 0.6666666666666666, "recall": 0.9230769230769231, "f1-score": 0.7741935483870968, "support": 26.0}, "1": {"precision": 0.6, "recall": 0.2, "f1-score": 0.3, "support": 15.0}, "accuracy": 0.6585365853658537, "macro avg": {"precision": 0.6333333333333333, "recall": 0.5615384615384615, "f1-score": 0.5370967741935484, "support": 41.0}, "weighted avg": {"precision": 0.6422764227642276, "recall": 0.6585365853658537, "f1-score": 0.6007081038552321, "support": 41.0}}