{"best_estimator": "BernoulliNB()", "best_score": 0.5257668977290626, "test_score": 0.5203081232492998}