{"best_estimator": "HistGradientBoostingClassifier()", "best_score": 0.5762979254547044, "test_score": 0.7266293614219881}