{"best_estimator": "HistGradientBoostingClassifier(learning_rate=0.01)", "best_score": 0.583560851988698, "test_score": 0.5909610983981693}