{"best_estimator": "KNeighborsClassifier(n_neighbors=20)", "best_score": 0.5476679387965321, "test_score": 0.7067958373025145}