{"best_estimator": "KNeighborsClassifier(n_neighbors=25, p=3)", "best_score": 0.552701024100086, "test_score": 0.6454996186117467}