{"best_estimator": "KNeighborsClassifier(n_neighbors=20, p=3)", "best_score": 0.5459890720937741, "test_score": 0.5333333333333333}