{"best_estimator": "RandomForestClassifier(criterion='entropy', n_estimators=400)", "best_score": 0.5807934251070657, "test_score": 0.6553030303030303}