{"best_estimator": "RandomForestClassifier(n_estimators=200)", "best_score": 0.5932687156821582, "test_score": 0.6105015673981191}