{"best_estimator": "RandomForestClassifier(criterion='log_loss', n_estimators=200)", "best_score": 0.5935930702933121, "test_score": 0.6454996186117467}