{"best_estimator": "RandomForestClassifier(n_estimators=400)", "best_score": 0.6103105517981882, "test_score": 0.6442307692307692}