{"best_estimator": "RandomForestClassifier(n_estimators=150)", "best_score": 0.5763211795250953, "test_score": 0.7321428571428571}