{"best_estimator": "RandomForestClassifier(n_estimators=300)", "best_score": 0.5283653374047583, "test_score": 0.7787739816240062}