{"0": {"precision": 0.7333333333333333, "recall": 0.44, "f1-score": 0.55, "support": 25.0}, "1": {"precision": 0.44, "recall": 0.7333333333333333, "f1-score": 0.55, "support": 15.0}, "accuracy": 0.55, "macro avg": {"precision": 0.5866666666666667, "recall": 0.5866666666666667, "f1-score": 0.55, "support": 40.0}, "weighted avg": {"precision": 0.6233333333333333, "recall": 0.55, "f1-score": 0.55, "support": 40.0}}