{"best_estimator": "BernoulliNB()", "best_score": 0.6243602813510243, "test_score": 0.6012383900928792}