{"best_estimator": "BernoulliNB()", "best_score": 0.5916439553131496, "test_score": 0.5037707390648568}