{"best_estimator": "BernoulliNB()", "best_score": 0.6299658373648839, "test_score": 0.45891831910068986}