{"best_estimator": "BernoulliNB()", "best_score": 0.6018427117628777, "test_score": 0.7835497835497836}