{"0": {"precision": 0.7692307692307693, "recall": 0.3125, "f1-score": 0.4444444444444444, "support": 32.0}, "1": {"precision": 0.35294117647058826, "recall": 0.8, "f1-score": 0.4897959183673469, "support": 15.0}, "accuracy": 0.46808510638297873, "macro avg": {"precision": 0.5610859728506787, "recall": 0.55625, "f1-score": 0.4671201814058957, "support": 47.0}, "weighted avg": {"precision": 0.6363723885626263, "recall": 0.46808510638297873, "f1-score": 0.45891831910068986, "support": 47.0}}