{"best_estimator": "HistGradientBoostingClassifier(learning_rate=0.001)", "best_score": 0.628996982369763, "test_score": 0.5538287010777084}