{"0": {"precision": 0.8, "recall": 0.625, "f1-score": 0.7017543859649122, "support": 32.0}, "1": {"precision": 0.45454545454545453, "recall": 0.6666666666666666, "f1-score": 0.5405405405405406, "support": 15.0}, "accuracy": 0.6382978723404256, "macro avg": {"precision": 0.6272727272727273, "recall": 0.6458333333333333, "f1-score": 0.6211474632527264, "support": 47.0}, "weighted avg": {"precision": 0.6897485493230174, "recall": 0.6382978723404256, "f1-score": 0.6503031587018149, "support": 47.0}}