{"0": {"precision": 0.9354838709677419, "recall": 0.6170212765957447, "f1-score": 0.7435897435897436, "support": 47.0}, "1": {"precision": 0.5135135135135135, "recall": 0.9047619047619048, "f1-score": 0.6551724137931034, "support": 21.0}, "accuracy": 0.7058823529411765, "macro avg": {"precision": 0.7244986922406277, "recall": 0.7608915906788247, "f1-score": 0.6993810786914235, "support": 68.0}, "weighted avg": {"precision": 0.8051694958715832, "recall": 0.7058823529411765, "f1-score": 0.7162843917407812, "support": 68.0}}