{"best_estimator": "HistGradientBoostingClassifier()", "best_score": 0.675092527829601, "test_score": 0.5014279885760914}