{"best_estimator": "KNeighborsClassifier(n_neighbors=20, p=3)", "best_score": 0.633784291475174, "test_score": 0.5976007576554773}