{"best_estimator": "KNeighborsClassifier(n_neighbors=10, p=3)", "best_score": 0.6547257662498301, "test_score": 0.7777777777777778}