{"0": {"precision": 0.8666666666666667, "recall": 0.5652173913043478, "f1-score": 0.6842105263157895, "support": 23.0}, "1": {"precision": 0.6875, "recall": 0.9166666666666666, "f1-score": 0.7857142857142857, "support": 24.0}, "accuracy": 0.7446808510638298, "macro avg": {"precision": 0.7770833333333333, "recall": 0.7409420289855072, "f1-score": 0.7349624060150376, "support": 47.0}, "weighted avg": {"precision": 0.7751773049645391, "recall": 0.7446808510638298, "f1-score": 0.7360422332426811, "support": 47.0}}