{"best_estimator": "KNeighborsClassifier(n_neighbors=25, p=3)", "best_score": 0.643644177674918, "test_score": 0.7360422332426811}