{"0": {"precision": 0.9333333333333333, "recall": 0.5957446808510638, "f1-score": 0.7272727272727273, "support": 47.0}, "1": {"precision": 0.5, "recall": 0.9047619047619048, "f1-score": 0.6440677966101694, "support": 21.0}, "accuracy": 0.6911764705882353, "macro avg": {"precision": 0.7166666666666667, "recall": 0.7502532928064842, "f1-score": 0.6856702619414483, "support": 68.0}, "weighted avg": {"precision": 0.7995098039215687, "recall": 0.6911764705882353, "f1-score": 0.7015770869210549, "support": 68.0}}