{"best_estimator": "RandomForestClassifier(criterion='log_loss')", "best_score": 0.5227468467468602, "test_score": 0.7333333333333333}