{"best_estimator": "RandomForestClassifier(criterion='entropy')", "best_score": 0.4953314126008902, "test_score": 0.7650741870988109}