{"best_estimator": "RandomForestClassifier(criterion='entropy')", "best_score": 0.5261073001803548, "test_score": 0.5333333333333334}