{"0": {"precision": 0.5, "recall": 0.3333333333333333, "f1-score": 0.4, "support": 12.0}, "1": {"precision": 0.2, "recall": 0.3333333333333333, "f1-score": 0.25, "support": 6.0}, "accuracy": 0.3333333333333333, "macro avg": {"precision": 0.35, "recall": 0.3333333333333333, "f1-score": 0.325, "support": 18.0}, "weighted avg": {"precision": 0.4, "recall": 0.3333333333333333, "f1-score": 0.35000000000000003, "support": 18.0}}