{"best_estimator": "BernoulliNB()", "best_score": 0.3333482642777155, "test_score": 0.14632034632034632}