{"best_estimator": "HistGradientBoostingClassifier(learning_rate=0.001)", "best_score": 0.5346219283693656, "test_score": 0.6059595428366192}