{"best_estimator": "HistGradientBoostingClassifier(learning_rate=0.5)", "best_score": 0.5475576808569886, "test_score": 0.7777777777777778}