{"best_estimator": "KNeighborsClassifier(n_neighbors=20, weights='distance')", "best_score": 0.4667551393034186, "test_score": 0.5409798534798534}