{"best_estimator": "KNeighborsClassifier(weights='distance')", "best_score": 0.48700610857610743, "test_score": 0.423500611995104}