{"best_estimator": "KNeighborsClassifier(n_neighbors=15, p=3, weights='distance')", "best_score": 0.49197263466285357, "test_score": 0.48623376623376624}