{"best_estimator": "KNeighborsClassifier(p=1, weights='distance')", "best_score": 0.45765540335140215, "test_score": 0.5916016350798959}