{"best_estimator": "RandomForestClassifier(criterion='entropy')", "best_score": 0.5074403816782354, "test_score": 0.6303350970017637}