{"best_estimator": "RandomForestClassifier(criterion='log_loss')", "best_score": 0.5759981372132467, "test_score": 0.45677870284715794}