{"best_estimator": "RandomForestClassifier(criterion='log_loss')", "best_score": 0.5211978644418168, "test_score": 0.5037707390648568}