{"0": {"precision": 0.5434782608695652, "recall": 1.0, "f1-score": 0.704225352112676, "support": 25.0}, "1": {"precision": 0.0, "recall": 0.0, "f1-score": 0.0, "support": 21.0}, "accuracy": 0.5434782608695652, "macro avg": {"precision": 0.2717391304347826, "recall": 0.5, "f1-score": 0.352112676056338, "support": 46.0}, "weighted avg": {"precision": 0.2953686200378072, "recall": 0.5434782608695652, "f1-score": 0.38273116962645437, "support": 46.0}}