{"best_estimator": "BernoulliNB()", "best_score": 0.38509264244144925, "test_score": 0.46360153256704983}