{"best_estimator": "BernoulliNB()", "best_score": 0.3297063592145559, "test_score": 0.27350427350427353}