{"best_estimator": "HistGradientBoostingClassifier(learning_rate=0.01)", "best_score": 0.7528387495668932, "test_score": 0.7656330749354006}