{"best_estimator": "KNeighborsClassifier(n_neighbors=25, p=1, weights='distance')", "best_score": 0.730146239738213, "test_score": 0.6757164404223228}