{"best_estimator": "BernoulliNB()", "best_score": 0.41143256844600573, "test_score": 0.4479166666666667}