{"best_estimator": "BernoulliNB()", "best_score": 0.47215748839614474, "test_score": 0.24893435635123615}