{"best_estimator": "HistGradientBoostingClassifier()", "best_score": 0.5279995965262525, "test_score": 0.5952380952380952}