{"best_estimator": "HistGradientBoostingClassifier()", "best_score": 0.5502370838417392, "test_score": 0.49902534113060426}