{"best_estimator": "HistGradientBoostingClassifier()", "best_score": 0.558152716502318, "test_score": 0.6716588339235733}