{"best_estimator": "HistGradientBoostingClassifier()", "best_score": 0.5975344779745501, "test_score": 0.524812030075188}