{"best_estimator": "HistGradientBoostingClassifier(learning_rate=0.05)", "best_score": 0.5886629453375959, "test_score": 0.6629732225300092}