{"best_estimator": "HistGradientBoostingClassifier(learning_rate=0.05)", "best_score": 0.5774791710425198, "test_score": 0.5925925925925926}