{"best_estimator": "KNeighborsClassifier(p=3, weights='distance')", "best_score": 0.5278852096414359, "test_score": 0.5478508771929824}