{"0": {"precision": 0.8043478260869565, "recall": 0.5362318840579711, "f1-score": 0.6434782608695652, "support": 69.0}, "1": {"precision": 0.3469387755102041, "recall": 0.6538461538461539, "f1-score": 0.4533333333333333, "support": 26.0}, "accuracy": 0.5684210526315789, "macro avg": {"precision": 0.5756433007985803, "recall": 0.5950390189520625, "f1-score": 0.5484057971014492, "support": 95.0}, "weighted avg": {"precision": 0.6791621911922663, "recall": 0.5684210526315789, "f1-score": 0.5914385964912281, "support": 95.0}}