{"best_estimator": "KNeighborsClassifier(p=3, weights='distance')", "best_score": 0.5707742669310607, "test_score": 0.49122807017543857}