{"0": {"precision": 0.2857142857142857, "recall": 0.5, "f1-score": 0.36363636363636365, "support": 8.0}, "1": {"precision": 0.5, "recall": 0.2857142857142857, "f1-score": 0.36363636363636365, "support": 14.0}, "accuracy": 0.36363636363636365, "macro avg": {"precision": 0.39285714285714285, "recall": 0.39285714285714285, "f1-score": 0.36363636363636365, "support": 22.0}, "weighted avg": {"precision": 0.42207792207792205, "recall": 0.36363636363636365, "f1-score": 0.36363636363636365, "support": 22.0}}