{"best_estimator": "RandomForestClassifier(criterion='entropy')", "best_score": 0.5843596321387117, "test_score": 0.616633064516129}