{"best_estimator": "RandomForestClassifier(criterion='entropy', n_estimators=400)", "best_score": 0.5304479388273704, "test_score": 0.5136546679093323}