{"best_estimator": "RandomForestClassifier()", "best_score": 0.5248560276971147, "test_score": 0.5346481672591064}