{"0": {"precision": 0.52, "recall": 0.4642857142857143, "f1-score": 0.49056603773584906, "support": 28.0}, "1": {"precision": 0.4827586206896552, "recall": 0.5384615384615384, "f1-score": 0.509090909090909, "support": 26.0}, "accuracy": 0.5, "macro avg": {"precision": 0.5013793103448276, "recall": 0.5013736263736264, "f1-score": 0.49982847341337905, "support": 54.0}, "weighted avg": {"precision": 0.5020689655172413, "recall": 0.5, "f1-score": 0.49948542024013726, "support": 54.0}}