{"best_estimator": "RandomForestClassifier(criterion='log_loss')", "best_score": 0.5354731131612969, "test_score": 0.4889643463497453}