{"best_estimator": "RandomForestClassifier(criterion='log_loss')", "best_score": 0.5326822273535752, "test_score": 0.8212121212121214}