{"0": {"precision": 0.8181818181818182, "recall": 0.6666666666666666, "f1-score": 0.7346938775510204, "support": 27.0}, "1": {"precision": 0.5, "recall": 0.6923076923076923, "f1-score": 0.5806451612903226, "support": 13.0}, "accuracy": 0.675, "macro avg": {"precision": 0.6590909090909092, "recall": 0.6794871794871795, "f1-score": 0.6576695194206715, "support": 40.0}, "weighted avg": {"precision": 0.7147727272727273, "recall": 0.675, "f1-score": 0.6846280447662936, "support": 40.0}}