{"best_estimator": "HistGradientBoostingClassifier()", "best_score": 0.7595328331419063, "test_score": 0.7662471395881008}