{"best_estimator": "HistGradientBoostingClassifier()", "best_score": 0.7623988655727303, "test_score": 0.7602916505355529}