{"best_estimator": "HistGradientBoostingClassifier(learning_rate=0.5)", "best_score": 0.765915179854534, "test_score": 0.7409988385598142}