{"0": {"precision": 0.8695652173913043, "recall": 0.7407407407407407, "f1-score": 0.8, "support": 27.0}, "1": {"precision": 0.5882352941176471, "recall": 0.7692307692307693, "f1-score": 0.6666666666666666, "support": 13.0}, "accuracy": 0.75, "macro avg": {"precision": 0.7289002557544757, "recall": 0.754985754985755, "f1-score": 0.7333333333333334, "support": 40.0}, "weighted avg": {"precision": 0.7781329923273657, "recall": 0.75, "f1-score": 0.7566666666666666, "support": 40.0}}