{"best_estimator": "KNeighborsClassifier(n_neighbors=20, p=3)", "best_score": 0.6903553971639944, "test_score": 0.6368471953578336}