{"0": {"precision": 0.8947368421052632, "recall": 0.6071428571428571, "f1-score": 0.723404255319149, "support": 28.0}, "1": {"precision": 0.5, "recall": 0.8461538461538461, "f1-score": 0.6285714285714286, "support": 13.0}, "accuracy": 0.6829268292682927, "macro avg": {"precision": 0.6973684210526316, "recall": 0.7266483516483516, "f1-score": 0.6759878419452887, "support": 41.0}, "weighted avg": {"precision": 0.769576379974326, "recall": 0.6829268292682927, "f1-score": 0.6933353102527986, "support": 41.0}}