{"best_estimator": "KNeighborsClassifier(n_neighbors=20, p=3)", "best_score": 0.7024649813147835, "test_score": 0.7092071611253197}