{"best_estimator": "RandomForestClassifier(criterion='entropy', n_estimators=150)", "best_score": 0.6781619508365049, "test_score": 0.6500807102502019}