{"best_estimator": "RandomForestClassifier(n_estimators=200)", "best_score": 0.6418326731735069, "test_score": 0.690120793787748}