{"0": {"precision": 0.7857142857142857, "recall": 0.7857142857142857, "f1-score": 0.7857142857142857, "support": 28.0}, "1": {"precision": 0.5384615384615384, "recall": 0.5384615384615384, "f1-score": 0.5384615384615384, "support": 13.0}, "accuracy": 0.7073170731707317, "macro avg": {"precision": 0.6620879120879121, "recall": 0.6620879120879121, "f1-score": 0.6620879120879121, "support": 41.0}, "weighted avg": {"precision": 0.7073170731707317, "recall": 0.7073170731707317, "f1-score": 0.7073170731707317, "support": 41.0}}