{"best_estimator": "RandomForestClassifier()", "best_score": 0.6314989821298783, "test_score": 0.7420546932742055}