{"best_estimator": "RandomForestClassifier(n_estimators=150)", "best_score": 0.6490176846204229, "test_score": 0.7501401738155312}