{"0": {"precision": 0.85, "recall": 0.9444444444444444, "f1-score": 0.8947368421052632, "support": 36.0}, "1": {"precision": 0.8333333333333334, "recall": 0.625, "f1-score": 0.7142857142857143, "support": 16.0}, "accuracy": 0.8461538461538461, "macro avg": {"precision": 0.8416666666666667, "recall": 0.7847222222222222, "f1-score": 0.8045112781954887, "support": 52.0}, "weighted avg": {"precision": 0.8448717948717948, "recall": 0.8461538461538461, "f1-score": 0.8392134181607867, "support": 52.0}}