{"best_estimator": "BernoulliNB()", "best_score": 0.46401415629348264, "test_score": 0.46315789473684205}