{"best_estimator": "BernoulliNB()", "best_score": 0.4824543980582714, "test_score": 0.19393939393939394}