{"best_estimator": "BernoulliNB()", "best_score": 0.4613961762707307, "test_score": 0.5121212121212121}