{"0": {"precision": 0.8571428571428571, "recall": 1.0, "f1-score": 0.9230769230769231, "support": 12.0}, "1": {"precision": 1.0, "recall": 0.6666666666666666, "f1-score": 0.8, "support": 6.0}, "accuracy": 0.8888888888888888, "macro avg": {"precision": 0.9285714285714286, "recall": 0.8333333333333333, "f1-score": 0.8615384615384616, "support": 18.0}, "weighted avg": {"precision": 0.9047619047619047, "recall": 0.8888888888888888, "f1-score": 0.882051282051282, "support": 18.0}}