{"best_estimator": "HistGradientBoostingClassifier(learning_rate=0.05)", "best_score": 0.6510551603334935, "test_score": 0.7311656005685856}