{"best_estimator": "HistGradientBoostingClassifier(learning_rate=0.01)", "best_score": 0.7260663544119235, "test_score": 0.4400871459694989}