{"0": {"precision": 0.7407407407407407, "recall": 0.7407407407407407, "f1-score": 0.7407407407407407, "support": 27.0}, "1": {"precision": 0.72, "recall": 0.72, "f1-score": 0.72, "support": 25.0}, "accuracy": 0.7307692307692307, "macro avg": {"precision": 0.7303703703703703, "recall": 0.7303703703703703, "f1-score": 0.7303703703703703, "support": 52.0}, "weighted avg": {"precision": 0.7307692307692307, "recall": 0.7307692307692307, "f1-score": 0.7307692307692307, "support": 52.0}}