{"best_estimator": "HistGradientBoostingClassifier(learning_rate=0.01)", "best_score": 0.6540402731862056, "test_score": 0.7021276595744681}