{"0": {"precision": 0.7941176470588235, "recall": 0.7941176470588235, "f1-score": 0.7941176470588235, "support": 68.0}, "1": {"precision": 0.46153846153846156, "recall": 0.46153846153846156, "f1-score": 0.46153846153846156, "support": 26.0}, "accuracy": 0.7021276595744681, "macro avg": {"precision": 0.6278280542986425, "recall": 0.6278280542986425, "f1-score": 0.6278280542986425, "support": 94.0}, "weighted avg": {"precision": 0.7021276595744681, "recall": 0.7021276595744681, "f1-score": 0.7021276595744681, "support": 94.0}}