{"best_estimator": "KNeighborsClassifier(n_neighbors=25, p=1)", "best_score": 0.6713609120892509, "test_score": 0.626756530549315}