{"best_estimator": "KNeighborsClassifier(n_neighbors=25, p=1, weights='distance')", "best_score": 0.6954736734863247, "test_score": 0.5924062680580577}