{"best_estimator": "KNeighborsClassifier(n_neighbors=7, p=1)", "best_score": 0.6696524580904977, "test_score": 0.6203761755485893}