{"best_estimator": "KNeighborsClassifier(n_neighbors=25, p=1)", "best_score": 0.6649154103094295, "test_score": 0.6221719457013576}