{"best_estimator": "KNeighborsClassifier(n_neighbors=7, p=1)", "best_score": 0.6500540966365909, "test_score": 0.764102564102564}