{"best_estimator": "KNeighborsClassifier(n_neighbors=10, p=1)", "best_score": 0.6848316298941147, "test_score": 0.7318181818181819}