{"0": {"precision": 0.375, "recall": 0.75, "f1-score": 0.5, "support": 8.0}, "1": {"precision": 0.6666666666666666, "recall": 0.2857142857142857, "f1-score": 0.4, "support": 14.0}, "accuracy": 0.45454545454545453, "macro avg": {"precision": 0.5208333333333333, "recall": 0.5178571428571428, "f1-score": 0.45, "support": 22.0}, "weighted avg": {"precision": 0.5606060606060606, "recall": 0.45454545454545453, "f1-score": 0.43636363636363645, "support": 22.0}}