{"best_estimator": "RandomForestClassifier(max_depth=3, n_estimators=200)", "best_score": 0.7250820915047342, "test_score": 0.37550239234449756}