{"best_estimator": "BernoulliNB()", "best_score": 0.3363168642998566, "test_score": 0.22857142857142856}