{"best_estimator": "BernoulliNB()", "best_score": 0.356061085304421, "test_score": 0.17097608274078863}