{"best_estimator": "BernoulliNB()", "best_score": 0.3534228708045603, "test_score": 0.2759699624530663}