{"best_estimator": "BernoulliNB()", "best_score": 0.3403079710144927, "test_score": 0.1803087192323738}