{"best_estimator": "HistGradientBoostingClassifier(learning_rate=0.5)", "best_score": 0.5609968308221858, "test_score": 0.6770662287903667}