{"best_estimator": "HistGradientBoostingClassifier(learning_rate=0.5)", "best_score": 0.6314889371683946, "test_score": 0.5544072948328267}