{"best_estimator": "HistGradientBoostingClassifier(learning_rate=0.5)", "best_score": 0.6341132249927616, "test_score": 0.5824175824175825}