{"best_estimator": "HistGradientBoostingClassifier(learning_rate=0.05)", "best_score": 0.6329743895578201, "test_score": 0.6634627554105553}