{"best_estimator": "KNeighborsClassifier(p=3, weights='distance')", "best_score": 0.5277348920679492, "test_score": 0.7248022015823873}