{"best_estimator": "KNeighborsClassifier(n_neighbors=7, weights='distance')", "best_score": 0.5298440233450938, "test_score": 0.5798319327731093}