{"0": {"precision": 0.6875, "recall": 0.8461538461538461, "f1-score": 0.7586206896551724, "support": 26.0}, "1": {"precision": 0.7333333333333333, "recall": 0.5238095238095238, "f1-score": 0.6111111111111112, "support": 21.0}, "accuracy": 0.7021276595744681, "macro avg": {"precision": 0.7104166666666667, "recall": 0.684981684981685, "f1-score": 0.6848659003831418, "support": 47.0}, "weighted avg": {"precision": 0.7079787234042553, "recall": 0.7021276595744681, "f1-score": 0.6927121545610173, "support": 47.0}}