{"best_estimator": "KNeighborsClassifier(weights='distance')", "best_score": 0.5070611328391206, "test_score": 0.5555555555555556}