{"best_estimator": "KNeighborsClassifier(weights='distance')", "best_score": 0.5365007309605249, "test_score": 0.4714285714285714}