{"best_estimator": "KNeighborsClassifier(p=3, weights='distance')", "best_score": 0.55622829183087, "test_score": 0.6927121545610173}