{"0": {"precision": 0.375, "recall": 0.47368421052631576, "f1-score": 0.4186046511627907, "support": 19.0}, "1": {"precision": 0.47368421052631576, "recall": 0.375, "f1-score": 0.4186046511627907, "support": 24.0}, "accuracy": 0.4186046511627907, "macro avg": {"precision": 0.42434210526315785, "recall": 0.42434210526315785, "f1-score": 0.4186046511627907, "support": 43.0}, "weighted avg": {"precision": 0.4300795593635251, "recall": 0.4186046511627907, "f1-score": 0.4186046511627907, "support": 43.0}}