{"best_estimator": "RandomForestClassifier(n_estimators=200)", "best_score": 0.5804848573608108, "test_score": 0.6595744680851063}