{"precision": 0.7084132819547797, "recall": 0.6789310012868661, "f1": 0.6785593892368085}