{"best_estimator": "AdaBoostClassifier(algorithm='SAMME', learning_rate=0.5)", "best_score": 0.5343331164069287, "test_score": 0.6118701007838746}