{"best_estimator": "BernoulliNB()", "best_score": 0.5041890216297827, "test_score": 0.6118701007838746}