{"best_estimator": "BernoulliNB()", "best_score": 0.5243176405782066, "test_score": 0.5333333333333334}