{"best_estimator": "HistGradientBoostingClassifier()", "best_score": 0.5437690962561025, "test_score": 0.4205287394656166}