{"best_estimator": "HistGradientBoostingClassifier(learning_rate=0.05)", "best_score": 0.5248823421904992, "test_score": 0.5705731329759118}