{"best_estimator": "KNeighborsClassifier(n_neighbors=15, p=1)", "best_score": 0.5589110099532393, "test_score": 0.47619047619047616}