{"best_estimator": "KNeighborsClassifier(n_neighbors=25)", "best_score": 0.5864701588427969, "test_score": 0.5686653771760155}