{"0": {"precision": 0.39285714285714285, "recall": 0.4782608695652174, "f1-score": 0.43137254901960786, "support": 23.0}, "1": {"precision": 0.3684210526315789, "recall": 0.2916666666666667, "f1-score": 0.32558139534883723, "support": 24.0}, "accuracy": 0.3829787234042553, "macro avg": {"precision": 0.3806390977443609, "recall": 0.384963768115942, "f1-score": 0.37847697218422255, "support": 47.0}, "weighted avg": {"precision": 0.38037913933770595, "recall": 0.3829787234042553, "f1-score": 0.3773515343792143, "support": 47.0}}