{"0": {"precision": 0.7027027027027027, "recall": 0.8125, "f1-score": 0.7536231884057971, "support": 32.0}, "1": {"precision": 0.4, "recall": 0.26666666666666666, "f1-score": 0.32, "support": 15.0}, "accuracy": 0.6382978723404256, "macro avg": {"precision": 0.5513513513513514, "recall": 0.5395833333333333, "f1-score": 0.5368115942028986, "support": 47.0}, "weighted avg": {"precision": 0.6060954571592869, "recall": 0.6382978723404256, "f1-score": 0.6152328091273512, "support": 47.0}}