{"best_estimator": "RandomForestClassifier(max_depth=6, n_estimators=300)", "best_score": 0.5567620217620217, "test_score": 0.5338666666666667}