{"best_estimator": "RandomForestClassifier(max_depth=3, n_estimators=300)", "best_score": 0.5389765849659316, "test_score": 0.5823365442292086}