{"best_estimator": "AdaBoostClassifier(algorithm='SAMME', learning_rate=0.5, n_estimators=150)", "best_score": 0.5679114704025728, "test_score": 0.47491638795986624}