{"best_estimator": "BernoulliNB()", "best_score": 0.4638895890267209, "test_score": 0.6469622331691297}