{"best_estimator": "BernoulliNB()", "best_score": 0.4636336054925606, "test_score": 0.6460084033613446}