{"best_estimator": "BernoulliNB()", "best_score": 0.44749932570985207, "test_score": 0.6033630548555922}