{"best_estimator": "BernoulliNB()", "best_score": 0.4554477023642593, "test_score": 0.6666666666666666}