{"best_estimator": "HistGradientBoostingClassifier(learning_rate=0.5)", "best_score": 0.5360500824620555, "test_score": 0.6469622331691297}