{"best_estimator": "HistGradientBoostingClassifier(learning_rate=0.01)", "best_score": 0.5557687593464935, "test_score": 0.4857142857142857}