{"best_estimator": "HistGradientBoostingClassifier(learning_rate=0.01)", "best_score": 0.5415218503569957, "test_score": 0.6293323299469041}