{"best_estimator": "HistGradientBoostingClassifier()", "best_score": 0.5472238651157644, "test_score": 0.5333333333333333}