{"best_estimator": "HistGradientBoostingClassifier()", "best_score": 0.5384877126722549, "test_score": 0.6241186993580975}