{"0": {"precision": 0.7777777777777778, "recall": 0.7446808510638298, "f1-score": 0.7608695652173914, "support": 47.0}, "1": {"precision": 0.45454545454545453, "recall": 0.5, "f1-score": 0.47619047619047616, "support": 20.0}, "accuracy": 0.6716417910447762, "macro avg": {"precision": 0.6161616161616161, "recall": 0.6223404255319149, "f1-score": 0.6185300207039337, "support": 67.0}, "weighted avg": {"precision": 0.6812905171114126, "recall": 0.6716417910447762, "f1-score": 0.6758907326720435, "support": 67.0}}