{"best_estimator": "HistGradientBoostingClassifier(learning_rate=0.01)", "best_score": 0.531569379747419, "test_score": 0.6758907326720435}