{"best_estimator": "HistGradientBoostingClassifier(learning_rate=0.05)", "best_score": 0.5565052676027893, "test_score": 0.4735042735042735}