{"0": {"precision": 0.5714285714285714, "recall": 0.5454545454545454, "f1-score": 0.5581395348837209, "support": 22.0}, "1": {"precision": 0.6, "recall": 0.625, "f1-score": 0.6122448979591837, "support": 24.0}, "accuracy": 0.5869565217391305, "macro avg": {"precision": 0.5857142857142856, "recall": 0.5852272727272727, "f1-score": 0.5851922164214522, "support": 46.0}, "weighted avg": {"precision": 0.586335403726708, "recall": 0.5869565217391305, "f1-score": 0.5863684199665711, "support": 46.0}}