{"0": {"precision": 0.6785714285714286, "recall": 0.76, "f1-score": 0.7169811320754716, "support": 25.0}, "1": {"precision": 0.6, "recall": 0.5, "f1-score": 0.5454545454545454, "support": 18.0}, "accuracy": 0.6511627906976745, "macro avg": {"precision": 0.6392857142857142, "recall": 0.63, "f1-score": 0.6312178387650085, "support": 43.0}, "weighted avg": {"precision": 0.6456810631229235, "recall": 0.6511627906976745, "f1-score": 0.6451793051178746, "support": 43.0}}