{"best_estimator": "RandomForestClassifier(criterion='entropy')", "best_score": 0.561714444839118, "test_score": 0.5333333333333333}