{"best_estimator": "RandomForestClassifier(criterion='entropy')", "best_score": 0.6005477041567968, "test_score": 0.4847605224963715}