{"precision": 0.6008295033340102, "recall": 0.6305011968754658, "f1": 0.6015271663147396}