{"precision": 0.712921163031452, "recall": 0.677385409926949, "f1": 0.6771348187662876}