{"best_estimator": "BernoulliNB()", "best_score": 0.5520324541948202, "test_score": 0.1755485893416928}