{"best_estimator": "BernoulliNB()", "best_score": 0.5178598913337167, "test_score": 0.5928571428571429}