{"best_estimator": "BernoulliNB()", "best_score": 0.5258439559858861, "test_score": 0.4887218045112782}