{"0": {"precision": 0.7444444444444445, "recall": 0.9710144927536232, "f1-score": 0.8427672955974843, "support": 69.0}, "1": {"precision": 0.6, "recall": 0.11538461538461539, "f1-score": 0.1935483870967742, "support": 26.0}, "accuracy": 0.7368421052631579, "macro avg": {"precision": 0.6722222222222223, "recall": 0.5431995540691192, "f1-score": 0.5181578413471293, "support": 95.0}, "weighted avg": {"precision": 0.7049122807017544, "recall": 0.7368421052631579, "f1-score": 0.665086331165711, "support": 95.0}}