{"best_estimator": "HistGradientBoostingClassifier(learning_rate=0.5)", "best_score": 0.542681809347655, "test_score": 0.6403292181069958}