{"0": {"precision": 0.78125, "recall": 0.6097560975609756, "f1-score": 0.684931506849315, "support": 41.0}, "1": {"precision": 0.36, "recall": 0.5625, "f1-score": 0.43902439024390244, "support": 16.0}, "accuracy": 0.5964912280701754, "macro avg": {"precision": 0.5706249999999999, "recall": 0.5861280487804879, "f1-score": 0.5619779485466088, "support": 57.0}, "weighted avg": {"precision": 0.6630043859649123, "recall": 0.5964912280701754, "f1-score": 0.6159049478021816, "support": 57.0}}