{"0": {"precision": 0.6285714285714286, "recall": 0.7857142857142857, "f1-score": 0.6984126984126984, "support": 28.0}, "1": {"precision": 0.6842105263157895, "recall": 0.5, "f1-score": 0.5777777777777777, "support": 26.0}, "accuracy": 0.6481481481481481, "macro avg": {"precision": 0.656390977443609, "recall": 0.6428571428571428, "f1-score": 0.638095238095238, "support": 54.0}, "weighted avg": {"precision": 0.6553606237816765, "recall": 0.6481481481481481, "f1-score": 0.6403292181069958, "support": 54.0}}