{"best_estimator": "KNeighborsClassifier(p=1, weights='distance')", "best_score": 0.5618178834471946, "test_score": 0.5757358807044818}