{"0": {"precision": 0.6326530612244898, "recall": 0.9117647058823529, "f1-score": 0.7469879518072289, "support": 34.0}, "1": {"precision": 0.625, "recall": 0.21739130434782608, "f1-score": 0.3225806451612903, "support": 23.0}, "accuracy": 0.631578947368421, "macro avg": {"precision": 0.6288265306122449, "recall": 0.5645780051150895, "f1-score": 0.5347842984842596, "support": 57.0}, "weighted avg": {"precision": 0.6295649838882921, "recall": 0.631578947368421, "f1-score": 0.5757358807044818, "support": 57.0}}