{"best_estimator": "KNeighborsClassifier(p=1, weights='distance')", "best_score": 0.572853003994809, "test_score": 0.5590413943355119}