{"0": {"precision": 0.75, "recall": 0.32142857142857145, "f1-score": 0.45, "support": 28.0}, "1": {"precision": 0.5476190476190477, "recall": 0.8846153846153846, "f1-score": 0.6764705882352942, "support": 26.0}, "accuracy": 0.5925925925925926, "macro avg": {"precision": 0.6488095238095238, "recall": 0.603021978021978, "f1-score": 0.5632352941176471, "support": 54.0}, "weighted avg": {"precision": 0.652557319223986, "recall": 0.5925925925925926, "f1-score": 0.5590413943355119, "support": 54.0}}