{"0": {"precision": 0.6, "recall": 0.75, "f1-score": 0.6666666666666666, "support": 8.0}, "1": {"precision": 0.8333333333333334, "recall": 0.7142857142857143, "f1-score": 0.7692307692307693, "support": 14.0}, "accuracy": 0.7272727272727273, "macro avg": {"precision": 0.7166666666666667, "recall": 0.7321428571428572, "f1-score": 0.717948717948718, "support": 22.0}, "weighted avg": {"precision": 0.7484848484848485, "recall": 0.7272727272727273, "f1-score": 0.7319347319347319, "support": 22.0}}