{"best_estimator": "KNeighborsClassifier(n_neighbors=25, p=1)", "best_score": 0.5484929213839955, "test_score": 0.4353713666209831}