{"best_estimator": "KNeighborsClassifier(weights='distance')", "best_score": 0.5369958022108767, "test_score": 0.7319347319347319}