{"0": {"precision": 0.5660377358490566, "recall": 0.9375, "f1-score": 0.7058823529411765, "support": 32.0}, "1": {"precision": 0.5, "recall": 0.08, "f1-score": 0.13793103448275862, "support": 25.0}, "accuracy": 0.5614035087719298, "macro avg": {"precision": 0.5330188679245282, "recall": 0.50875, "f1-score": 0.42190669371196754, "support": 57.0}, "weighted avg": {"precision": 0.5370738166170143, "recall": 0.5614035087719298, "f1-score": 0.4567808974769581, "support": 57.0}}