{"best_estimator": "RandomForestClassifier(criterion='log_loss', n_estimators=200)", "best_score": 0.5312372910663579, "test_score": 0.4133233692751148}