{"best_estimator": "RandomForestClassifier(n_estimators=300)", "best_score": 0.507631574005346, "test_score": 0.5293836194764988}