{"best_estimator": "RandomForestClassifier(n_estimators=200)", "best_score": 0.551673503851784, "test_score": 0.6067538126361656}