{"0": {"precision": 0.46153846153846156, "recall": 0.9, "f1-score": 0.6101694915254238, "support": 20.0}, "1": {"precision": 0.6666666666666666, "recall": 0.16, "f1-score": 0.25806451612903225, "support": 25.0}, "accuracy": 0.4888888888888889, "macro avg": {"precision": 0.5641025641025641, "recall": 0.53, "f1-score": 0.434117003827228, "support": 45.0}, "weighted avg": {"precision": 0.5754985754985755, "recall": 0.4888888888888889, "f1-score": 0.41455561630520626, "support": 45.0}}