{"best_estimator": "BernoulliNB()", "best_score": 0.5634719886604761, "test_score": 0.5388888888888889}