{"0": {"precision": 0.5555555555555556, "recall": 0.8, "f1-score": 0.6557377049180327, "support": 25.0}, "1": {"precision": 0.5, "recall": 0.23809523809523808, "f1-score": 0.3225806451612903, "support": 21.0}, "accuracy": 0.5434782608695652, "macro avg": {"precision": 0.5277777777777778, "recall": 0.5190476190476191, "f1-score": 0.48915917503966155, "support": 46.0}, "weighted avg": {"precision": 0.5301932367149759, "recall": 0.5434782608695652, "f1-score": 0.5036442645943024, "support": 46.0}}