{"best_estimator": "BernoulliNB()", "best_score": 0.5114699561984143, "test_score": 0.7071428571428572}