{"0": {"precision": 0.46153846153846156, "recall": 0.8571428571428571, "f1-score": 0.6, "support": 7.0}, "1": {"precision": 0.8, "recall": 0.36363636363636365, "f1-score": 0.5, "support": 11.0}, "accuracy": 0.5555555555555556, "macro avg": {"precision": 0.6307692307692307, "recall": 0.6103896103896104, "f1-score": 0.55, "support": 18.0}, "weighted avg": {"precision": 0.6683760683760683, "recall": 0.5555555555555556, "f1-score": 0.5388888888888889, "support": 18.0}}