{"best_estimator": "BernoulliNB()", "best_score": 0.5512717206515889, "test_score": 0.6201310520567892}