{"best_estimator": "BernoulliNB()", "best_score": 0.5785303253885214, "test_score": 0.45319511696105846}