{"best_estimator": "HistGradientBoostingClassifier(learning_rate=0.01)", "best_score": 0.6988467571857988, "test_score": 0.780952380952381}