{"best_estimator": "HistGradientBoostingClassifier(learning_rate=0.05)", "best_score": 0.692809571717892, "test_score": 0.7805555555555556}