{"best_estimator": "KNeighborsClassifier(n_neighbors=20, p=1)", "best_score": 0.7068240953162015, "test_score": 0.9435154217762913}