{"0": {"precision": 0.9523809523809523, "recall": 0.6896551724137931, "f1-score": 0.8, "support": 29.0}, "1": {"precision": 0.5714285714285714, "recall": 0.9230769230769231, "f1-score": 0.7058823529411765, "support": 13.0}, "accuracy": 0.7619047619047619, "macro avg": {"precision": 0.7619047619047619, "recall": 0.8063660477453581, "f1-score": 0.7529411764705882, "support": 42.0}, "weighted avg": {"precision": 0.8344671201814058, "recall": 0.7619047619047619, "f1-score": 0.7708683473389357, "support": 42.0}}