{"best_estimator": "KNeighborsClassifier(n_neighbors=25, p=1)", "best_score": 0.7244527666980212, "test_score": 0.7391304347826086}