{"best_estimator": "AdaBoostClassifier(algorithm='SAMME', learning_rate=0.01)", "best_score": 0.7680050489560901, "test_score": 0.6788893370982922}