{"best_estimator": "BernoulliNB()", "best_score": 0.5793909206765463, "test_score": 0.5816168327796234}