{"best_estimator": "BernoulliNB()", "best_score": 0.5775495976166874, "test_score": 0.780952380952381}