{"best_estimator": "HistGradientBoostingClassifier(learning_rate=0.01)", "best_score": 0.7139075591805348, "test_score": 0.6731333042230678}