{"0": {"precision": 0.7777777777777778, "recall": 0.6363636363636364, "f1-score": 0.7, "support": 44.0}, "1": {"precision": 0.4838709677419355, "recall": 0.6521739130434783, "f1-score": 0.5555555555555556, "support": 23.0}, "accuracy": 0.6417910447761194, "macro avg": {"precision": 0.6308243727598566, "recall": 0.6442687747035574, "f1-score": 0.6277777777777778, "support": 67.0}, "weighted avg": {"precision": 0.6768843952281604, "recall": 0.6417910447761194, "f1-score": 0.6504145936981758, "support": 67.0}}