{"best_estimator": "RandomForestClassifier(max_depth=2, n_estimators=400)", "best_score": 0.7603411964187288, "test_score": 0.8151675485008818}