{"best_estimator": "RandomForestClassifier(max_depth=2, n_estimators=400)", "best_score": 0.7842496889027255, "test_score": 0.7378109452736319}