{"precision": 0.7332112657913942, "recall": 0.7107718791929317, "f1": 0.7100139052245424}