{"precision": 0.7911904224783055, "recall": 0.6906665851763525, "f1": 0.6962228279999763}