{"best_estimator": "BernoulliNB()", "best_score": 0.4782120000848839, "test_score": 0.4265964450296248}