{"best_estimator": "HistGradientBoostingClassifier()", "best_score": 0.581205809343668, "test_score": 0.42555831265508687}