{"best_estimator": "HistGradientBoostingClassifier(learning_rate=0.01)", "best_score": 0.5794370593719996, "test_score": 0.5115749525616698}