{"best_estimator": "HistGradientBoostingClassifier(learning_rate=0.01)", "best_score": 0.5432886723676829, "test_score": 0.6248246844319776}