{"best_estimator": "HistGradientBoostingClassifier(learning_rate=0.05)", "best_score": 0.5768056847791702, "test_score": 0.6724674589700056}