{"best_estimator": "HistGradientBoostingClassifier(learning_rate=0.5)", "best_score": 0.6042132628149404, "test_score": 0.5859703020993343}