{"best_estimator": "HistGradientBoostingClassifier(learning_rate=0.01)", "best_score": 0.5869163386765095, "test_score": 0.5769050958391772}