{"0": {"precision": 0.5714285714285714, "recall": 0.6666666666666666, "f1-score": 0.6153846153846154, "support": 18.0}, "1": {"precision": 0.3333333333333333, "recall": 0.25, "f1-score": 0.2857142857142857, "support": 12.0}, "accuracy": 0.5, "macro avg": {"precision": 0.45238095238095233, "recall": 0.4583333333333333, "f1-score": 0.45054945054945056, "support": 30.0}, "weighted avg": {"precision": 0.47619047619047616, "recall": 0.5, "f1-score": 0.4835164835164835, "support": 30.0}}