{"best_estimator": "KNeighborsClassifier(n_neighbors=15, p=3, weights='distance')", "best_score": 0.5708928874457402, "test_score": 0.5247311827956989}