{"best_estimator": "RandomForestClassifier(criterion='entropy', n_estimators=150)", "best_score": 0.5580288232484165, "test_score": 0.5824884792626728}