{"best_estimator": "RandomForestClassifier(criterion='log_loss', n_estimators=200)", "best_score": 0.5492026697525814, "test_score": 0.6708211143695015}