{"best_estimator": "RandomForestClassifier(criterion='log_loss', n_estimators=150)", "best_score": 0.5562861129873583, "test_score": 0.5247311827956989}