{"best_estimator": "RandomForestClassifier(criterion='log_loss')", "best_score": 0.5711666358348362, "test_score": 0.6356672780235193}