{"best_estimator": "RandomForestClassifier(n_estimators=200)", "best_score": 0.5393596649407935, "test_score": 0.5498479883128676}