{"best_estimator": "AdaBoostClassifier(algorithm='SAMME', learning_rate=0.01, n_estimators=150)", "best_score": 0.7367203704655209, "test_score": 0.7250420168067228}