{"best_estimator": "AdaBoostClassifier(algorithm='SAMME', learning_rate=0.001)", "best_score": 0.7644809967638315, "test_score": 0.6731050629206906}