{"best_estimator": "AdaBoostClassifier(algorithm='SAMME', learning_rate=0.001, n_estimators=400)", "best_score": 0.7441010041663711, "test_score": 0.9435154217762913}