{"best_estimator": "BernoulliNB()", "best_score": 0.5040328660276701, "test_score": 0.5131782945736434}