{"best_estimator": "BernoulliNB()", "best_score": 0.5236680001208055, "test_score": 0.48272195640616694}