{"best_estimator": "BernoulliNB()", "best_score": 0.4409095474511037, "test_score": 0.22857142857142856}