{"best_estimator": "HistGradientBoostingClassifier(learning_rate=0.01)", "best_score": 0.7130537406072772, "test_score": 0.9435154217762913}