{"best_estimator": "HistGradientBoostingClassifier(learning_rate=0.01)", "best_score": 0.7086017023696185, "test_score": 0.8054298642533937}