{"best_estimator": "KNeighborsClassifier(n_neighbors=20, p=3)", "best_score": 0.7388540585269513, "test_score": 0.7368728974696503}