{"best_estimator": "KNeighborsClassifier(n_neighbors=25, p=3)", "best_score": 0.7175199467969622, "test_score": 0.9435154217762913}