{"best_estimator": "RandomForestClassifier(max_depth=2, n_estimators=150)", "best_score": 0.7589763126576765, "test_score": 0.9435154217762913}