{"0": {"precision": 0.75, "recall": 0.5555555555555556, "f1-score": 0.6382978723404256, "support": 27.0}, "1": {"precision": 0.3684210526315789, "recall": 0.5833333333333334, "f1-score": 0.45161290322580644, "support": 12.0}, "accuracy": 0.5641025641025641, "macro avg": {"precision": 0.5592105263157895, "recall": 0.5694444444444444, "f1-score": 0.544955387783116, "support": 39.0}, "weighted avg": {"precision": 0.6325910931174088, "recall": 0.5641025641025641, "f1-score": 0.5808563433820811, "support": 39.0}}