{"0": {"precision": 0.8, "recall": 0.6153846153846154, "f1-score": 0.6956521739130435, "support": 26.0}, "1": {"precision": 0.4444444444444444, "recall": 0.6666666666666666, "f1-score": 0.5333333333333333, "support": 12.0}, "accuracy": 0.631578947368421, "macro avg": {"precision": 0.6222222222222222, "recall": 0.641025641025641, "f1-score": 0.6144927536231883, "support": 38.0}, "weighted avg": {"precision": 0.6877192982456141, "recall": 0.631578947368421, "f1-score": 0.6443935926773455, "support": 38.0}}