{"best_estimator": "HistGradientBoostingClassifier(learning_rate=0.5)", "best_score": 0.5811002878642768, "test_score": 0.8252052957935311}