{"best_estimator": "HistGradientBoostingClassifier()", "best_score": 0.5938423458941224, "test_score": 0.6425438596491229}