{"0": {"precision": 0.7241379310344828, "recall": 0.8076923076923077, "f1-score": 0.7636363636363637, "support": 26.0}, "1": {"precision": 0.4444444444444444, "recall": 0.3333333333333333, "f1-score": 0.38095238095238093, "support": 12.0}, "accuracy": 0.6578947368421053, "macro avg": {"precision": 0.5842911877394636, "recall": 0.5705128205128205, "f1-score": 0.5722943722943723, "support": 38.0}, "weighted avg": {"precision": 0.6358136721113127, "recall": 0.6578947368421053, "f1-score": 0.6427887901572112, "support": 38.0}}