{"best_estimator": "HistGradientBoostingClassifier()", "best_score": 0.6519839218767388, "test_score": 0.5516304347826088}