{"0": {"precision": 0.9166666666666666, "recall": 0.8148148148148148, "f1-score": 0.8627450980392157, "support": 27.0}, "1": {"precision": 0.6666666666666666, "recall": 0.8333333333333334, "f1-score": 0.7407407407407407, "support": 12.0}, "accuracy": 0.8205128205128205, "macro avg": {"precision": 0.7916666666666666, "recall": 0.8240740740740741, "f1-score": 0.8017429193899782, "support": 39.0}, "weighted avg": {"precision": 0.8397435897435898, "recall": 0.8205128205128205, "f1-score": 0.8252052957935311, "support": 39.0}}