{"0": {"precision": 0.8333333333333334, "recall": 0.7407407407407407, "f1-score": 0.7843137254901961, "support": 27.0}, "1": {"precision": 0.5333333333333333, "recall": 0.6666666666666666, "f1-score": 0.5925925925925926, "support": 12.0}, "accuracy": 0.717948717948718, "macro avg": {"precision": 0.6833333333333333, "recall": 0.7037037037037037, "f1-score": 0.6884531590413943, "support": 39.0}, "weighted avg": {"precision": 0.741025641025641, "recall": 0.717948717948718, "f1-score": 0.7253226076755488, "support": 39.0}}