{"best_estimator": "KNeighborsClassifier(p=1, weights='distance')", "best_score": 0.49294465830316536, "test_score": 0.5733051841426225}