{"best_estimator": "KNeighborsClassifier(n_neighbors=7, weights='distance')", "best_score": 0.5153155272647305, "test_score": 0.4744186046511628}