{"best_estimator": "KNeighborsClassifier(p=1, weights='distance')", "best_score": 0.50066278182577, "test_score": 0.5976331360946746}