{"best_estimator": "RandomForestClassifier(n_estimators=400)", "best_score": 0.669238046959274, "test_score": 0.5897435897435898}