{"best_estimator": "RandomForestClassifier(n_estimators=300)", "best_score": 0.6123762385373586, "test_score": 0.6410256410256411}