{"best_estimator": "RandomForestClassifier(n_estimators=400)", "best_score": 0.6028034239894093, "test_score": 0.7365134865134865}