{"best_estimator": "RandomForestClassifier(criterion='log_loss', n_estimators=200)", "best_score": 0.6094906008912289, "test_score": 0.6092879256965945}