{"best_estimator": "RandomForestClassifier(n_estimators=300)", "best_score": 0.5777185317218108, "test_score": 0.7604743083003952}