{"best_estimator": "BernoulliNB()", "best_score": 0.5602947439094007, "test_score": 0.43381250551194994}