{"best_estimator": "BernoulliNB()", "best_score": 0.5343008602997303, "test_score": 0.5425901930027962}