{"0": {"precision": 0.4722222222222222, "recall": 0.7727272727272727, "f1-score": 0.5862068965517241, "support": 22.0}, "1": {"precision": 0.5, "recall": 0.20833333333333334, "f1-score": 0.29411764705882354, "support": 24.0}, "accuracy": 0.4782608695652174, "macro avg": {"precision": 0.4861111111111111, "recall": 0.49053030303030304, "f1-score": 0.4401622718052738, "support": 46.0}, "weighted avg": {"precision": 0.4867149758454106, "recall": 0.4782608695652174, "f1-score": 0.43381250551194994, "support": 46.0}}