{"best_estimator": "HistGradientBoostingClassifier(learning_rate=0.5)", "best_score": 0.6488589739524238, "test_score": 0.6258503401360545}