{"best_estimator": "HistGradientBoostingClassifier(learning_rate=0.05)", "best_score": 0.6780362539146536, "test_score": 0.5431034482758621}