{"best_estimator": "KNeighborsClassifier(p=3)", "best_score": 0.690264495007317, "test_score": 0.6256410256410256}