{"best_estimator": "KNeighborsClassifier(n_neighbors=7, p=3)", "best_score": 0.6640462803798362, "test_score": 0.7216358788729492}