{"best_estimator": "KNeighborsClassifier(weights='distance')", "best_score": 0.6670072539091537, "test_score": 0.6944993412384717}