{"best_estimator": "KNeighborsClassifier(p=3)", "best_score": 0.6673079828175722, "test_score": 0.6757164404223228}