{"0": {"precision": 0.6538461538461539, "recall": 0.7727272727272727, "f1-score": 0.7083333333333334, "support": 22.0}, "1": {"precision": 0.75, "recall": 0.625, "f1-score": 0.6818181818181818, "support": 24.0}, "accuracy": 0.6956521739130435, "macro avg": {"precision": 0.7019230769230769, "recall": 0.6988636363636364, "f1-score": 0.6950757575757576, "support": 46.0}, "weighted avg": {"precision": 0.7040133779264215, "recall": 0.6956521739130435, "f1-score": 0.6944993412384717, "support": 46.0}}