{"0": {"precision": 0.76, "recall": 0.6551724137931034, "f1-score": 0.7037037037037037, "support": 29.0}, "1": {"precision": 0.4117647058823529, "recall": 0.5384615384615384, "f1-score": 0.4666666666666667, "support": 13.0}, "accuracy": 0.6190476190476191, "macro avg": {"precision": 0.5858823529411765, "recall": 0.596816976127321, "f1-score": 0.5851851851851853, "support": 42.0}, "weighted avg": {"precision": 0.6522128851540616, "recall": 0.6190476190476191, "f1-score": 0.6303350970017637, "support": 42.0}}