{"best_estimator": "RandomForestClassifier(criterion='log_loss', n_estimators=300)", "best_score": 0.6699813710562037, "test_score": 0.5652173913043478}