{"best_estimator": "BernoulliNB()", "best_score": 0.6190816377586024, "test_score": 0.36734693877551017}