{"0": {"precision": 0.47058823529411764, "recall": 0.7272727272727273, "f1-score": 0.5714285714285714, "support": 11.0}, "1": {"precision": 0.25, "recall": 0.1, "f1-score": 0.14285714285714285, "support": 10.0}, "accuracy": 0.42857142857142855, "macro avg": {"precision": 0.3602941176470588, "recall": 0.41363636363636364, "f1-score": 0.3571428571428571, "support": 21.0}, "weighted avg": {"precision": 0.365546218487395, "recall": 0.42857142857142855, "f1-score": 0.36734693877551017, "support": 21.0}}