{"best_estimator": "BernoulliNB()", "best_score": 0.5920228087898581, "test_score": 0.5851685393258428}