{"best_estimator": "BernoulliNB()", "best_score": 0.5986581973597056, "test_score": 0.6759002770083101}