{"0": {"precision": 0.5957446808510638, "recall": 0.8484848484848485, "f1-score": 0.7, "support": 33.0}, "1": {"precision": 0.5, "recall": 0.20833333333333334, "f1-score": 0.29411764705882354, "support": 24.0}, "accuracy": 0.5789473684210527, "macro avg": {"precision": 0.5478723404255319, "recall": 0.5284090909090909, "f1-score": 0.4970588235294118, "support": 57.0}, "weighted avg": {"precision": 0.555431131019037, "recall": 0.5789473684210527, "f1-score": 0.5291021671826625, "support": 57.0}}