{"0": {"precision": 0.8513513513513513, "recall": 0.8513513513513513, "f1-score": 0.8513513513513513, "support": 74.0}, "1": {"precision": 0.47619047619047616, "recall": 0.47619047619047616, "f1-score": 0.47619047619047616, "support": 21.0}, "accuracy": 0.7684210526315789, "macro avg": {"precision": 0.6637709137709138, "recall": 0.6637709137709138, "f1-score": 0.6637709137709138, "support": 95.0}, "weighted avg": {"precision": 0.7684210526315789, "recall": 0.7684210526315789, "f1-score": 0.7684210526315789, "support": 95.0}}