{"best_estimator": "HistGradientBoostingClassifier(learning_rate=0.5)", "best_score": 0.7156774942470122, "test_score": 0.7023470839260314}