{"best_estimator": "HistGradientBoostingClassifier(learning_rate=0.05)", "best_score": 0.7449802407438905, "test_score": 0.7570532915360502}