{"best_estimator": "HistGradientBoostingClassifier(learning_rate=0.01)", "best_score": 0.7018635083540457, "test_score": 0.6367871485943775}