{"best_estimator": "HistGradientBoostingClassifier()", "best_score": 0.7429716473581397, "test_score": 0.5396825396825397}