{"0": {"precision": 0.875, "recall": 0.6666666666666666, "f1-score": 0.7567567567567568, "support": 42.0}, "1": {"precision": 0.44, "recall": 0.7333333333333333, "f1-score": 0.55, "support": 15.0}, "accuracy": 0.6842105263157895, "macro avg": {"precision": 0.6575, "recall": 0.7, "f1-score": 0.6533783783783784, "support": 57.0}, "weighted avg": {"precision": 0.7605263157894737, "recall": 0.6842105263157895, "f1-score": 0.7023470839260314, "support": 57.0}}