{"best_estimator": "HistGradientBoostingClassifier(learning_rate=0.5)", "best_score": 0.7333546125363759, "test_score": 0.7069147069147069}