{"best_estimator": "HistGradientBoostingClassifier(learning_rate=0.5)", "best_score": 0.7325290347304008, "test_score": 0.5634147602875514}