{"best_estimator": "KNeighborsClassifier(n_neighbors=15, p=3)", "best_score": 0.7368390403069671, "test_score": 0.806878306878307}