{"0": {"precision": 0.7692307692307693, "recall": 0.9090909090909091, "f1-score": 0.8333333333333334, "support": 11.0}, "1": {"precision": 0.875, "recall": 0.7, "f1-score": 0.7777777777777778, "support": 10.0}, "accuracy": 0.8095238095238095, "macro avg": {"precision": 0.8221153846153846, "recall": 0.8045454545454545, "f1-score": 0.8055555555555556, "support": 21.0}, "weighted avg": {"precision": 0.8195970695970696, "recall": 0.8095238095238095, "f1-score": 0.806878306878307, "support": 21.0}}