{"best_estimator": "RandomForestClassifier()", "best_score": 0.6200076300801527, "test_score": 0.720421052631579}