{"best_estimator": "RandomForestClassifier(criterion='log_loss')", "best_score": 0.6688363222593648, "test_score": 0.6124401913875598}