{"best_estimator": "RandomForestClassifier(criterion='entropy', n_estimators=200)", "best_score": 0.6740928391779052, "test_score": 0.6615866264989072}