{"best_estimator": "RandomForestClassifier(criterion='entropy', n_estimators=300)", "best_score": 0.679273834570087, "test_score": 0.3601190476190476}