{"best_estimator": "RandomForestClassifier(criterion='entropy', n_estimators=200)", "best_score": 0.6537846752890358, "test_score": 0.7894736842105263}