{"0": {"precision": 0.6666666666666666, "recall": 0.9696969696969697, "f1-score": 0.7901234567901234, "support": 33.0}, "1": {"precision": 0.8888888888888888, "recall": 0.3333333333333333, "f1-score": 0.48484848484848486, "support": 24.0}, "accuracy": 0.7017543859649122, "macro avg": {"precision": 0.7777777777777777, "recall": 0.6515151515151515, "f1-score": 0.6374859708193041, "support": 57.0}, "weighted avg": {"precision": 0.7602339181286549, "recall": 0.7017543859649122, "f1-score": 0.6615866264989072, "support": 57.0}}