{"precision": 0.7165691513014677, "recall": 0.7157096544025747, "f1": 0.7084129216469458}