{"best_estimator": "BernoulliNB()", "best_score": 0.5430826488890974, "test_score": 0.6619318181818181}