{"best_estimator": "BernoulliNB()", "best_score": 0.5481262138344327, "test_score": 0.5504767722012963}