{"best_estimator": "BernoulliNB()", "best_score": 0.5400500808641236, "test_score": 0.5147727272727273}