{"0": {"precision": 0.6818181818181818, "recall": 0.7894736842105263, "f1-score": 0.7317073170731707, "support": 19.0}, "1": {"precision": 0.6, "recall": 0.46153846153846156, "f1-score": 0.5217391304347826, "support": 13.0}, "accuracy": 0.65625, "macro avg": {"precision": 0.6409090909090909, "recall": 0.6255060728744939, "f1-score": 0.6267232237539766, "support": 32.0}, "weighted avg": {"precision": 0.6485795454545454, "recall": 0.65625, "f1-score": 0.6464077412513256, "support": 32.0}}