{"best_estimator": "HistGradientBoostingClassifier()", "best_score": 0.5623257233408151, "test_score": 0.6383838383838384}