{"best_estimator": "HistGradientBoostingClassifier()", "best_score": 0.5274707506485956, "test_score": 0.6928904428904429}