{"best_estimator": "RandomForestClassifier(criterion='entropy', n_estimators=200)", "best_score": 0.6121530675249003, "test_score": 0.6579704704704705}