{"best_estimator": "RandomForestClassifier(n_estimators=150)", "best_score": 0.576045287178739, "test_score": 0.7053287380699894}