{"best_estimator": "RandomForestClassifier(n_estimators=400)", "best_score": 0.5619373742217632, "test_score": 0.6572660098522167}