{"best_estimator": "RandomForestClassifier(criterion='log_loss', n_estimators=300)", "best_score": 0.5508797124602982, "test_score": 0.6075291592532972}