{"best_estimator": "AdaBoostClassifier(algorithm='SAMME', learning_rate=0.5, n_estimators=150)", "best_score": 0.5634948867771563, "test_score": 0.46687766015497106}