{"best_estimator": "BernoulliNB()", "best_score": 0.5225905590442562, "test_score": 0.5981695869837297}