{"0": {"precision": 0.6896551724137931, "recall": 1.0, "f1-score": 0.8163265306122449, "support": 20.0}, "1": {"precision": 1.0, "recall": 0.3076923076923077, "f1-score": 0.47058823529411764, "support": 13.0}, "accuracy": 0.7272727272727273, "macro avg": {"precision": 0.8448275862068966, "recall": 0.6538461538461539, "f1-score": 0.6434573829531813, "support": 33.0}, "weighted avg": {"precision": 0.8119122257053293, "recall": 0.7272727272727273, "f1-score": 0.6801265960929826, "support": 33.0}}