{"0": {"precision": 0.7307692307692307, "recall": 1.0, "f1-score": 0.8444444444444444, "support": 19.0}, "1": {"precision": 1.0, "recall": 0.46153846153846156, "f1-score": 0.631578947368421, "support": 13.0}, "accuracy": 0.78125, "macro avg": {"precision": 0.8653846153846154, "recall": 0.7307692307692308, "f1-score": 0.7380116959064327, "support": 32.0}, "weighted avg": {"precision": 0.8401442307692307, "recall": 0.78125, "f1-score": 0.7579678362573099, "support": 32.0}}