{"best_estimator": "BernoulliNB()", "best_score": 0.522624923838359, "test_score": 0.5251095118898623}