{"best_estimator": "BernoulliNB()", "best_score": 0.5329969855549044, "test_score": 0.4278074866310161}