{"best_estimator": "HistGradientBoostingClassifier(learning_rate=0.05)", "best_score": 0.5489242462972898, "test_score": 0.5165945165945166}