{"0": {"precision": 0.625, "recall": 1.0, "f1-score": 0.7692307692307693, "support": 20.0}, "1": {"precision": 1.0, "recall": 0.07692307692307693, "f1-score": 0.14285714285714285, "support": 13.0}, "accuracy": 0.6363636363636364, "macro avg": {"precision": 0.8125, "recall": 0.5384615384615384, "f1-score": 0.4560439560439561, "support": 33.0}, "weighted avg": {"precision": 0.7727272727272727, "recall": 0.6363636363636364, "f1-score": 0.5224775224775224, "support": 33.0}}