{"best_estimator": "KNeighborsClassifier(n_neighbors=25, weights='distance')", "best_score": 0.5883333642723718, "test_score": 0.6223958333333333}