{"best_estimator": "KNeighborsClassifier(n_neighbors=15, p=1)", "best_score": 0.5943239114156658, "test_score": 0.5251095118898623}