{"best_estimator": "RandomForestClassifier(criterion='entropy', n_estimators=150)", "best_score": 0.5386179310831063, "test_score": 0.45909090909090905}