{"best_estimator": "BernoulliNB()", "best_score": 0.5388940493424579, "test_score": 0.5502588438308887}