{"0": {"precision": 0.6578947368421053, "recall": 0.9615384615384616, "f1-score": 0.78125, "support": 26.0}, "1": {"precision": 0.6666666666666666, "recall": 0.13333333333333333, "f1-score": 0.2222222222222222, "support": 15.0}, "accuracy": 0.6585365853658537, "macro avg": {"precision": 0.6622807017543859, "recall": 0.5474358974358975, "f1-score": 0.5017361111111112, "support": 41.0}, "weighted avg": {"precision": 0.6611039794608473, "recall": 0.6585365853658537, "f1-score": 0.5767276422764227, "support": 41.0}}