{"best_estimator": "BernoulliNB()", "best_score": 0.5308079471046004, "test_score": 0.5333333333333333}