{"best_estimator": "BernoulliNB()", "best_score": 0.5371772900833205, "test_score": 0.5333333333333333}