{"best_estimator": "BernoulliNB()", "best_score": 0.5274229018660076, "test_score": 0.5502588438308887}