{"best_estimator": "BernoulliNB()", "best_score": 0.5296902482821297, "test_score": 0.5767276422764227}