{"best_estimator": "HistGradientBoostingClassifier(learning_rate=0.5)", "best_score": 0.6011087063923631, "test_score": 0.5732445520581113}