{"best_estimator": "HistGradientBoostingClassifier(learning_rate=0.05)", "best_score": 0.5806602996067352, "test_score": 0.5915199782795602}