{"best_estimator": "HistGradientBoostingClassifier(learning_rate=0.01)", "best_score": 0.5832716480276033, "test_score": 0.6701898188093184}