{"best_estimator": "HistGradientBoostingClassifier(learning_rate=0.5)", "best_score": 0.568832465621409, "test_score": 0.5425824175824177}