{"best_estimator": "HistGradientBoostingClassifier(learning_rate=0.05)", "best_score": 0.5695088207080237, "test_score": 0.6105015673981191}