{"best_estimator": "KNeighborsClassifier(n_neighbors=10, weights='distance')", "best_score": 0.5651138877321158, "test_score": 0.695054945054945}