{"best_estimator": "KNeighborsClassifier(n_neighbors=10, p=3, weights='distance')", "best_score": 0.5841105238923822, "test_score": 0.5333333333333333}