{"best_estimator": "KNeighborsClassifier(p=3)", "best_score": 0.5699784010590397, "test_score": 0.5714285714285714}