{"best_estimator": "RandomForestClassifier(criterion='entropy', n_estimators=150)", "best_score": 0.5644304924786231, "test_score": 0.687046004842615}