{"best_estimator": "RandomForestClassifier(n_estimators=400)", "best_score": 0.5670050226072393, "test_score": 0.7217868338557993}