{"best_estimator": "RandomForestClassifier(criterion='log_loss', n_estimators=400)", "best_score": 0.5644201025346101, "test_score": 0.6661442006269592}