{"best_estimator": "RandomForestClassifier(criterion='log_loss', n_estimators=300)", "best_score": 0.5743714610427073, "test_score": 0.5916666666666667}