{"best_estimator": "RandomForestClassifier(n_estimators=150)", "best_score": 0.5654146935465609, "test_score": 0.716645271715875}