{"0": {"precision": 0.8, "recall": 0.5454545454545454, "f1-score": 0.6486486486486487, "support": 22.0}, "1": {"precision": 0.6774193548387096, "recall": 0.875, "f1-score": 0.7636363636363637, "support": 24.0}, "accuracy": 0.717391304347826, "macro avg": {"precision": 0.7387096774193549, "recall": 0.7102272727272727, "f1-score": 0.7061425061425062, "support": 46.0}, "weighted avg": {"precision": 0.7360448807854137, "recall": 0.717391304347826, "f1-score": 0.7086422390770217, "support": 46.0}}