{"best_estimator": "BernoulliNB()", "best_score": 0.5347031153761636, "test_score": 0.5681818181818182}