{"best_estimator": "BernoulliNB()", "best_score": 0.5275840476114246, "test_score": 0.2488888888888889}