{"best_estimator": "BernoulliNB()", "best_score": 0.51027293095543, "test_score": 0.6198656314116748}