{"best_estimator": "HistGradientBoostingClassifier(learning_rate=0.5)", "best_score": 0.7040248237939031, "test_score": 0.6638179681657942}