{"0": {"precision": 0.6785714285714286, "recall": 0.7037037037037037, "f1-score": 0.6909090909090909, "support": 27.0}, "1": {"precision": 0.5294117647058824, "recall": 0.5, "f1-score": 0.5142857142857142, "support": 18.0}, "accuracy": 0.6222222222222222, "macro avg": {"precision": 0.6039915966386555, "recall": 0.6018518518518519, "f1-score": 0.6025974025974026, "support": 45.0}, "weighted avg": {"precision": 0.6189075630252101, "recall": 0.6222222222222222, "f1-score": 0.6202597402597403, "support": 45.0}}