{"best_estimator": "HistGradientBoostingClassifier(learning_rate=0.05)", "best_score": 0.6532231046480257, "test_score": 0.738095238095238}