{"best_estimator": "HistGradientBoostingClassifier(learning_rate=0.5)", "best_score": 0.632317493859528, "test_score": 0.463768115942029}