{"best_estimator": "KNeighborsClassifier(weights='distance')", "best_score": 0.6508194141059811, "test_score": 0.6103896103896103}