{"best_estimator": "KNeighborsClassifier(n_neighbors=7, weights='distance')", "best_score": 0.6604914522499236, "test_score": 0.6730462519936203}