{"0": {"precision": 0.6521739130434783, "recall": 0.6818181818181818, "f1-score": 0.6666666666666666, "support": 22.0}, "1": {"precision": 0.6956521739130435, "recall": 0.6666666666666666, "f1-score": 0.6808510638297872, "support": 24.0}, "accuracy": 0.6739130434782609, "macro avg": {"precision": 0.6739130434782609, "recall": 0.6742424242424242, "f1-score": 0.6737588652482269, "support": 46.0}, "weighted avg": {"precision": 0.6748582230623817, "recall": 0.6739130434782609, "f1-score": 0.6740672217082948, "support": 46.0}}