{"best_estimator": "KNeighborsClassifier(weights='distance')", "best_score": 0.6758874771802705, "test_score": 0.6740672217082948}