{"best_estimator": "RandomForestClassifier(criterion='entropy', n_estimators=150)", "best_score": 0.6387211279402714, "test_score": 0.8317460317460318}