{"0": {"precision": 0.7878787878787878, "recall": 0.896551724137931, "f1-score": 0.8387096774193549, "support": 29.0}, "1": {"precision": 0.6666666666666666, "recall": 0.46153846153846156, "f1-score": 0.5454545454545454, "support": 13.0}, "accuracy": 0.7619047619047619, "macro avg": {"precision": 0.7272727272727273, "recall": 0.6790450928381964, "f1-score": 0.6920821114369502, "support": 42.0}, "weighted avg": {"precision": 0.7503607503607503, "recall": 0.7619047619047619, "f1-score": 0.7479402318111996, "support": 42.0}}