{"best_estimator": "RandomForestClassifier(criterion='log_loss', n_estimators=400)", "best_score": 0.6613170665514704, "test_score": 0.6086956521739131}