{"best_estimator": "HistGradientBoostingClassifier(learning_rate=0.5)", "best_score": 0.7358755050512242, "test_score": 0.650008337715979}