{"best_estimator": "KNeighborsClassifier(n_neighbors=10)", "best_score": 0.7712418509921534, "test_score": 0.6943578997990485}