{"best_estimator": "RandomForestClassifier(max_depth=2, n_estimators=300)", "best_score": 0.7812484929069946, "test_score": 0.7603042450406001}