{"best_estimator": "RandomForestClassifier(max_depth=3, n_estimators=300)", "best_score": 0.8023367908510718, "test_score": 0.6944226237234878}