{"precision": 0.7377276506254802, "recall": 0.7104692191643682, "f1": 0.710437236658406}