{"0": {"precision": 0.7941176470588235, "recall": 0.8181818181818182, "f1-score": 0.8059701492537313, "support": 33.0}, "1": {"precision": 0.5384615384615384, "recall": 0.5, "f1-score": 0.5185185185185185, "support": 14.0}, "accuracy": 0.723404255319149, "macro avg": {"precision": 0.666289592760181, "recall": 0.6590909090909092, "f1-score": 0.6622443338861249, "support": 47.0}, "weighted avg": {"precision": 0.7179647636468662, "recall": 0.723404255319149, "f1-score": 0.7203462592474976, "support": 47.0}}