{"0": {"precision": 0.7209302325581395, "recall": 0.9393939393939394, "f1-score": 0.8157894736842105, "support": 33.0}, "1": {"precision": 0.5, "recall": 0.14285714285714285, "f1-score": 0.2222222222222222, "support": 14.0}, "accuracy": 0.7021276595744681, "macro avg": {"precision": 0.6104651162790697, "recall": 0.5411255411255411, "f1-score": 0.5190058479532164, "support": 47.0}, "weighted avg": {"precision": 0.6551212271152894, "recall": 0.7021276595744681, "f1-score": 0.6389822072912777, "support": 47.0}}