{"best_estimator": "BernoulliNB()", "best_score": 0.5109058656757746, "test_score": 0.39290917921321034}