{"best_estimator": "BernoulliNB()", "best_score": 0.5088055698940374, "test_score": 0.5422958133150309}