{"0": {"precision": 0.5, "recall": 0.92, "f1-score": 0.647887323943662, "support": 25.0}, "1": {"precision": 0.5, "recall": 0.08, "f1-score": 0.13793103448275862, "support": 25.0}, "accuracy": 0.5, "macro avg": {"precision": 0.5, "recall": 0.5, "f1-score": 0.39290917921321034, "support": 50.0}, "weighted avg": {"precision": 0.5, "recall": 0.5, "f1-score": 0.39290917921321034, "support": 50.0}}