{"best_estimator": "HistGradientBoostingClassifier()", "best_score": 0.5962261237702069, "test_score": 0.6349206349206349}