{"best_estimator": "HistGradientBoostingClassifier(learning_rate=0.05)", "best_score": 0.5955781661237692, "test_score": 0.7119341563786007}