{"best_estimator": "HistGradientBoostingClassifier(learning_rate=0.5)", "best_score": 0.5916813799689091, "test_score": 0.6725907384230287}