{"best_estimator": "KNeighborsClassifier(p=1, weights='distance')", "best_score": 0.5571489796804543, "test_score": 0.7119341563786007}