{"best_estimator": "KNeighborsClassifier(n_neighbors=25)", "best_score": 0.5577944792065984, "test_score": 0.2296296296296296}