{"best_estimator": "KNeighborsClassifier(n_neighbors=20, weights='distance')", "best_score": 0.5970685793002117, "test_score": 0.5375565610859728}