{"0": {"precision": 0.7241379310344828, "recall": 0.4666666666666667, "f1-score": 0.5675675675675675, "support": 45.0}, "1": {"precision": 0.38461538461538464, "recall": 0.6521739130434783, "f1-score": 0.4838709677419355, "support": 23.0}, "accuracy": 0.5294117647058824, "macro avg": {"precision": 0.5543766578249337, "recall": 0.5594202898550724, "f1-score": 0.5257192676547515, "support": 68.0}, "weighted avg": {"precision": 0.6092994226868466, "recall": 0.5294117647058824, "f1-score": 0.539258423508898, "support": 68.0}}