{"best_estimator": "RandomForestClassifier()", "best_score": 0.6008175199171051, "test_score": 0.9320574162679426}