{"best_estimator": "RandomForestClassifier(criterion='log_loss', n_estimators=300)", "best_score": 0.6050199151996807, "test_score": 0.5390946502057612}