{"best_estimator": "RandomForestClassifier()", "best_score": 0.6166518665812196, "test_score": 0.6369047619047619}