{"best_estimator": "RandomForestClassifier(n_estimators=150)", "best_score": 0.5776639194139193, "test_score": 0.3938595486310001}