{"best_estimator": "RandomForestClassifier(criterion='log_loss', n_estimators=400)", "best_score": 0.6242373816207104, "test_score": 0.5092870920680302}