{"best_estimator": "BernoulliNB()", "best_score": 0.6038758051715345, "test_score": 0.34812521499828003}