{"best_estimator": "BernoulliNB()", "best_score": 0.5978289728378938, "test_score": 0.4638578543545565}