{"best_estimator": "BernoulliNB()", "best_score": 0.5875665559582581, "test_score": 0.5029159519725558}