{"best_estimator": "BernoulliNB()", "best_score": 0.5863424437413581, "test_score": 0.7276887871853547}