{"0": {"precision": 0.9649122807017544, "recall": 0.7432432432432432, "f1-score": 0.8396946564885496, "support": 74.0}, "1": {"precision": 0.5, "recall": 0.9047619047619048, "f1-score": 0.6440677966101694, "support": 21.0}, "accuracy": 0.7789473684210526, "macro avg": {"precision": 0.7324561403508771, "recall": 0.824002574002574, "f1-score": 0.7418812265493595, "support": 95.0}, "weighted avg": {"precision": 0.8621421975992613, "recall": 0.7789473684210526, "f1-score": 0.7964508243049077, "support": 95.0}}