{"best_estimator": "HistGradientBoostingClassifier()", "best_score": 0.76204207065099, "test_score": 0.7142857142857142}