{"best_estimator": "HistGradientBoostingClassifier()", "best_score": 0.744668086268803, "test_score": 0.7964508243049077}