{"best_estimator": "HistGradientBoostingClassifier(learning_rate=0.01)", "best_score": 0.7671410819795074, "test_score": 0.7210395716337991}