{"0": {"precision": 0.6363636363636364, "recall": 0.3888888888888889, "f1-score": 0.4827586206896552, "support": 36.0}, "1": {"precision": 0.37142857142857144, "recall": 0.6190476190476191, "f1-score": 0.4642857142857143, "support": 21.0}, "accuracy": 0.47368421052631576, "macro avg": {"precision": 0.5038961038961038, "recall": 0.503968253968254, "f1-score": 0.4735221674876847, "support": 57.0}, "weighted avg": {"precision": 0.5387559808612441, "recall": 0.47368421052631576, "f1-score": 0.47595281306715065, "support": 57.0}}