{"best_estimator": "RandomForestClassifier(criterion='log_loss')", "best_score": 0.6961908157011807, "test_score": 0.6628803245436105}