{"0": {"precision": 0.6470588235294118, "recall": 1.0, "f1-score": 0.7857142857142857, "support": 11.0}, "1": {"precision": 1.0, "recall": 0.4, "f1-score": 0.5714285714285714, "support": 10.0}, "accuracy": 0.7142857142857143, "macro avg": {"precision": 0.8235294117647058, "recall": 0.7, "f1-score": 0.6785714285714286, "support": 21.0}, "weighted avg": {"precision": 0.8151260504201681, "recall": 0.7142857142857143, "f1-score": 0.6836734693877551, "support": 21.0}}