{"best_estimator": "RandomForestClassifier(criterion='entropy')", "best_score": 0.6523643318268977, "test_score": 0.6709051108784619}