{"best_estimator": "RandomForestClassifier()", "best_score": 0.6086401994795901, "test_score": 0.7742448330683624}