{"0": {"precision": 0.7096774193548387, "recall": 0.9166666666666666, "f1-score": 0.8, "support": 24.0}, "1": {"precision": 0.75, "recall": 0.4, "f1-score": 0.5217391304347826, "support": 15.0}, "accuracy": 0.717948717948718, "macro avg": {"precision": 0.7298387096774194, "recall": 0.6583333333333333, "f1-score": 0.6608695652173913, "support": 39.0}, "weighted avg": {"precision": 0.7251861042183623, "recall": 0.717948717948718, "f1-score": 0.6929765886287625, "support": 39.0}}