{"0": {"precision": 0.6153846153846154, "recall": 1.0, "f1-score": 0.7619047619047619, "support": 24.0}, "1": {"precision": 0.0, "recall": 0.0, "f1-score": 0.0, "support": 15.0}, "accuracy": 0.6153846153846154, "macro avg": {"precision": 0.3076923076923077, "recall": 0.5, "f1-score": 0.38095238095238093, "support": 39.0}, "weighted avg": {"precision": 0.37869822485207105, "recall": 0.6153846153846154, "f1-score": 0.46886446886446886, "support": 39.0}}