{"best_estimator": "BernoulliNB()", "best_score": 0.4739939290489502, "test_score": 0.443859649122807}