{"best_estimator": "HistGradientBoostingClassifier(learning_rate=0.05)", "best_score": 0.706967853643775, "test_score": 0.5954171142141067}