{"best_estimator": "HistGradientBoostingClassifier(learning_rate=0.05)", "best_score": 0.6872762741620492, "test_score": 0.7030478955007257}