{"best_estimator": "HistGradientBoostingClassifier(learning_rate=0.05)", "best_score": 0.6598719261154045, "test_score": 0.8145731165772098}