{"0": {"precision": 0.8, "recall": 0.8333333333333334, "f1-score": 0.8163265306122449, "support": 24.0}, "1": {"precision": 0.7142857142857143, "recall": 0.6666666666666666, "f1-score": 0.6896551724137931, "support": 15.0}, "accuracy": 0.7692307692307693, "macro avg": {"precision": 0.7571428571428571, "recall": 0.75, "f1-score": 0.752990851513019, "support": 39.0}, "weighted avg": {"precision": 0.7670329670329671, "recall": 0.7692307692307693, "f1-score": 0.7676067774589942, "support": 39.0}}