{"best_estimator": "KNeighborsClassifier(n_neighbors=25)", "best_score": 0.6750176189253813, "test_score": 0.6160968660968661}