{"0": {"precision": 0.7407407407407407, "recall": 0.8333333333333334, "f1-score": 0.7843137254901961, "support": 24.0}, "1": {"precision": 0.6666666666666666, "recall": 0.5333333333333333, "f1-score": 0.5925925925925926, "support": 15.0}, "accuracy": 0.717948717948718, "macro avg": {"precision": 0.7037037037037037, "recall": 0.6833333333333333, "f1-score": 0.6884531590413943, "support": 39.0}, "weighted avg": {"precision": 0.7122507122507122, "recall": 0.717948717948718, "f1-score": 0.7105748282218871, "support": 39.0}}