{"0": {"precision": 0.7333333333333333, "recall": 0.9166666666666666, "f1-score": 0.8148148148148148, "support": 24.0}, "1": {"precision": 0.7777777777777778, "recall": 0.4666666666666667, "f1-score": 0.5833333333333334, "support": 15.0}, "accuracy": 0.7435897435897436, "macro avg": {"precision": 0.7555555555555555, "recall": 0.6916666666666667, "f1-score": 0.6990740740740741, "support": 39.0}, "weighted avg": {"precision": 0.7504273504273504, "recall": 0.7435897435897436, "f1-score": 0.7257834757834757, "support": 39.0}}