{"0": {"precision": 0.68, "recall": 0.7391304347826086, "f1-score": 0.7083333333333334, "support": 23.0}, "1": {"precision": 0.5384615384615384, "recall": 0.4666666666666667, "f1-score": 0.5, "support": 15.0}, "accuracy": 0.631578947368421, "macro avg": {"precision": 0.6092307692307692, "recall": 0.6028985507246376, "f1-score": 0.6041666666666667, "support": 38.0}, "weighted avg": {"precision": 0.6241295546558705, "recall": 0.631578947368421, "f1-score": 0.6260964912280702, "support": 38.0}}