{"best_estimator": "RandomForestClassifier(criterion='entropy', n_estimators=400)", "best_score": 0.6875988884231047, "test_score": 0.7912679425837321}