{"0": {"precision": 0.8636363636363636, "recall": 0.76, "f1-score": 0.8085106382978723, "support": 25.0}, "1": {"precision": 0.75, "recall": 0.8571428571428571, "f1-score": 0.8, "support": 21.0}, "accuracy": 0.8043478260869565, "macro avg": {"precision": 0.8068181818181819, "recall": 0.8085714285714285, "f1-score": 0.8042553191489361, "support": 46.0}, "weighted avg": {"precision": 0.8117588932806324, "recall": 0.8043478260869565, "f1-score": 0.8046253469010175, "support": 46.0}}