{"best_estimator": "BernoulliNB()", "best_score": 0.61426581031536, "test_score": 0.5390946502057612}