{"best_estimator": "BernoulliNB()", "best_score": 0.5789017869329068, "test_score": 0.5681818181818182}