{"best_estimator": "BernoulliNB()", "best_score": 0.49819050565243, "test_score": 0.6666666666666666}