{"best_estimator": "HistGradientBoostingClassifier(learning_rate=0.001)", "best_score": 0.7520443873877264, "test_score": 0.6527777777777778}