{"0": {"precision": 0.7, "recall": 0.7368421052631579, "f1-score": 0.717948717948718, "support": 19.0}, "1": {"precision": 0.782608695652174, "recall": 0.75, "f1-score": 0.7659574468085106, "support": 24.0}, "accuracy": 0.7441860465116279, "macro avg": {"precision": 0.741304347826087, "recall": 0.743421052631579, "f1-score": 0.7419530823786142, "support": 43.0}, "weighted avg": {"precision": 0.7461071789686553, "recall": 0.7441860465116279, "f1-score": 0.7447442875448814, "support": 43.0}}