{"best_estimator": "KNeighborsClassifier(n_neighbors=15, p=1, weights='distance')", "best_score": 0.7026400170388005, "test_score": 0.624572658591145}