{"best_estimator": "KNeighborsClassifier(n_neighbors=10, p=1)", "best_score": 0.6803342477489593, "test_score": 0.606438127090301}