{"best_estimator": "RandomForestClassifier(max_depth=2, n_estimators=150)", "best_score": 0.7538886695225975, "test_score": 0.8003982080637133}