{"best_estimator": "RandomForestClassifier(max_depth=2, n_estimators=300)", "best_score": 0.7583748578770064, "test_score": 0.7878835255032246}