{"best_estimator": "RandomForestClassifier(max_depth=2, n_estimators=200)", "best_score": 0.7737442807233798, "test_score": 0.6046079524340394}