{"precision": 0.7589711781878997, "recall": 0.7056599557843803, "f1": 0.7144657790887226}