{"best_estimator": "BernoulliNB()", "best_score": 0.43926232848945324, "test_score": 0.4296296296296296}