{"best_estimator": "BernoulliNB()", "best_score": 0.40977072270585857, "test_score": 0.4365079365079365}