{"best_estimator": "BernoulliNB()", "best_score": 0.43560091178432714, "test_score": 0.27081770442610653}