{"best_estimator": "BernoulliNB()", "best_score": 0.4306470750575994, "test_score": 0.4461778066190785}