{"best_estimator": "BernoulliNB()", "best_score": 0.4253821585852779, "test_score": 0.5333333333333333}