{"best_estimator": "BernoulliNB()", "best_score": 0.42445896476896283, "test_score": 0.2177777777777778}