{"0": {"precision": 0.6567164179104478, "recall": 1.0, "f1-score": 0.7927927927927928, "support": 44.0}, "1": {"precision": 0.0, "recall": 0.0, "f1-score": 0.0, "support": 23.0}, "accuracy": 0.6567164179104478, "macro avg": {"precision": 0.3283582089552239, "recall": 0.5, "f1-score": 0.3963963963963964, "support": 67.0}, "weighted avg": {"precision": 0.4312764535531299, "recall": 0.6567164179104478, "f1-score": 0.5206400430281027, "support": 67.0}}