{"best_estimator": "BernoulliNB()", "best_score": 0.4147296117758816, "test_score": 0.5206400430281027}