{"best_estimator": "HistGradientBoostingClassifier(learning_rate=0.01)", "best_score": 0.6449068271542007, "test_score": 0.7177936897711562}