{"best_estimator": "HistGradientBoostingClassifier()", "best_score": 0.7000717591207228, "test_score": 0.6016512258145837}