{"best_estimator": "KNeighborsClassifier(n_neighbors=25, p=1)", "best_score": 0.7151182641582722, "test_score": 0.7333333333333333}