{"0": {"precision": 0.8387096774193549, "recall": 0.896551724137931, "f1-score": 0.8666666666666667, "support": 29.0}, "1": {"precision": 0.7272727272727273, "recall": 0.6153846153846154, "f1-score": 0.6666666666666666, "support": 13.0}, "accuracy": 0.8095238095238095, "macro avg": {"precision": 0.782991202346041, "recall": 0.7559681697612732, "f1-score": 0.7666666666666666, "support": 42.0}, "weighted avg": {"precision": 0.8042172880882559, "recall": 0.8095238095238095, "f1-score": 0.8047619047619047, "support": 42.0}}