{"best_estimator": "RandomForestClassifier(max_depth=3, n_estimators=150)", "best_score": 0.745247406007971, "test_score": 0.7433394476583846}