{"best_estimator": "AdaBoostClassifier(algorithm='SAMME', learning_rate=0.01, n_estimators=200)", "best_score": 0.7054409846360576, "test_score": 0.7046101058682073}