{"best_estimator": "BernoulliNB()", "best_score": 0.5243210133061662, "test_score": 0.4594694960212201}