{"best_estimator": "BernoulliNB()", "best_score": 0.537158814132769, "test_score": 0.5151785714285714}