{"0": {"precision": 0.7466666666666667, "recall": 0.8235294117647058, "f1-score": 0.7832167832167832, "support": 68.0}, "1": {"precision": 0.3684210526315789, "recall": 0.2692307692307692, "f1-score": 0.3111111111111111, "support": 26.0}, "accuracy": 0.6702127659574468, "macro avg": {"precision": 0.5575438596491228, "recall": 0.5463800904977375, "f1-score": 0.5471639471639471, "support": 94.0}, "weighted avg": {"precision": 0.6420455393803658, "recall": 0.6702127659574468, "f1-score": 0.6526343632726611, "support": 94.0}}