{"0": {"precision": 0.5416666666666666, "recall": 0.9629629629629629, "f1-score": 0.6933333333333334, "support": 27.0}, "1": {"precision": 0.75, "recall": 0.12, "f1-score": 0.20689655172413793, "support": 25.0}, "accuracy": 0.5576923076923077, "macro avg": {"precision": 0.6458333333333333, "recall": 0.5414814814814815, "f1-score": 0.45011494252873563, "support": 52.0}, "weighted avg": {"precision": 0.6418269230769231, "recall": 0.5576923076923077, "f1-score": 0.4594694960212201, "support": 52.0}}