{"best_estimator": "BernoulliNB()", "best_score": 0.49359559042240536, "test_score": 0.5679012345679013}