{"best_estimator": "HistGradientBoostingClassifier(learning_rate=0.5)", "best_score": 0.6411423533794377, "test_score": 0.764102564102564}