{"0": {"precision": 0.7727272727272727, "recall": 0.6071428571428571, "f1-score": 0.68, "support": 28.0}, "1": {"precision": 0.65625, "recall": 0.8076923076923077, "f1-score": 0.7241379310344828, "support": 26.0}, "accuracy": 0.7037037037037037, "macro avg": {"precision": 0.7144886363636364, "recall": 0.7074175824175823, "f1-score": 0.7020689655172414, "support": 54.0}, "weighted avg": {"precision": 0.716645622895623, "recall": 0.7037037037037037, "f1-score": 0.7012515964240102, "support": 54.0}}