{"best_estimator": "HistGradientBoostingClassifier(learning_rate=0.01)", "best_score": 0.6498419882956581, "test_score": 0.708843537414966}