{"best_estimator": "HistGradientBoostingClassifier(learning_rate=0.05)", "best_score": 0.699094327336226, "test_score": 0.7012515964240102}