{"0": {"precision": 0.7948717948717948, "recall": 0.8611111111111112, "f1-score": 0.8266666666666667, "support": 36.0}, "1": {"precision": 0.6153846153846154, "recall": 0.5, "f1-score": 0.5517241379310345, "support": 16.0}, "accuracy": 0.75, "macro avg": {"precision": 0.7051282051282051, "recall": 0.6805555555555556, "f1-score": 0.6891954022988506, "support": 52.0}, "weighted avg": {"precision": 0.7396449704142012, "recall": 0.75, "f1-score": 0.7420689655172412, "support": 52.0}}