{"best_estimator": "HistGradientBoostingClassifier(learning_rate=0.5)", "best_score": 0.7020352755440671, "test_score": 0.5973684210526317}