{"0": {"precision": 0.8, "recall": 0.9230769230769231, "f1-score": 0.8571428571428571, "support": 13.0}, "1": {"precision": 0.8, "recall": 0.5714285714285714, "f1-score": 0.6666666666666666, "support": 7.0}, "accuracy": 0.8, "macro avg": {"precision": 0.8, "recall": 0.7472527472527473, "f1-score": 0.7619047619047619, "support": 20.0}, "weighted avg": {"precision": 0.8, "recall": 0.8, "f1-score": 0.7904761904761904, "support": 20.0}}