{"0": {"precision": 0.8333333333333334, "recall": 0.7352941176470589, "f1-score": 0.78125, "support": 68.0}, "1": {"precision": 0.47058823529411764, "recall": 0.6153846153846154, "f1-score": 0.5333333333333333, "support": 26.0}, "accuracy": 0.7021276595744681, "macro avg": {"precision": 0.6519607843137255, "recall": 0.6753393665158371, "f1-score": 0.6572916666666666, "support": 94.0}, "weighted avg": {"precision": 0.7329995828118482, "recall": 0.7021276595744681, "f1-score": 0.7126773049645391, "support": 94.0}}