{"best_estimator": "HistGradientBoostingClassifier(learning_rate=0.05)", "best_score": 0.6891039021958003, "test_score": 0.43636363636363645}