{"0": {"precision": 0.78125, "recall": 0.7575757575757576, "f1-score": 0.7692307692307693, "support": 33.0}, "1": {"precision": 0.6666666666666666, "recall": 0.6956521739130435, "f1-score": 0.6808510638297872, "support": 23.0}, "accuracy": 0.7321428571428571, "macro avg": {"precision": 0.7239583333333333, "recall": 0.7266139657444005, "f1-score": 0.7250409165302782, "support": 56.0}, "weighted avg": {"precision": 0.734188988095238, "recall": 0.7321428571428571, "f1-score": 0.7329319616553659, "support": 56.0}}