{"0": {"precision": 0.65625, "recall": 0.7777777777777778, "f1-score": 0.711864406779661, "support": 27.0}, "1": {"precision": 0.7, "recall": 0.56, "f1-score": 0.6222222222222222, "support": 25.0}, "accuracy": 0.6730769230769231, "macro avg": {"precision": 0.678125, "recall": 0.6688888888888889, "f1-score": 0.6670433145009416, "support": 52.0}, "weighted avg": {"precision": 0.6772836538461539, "recall": 0.6730769230769231, "f1-score": 0.6687672026655077, "support": 52.0}}