{"0": {"precision": 0.72, "recall": 0.6428571428571429, "f1-score": 0.6792452830188679, "support": 28.0}, "1": {"precision": 0.6551724137931034, "recall": 0.7307692307692307, "f1-score": 0.6909090909090909, "support": 26.0}, "accuracy": 0.6851851851851852, "macro avg": {"precision": 0.6875862068965517, "recall": 0.6868131868131868, "f1-score": 0.6850771869639793, "support": 54.0}, "weighted avg": {"precision": 0.6887867177522351, "recall": 0.6851851851851852, "f1-score": 0.6848611905215678, "support": 54.0}}