{"best_estimator": "RandomForestClassifier(criterion='entropy')", "best_score": 0.7167131103061045, "test_score": 0.708843537414966}