{"0": {"precision": 0.828125, "recall": 0.7794117647058824, "f1-score": 0.803030303030303, "support": 68.0}, "1": {"precision": 0.5, "recall": 0.5769230769230769, "f1-score": 0.5357142857142857, "support": 26.0}, "accuracy": 0.723404255319149, "macro avg": {"precision": 0.6640625, "recall": 0.6781674208144797, "f1-score": 0.6693722943722944, "support": 94.0}, "weighted avg": {"precision": 0.7373670212765957, "recall": 0.723404255319149, "f1-score": 0.7290918301556598, "support": 94.0}}