{"best_estimator": "RandomForestClassifier(criterion='entropy', max_depth=2)", "best_score": 0.7255215743777743, "test_score": 0.7290918301556598}