{"best_estimator": "RandomForestClassifier(max_depth=3, n_estimators=400)", "best_score": 0.7328300013541794, "test_score": 0.745014245014245}