{"0": {"precision": 0.8571428571428571, "recall": 0.3333333333333333, "f1-score": 0.48, "support": 18.0}, "1": {"precision": 0.5, "recall": 0.9230769230769231, "f1-score": 0.6486486486486487, "support": 13.0}, "accuracy": 0.5806451612903226, "macro avg": {"precision": 0.6785714285714286, "recall": 0.6282051282051282, "f1-score": 0.5643243243243243, "support": 31.0}, "weighted avg": {"precision": 0.7073732718894009, "recall": 0.5806451612903226, "f1-score": 0.5507236268526592, "support": 31.0}}