{"best_estimator": "BernoulliNB()", "best_score": 0.6073312850872464, "test_score": 0.5341555977229602}