{"best_estimator": "BernoulliNB()", "best_score": 0.6138457327263298, "test_score": 0.5333333333333333}