{"best_estimator": "BernoulliNB()", "best_score": 0.6127090911458243, "test_score": 0.6399703374119392}