{"best_estimator": "HistGradientBoostingClassifier(learning_rate=0.05)", "best_score": 0.6823607975015783, "test_score": 0.6808657292528261}