{"best_estimator": "HistGradientBoostingClassifier(learning_rate=0.5)", "best_score": 0.6692126535894919, "test_score": 0.5562923832003297}