{"best_estimator": "HistGradientBoostingClassifier(learning_rate=0.001)", "best_score": 0.6871095538269728, "test_score": 0.5483870967741935}