{"best_estimator": "HistGradientBoostingClassifier(learning_rate=0.01)", "best_score": 0.6566257822874505, "test_score": 0.678763440860215}