{"best_estimator": "KNeighborsClassifier(n_neighbors=20, p=3, weights='distance')", "best_score": 0.718782678447365, "test_score": 0.6104838709677418}