{"0": {"precision": 0.9090909090909091, "recall": 0.5555555555555556, "f1-score": 0.6896551724137931, "support": 18.0}, "1": {"precision": 0.5789473684210527, "recall": 0.9166666666666666, "f1-score": 0.7096774193548387, "support": 12.0}, "accuracy": 0.7, "macro avg": {"precision": 0.7440191387559809, "recall": 0.7361111111111112, "f1-score": 0.699666295884316, "support": 30.0}, "weighted avg": {"precision": 0.7770334928229665, "recall": 0.7, "f1-score": 0.6976640711902113, "support": 30.0}}