{"best_estimator": "KNeighborsClassifier(n_neighbors=7, p=3, weights='distance')", "best_score": 0.7142375280382443, "test_score": 0.6488691138301816}