{"best_estimator": "KNeighborsClassifier(weights='distance')", "best_score": 0.7009289311816905, "test_score": 0.739784946236559}