{"best_estimator": "RandomForestClassifier(max_depth=6, n_estimators=200)", "best_score": 0.6638865192331311, "test_score": 0.6774193548387096}