{"best_estimator": "RandomForestClassifier(criterion='entropy', n_estimators=200)", "best_score": 0.6715360109090092, "test_score": 0.6474629468177856}