{"best_estimator": "RandomForestClassifier()", "best_score": 0.6947682538600042, "test_score": 0.5191627060370109}