{"0": {"precision": 0.8235294117647058, "recall": 0.7368421052631579, "f1-score": 0.7777777777777778, "support": 19.0}, "1": {"precision": 0.6428571428571429, "recall": 0.75, "f1-score": 0.6923076923076923, "support": 12.0}, "accuracy": 0.7419354838709677, "macro avg": {"precision": 0.7331932773109244, "recall": 0.743421052631579, "f1-score": 0.7350427350427351, "support": 31.0}, "weighted avg": {"precision": 0.753591759284359, "recall": 0.7419354838709677, "f1-score": 0.7446925834022609, "support": 31.0}}