{"best_estimator": "RandomForestClassifier(criterion='entropy', n_estimators=400)", "best_score": 0.6784489992264848, "test_score": 0.8034804753820033}