{"0": {"precision": 0.5925925925925926, "recall": 0.8421052631578947, "f1-score": 0.6956521739130435, "support": 19.0}, "1": {"precision": 0.5, "recall": 0.21428571428571427, "f1-score": 0.3, "support": 14.0}, "accuracy": 0.5757575757575758, "macro avg": {"precision": 0.5462962962962963, "recall": 0.5281954887218044, "f1-score": 0.49782608695652175, "support": 33.0}, "weighted avg": {"precision": 0.55331088664422, "recall": 0.5757575757575758, "f1-score": 0.5277997364953887, "support": 33.0}}