{"best_estimator": "BernoulliNB()", "best_score": 0.46725788956005676, "test_score": 0.505050505050505}