{"best_estimator": "HistGradientBoostingClassifier()", "best_score": 0.5488510139369038, "test_score": 0.6579704704704705}