{"best_estimator": "HistGradientBoostingClassifier()", "best_score": 0.5933887849081524, "test_score": 0.5606060606060606}