{"0": {"precision": 0.8823529411764706, "recall": 0.7894736842105263, "f1-score": 0.8333333333333334, "support": 19.0}, "1": {"precision": 0.75, "recall": 0.8571428571428571, "f1-score": 0.8, "support": 14.0}, "accuracy": 0.8181818181818182, "macro avg": {"precision": 0.8161764705882353, "recall": 0.8233082706766917, "f1-score": 0.8166666666666667, "support": 33.0}, "weighted avg": {"precision": 0.8262032085561497, "recall": 0.8181818181818182, "f1-score": 0.8191919191919192, "support": 33.0}}