{"best_estimator": "HistGradientBoostingClassifier(learning_rate=0.5)", "best_score": 0.5488158220612886, "test_score": 0.8191919191919192}