{"best_estimator": "KNeighborsClassifier(n_neighbors=25, p=1)", "best_score": 0.5193547655062603, "test_score": 0.6233766233766234}