{"best_estimator": "KNeighborsClassifier(n_neighbors=25, p=1)", "best_score": 0.5730961715703826, "test_score": 0.5335960960960962}