{"best_estimator": "KNeighborsClassifier(n_neighbors=25, p=1, weights='distance')", "best_score": 0.570052018793356, "test_score": 0.6928904428904429}