{"0": {"precision": 0.6538461538461539, "recall": 0.8947368421052632, "f1-score": 0.7555555555555555, "support": 19.0}, "1": {"precision": 0.7142857142857143, "recall": 0.35714285714285715, "f1-score": 0.47619047619047616, "support": 14.0}, "accuracy": 0.6666666666666666, "macro avg": {"precision": 0.6840659340659341, "recall": 0.6259398496240601, "f1-score": 0.6158730158730159, "support": 33.0}, "weighted avg": {"precision": 0.6794871794871795, "recall": 0.6666666666666666, "f1-score": 0.637037037037037, "support": 33.0}}