{"best_estimator": "KNeighborsClassifier(n_neighbors=25, p=1)", "best_score": 0.5809694716696562, "test_score": 0.5591085271317829}