{"best_estimator": "RandomForestClassifier()", "best_score": 0.5463965141535903, "test_score": 0.8449371766444937}