{"0": {"precision": 0.5294117647058824, "recall": 0.5, "f1-score": 0.5142857142857142, "support": 18.0}, "1": {"precision": 0.35714285714285715, "recall": 0.38461538461538464, "f1-score": 0.37037037037037035, "support": 13.0}, "accuracy": 0.45161290322580644, "macro avg": {"precision": 0.4432773109243697, "recall": 0.4423076923076923, "f1-score": 0.4423280423280423, "support": 31.0}, "weighted avg": {"precision": 0.45716996476009764, "recall": 0.45161290322580644, "f1-score": 0.45393411845024745, "support": 31.0}}