{"0": {"precision": 0.8181818181818182, "recall": 0.47368421052631576, "f1-score": 0.6, "support": 19.0}, "1": {"precision": 0.5, "recall": 0.8333333333333334, "f1-score": 0.625, "support": 12.0}, "accuracy": 0.6129032258064516, "macro avg": {"precision": 0.6590909090909092, "recall": 0.6535087719298246, "f1-score": 0.6125, "support": 31.0}, "weighted avg": {"precision": 0.6950146627565983, "recall": 0.6129032258064516, "f1-score": 0.6096774193548387, "support": 31.0}}