{"best_estimator": "BernoulliNB()", "best_score": 0.3692070698195973, "test_score": 0.21605401350337583}