{"best_estimator": "BernoulliNB()", "best_score": 0.370463321455178, "test_score": 0.6096774193548387}