{"best_estimator": "HistGradientBoostingClassifier(learning_rate=0.001)", "best_score": 0.5179427444431389, "test_score": 0.46275659824046916}