{"best_estimator": "HistGradientBoostingClassifier(learning_rate=0.5)", "best_score": 0.5182140642075005, "test_score": 0.4835164835164835}