{"best_estimator": "HistGradientBoostingClassifier()", "best_score": 0.5517022340632735, "test_score": 0.4551700087183958}