{"0": {"precision": 0.4, "recall": 0.2222222222222222, "f1-score": 0.2857142857142857, "support": 18.0}, "1": {"precision": 0.3333333333333333, "recall": 0.5384615384615384, "f1-score": 0.4117647058823529, "support": 13.0}, "accuracy": 0.3548387096774194, "macro avg": {"precision": 0.3666666666666667, "recall": 0.3803418803418803, "f1-score": 0.3487394957983193, "support": 31.0}, "weighted avg": {"precision": 0.37204301075268814, "recall": 0.3548387096774194, "f1-score": 0.33857413933315256, "support": 31.0}}