{"best_estimator": "KNeighborsClassifier(n_neighbors=25, weights='distance')", "best_score": 0.4863142785119434, "test_score": 0.5850271345265783}