{"best_estimator": "KNeighborsClassifier(n_neighbors=25, p=1, weights='distance')", "best_score": 0.44853100050791406, "test_score": 0.7446925834022609}