{"best_estimator": "KNeighborsClassifier(n_neighbors=25, p=3, weights='distance')", "best_score": 0.4649656018462873, "test_score": 0.5370018975332068}