{"0": {"precision": 0.5555555555555556, "recall": 0.5263157894736842, "f1-score": 0.5405405405405406, "support": 19.0}, "1": {"precision": 0.3076923076923077, "recall": 0.3333333333333333, "f1-score": 0.32, "support": 12.0}, "accuracy": 0.45161290322580644, "macro avg": {"precision": 0.43162393162393164, "recall": 0.4298245614035088, "f1-score": 0.4302702702702703, "support": 31.0}, "weighted avg": {"precision": 0.45960849186655633, "recall": 0.45161290322580644, "f1-score": 0.4551700087183958, "support": 31.0}}