{"best_estimator": "RandomForestClassifier(max_depth=2, n_estimators=200)", "best_score": 0.5538969914242345, "test_score": 0.49037679587964217}