{"best_estimator": "RandomForestClassifier(criterion='log_loss', n_estimators=200)", "best_score": 0.5530645801041725, "test_score": 0.4568356374807988}