{"best_estimator": "RandomForestClassifier(max_depth=2)", "best_score": 0.49451194541408156, "test_score": 0.7419354838709677}