{"best_estimator": "BernoulliNB()", "best_score": 0.5127515316051415, "test_score": 0.47795497185741087}