{"0": {"precision": 0.7692307692307693, "recall": 0.4, "f1-score": 0.5263157894736842, "support": 25.0}, "1": {"precision": 0.4444444444444444, "recall": 0.8, "f1-score": 0.5714285714285714, "support": 15.0}, "accuracy": 0.55, "macro avg": {"precision": 0.6068376068376069, "recall": 0.6000000000000001, "f1-score": 0.5488721804511278, "support": 40.0}, "weighted avg": {"precision": 0.6474358974358975, "recall": 0.55, "f1-score": 0.5432330827067668, "support": 40.0}}