{"0": {"precision": 0.625, "recall": 0.4, "f1-score": 0.4878048780487805, "support": 25.0}, "1": {"precision": 0.375, "recall": 0.6, "f1-score": 0.46153846153846156, "support": 15.0}, "accuracy": 0.475, "macro avg": {"precision": 0.5, "recall": 0.5, "f1-score": 0.474671669793621, "support": 40.0}, "weighted avg": {"precision": 0.53125, "recall": 0.475, "f1-score": 0.47795497185741087, "support": 40.0}}