{"best_estimator": "BernoulliNB()", "best_score": 0.5468339285992097, "test_score": 0.5425824175824177}