{"best_estimator": "BernoulliNB()", "best_score": 0.49977368080172013, "test_score": 0.6120789779326364}