{"best_estimator": "BernoulliNB()", "best_score": 0.5816800843537789, "test_score": 0.5620881471972614}