{"best_estimator": "HistGradientBoostingClassifier()", "best_score": 0.574944497712491, "test_score": 0.695054945054945}