{"best_estimator": "HistGradientBoostingClassifier(learning_rate=0.5)", "best_score": 0.5665330201262675, "test_score": 0.6536458333333334}