{"best_estimator": "KNeighborsClassifier(n_neighbors=10, p=3, weights='distance')", "best_score": 0.549782018275947, "test_score": 0.6536458333333334}