{"0": {"precision": 0.7777777777777778, "recall": 0.56, "f1-score": 0.6511627906976745, "support": 25.0}, "1": {"precision": 0.5, "recall": 0.7333333333333333, "f1-score": 0.5945945945945946, "support": 15.0}, "accuracy": 0.625, "macro avg": {"precision": 0.6388888888888888, "recall": 0.6466666666666667, "f1-score": 0.6228786926461345, "support": 40.0}, "weighted avg": {"precision": 0.6736111111111112, "recall": 0.625, "f1-score": 0.6299497171590195, "support": 40.0}}