{"best_estimator": "RandomForestClassifier(criterion='log_loss')", "best_score": 0.5457742871945905, "test_score": 0.695054945054945}