{"best_estimator": "RandomForestClassifier(criterion='log_loss', n_estimators=400)", "best_score": 0.49368146835256227, "test_score": 0.7175052410901468}