{"best_estimator": "RandomForestClassifier(criterion='entropy', n_estimators=150)", "best_score": 0.5770227044062644, "test_score": 0.636039886039886}