{"best_estimator": "RandomForestClassifier(criterion='log_loss', n_estimators=400)", "best_score": 0.5536766281774071, "test_score": 0.7296126442071187}