{"best_estimator": "RandomForestClassifier(criterion='log_loss', n_estimators=150)", "best_score": 0.5321635382216611, "test_score": 0.6534859895393352}