{"0": {"precision": 0.7619047619047619, "recall": 0.64, "f1-score": 0.6956521739130435, "support": 25.0}, "1": {"precision": 0.5263157894736842, "recall": 0.6666666666666666, "f1-score": 0.5882352941176471, "support": 15.0}, "accuracy": 0.65, "macro avg": {"precision": 0.644110275689223, "recall": 0.6533333333333333, "f1-score": 0.6419437340153453, "support": 40.0}, "weighted avg": {"precision": 0.6735588972431078, "recall": 0.65, "f1-score": 0.6553708439897699, "support": 40.0}}