{"0": {"precision": 0.5714285714285714, "recall": 0.64, "f1-score": 0.6037735849056604, "support": 25.0}, "1": {"precision": 0.25, "recall": 0.2, "f1-score": 0.2222222222222222, "support": 15.0}, "accuracy": 0.475, "macro avg": {"precision": 0.4107142857142857, "recall": 0.42000000000000004, "f1-score": 0.4129979035639413, "support": 40.0}, "weighted avg": {"precision": 0.4508928571428571, "recall": 0.475, "f1-score": 0.460691823899371, "support": 40.0}}