{"best_estimator": "BernoulliNB()", "best_score": 0.3552114690308722, "test_score": 0.195993031358885}