{"best_estimator": "BernoulliNB()", "best_score": 0.37072642700917746, "test_score": 0.20454545454545453}