{"best_estimator": "HistGradientBoostingClassifier()", "best_score": 0.5796036519000322, "test_score": 0.6147798742138365}