{"best_estimator": "HistGradientBoostingClassifier(learning_rate=0.5)", "best_score": 0.5330955756876895, "test_score": 0.584045584045584}