{"0": {"precision": 0.7, "recall": 0.84, "f1-score": 0.7636363636363637, "support": 25.0}, "1": {"precision": 0.6, "recall": 0.4, "f1-score": 0.48, "support": 15.0}, "accuracy": 0.675, "macro avg": {"precision": 0.6499999999999999, "recall": 0.62, "f1-score": 0.6218181818181818, "support": 40.0}, "weighted avg": {"precision": 0.6625, "recall": 0.675, "f1-score": 0.6572727272727273, "support": 40.0}}