{"best_estimator": "HistGradientBoostingClassifier()", "best_score": 0.577987791811313, "test_score": 0.584045584045584}