{"best_estimator": "KNeighborsClassifier(weights='distance')", "best_score": 0.4672126885027262, "test_score": 0.5806096794468887}