{"best_estimator": "KNeighborsClassifier(p=1, weights='distance')", "best_score": 0.47261569308403545, "test_score": 0.6272218564845293}