{"best_estimator": "KNeighborsClassifier(weights='distance')", "best_score": 0.49488371129052944, "test_score": 0.6442307692307692}