{"best_estimator": "RandomForestClassifier(criterion='log_loss', n_estimators=150)", "best_score": 0.5862666473060438, "test_score": 0.5732445520581113}