{"best_estimator": "RandomForestClassifier(criterion='log_loss')", "best_score": 0.5511800175322145, "test_score": 0.6045454545454546}