{"0": {"precision": 0.7037037037037037, "recall": 0.7037037037037037, "f1-score": 0.7037037037037037, "support": 27.0}, "1": {"precision": 0.38461538461538464, "recall": 0.38461538461538464, "f1-score": 0.38461538461538464, "support": 13.0}, "accuracy": 0.6, "macro avg": {"precision": 0.5441595441595442, "recall": 0.5441595441595442, "f1-score": 0.5441595441595442, "support": 40.0}, "weighted avg": {"precision": 0.6, "recall": 0.6, "f1-score": 0.6, "support": 40.0}}