{"0": {"precision": 0.76, "recall": 0.7037037037037037, "f1-score": 0.7307692307692307, "support": 27.0}, "1": {"precision": 0.4666666666666667, "recall": 0.5384615384615384, "f1-score": 0.5, "support": 13.0}, "accuracy": 0.65, "macro avg": {"precision": 0.6133333333333333, "recall": 0.621082621082621, "f1-score": 0.6153846153846154, "support": 40.0}, "weighted avg": {"precision": 0.6646666666666666, "recall": 0.65, "f1-score": 0.6557692307692308, "support": 40.0}}