{"best_estimator": "HistGradientBoostingClassifier(learning_rate=0.05)", "best_score": 0.7134461137218497, "test_score": 0.7274982529699511}