{"best_estimator": "HistGradientBoostingClassifier(learning_rate=0.05)", "best_score": 0.7281879198547643, "test_score": 0.6284067085953878}