{"best_estimator": "HistGradientBoostingClassifier(learning_rate=0.05)", "best_score": 0.7151149953845146, "test_score": 0.8308778845364211}