{"0": {"precision": 0.8888888888888888, "recall": 0.8571428571428571, "f1-score": 0.8727272727272727, "support": 28.0}, "1": {"precision": 0.7142857142857143, "recall": 0.7692307692307693, "f1-score": 0.7407407407407407, "support": 13.0}, "accuracy": 0.8292682926829268, "macro avg": {"precision": 0.8015873015873016, "recall": 0.8131868131868132, "f1-score": 0.8067340067340067, "support": 41.0}, "weighted avg": {"precision": 0.8335269066976383, "recall": 0.8292682926829268, "f1-score": 0.8308778845364211, "support": 41.0}}