{"best_estimator": "KNeighborsClassifier(p=3)", "best_score": 0.7271311095597359, "test_score": 0.6830721003134796}