{"0": {"precision": 0.7333333333333333, "recall": 0.7857142857142857, "f1-score": 0.7586206896551724, "support": 28.0}, "1": {"precision": 0.45454545454545453, "recall": 0.38461538461538464, "f1-score": 0.4166666666666667, "support": 13.0}, "accuracy": 0.6585365853658537, "macro avg": {"precision": 0.5939393939393939, "recall": 0.5851648351648352, "f1-score": 0.5876436781609196, "support": 41.0}, "weighted avg": {"precision": 0.6449371766444937, "recall": 0.6585365853658537, "f1-score": 0.6501962433417438, "support": 41.0}}