{"best_estimator": "KNeighborsClassifier(n_neighbors=10, p=3)", "best_score": 0.710257592783319, "test_score": 0.8181922196796337}