{"best_estimator": "RandomForestClassifier(criterion='entropy', n_estimators=150)", "best_score": 0.6372485637359194, "test_score": 0.6553573595437446}