{"best_estimator": "RandomForestClassifier(criterion='log_loss', n_estimators=150)", "best_score": 0.6725404298558297, "test_score": 0.6337791199309749}