{"best_estimator": "AdaBoostClassifier(algorithm='SAMME', learning_rate=0.01, n_estimators=200)", "best_score": 0.7663979557161176, "test_score": 0.6473859844271413}