{"best_estimator": "BernoulliNB()", "best_score": 0.5353985599245912, "test_score": 0.5428571428571428}