{"best_estimator": "BernoulliNB()", "best_score": 0.5347774586412514, "test_score": 0.4492916880013654}