{"best_estimator": "HistGradientBoostingClassifier(learning_rate=0.01)", "best_score": 0.7219527897861677, "test_score": 0.646663253114866}