{"best_estimator": "HistGradientBoostingClassifier(learning_rate=0.01)", "best_score": 0.7330665077142123, "test_score": 0.7408602150537634}