{"best_estimator": "HistGradientBoostingClassifier()", "best_score": 0.7254297257071803, "test_score": 0.6739729804245933}