{"best_estimator": "HistGradientBoostingClassifier(learning_rate=0.01)", "best_score": 0.713316408014367, "test_score": 0.7391783843396746}