{"best_estimator": "KNeighborsClassifier(n_neighbors=25, p=1)", "best_score": 0.7095955814660326, "test_score": 0.7727288578901482}