{"best_estimator": "KNeighborsClassifier(n_neighbors=25, p=1)", "best_score": 0.7085340417527599, "test_score": 0.6967310389470278}