{"best_estimator": "KNeighborsClassifier(n_neighbors=20, p=1)", "best_score": 0.699456194066655, "test_score": 0.8056451612903226}