{"0": {"precision": 0.7837837837837838, "recall": 0.4264705882352941, "f1-score": 0.5523809523809524, "support": 68.0}, "1": {"precision": 0.3157894736842105, "recall": 0.6923076923076923, "f1-score": 0.43373493975903615, "support": 26.0}, "accuracy": 0.5, "macro avg": {"precision": 0.5497866287339972, "recall": 0.5593891402714932, "f1-score": 0.4930579460699943, "support": 94.0}, "weighted avg": {"precision": 0.6543385490753911, "recall": 0.5, "f1-score": 0.5195639701663798, "support": 94.0}}