{"0": {"precision": 0.5483870967741935, "recall": 0.5151515151515151, "f1-score": 0.53125, "support": 33.0}, "1": {"precision": 0.36, "recall": 0.391304347826087, "f1-score": 0.375, "support": 23.0}, "accuracy": 0.4642857142857143, "macro avg": {"precision": 0.45419354838709675, "recall": 0.45322793148880103, "f1-score": 0.453125, "support": 56.0}, "weighted avg": {"precision": 0.4710138248847926, "recall": 0.4642857142857143, "f1-score": 0.46707589285714285, "support": 56.0}}