{"best_estimator": "BernoulliNB()", "best_score": 0.5460753158730439, "test_score": 0.4778620036178826}