{"best_estimator": "BernoulliNB()", "best_score": 0.5289772202758096, "test_score": 0.6225108225108225}