{"0": {"precision": 0.5, "recall": 0.5555555555555556, "f1-score": 0.5263157894736842, "support": 27.0}, "1": {"precision": 0.45454545454545453, "recall": 0.4, "f1-score": 0.425531914893617, "support": 25.0}, "accuracy": 0.4807692307692308, "macro avg": {"precision": 0.4772727272727273, "recall": 0.4777777777777778, "f1-score": 0.47592385218365063, "support": 52.0}, "weighted avg": {"precision": 0.4781468531468531, "recall": 0.4807692307692308, "f1-score": 0.4778620036178826, "support": 52.0}}