{"best_estimator": "HistGradientBoostingClassifier(learning_rate=0.05)", "best_score": 0.6919178305706358, "test_score": 0.7301587301587301}