{"best_estimator": "HistGradientBoostingClassifier(learning_rate=0.05)", "best_score": 0.7251826076354402, "test_score": 0.6463326071169209}