{"best_estimator": "HistGradientBoostingClassifier(learning_rate=0.5)", "best_score": 0.721533461372856, "test_score": 0.6018075491759702}