{"best_estimator": "HistGradientBoostingClassifier()", "best_score": 0.7033811120622983, "test_score": 0.7864985213637444}