{"best_estimator": "HistGradientBoostingClassifier()", "best_score": 0.709804165636412, "test_score": 0.6852842146959794}