{"best_estimator": "HistGradientBoostingClassifier(learning_rate=0.5)", "best_score": 0.7325550218341049, "test_score": 0.6844930766632895}