{"best_estimator": "KNeighborsClassifier(p=1, weights='distance')", "best_score": 0.6530145745511747, "test_score": 0.5546099290780142}