{"0": {"precision": 0.6666666666666666, "recall": 0.4444444444444444, "f1-score": 0.5333333333333333, "support": 27.0}, "1": {"precision": 0.5588235294117647, "recall": 0.76, "f1-score": 0.6440677966101694, "support": 25.0}, "accuracy": 0.5961538461538461, "macro avg": {"precision": 0.6127450980392157, "recall": 0.6022222222222222, "f1-score": 0.5887005649717514, "support": 52.0}, "weighted avg": {"precision": 0.6148190045248868, "recall": 0.5961538461538461, "f1-score": 0.5865710560625814, "support": 52.0}}