{"0": {"precision": 0.6296296296296297, "recall": 0.6071428571428571, "f1-score": 0.6181818181818182, "support": 28.0}, "1": {"precision": 0.5925925925925926, "recall": 0.6153846153846154, "f1-score": 0.6037735849056604, "support": 26.0}, "accuracy": 0.6111111111111112, "macro avg": {"precision": 0.6111111111111112, "recall": 0.6112637362637363, "f1-score": 0.6109777015437392, "support": 54.0}, "weighted avg": {"precision": 0.6117969821673526, "recall": 0.6111111111111112, "f1-score": 0.6112445206784829, "support": 54.0}}