{"0": {"precision": 0.8571428571428571, "recall": 0.8333333333333334, "f1-score": 0.8450704225352113, "support": 36.0}, "1": {"precision": 0.6470588235294118, "recall": 0.6875, "f1-score": 0.6666666666666666, "support": 16.0}, "accuracy": 0.7884615384615384, "macro avg": {"precision": 0.7521008403361344, "recall": 0.7604166666666667, "f1-score": 0.755868544600939, "support": 52.0}, "weighted avg": {"precision": 0.7925016160310278, "recall": 0.7884615384615384, "f1-score": 0.7901769591910437, "support": 52.0}}