{"best_estimator": "RandomForestClassifier(criterion='log_loss', n_estimators=150)", "best_score": 0.7462490343037984, "test_score": 0.6546666666666667}