{"best_estimator": "RandomForestClassifier(n_estimators=150)", "best_score": 0.7565069441211029, "test_score": 0.7770334928229665}