{"0": {"precision": 0.7391304347826086, "recall": 0.6071428571428571, "f1-score": 0.6666666666666666, "support": 28.0}, "1": {"precision": 0.6451612903225806, "recall": 0.7692307692307693, "f1-score": 0.7017543859649122, "support": 26.0}, "accuracy": 0.6851851851851852, "macro avg": {"precision": 0.6921458625525947, "recall": 0.6881868131868132, "f1-score": 0.6842105263157894, "support": 54.0}, "weighted avg": {"precision": 0.693886031894447, "recall": 0.6851851851851852, "f1-score": 0.6835607537361923, "support": 54.0}}