{"best_estimator": "RandomForestClassifier(max_depth=6, n_estimators=150)", "best_score": 0.767358610290408, "test_score": 0.6358504958047292}