{"best_estimator": "RandomForestClassifier(criterion='entropy')", "best_score": 0.7613582086550177, "test_score": 0.6782673849294011}