{"0": {"precision": 0.7931034482758621, "recall": 0.8518518518518519, "f1-score": 0.8214285714285714, "support": 27.0}, "1": {"precision": 0.8260869565217391, "recall": 0.76, "f1-score": 0.7916666666666666, "support": 25.0}, "accuracy": 0.8076923076923077, "macro avg": {"precision": 0.8095952023988007, "recall": 0.8059259259259259, "f1-score": 0.8065476190476191, "support": 52.0}, "weighted avg": {"precision": 0.808960904163303, "recall": 0.8076923076923077, "f1-score": 0.8071199633699633, "support": 52.0}}