{"best_estimator": "RandomForestClassifier(criterion='entropy', n_estimators=150)", "best_score": 0.7453507664518313, "test_score": 0.7646569646569646}