{"best_estimator": "AdaBoostClassifier(algorithm='SAMME', learning_rate=0.05)", "best_score": 0.6886012384114071, "test_score": 0.6101190476190476}