{"0": {"precision": 0.875, "recall": 0.35, "f1-score": 0.5, "support": 20.0}, "1": {"precision": 0.48, "recall": 0.9230769230769231, "f1-score": 0.631578947368421, "support": 13.0}, "accuracy": 0.5757575757575758, "macro avg": {"precision": 0.6775, "recall": 0.6365384615384615, "f1-score": 0.5657894736842105, "support": 33.0}, "weighted avg": {"precision": 0.7193939393939395, "recall": 0.5757575757575758, "f1-score": 0.5518341307814991, "support": 33.0}}