{"best_estimator": "BernoulliNB()", "best_score": 0.5855860455184245, "test_score": 0.40314685314685317}