{"best_estimator": "BernoulliNB()", "best_score": 0.5576300371456119, "test_score": 0.5768799102132436}