{"best_estimator": "BernoulliNB()", "best_score": 0.5949884741796002, "test_score": 0.5909701857282503}