{"best_estimator": "HistGradientBoostingClassifier(learning_rate=0.01)", "best_score": 0.6443453844992828, "test_score": 0.5659722222222223}