{"best_estimator": "HistGradientBoostingClassifier(learning_rate=0.01)", "best_score": 0.627233068328177, "test_score": 0.6087662337662337}