{"best_estimator": "HistGradientBoostingClassifier(learning_rate=0.001)", "best_score": 0.6411325732255965, "test_score": 0.5659722222222223}