{"best_estimator": "HistGradientBoostingClassifier(learning_rate=0.001)", "best_score": 0.6858261621134047, "test_score": 0.7575757575757576}