{"0": {"precision": 0.8, "recall": 0.4, "f1-score": 0.5333333333333333, "support": 20.0}, "1": {"precision": 0.4782608695652174, "recall": 0.8461538461538461, "f1-score": 0.6111111111111112, "support": 13.0}, "accuracy": 0.5757575757575758, "macro avg": {"precision": 0.6391304347826088, "recall": 0.6230769230769231, "f1-score": 0.5722222222222222, "support": 33.0}, "weighted avg": {"precision": 0.6732542819499342, "recall": 0.5757575757575758, "f1-score": 0.563973063973064, "support": 33.0}}