{"best_estimator": "RandomForestClassifier(criterion='log_loss')", "best_score": 0.5432047491531657, "test_score": 0.6915584415584415}