{"best_estimator": "RandomForestClassifier(criterion='log_loss', n_estimators=200)", "best_score": 0.5505411913978308, "test_score": 0.7391774891774892}