{"best_estimator": "RandomForestClassifier(n_estimators=150)", "best_score": 0.5287250172619778, "test_score": 0.7814443729509453}