{"best_estimator": "RandomForestClassifier(criterion='entropy', n_estimators=300)", "best_score": 0.49327279204676977, "test_score": 0.7016196013289037}