{"best_estimator": "RandomForestClassifier(criterion='log_loss', n_estimators=150)", "best_score": 0.5203412844555348, "test_score": 0.5267045454545454}