{"best_estimator": "RandomForestClassifier(max_depth=2)", "best_score": 0.4970066067041725, "test_score": 0.4714089089089089}