{"best_estimator": "BernoulliNB()", "best_score": 0.3587829814454132, "test_score": 0.3548387096774194}