{"best_estimator": "BernoulliNB()", "best_score": 0.36755319316165214, "test_score": 0.4658064516129032}