{"best_estimator": "BernoulliNB()", "best_score": 0.36559168633633027, "test_score": 0.7070881432732766}