{"best_estimator": "HistGradientBoostingClassifier(learning_rate=0.5)", "best_score": 0.5843648484621355, "test_score": 0.6129032258064516}