{"best_estimator": "HistGradientBoostingClassifier(learning_rate=0.01)", "best_score": 0.5083599372397754, "test_score": 0.6975323149236193}