{"best_estimator": "HistGradientBoostingClassifier(learning_rate=0.5)", "best_score": 0.5290157489407357, "test_score": 0.6191021439570419}