{"best_estimator": "KNeighborsClassifier(n_neighbors=25, p=3, weights='distance')", "best_score": 0.46297001792623516, "test_score": 0.5850271345265783}