{"best_estimator": "RandomForestClassifier(max_depth=3, n_estimators=200)", "best_score": 0.5184186553934892, "test_score": 0.6129032258064516}