{"best_estimator": "RandomForestClassifier(n_estimators=150)", "best_score": 0.5198123138998032, "test_score": 0.541454442558008}