{"0": {"precision": 0.9545454545454546, "recall": 0.7777777777777778, "f1-score": 0.8571428571428571, "support": 27.0}, "1": {"precision": 0.6666666666666666, "recall": 0.9230769230769231, "f1-score": 0.7741935483870968, "support": 13.0}, "accuracy": 0.825, "macro avg": {"precision": 0.8106060606060606, "recall": 0.8504273504273505, "f1-score": 0.8156682027649769, "support": 40.0}, "weighted avg": {"precision": 0.8609848484848485, "recall": 0.825, "f1-score": 0.830184331797235, "support": 40.0}}