{"best_estimator": "AdaBoostClassifier(algorithm='SAMME', learning_rate=0.1)", "best_score": 0.7720193052848144, "test_score": 0.7075757575757576}