{"0": {"precision": 1.0, "recall": 0.48148148148148145, "f1-score": 0.65, "support": 27.0}, "1": {"precision": 0.48148148148148145, "recall": 1.0, "f1-score": 0.65, "support": 13.0}, "accuracy": 0.65, "macro avg": {"precision": 0.7407407407407407, "recall": 0.7407407407407407, "f1-score": 0.65, "support": 40.0}, "weighted avg": {"precision": 0.8314814814814815, "recall": 0.65, "f1-score": 0.65, "support": 40.0}}