{"best_estimator": "BernoulliNB()", "best_score": 0.5981396720705245, "test_score": 0.4616368286445013}