{"0": {"precision": 0.9230769230769231, "recall": 0.42857142857142855, "f1-score": 0.5853658536585366, "support": 28.0}, "1": {"precision": 0.42857142857142855, "recall": 0.9230769230769231, "f1-score": 0.5853658536585366, "support": 13.0}, "accuracy": 0.5853658536585366, "macro avg": {"precision": 0.6758241758241759, "recall": 0.6758241758241759, "f1-score": 0.5853658536585366, "support": 41.0}, "weighted avg": {"precision": 0.7662824979898151, "recall": 0.5853658536585366, "f1-score": 0.5853658536585366, "support": 41.0}}