{"best_estimator": "BernoulliNB()", "best_score": 0.6141698632780264, "test_score": 0.556766917293233}