{"best_estimator": "BernoulliNB()", "best_score": 0.5878176848872008, "test_score": 0.4581709616593338}