{"best_estimator": "BernoulliNB()", "best_score": 0.5748848334486034, "test_score": 0.5467965923678376}