{"0": {"precision": 0.8, "recall": 0.14814814814814814, "f1-score": 0.25, "support": 27.0}, "1": {"precision": 0.34285714285714286, "recall": 0.9230769230769231, "f1-score": 0.5, "support": 13.0}, "accuracy": 0.4, "macro avg": {"precision": 0.5714285714285714, "recall": 0.5356125356125356, "f1-score": 0.375, "support": 40.0}, "weighted avg": {"precision": 0.6514285714285715, "recall": 0.4, "f1-score": 0.33125, "support": 40.0}}