{"best_estimator": "BernoulliNB()", "best_score": 0.5836874450984249, "test_score": 0.5409774436090224}