{"best_estimator": "HistGradientBoostingClassifier()", "best_score": 0.7712580130866825, "test_score": 0.6106666666666667}