{"best_estimator": "HistGradientBoostingClassifier(learning_rate=0.05)", "best_score": 0.7635373504268523, "test_score": 0.5950775187647778}