{"0": {"precision": 0.8214285714285714, "recall": 0.8518518518518519, "f1-score": 0.8363636363636363, "support": 27.0}, "1": {"precision": 0.6666666666666666, "recall": 0.6153846153846154, "f1-score": 0.64, "support": 13.0}, "accuracy": 0.775, "macro avg": {"precision": 0.7440476190476191, "recall": 0.7336182336182336, "f1-score": 0.7381818181818182, "support": 40.0}, "weighted avg": {"precision": 0.7711309523809524, "recall": 0.775, "f1-score": 0.7725454545454545, "support": 40.0}}