{"best_estimator": "KNeighborsClassifier(n_neighbors=10, p=3)", "best_score": 0.7098358105309976, "test_score": 0.7331468071099407}