{"best_estimator": "RandomForestClassifier()", "best_score": 0.6251332171827702, "test_score": 0.6714545454545455}