{"best_estimator": "RandomForestClassifier()", "best_score": 0.6340622652251977, "test_score": 0.670309326527311}