{"best_estimator": "RandomForestClassifier()", "best_score": 0.60746527956922, "test_score": 0.6623569794050344}