{"best_estimator": "RandomForestClassifier()", "best_score": 0.6414754350023331, "test_score": 0.6104118993135011}