{"0": {"precision": 0.4, "recall": 0.8571428571428571, "f1-score": 0.5454545454545454, "support": 7.0}, "1": {"precision": 0.6666666666666666, "recall": 0.18181818181818182, "f1-score": 0.2857142857142857, "support": 11.0}, "accuracy": 0.4444444444444444, "macro avg": {"precision": 0.5333333333333333, "recall": 0.5194805194805194, "f1-score": 0.41558441558441556, "support": 18.0}, "weighted avg": {"precision": 0.5629629629629629, "recall": 0.4444444444444444, "f1-score": 0.3867243867243867, "support": 18.0}}