{"0": {"precision": 0.7058823529411765, "recall": 0.8275862068965517, "f1-score": 0.7619047619047619, "support": 29.0}, "1": {"precision": 0.375, "recall": 0.23076923076923078, "f1-score": 0.2857142857142857, "support": 13.0}, "accuracy": 0.6428571428571429, "macro avg": {"precision": 0.5404411764705883, "recall": 0.5291777188328912, "f1-score": 0.5238095238095237, "support": 42.0}, "weighted avg": {"precision": 0.6034663865546219, "recall": 0.6428571428571429, "f1-score": 0.6145124716553289, "support": 42.0}}