{"best_estimator": "BernoulliNB()", "best_score": 0.5722296949282712, "test_score": 0.3867243867243867}