{"best_estimator": "BernoulliNB()", "best_score": 0.5865703830391392, "test_score": 0.5621357272057346}