{"best_estimator": "HistGradientBoostingClassifier(learning_rate=0.01)", "best_score": 0.771199684625772, "test_score": 0.6939337212243865}