{"best_estimator": "KNeighborsClassifier(p=1)", "best_score": 0.7042507082922208, "test_score": 0.4618181818181818}