{"best_estimator": "KNeighborsClassifier(n_neighbors=25, p=1)", "best_score": 0.7171183323782702, "test_score": 0.6353835295917338}