{"0": {"precision": 0.5714285714285714, "recall": 0.8421052631578947, "f1-score": 0.6808510638297872, "support": 19.0}, "1": {"precision": 0.8, "recall": 0.5, "f1-score": 0.6153846153846154, "support": 24.0}, "accuracy": 0.6511627906976745, "macro avg": {"precision": 0.6857142857142857, "recall": 0.6710526315789473, "f1-score": 0.6481178396072014, "support": 43.0}, "weighted avg": {"precision": 0.6990033222591362, "recall": 0.6511627906976745, "f1-score": 0.6443116507441099, "support": 43.0}}