{"best_estimator": "RandomForestClassifier(max_depth=2, n_estimators=400)", "best_score": 0.7841618921385572, "test_score": 0.7086788280818132}