{"0": {"precision": 0.8333333333333334, "recall": 0.6818181818181818, "f1-score": 0.75, "support": 44.0}, "1": {"precision": 0.5483870967741935, "recall": 0.7391304347826086, "f1-score": 0.6296296296296297, "support": 23.0}, "accuracy": 0.7014925373134329, "macro avg": {"precision": 0.6908602150537635, "recall": 0.7104743083003953, "f1-score": 0.6898148148148149, "support": 67.0}, "weighted avg": {"precision": 0.735515968544375, "recall": 0.7014925373134329, "f1-score": 0.7086788280818132, "support": 67.0}}