{"best_estimator": "RandomForestClassifier(max_depth=2, n_estimators=200)", "best_score": 0.7654857837026501, "test_score": 0.7407407407407407}