{"best_estimator": "BernoulliNB()", "best_score": 0.48880635460409466, "test_score": 0.5333333333333333}