{"best_estimator": "BernoulliNB()", "best_score": 0.4717427406848376, "test_score": 0.5640509725016768}