{"best_estimator": "BernoulliNB()", "best_score": 0.49628538799076, "test_score": 0.46276861569215394}