{"best_estimator": "BernoulliNB()", "best_score": 0.5056851865659543, "test_score": 0.27350427350427353}