{"0": {"precision": 0.5121951219512195, "recall": 0.9545454545454546, "f1-score": 0.6666666666666666, "support": 22.0}, "1": {"precision": 0.8, "recall": 0.16666666666666666, "f1-score": 0.27586206896551724, "support": 24.0}, "accuracy": 0.5434782608695652, "macro avg": {"precision": 0.6560975609756098, "recall": 0.5606060606060607, "f1-score": 0.47126436781609193, "support": 46.0}, "weighted avg": {"precision": 0.662354188759279, "recall": 0.5434782608695652, "f1-score": 0.46276861569215394, "support": 46.0}}