{"best_estimator": "BernoulliNB()", "best_score": 0.5012255456897672, "test_score": 0.4274965800273598}