{"0": {"precision": 0.5813953488372093, "recall": 1.0, "f1-score": 0.7352941176470589, "support": 25.0}, "1": {"precision": 0.0, "recall": 0.0, "f1-score": 0.0, "support": 18.0}, "accuracy": 0.5813953488372093, "macro avg": {"precision": 0.29069767441860467, "recall": 0.5, "f1-score": 0.36764705882352944, "support": 43.0}, "weighted avg": {"precision": 0.3380205516495403, "recall": 0.5813953488372093, "f1-score": 0.4274965800273598, "support": 43.0}}