{"best_estimator": "BernoulliNB()", "best_score": 0.5024581308749556, "test_score": 0.29665071770334933}