{"best_estimator": "KNeighborsClassifier(n_neighbors=15, p=1, weights='distance')", "best_score": 0.5830403042442235, "test_score": 0.5873583780560524}