{"best_estimator": "KNeighborsClassifier(n_neighbors=7, p=1, weights='distance')", "best_score": 0.5541326335384573, "test_score": 0.5363636363636364}