{"0": {"precision": 0.7, "recall": 0.8936170212765957, "f1-score": 0.7850467289719626, "support": 47.0}, "1": {"precision": 0.2857142857142857, "recall": 0.1, "f1-score": 0.14814814814814814, "support": 20.0}, "accuracy": 0.6567164179104478, "macro avg": {"precision": 0.4928571428571428, "recall": 0.49680851063829784, "f1-score": 0.46659743856005537, "support": 67.0}, "weighted avg": {"precision": 0.5763326226012793, "recall": 0.6567164179104478, "f1-score": 0.5949277496215701, "support": 67.0}}