{"precision": 0.6240788898520889, "recall": 0.5849092428039796, "f1": 0.5797095679243227}