{"best_estimator": "BernoulliNB()", "best_score": 0.4633835866617706, "test_score": 0.46886446886446886}