{"best_estimator": "HistGradientBoostingClassifier(learning_rate=0.05)", "best_score": 0.6777975131629945, "test_score": 0.640454076367389}