{"best_estimator": "HistGradientBoostingClassifier(learning_rate=0.01)", "best_score": 0.6561604971204302, "test_score": 0.6272189349112426}