{"best_estimator": "HistGradientBoostingClassifier()", "best_score": 0.7022547206416773, "test_score": 0.7470176881941588}