{"0": {"precision": 0.6071428571428571, "recall": 0.7391304347826086, "f1-score": 0.6666666666666666, "support": 23.0}, "1": {"precision": 0.4, "recall": 0.26666666666666666, "f1-score": 0.32, "support": 15.0}, "accuracy": 0.5526315789473685, "macro avg": {"precision": 0.5035714285714286, "recall": 0.5028985507246376, "f1-score": 0.4933333333333333, "support": 38.0}, "weighted avg": {"precision": 0.525375939849624, "recall": 0.5526315789473685, "f1-score": 0.5298245614035088, "support": 38.0}}