{"best_estimator": "KNeighborsClassifier(n_neighbors=25, p=1)", "best_score": 0.6480392373805176, "test_score": 0.7191295546558705}