{"best_estimator": "KNeighborsClassifier(n_neighbors=25, weights='distance')", "best_score": 0.6841303365481887, "test_score": 0.6583416583416584}