{"best_estimator": "KNeighborsClassifier(p=1)", "best_score": 0.6456040584881059, "test_score": 0.6874725274725275}