{"precision": 0.691141724678515, "recall": 0.6777480221426968, "f1": 0.6661569322134829}