{"best_estimator": "BernoulliNB()", "best_score": 0.5402217851608853, "test_score": 0.6069609507640068}