{"0": {"precision": 0.5555555555555556, "recall": 0.5882352941176471, "f1-score": 0.5714285714285714, "support": 17.0}, "1": {"precision": 0.46153846153846156, "recall": 0.42857142857142855, "f1-score": 0.4444444444444444, "support": 14.0}, "accuracy": 0.5161290322580645, "macro avg": {"precision": 0.5085470085470085, "recall": 0.5084033613445378, "f1-score": 0.5079365079365079, "support": 31.0}, "weighted avg": {"precision": 0.5130962227736421, "recall": 0.5161290322580645, "f1-score": 0.5140809011776754, "support": 31.0}}