{"best_estimator": "BernoulliNB()", "best_score": 0.5541839100654469, "test_score": 0.47835676867934934}