{"best_estimator": "BernoulliNB()", "best_score": 0.5676318472765927, "test_score": 0.47835676867934934}