{"0": {"precision": 0.6666666666666666, "recall": 0.5882352941176471, "f1-score": 0.625, "support": 17.0}, "1": {"precision": 0.5333333333333333, "recall": 0.6153846153846154, "f1-score": 0.5714285714285714, "support": 13.0}, "accuracy": 0.6, "macro avg": {"precision": 0.6, "recall": 0.6018099547511313, "f1-score": 0.5982142857142857, "support": 30.0}, "weighted avg": {"precision": 0.6088888888888888, "recall": 0.6, "f1-score": 0.6017857142857143, "support": 30.0}}