{"best_estimator": "BernoulliNB()", "best_score": 0.56744127234539, "test_score": 0.5140809011776754}