{"best_estimator": "BernoulliNB()", "best_score": 0.5327372886098477, "test_score": 0.6017857142857143}