{"best_estimator": "KNeighborsClassifier(n_neighbors=20, p=1, weights='distance')", "best_score": 0.7768166928506114, "test_score": 0.4458826305322412}