{"best_estimator": "KNeighborsClassifier(n_neighbors=10, p=1)", "best_score": 0.7424324428695035, "test_score": 0.6780913978494624}