{"best_estimator": "RandomForestClassifier(max_depth=2, n_estimators=150)", "best_score": 0.7589168062566395, "test_score": 0.7010752688172043}