{"0": {"precision": 1.0, "recall": 0.7058823529411765, "f1-score": 0.8275862068965517, "support": 17.0}, "1": {"precision": 0.7222222222222222, "recall": 1.0, "f1-score": 0.8387096774193549, "support": 13.0}, "accuracy": 0.8333333333333334, "macro avg": {"precision": 0.8611111111111112, "recall": 0.8529411764705883, "f1-score": 0.8331479421579533, "support": 30.0}, "weighted avg": {"precision": 0.8796296296296297, "recall": 0.8333333333333334, "f1-score": 0.8324063774564331, "support": 30.0}}