{"best_estimator": "AdaBoostClassifier(algorithm='SAMME', learning_rate=0.001, n_estimators=300)", "best_score": 0.765861915655367, "test_score": 0.6345569150908417}