{"0": {"precision": 0.8888888888888888, "recall": 0.47058823529411764, "f1-score": 0.6153846153846154, "support": 17.0}, "1": {"precision": 0.5909090909090909, "recall": 0.9285714285714286, "f1-score": 0.7222222222222222, "support": 14.0}, "accuracy": 0.6774193548387096, "macro avg": {"precision": 0.7398989898989898, "recall": 0.6995798319327731, "f1-score": 0.6688034188034189, "support": 31.0}, "weighted avg": {"precision": 0.7543173672205931, "recall": 0.6774193548387096, "f1-score": 0.6636338571822443, "support": 31.0}}