{"0": {"precision": 0.0, "recall": 0.0, "f1-score": 0.0, "support": 18.0}, "1": {"precision": 0.41935483870967744, "recall": 1.0, "f1-score": 0.5909090909090909, "support": 13.0}, "accuracy": 0.41935483870967744, "macro avg": {"precision": 0.20967741935483872, "recall": 0.5, "f1-score": 0.29545454545454547, "support": 31.0}, "weighted avg": {"precision": 0.1758584807492196, "recall": 0.41935483870967744, "f1-score": 0.24780058651026396, "support": 31.0}}