{"best_estimator": "BernoulliNB()", "best_score": 0.35676315335789144, "test_score": 0.2810035842293907}