{"best_estimator": "HistGradientBoostingClassifier(learning_rate=0.01)", "best_score": 0.745573861576276, "test_score": 0.614516129032258}