{"best_estimator": "HistGradientBoostingClassifier(learning_rate=0.05)", "best_score": 0.7506669062393116, "test_score": 0.5694249649368863}