{"best_estimator": "HistGradientBoostingClassifier(learning_rate=0.05)", "best_score": 0.7116309723978559, "test_score": 0.8712365591397849}