{
  "0": {
    "precision": 0.9285714285714286,
    "recall": 0.7647058823529411,
    "f1-score": 0.8387096774193549,
    "support": 17.0
  },
  "1": {
    "precision": 0.7647058823529411,
    "recall": 0.9285714285714286,
    "f1-score": 0.8387096774193549,
    "support": 14.0
  },
  "accuracy": 0.8387096774193549,
  "macro avg": {
    "precision": 0.8466386554621849,
    "recall": 0.8466386554621849,
    "f1-score": 0.8387096774193549,
    "support": 31.0
  },
  "weighted avg": {
    "precision": 0.8545676335050149,
    "recall": 0.8387096774193549,
    "f1-score": 0.8387096774193549,
    "support": 31.0
  }
}