{"best_estimator": "KNeighborsClassifier(n_neighbors=15, p=1, weights='distance')", "best_score": 0.7015272770047563, "test_score": 0.8064516129032258}