{"best_estimator": "KNeighborsClassifier(n_neighbors=25, p=1)", "best_score": 0.7130671645068067, "test_score": 0.7408602150537634}