{"best_estimator": "KNeighborsClassifier(n_neighbors=25, p=1)", "best_score": 0.6881716359043459, "test_score": 0.6473859844271413}