{"best_estimator": "KNeighborsClassifier(n_neighbors=25, p=1)", "best_score": 0.6630980714072279, "test_score": 0.7424731182795699}