{"best_estimator": "RandomForestClassifier(max_depth=2, n_estimators=400)", "best_score": 0.7887818056232379, "test_score": 0.5483870967741935}