{"best_estimator": "BernoulliNB()", "best_score": 0.5188580121715523, "test_score": 0.4713541666666667}