{"best_estimator": "BernoulliNB()", "best_score": 0.502127835888919, "test_score": 0.5852628285356696}