{"best_estimator": "BernoulliNB()", "best_score": 0.4972071797048946, "test_score": 0.5267045454545454}