{"best_estimator": "BernoulliNB()", "best_score": 0.5013652769368713, "test_score": 0.449416130088399}