{"best_estimator": "BernoulliNB()", "best_score": 0.5211896516525492, "test_score": 0.502104377104377}