{"0": {"precision": 0.6129032258064516, "recall": 1.0, "f1-score": 0.76, "support": 19.0}, "1": {"precision": 1.0, "recall": 0.14285714285714285, "f1-score": 0.25, "support": 14.0}, "accuracy": 0.6363636363636364, "macro avg": {"precision": 0.8064516129032258, "recall": 0.5714285714285714, "f1-score": 0.505, "support": 33.0}, "weighted avg": {"precision": 0.7771260997067448, "recall": 0.6363636363636364, "f1-score": 0.5436363636363636, "support": 33.0}}