{"best_estimator": "HistGradientBoostingClassifier()", "best_score": 0.5506308869882803, "test_score": 0.4916666666666667}