{"0": {"precision": 0.8333333333333334, "recall": 0.5263157894736842, "f1-score": 0.6451612903225806, "support": 19.0}, "1": {"precision": 0.55, "recall": 0.8461538461538461, "f1-score": 0.6666666666666666, "support": 13.0}, "accuracy": 0.65625, "macro avg": {"precision": 0.6916666666666667, "recall": 0.6862348178137652, "f1-score": 0.6559139784946236, "support": 32.0}, "weighted avg": {"precision": 0.7182291666666667, "recall": 0.65625, "f1-score": 0.6538978494623655, "support": 32.0}}