{"0": {"precision": 0.76, "recall": 1.0, "f1-score": 0.8636363636363636, "support": 19.0}, "1": {"precision": 1.0, "recall": 0.5714285714285714, "f1-score": 0.7272727272727273, "support": 14.0}, "accuracy": 0.8181818181818182, "macro avg": {"precision": 0.88, "recall": 0.7857142857142857, "f1-score": 0.7954545454545454, "support": 33.0}, "weighted avg": {"precision": 0.8618181818181817, "recall": 0.8181818181818182, "f1-score": 0.8057851239669422, "support": 33.0}}