{"0": {"precision": 0.5416666666666666, "recall": 0.7222222222222222, "f1-score": 0.6190476190476191, "support": 18.0}, "1": {"precision": 0.375, "recall": 0.21428571428571427, "f1-score": 0.2727272727272727, "support": 14.0}, "accuracy": 0.5, "macro avg": {"precision": 0.4583333333333333, "recall": 0.46825396825396826, "f1-score": 0.4458874458874459, "support": 32.0}, "weighted avg": {"precision": 0.46875, "recall": 0.5, "f1-score": 0.4675324675324675, "support": 32.0}}