{"0": {"precision": 0.75, "recall": 0.7894736842105263, "f1-score": 0.7692307692307693, "support": 19.0}, "1": {"precision": 0.6666666666666666, "recall": 0.6153846153846154, "f1-score": 0.64, "support": 13.0}, "accuracy": 0.71875, "macro avg": {"precision": 0.7083333333333333, "recall": 0.7024291497975709, "f1-score": 0.7046153846153846, "support": 32.0}, "weighted avg": {"precision": 0.7161458333333333, "recall": 0.71875, "f1-score": 0.7167307692307693, "support": 32.0}}