{"best_estimator": "RandomForestClassifier(n_estimators=300)", "best_score": 0.5745404728478843, "test_score": 0.6588617886178861}