{"best_estimator": "RandomForestClassifier(criterion='entropy', n_estimators=150)", "best_score": 0.5647131895785555, "test_score": 0.7509803921568627}