{"best_estimator": "RandomForestClassifier(max_depth=6, n_estimators=150)", "best_score": 0.5609429578882833, "test_score": 0.5981695869837297}