{"0": {"precision": 0.5652173913043478, "recall": 0.6842105263157895, "f1-score": 0.6190476190476191, "support": 19.0}, "1": {"precision": 0.4, "recall": 0.2857142857142857, "f1-score": 0.3333333333333333, "support": 14.0}, "accuracy": 0.5151515151515151, "macro avg": {"precision": 0.4826086956521739, "recall": 0.4849624060150376, "f1-score": 0.47619047619047616, "support": 33.0}, "weighted avg": {"precision": 0.49512516469038204, "recall": 0.5151515151515151, "f1-score": 0.4978354978354979, "support": 33.0}}