{"best_estimator": "BernoulliNB()", "best_score": 0.48817628816429687, "test_score": 0.490391156462585}