{"best_estimator": "BernoulliNB()", "best_score": 0.5184420880960371, "test_score": 0.505050505050505}