{"0": {"precision": 0.7619047619047619, "recall": 0.8421052631578947, "f1-score": 0.8, "support": 19.0}, "1": {"precision": 0.7272727272727273, "recall": 0.6153846153846154, "f1-score": 0.6666666666666666, "support": 13.0}, "accuracy": 0.75, "macro avg": {"precision": 0.7445887445887446, "recall": 0.728744939271255, "f1-score": 0.7333333333333334, "support": 32.0}, "weighted avg": {"precision": 0.7478354978354977, "recall": 0.75, "f1-score": 0.7458333333333333, "support": 32.0}}