{"best_estimator": "HistGradientBoostingClassifier(learning_rate=0.05)", "best_score": 0.5573741794757513, "test_score": 0.5943181818181819}