{"best_estimator": "HistGradientBoostingClassifier()", "best_score": 0.6149310510091429, "test_score": 0.6579301075268817}