{"best_estimator": "KNeighborsClassifier(p=3)", "best_score": 0.570185940401414, "test_score": 0.5471490299076507}