{"best_estimator": "KNeighborsClassifier(n_neighbors=25, p=1)", "best_score": 0.5697520736437969, "test_score": 0.6537820512820514}