{"best_estimator": "KNeighborsClassifier(n_neighbors=15, p=3)", "best_score": 0.56672223043308, "test_score": 0.5690060908084165}