{"best_estimator": "KNeighborsClassifier(n_neighbors=25, p=1)", "best_score": 0.5619621350594867, "test_score": 0.5757575757575758}