{"best_estimator": "KNeighborsClassifier(p=3)", "best_score": 0.5794312391496943, "test_score": 0.5968366592756836}