{"best_estimator": "KNeighborsClassifier(p=3)", "best_score": 0.6044390604590346, "test_score": 0.533541055718475}