{"best_estimator": "RandomForestClassifier(criterion='entropy', n_estimators=200)", "best_score": 0.5635955295117527, "test_score": 0.5224744921408218}