{"0": {"precision": 0.7058823529411765, "recall": 0.6666666666666666, "f1-score": 0.6857142857142857, "support": 18.0}, "1": {"precision": 0.6, "recall": 0.6428571428571429, "f1-score": 0.6206896551724138, "support": 14.0}, "accuracy": 0.65625, "macro avg": {"precision": 0.6529411764705882, "recall": 0.6547619047619048, "f1-score": 0.6532019704433498, "support": 32.0}, "weighted avg": {"precision": 0.6595588235294119, "recall": 0.65625, "f1-score": 0.6572660098522167, "support": 32.0}}