{"best_estimator": "RandomForestClassifier(n_estimators=400)", "best_score": 0.5976431536570905, "test_score": 0.7823448448448449}