{"best_estimator": "RandomForestClassifier(criterion='log_loss', n_estimators=300)", "best_score": 0.5561429288902039, "test_score": 0.7126923076923077}