{"best_estimator": "RandomForestClassifier(criterion='log_loss', n_estimators=200)", "best_score": 0.6067424965133051, "test_score": 0.47278640059127863}