{"best_estimator": "BernoulliNB()", "best_score": 0.5234271685496924, "test_score": 0.40521494009866105}