{"best_estimator": "BernoulliNB()", "best_score": 0.5157035826198924, "test_score": 0.6583333333333333}