{"0": {"precision": 0.4666666666666667, "recall": 0.875, "f1-score": 0.6086956521739131, "support": 8.0}, "1": {"precision": 0.6666666666666666, "recall": 0.2, "f1-score": 0.3076923076923077, "support": 10.0}, "accuracy": 0.5, "macro avg": {"precision": 0.5666666666666667, "recall": 0.5375, "f1-score": 0.4581939799331104, "support": 18.0}, "weighted avg": {"precision": 0.5777777777777777, "recall": 0.5, "f1-score": 0.4414715719063545, "support": 18.0}}