{"best_estimator": "BernoulliNB()", "best_score": 0.5238629255708911, "test_score": 0.5974698102357677}