{"best_estimator": "HistGradientBoostingClassifier(learning_rate=0.5)", "best_score": 0.6312501793674442, "test_score": 0.7720057720057719}