{"best_estimator": "HistGradientBoostingClassifier(learning_rate=0.01)", "best_score": 0.646306770300277, "test_score": 0.7999665775401069}