{"0": {"precision": 0.7647058823529411, "recall": 0.8125, "f1-score": 0.7878787878787878, "support": 32.0}, "1": {"precision": 0.5384615384615384, "recall": 0.4666666666666667, "f1-score": 0.5, "support": 15.0}, "accuracy": 0.7021276595744681, "macro avg": {"precision": 0.6515837104072397, "recall": 0.6395833333333334, "f1-score": 0.6439393939393939, "support": 47.0}, "weighted avg": {"precision": 0.6925002406854722, "recall": 0.7021276595744681, "f1-score": 0.6960025789813024, "support": 47.0}}