{"0": {"precision": 0.75, "recall": 0.75, "f1-score": 0.75, "support": 8.0}, "1": {"precision": 0.8, "recall": 0.8, "f1-score": 0.8, "support": 10.0}, "accuracy": 0.7777777777777778, "macro avg": {"precision": 0.775, "recall": 0.775, "f1-score": 0.775, "support": 18.0}, "weighted avg": {"precision": 0.7777777777777778, "recall": 0.7777777777777778, "f1-score": 0.7777777777777778, "support": 18.0}}