{"best_estimator": "KNeighborsClassifier(p=3, weights='distance')", "best_score": 0.6768864574686076, "test_score": 0.7097204839382562}