{"0": {"precision": 0.6296296296296297, "recall": 0.7391304347826086, "f1-score": 0.68, "support": 23.0}, "1": {"precision": 0.7, "recall": 0.5833333333333334, "f1-score": 0.6363636363636364, "support": 24.0}, "accuracy": 0.6595744680851063, "macro avg": {"precision": 0.6648148148148147, "recall": 0.661231884057971, "f1-score": 0.6581818181818182, "support": 47.0}, "weighted avg": {"precision": 0.6655634357762017, "recall": 0.6595744680851063, "f1-score": 0.6577176015473888, "support": 47.0}}