{"0": {"precision": 0.7446808510638298, "recall": 0.7446808510638298, "f1-score": 0.7446808510638298, "support": 47.0}, "1": {"precision": 0.42857142857142855, "recall": 0.42857142857142855, "f1-score": 0.42857142857142855, "support": 21.0}, "accuracy": 0.6470588235294118, "macro avg": {"precision": 0.5866261398176291, "recall": 0.5866261398176291, "f1-score": 0.5866261398176291, "support": 68.0}, "weighted avg": {"precision": 0.6470588235294118, "recall": 0.6470588235294118, "f1-score": 0.6470588235294118, "support": 68.0}}