{"best_estimator": "RandomForestClassifier(criterion='log_loss', n_estimators=200)", "best_score": 0.6156572064462086, "test_score": 0.6560846560846562}