{"0": {"precision": 0.7272727272727273, "recall": 0.96, "f1-score": 0.8275862068965517, "support": 25.0}, "1": {"precision": 0.9, "recall": 0.5, "f1-score": 0.6428571428571429, "support": 18.0}, "accuracy": 0.7674418604651163, "macro avg": {"precision": 0.8136363636363637, "recall": 0.73, "f1-score": 0.7352216748768473, "support": 43.0}, "weighted avg": {"precision": 0.7995771670190275, "recall": 0.7674418604651163, "f1-score": 0.7502577614847061, "support": 43.0}}