{"0": {"precision": 0.75, "recall": 0.9375, "f1-score": 0.8333333333333334, "support": 32.0}, "1": {"precision": 0.7142857142857143, "recall": 0.3333333333333333, "f1-score": 0.45454545454545453, "support": 15.0}, "accuracy": 0.7446808510638298, "macro avg": {"precision": 0.7321428571428572, "recall": 0.6354166666666666, "f1-score": 0.6439393939393939, "support": 47.0}, "weighted avg": {"precision": 0.7386018237082067, "recall": 0.7446808510638298, "f1-score": 0.7124435847840103, "support": 47.0}}