{"precision": 0.7736486787179879, "recall": 0.7559150577380963, "f1": 0.7565766058056573}