{"best_estimator": "AdaBoostClassifier(algorithm='SAMME', learning_rate=0.05, n_estimators=300)", "best_score": 0.7290208462168858, "test_score": 0.7653689284390063}