{"0": {"precision": 0.9166666666666666, "recall": 0.6470588235294118, "f1-score": 0.7586206896551724, "support": 17.0}, "1": {"precision": 0.6666666666666666, "recall": 0.9230769230769231, "f1-score": 0.7741935483870968, "support": 13.0}, "accuracy": 0.7666666666666667, "macro avg": {"precision": 0.7916666666666666, "recall": 0.7850678733031675, "f1-score": 0.7664071190211346, "support": 30.0}, "weighted avg": {"precision": 0.8083333333333333, "recall": 0.7666666666666667, "f1-score": 0.7653689284390063, "support": 30.0}}