{"best_estimator": "BernoulliNB()", "best_score": 0.5953939629877759, "test_score": 0.646663253114866}