{"0": {"precision": 0.7333333333333333, "recall": 0.6470588235294118, "f1-score": 0.6875, "support": 17.0}, "1": {"precision": 0.6, "recall": 0.6923076923076923, "f1-score": 0.6428571428571429, "support": 13.0}, "accuracy": 0.6666666666666666, "macro avg": {"precision": 0.6666666666666666, "recall": 0.6696832579185521, "f1-score": 0.6651785714285714, "support": 30.0}, "weighted avg": {"precision": 0.6755555555555556, "recall": 0.6666666666666666, "f1-score": 0.668154761904762, "support": 30.0}}