{"best_estimator": "KNeighborsClassifier(n_neighbors=15, weights='distance')", "best_score": 0.7053987448645735, "test_score": 0.5745103987595646}