{"best_estimator": "KNeighborsClassifier(n_neighbors=7, p=3, weights='distance')", "best_score": 0.7032991278618622, "test_score": 0.5815215559375737}