{"best_estimator": "KNeighborsClassifier(weights='distance')", "best_score": 0.699776569313058, "test_score": 0.6780913978494624}