{"best_estimator": "RandomForestClassifier(max_depth=2, n_estimators=300)", "best_score": 0.751481017815595, "test_score": 0.8068548387096776}