{"0": {"precision": 0.5, "recall": 0.375, "f1-score": 0.42857142857142855, "support": 8.0}, "1": {"precision": 0.5833333333333334, "recall": 0.7, "f1-score": 0.6363636363636364, "support": 10.0}, "accuracy": 0.5555555555555556, "macro avg": {"precision": 0.5416666666666667, "recall": 0.5375, "f1-score": 0.5324675324675324, "support": 18.0}, "weighted avg": {"precision": 0.5462962962962963, "recall": 0.5555555555555556, "f1-score": 0.5440115440115441, "support": 18.0}}