{"0": {"precision": 0.5925925925925926, "recall": 0.64, "f1-score": 0.6153846153846154, "support": 25.0}, "1": {"precision": 0.4375, "recall": 0.3888888888888889, "f1-score": 0.4117647058823529, "support": 18.0}, "accuracy": 0.5348837209302325, "macro avg": {"precision": 0.5150462962962963, "recall": 0.5144444444444445, "f1-score": 0.5135746606334841, "support": 43.0}, "weighted avg": {"precision": 0.5276701119724375, "recall": 0.5348837209302325, "f1-score": 0.5301483741976218, "support": 43.0}}