{"best_estimator": "HistGradientBoostingClassifier()", "best_score": 0.43523150721279524, "test_score": 0.574468085106383}