{"best_estimator": "HistGradientBoostingClassifier()", "best_score": 0.48503518939683393, "test_score": 0.5116279069767442}