{"0": {"precision": 0.5454545454545454, "recall": 0.782608695652174, "f1-score": 0.6428571428571429, "support": 23.0}, "1": {"precision": 0.6428571428571429, "recall": 0.375, "f1-score": 0.47368421052631576, "support": 24.0}, "accuracy": 0.574468085106383, "macro avg": {"precision": 0.5941558441558441, "recall": 0.5788043478260869, "f1-score": 0.5582706766917294, "support": 47.0}, "weighted avg": {"precision": 0.5951920420005528, "recall": 0.574468085106383, "f1-score": 0.5564709646456567, "support": 47.0}}