{"best_estimator": "HistGradientBoostingClassifier(learning_rate=0.5)", "best_score": 0.48332464506368816, "test_score": 0.622180888165543}