{"0": {"precision": 0.6153846153846154, "recall": 0.8275862068965517, "f1-score": 0.7058823529411765, "support": 29.0}, "1": {"precision": 0.5454545454545454, "recall": 0.2857142857142857, "f1-score": 0.375, "support": 21.0}, "accuracy": 0.6, "macro avg": {"precision": 0.5804195804195804, "recall": 0.5566502463054187, "f1-score": 0.5404411764705883, "support": 50.0}, "weighted avg": {"precision": 0.586013986013986, "recall": 0.6, "f1-score": 0.5669117647058823, "support": 50.0}}