{"0": {"precision": 0.6875, "recall": 0.6875, "f1-score": 0.6875, "support": 32.0}, "1": {"precision": 0.3333333333333333, "recall": 0.3333333333333333, "f1-score": 0.3333333333333333, "support": 15.0}, "accuracy": 0.574468085106383, "macro avg": {"precision": 0.5104166666666666, "recall": 0.5104166666666666, "f1-score": 0.5104166666666666, "support": 47.0}, "weighted avg": {"precision": 0.574468085106383, "recall": 0.574468085106383, "f1-score": 0.574468085106383, "support": 47.0}}