{"best_estimator": "KNeighborsClassifier(p=3, weights='distance')", "best_score": 0.4834733236452074, "test_score": 0.5185185185185185}