{"best_estimator": "KNeighborsClassifier(n_neighbors=25, p=1, weights='distance')", "best_score": 0.403012225753403, "test_score": 0.5438464747601168}