{"best_estimator": "KNeighborsClassifier(p=1, weights='distance')", "best_score": 0.4378730745688686, "test_score": 0.5338666666666667}