{"0": {"precision": 0.4666666666666667, "recall": 0.30434782608695654, "f1-score": 0.3684210526315789, "support": 23.0}, "1": {"precision": 0.5, "recall": 0.6666666666666666, "f1-score": 0.5714285714285714, "support": 24.0}, "accuracy": 0.48936170212765956, "macro avg": {"precision": 0.48333333333333334, "recall": 0.4855072463768116, "f1-score": 0.4699248120300752, "support": 47.0}, "weighted avg": {"precision": 0.4836879432624114, "recall": 0.48936170212765956, "f1-score": 0.47208446648536234, "support": 47.0}}