{"best_estimator": "RandomForestClassifier(criterion='entropy', n_estimators=400)", "best_score": 0.43698364195906586, "test_score": 0.5102880658436213}