{"best_estimator": "RandomForestClassifier()", "best_score": 0.4125453617142972, "test_score": 0.5568519789521849}