{"0": {"precision": 0.5, "recall": 0.3, "f1-score": 0.375, "support": 10.0}, "1": {"precision": 0.2222222222222222, "recall": 0.4, "f1-score": 0.2857142857142857, "support": 5.0}, "accuracy": 0.3333333333333333, "macro avg": {"precision": 0.3611111111111111, "recall": 0.35, "f1-score": 0.33035714285714285, "support": 15.0}, "weighted avg": {"precision": 0.4074074074074074, "recall": 0.3333333333333333, "f1-score": 0.34523809523809523, "support": 15.0}}