{"0": {"precision": 0.75, "recall": 0.65625, "f1-score": 0.7, "support": 32.0}, "1": {"precision": 0.42105263157894735, "recall": 0.5333333333333333, "f1-score": 0.47058823529411764, "support": 15.0}, "accuracy": 0.6170212765957447, "macro avg": {"precision": 0.5855263157894737, "recall": 0.5947916666666666, "f1-score": 0.5852941176470587, "support": 47.0}, "weighted avg": {"precision": 0.64501679731243, "recall": 0.6170212765957447, "f1-score": 0.6267834793491864, "support": 47.0}}