{"best_estimator": "RandomForestClassifier()", "best_score": 0.5074884261862043, "test_score": 0.5333333333333334}