{"best_estimator": "RandomForestClassifier(criterion='entropy')", "best_score": 0.46419904910224236, "test_score": 0.49117707058343535}