{"0": {"precision": 0.68, "recall": 0.68, "f1-score": 0.68, "support": 25.0}, "1": {"precision": 0.5555555555555556, "recall": 0.5555555555555556, "f1-score": 0.5555555555555556, "support": 18.0}, "accuracy": 0.627906976744186, "macro avg": {"precision": 0.6177777777777778, "recall": 0.6177777777777778, "f1-score": 0.6177777777777778, "support": 43.0}, "weighted avg": {"precision": 0.627906976744186, "recall": 0.627906976744186, "f1-score": 0.627906976744186, "support": 43.0}}