{"best_estimator": "BernoulliNB()", "best_score": 0.4832800438000605, "test_score": 0.39269618239660653}