{"best_estimator": "BernoulliNB()", "best_score": 0.4476587518474597, "test_score": 0.46963562753036436}