{"best_estimator": "BernoulliNB()", "best_score": 0.5435064615803176, "test_score": 0.38636363636363635}