{"best_estimator": "BernoulliNB()", "best_score": 0.44766151045285457, "test_score": 0.35083333333333333}