{"best_estimator": "BernoulliNB()", "best_score": 0.5221998469487644, "test_score": 0.38636363636363635}