{"best_estimator": "HistGradientBoostingClassifier(learning_rate=0.5)", "best_score": 0.5936224927133846, "test_score": 0.664767331433998}