{"best_estimator": "KNeighborsClassifier(p=3, weights='distance')", "best_score": 0.6076863268033587, "test_score": 0.6899509803921569}