{"best_estimator": "KNeighborsClassifier(p=3, weights='distance')", "best_score": 0.5697408054478774, "test_score": 0.6075291592532972}