{"best_estimator": "KNeighborsClassifier(p=3, weights='distance')", "best_score": 0.5750270358292935, "test_score": 0.6060606060606061}