{"best_estimator": "KNeighborsClassifier(p=3, weights='distance')", "best_score": 0.6173058213556122, "test_score": 0.5178451178451179}