{"best_estimator": "RandomForestClassifier(criterion='entropy')", "best_score": 0.5905098800573052, "test_score": 0.6579704704704705}