{"best_estimator": "RandomForestClassifier(criterion='entropy')", "best_score": 0.5662332244937327, "test_score": 0.6822916666666667}