{"best_estimator": "RandomForestClassifier(criterion='entropy', n_estimators=400)", "best_score": 0.6023353178913875, "test_score": 0.6579704704704705}