{"best_estimator": "RandomForestClassifier(criterion='log_loss', n_estimators=400)", "best_score": 0.5805436176211607, "test_score": 0.8102226720647774}