{"best_estimator": "RandomForestClassifier()", "best_score": 0.597477027836451, "test_score": 0.7257187257187258}