{"best_estimator": "RandomForestClassifier(n_estimators=150)", "best_score": 0.5706918412211721, "test_score": 0.7866701200034533}