{"best_estimator": "RandomForestClassifier(max_depth=6, n_estimators=300)", "best_score": 0.5645132704054892, "test_score": 0.7416666666666667}