{"best_estimator": "BernoulliNB()", "best_score": 0.5986548153482496, "test_score": 0.49455173157837956}