{"best_estimator": "BernoulliNB()", "best_score": 0.5816746239494409, "test_score": 0.6163126147390506}