{"best_estimator": "BernoulliNB()", "best_score": 0.5708861263608678, "test_score": 0.5375291191218857}