{"best_estimator": "BernoulliNB()", "best_score": 0.5754900207723889, "test_score": 0.6293379364908117}