{"best_estimator": "BernoulliNB()", "best_score": 0.5663273784794648, "test_score": 0.6703465982028242}