{"best_estimator": "HistGradientBoostingClassifier(learning_rate=0.01)", "best_score": 0.6846854498086794, "test_score": 0.8076714556790457}