{"0": {"precision": 0.7777777777777778, "recall": 0.8235294117647058, "f1-score": 0.8, "support": 17.0}, "1": {"precision": 0.75, "recall": 0.6923076923076923, "f1-score": 0.72, "support": 13.0}, "accuracy": 0.7666666666666667, "macro avg": {"precision": 0.7638888888888888, "recall": 0.7579185520361991, "f1-score": 0.76, "support": 30.0}, "weighted avg": {"precision": 0.7657407407407407, "recall": 0.7666666666666667, "f1-score": 0.7653333333333333, "support": 30.0}}