{"best_estimator": "KNeighborsClassifier(n_neighbors=25, p=1)", "best_score": 0.6862007958823336, "test_score": 0.7697994768962511}