{"best_estimator": "RandomForestClassifier(max_depth=2, n_estimators=300)", "best_score": 0.7654341294237574, "test_score": 0.7727288578901482}