{"0": {"precision": 0.8421052631578947, "recall": 0.9411764705882353, "f1-score": 0.8888888888888888, "support": 17.0}, "1": {"precision": 0.9166666666666666, "recall": 0.7857142857142857, "f1-score": 0.8461538461538461, "support": 14.0}, "accuracy": 0.8709677419354839, "macro avg": {"precision": 0.8793859649122806, "recall": 0.8634453781512605, "f1-score": 0.8675213675213675, "support": 31.0}, "weighted avg": {"precision": 0.8757781550650819, "recall": 0.8709677419354839, "f1-score": 0.8695891921698373, "support": 31.0}}