{"0": {"precision": 0.6086956521739131, "recall": 0.5185185185185185, "f1-score": 0.56, "support": 27.0}, "1": {"precision": 0.23529411764705882, "recall": 0.3076923076923077, "f1-score": 0.26666666666666666, "support": 13.0}, "accuracy": 0.45, "macro avg": {"precision": 0.421994884910486, "recall": 0.4131054131054131, "f1-score": 0.41333333333333333, "support": 40.0}, "weighted avg": {"precision": 0.48734015345268544, "recall": 0.45, "f1-score": 0.4646666666666667, "support": 40.0}}