{"best_estimator": "AdaBoostClassifier(algorithm='SAMME', learning_rate=0.01)", "best_score": 0.4780396543372591, "test_score": 0.29102231447846394}