{"0": {"precision": 0.5714285714285714, "recall": 0.14285714285714285, "f1-score": 0.22857142857142856, "support": 28.0}, "1": {"precision": 0.29411764705882354, "recall": 0.7692307692307693, "f1-score": 0.425531914893617, "support": 13.0}, "accuracy": 0.34146341463414637, "macro avg": {"precision": 0.4327731092436975, "recall": 0.4560439560439561, "f1-score": 0.3270516717325228, "support": 41.0}, "weighted avg": {"precision": 0.4835007173601148, "recall": 0.34146341463414637, "f1-score": 0.29102231447846394, "support": 41.0}}