{"best_estimator": "BernoulliNB()", "best_score": 0.3802934647446786, "test_score": 0.21071428571428572}