{"best_estimator": "BernoulliNB()", "best_score": 0.3531674007016064, "test_score": 0.19949290060851926}