{"0": {"precision": 0.5, "recall": 0.037037037037037035, "f1-score": 0.06896551724137931, "support": 27.0}, "1": {"precision": 0.3157894736842105, "recall": 0.9230769230769231, "f1-score": 0.47058823529411764, "support": 13.0}, "accuracy": 0.325, "macro avg": {"precision": 0.40789473684210525, "recall": 0.48005698005698005, "f1-score": 0.2697768762677485, "support": 40.0}, "weighted avg": {"precision": 0.44013157894736843, "recall": 0.325, "f1-score": 0.19949290060851926, "support": 40.0}}