{"best_estimator": "BernoulliNB()", "best_score": 0.3802827020550259, "test_score": 0.29382453217321547}