{"best_estimator": "BernoulliNB()", "best_score": 0.3796228420919401, "test_score": 0.21071428571428572}