{"0": {"precision": 1.0, "recall": 0.037037037037037035, "f1-score": 0.07142857142857142, "support": 27.0}, "1": {"precision": 0.3333333333333333, "recall": 1.0, "f1-score": 0.5, "support": 13.0}, "accuracy": 0.35, "macro avg": {"precision": 0.6666666666666666, "recall": 0.5185185185185185, "f1-score": 0.2857142857142857, "support": 40.0}, "weighted avg": {"precision": 0.7833333333333333, "recall": 0.35, "f1-score": 0.21071428571428572, "support": 40.0}}