{"best_estimator": "BernoulliNB()", "best_score": 0.39345649512714115, "test_score": 0.14358030372756558}