{"0": {"precision": 0.0, "recall": 0.0, "f1-score": 0.0, "support": 28.0}, "1": {"precision": 0.3, "recall": 0.9230769230769231, "f1-score": 0.4528301886792453, "support": 13.0}, "accuracy": 0.2926829268292683, "macro avg": {"precision": 0.15, "recall": 0.46153846153846156, "f1-score": 0.22641509433962265, "support": 41.0}, "weighted avg": {"precision": 0.0951219512195122, "recall": 0.2926829268292683, "f1-score": 0.14358030372756558, "support": 41.0}}