{"0": {"precision": 0.6, "recall": 0.5357142857142857, "f1-score": 0.5660377358490566, "support": 28.0}, "1": {"precision": 0.1875, "recall": 0.23076923076923078, "f1-score": 0.20689655172413793, "support": 13.0}, "accuracy": 0.43902439024390244, "macro avg": {"precision": 0.39375, "recall": 0.3832417582417582, "f1-score": 0.38646714378659724, "support": 41.0}, "weighted avg": {"precision": 0.46920731707317076, "recall": 0.43902439024390244, "f1-score": 0.4521637018582287, "support": 41.0}}