{"best_estimator": "HistGradientBoostingClassifier()", "best_score": 0.578422825179375, "test_score": 0.4521637018582287}