{"best_estimator": "HistGradientBoostingClassifier()", "best_score": 0.555044289396713, "test_score": 0.690120793787748}