{"best_estimator": "KNeighborsClassifier(p=1, weights='distance')", "best_score": 0.49720042163270695, "test_score": 0.4431656995486783}