{"best_estimator": "KNeighborsClassifier(p=1, weights='distance')", "best_score": 0.5574414446473973, "test_score": 0.49574588769143507}