{"best_estimator": "KNeighborsClassifier(p=3, weights='distance')", "best_score": 0.501887004881872, "test_score": 0.4915860735009671}