{"0": {"precision": 0.6818181818181818, "recall": 0.5357142857142857, "f1-score": 0.6, "support": 28.0}, "1": {"precision": 0.3157894736842105, "recall": 0.46153846153846156, "f1-score": 0.375, "support": 13.0}, "accuracy": 0.5121951219512195, "macro avg": {"precision": 0.49880382775119614, "recall": 0.49862637362637363, "f1-score": 0.4875, "support": 41.0}, "weighted avg": {"precision": 0.5657602987513128, "recall": 0.5121951219512195, "f1-score": 0.5286585365853659, "support": 41.0}}