{"best_estimator": "KNeighborsClassifier(p=1, weights='distance')", "best_score": 0.49588165199287404, "test_score": 0.5286585365853659}