{"0": {"precision": 0.7083333333333334, "recall": 0.6296296296296297, "f1-score": 0.6666666666666666, "support": 27.0}, "1": {"precision": 0.375, "recall": 0.46153846153846156, "f1-score": 0.41379310344827586, "support": 13.0}, "accuracy": 0.575, "macro avg": {"precision": 0.5416666666666667, "recall": 0.5455840455840456, "f1-score": 0.5402298850574713, "support": 40.0}, "weighted avg": {"precision": 0.6, "recall": 0.575, "f1-score": 0.5844827586206897, "support": 40.0}}