{"best_estimator": "RandomForestClassifier(n_estimators=150)", "best_score": 0.5391132266613631, "test_score": 0.5962469733656175}