{"0": {"precision": 0.6538461538461539, "recall": 0.6296296296296297, "f1-score": 0.6415094339622641, "support": 27.0}, "1": {"precision": 0.2857142857142857, "recall": 0.3076923076923077, "f1-score": 0.2962962962962963, "support": 13.0}, "accuracy": 0.525, "macro avg": {"precision": 0.4697802197802198, "recall": 0.4686609686609687, "f1-score": 0.4689028651292802, "support": 40.0}, "weighted avg": {"precision": 0.5342032967032967, "recall": 0.525, "f1-score": 0.5293151642208246, "support": 40.0}}