{"best_estimator": "RandomForestClassifier(criterion='entropy', n_estimators=200)", "best_score": 0.5519007472729707, "test_score": 0.4646666666666667}