{"best_estimator": "RandomForestClassifier(n_estimators=400)", "best_score": 0.5626879068761543, "test_score": 0.5502523128679563}