{"0": {"precision": 0.7916666666666666, "recall": 0.5757575757575758, "f1-score": 0.6666666666666666, "support": 33.0}, "1": {"precision": 0.5757575757575758, "recall": 0.7916666666666666, "f1-score": 0.6666666666666666, "support": 24.0}, "accuracy": 0.6666666666666666, "macro avg": {"precision": 0.6837121212121212, "recall": 0.6837121212121212, "f1-score": 0.6666666666666666, "support": 57.0}, "weighted avg": {"precision": 0.7007575757575758, "recall": 0.6666666666666666, "f1-score": 0.6666666666666666, "support": 57.0}}