{"0": {"precision": 0.47368421052631576, "recall": 0.8181818181818182, "f1-score": 0.6, "support": 11.0}, "1": {"precision": 0.0, "recall": 0.0, "f1-score": 0.0, "support": 10.0}, "accuracy": 0.42857142857142855, "macro avg": {"precision": 0.23684210526315788, "recall": 0.4090909090909091, "f1-score": 0.3, "support": 21.0}, "weighted avg": {"precision": 0.24812030075187969, "recall": 0.42857142857142855, "f1-score": 0.3142857142857143, "support": 21.0}}