{"0": {"precision": 0.6666666666666666, "recall": 0.6666666666666666, "f1-score": 0.6666666666666666, "support": 9.0}, "1": {"precision": 0.7, "recall": 0.7, "f1-score": 0.7, "support": 10.0}, "accuracy": 0.6842105263157895, "macro avg": {"precision": 0.6833333333333333, "recall": 0.6833333333333333, "f1-score": 0.6833333333333333, "support": 19.0}, "weighted avg": {"precision": 0.6842105263157895, "recall": 0.6842105263157895, "f1-score": 0.6842105263157895, "support": 19.0}}