{"0": {"precision": 0.8235294117647058, "recall": 0.5675675675675675, "f1-score": 0.672, "support": 74.0}, "1": {"precision": 0.2727272727272727, "recall": 0.5714285714285714, "f1-score": 0.36923076923076925, "support": 21.0}, "accuracy": 0.5684210526315789, "macro avg": {"precision": 0.5481283422459893, "recall": 0.5694980694980695, "f1-score": 0.5206153846153847, "support": 95.0}, "weighted avg": {"precision": 0.7017731494511679, "recall": 0.5684210526315789, "f1-score": 0.605072064777328, "support": 95.0}}