{"0": {"precision": 1.0, "recall": 0.07142857142857142, "f1-score": 0.13333333333333333, "support": 42.0}, "1": {"precision": 0.2777777777777778, "recall": 1.0, "f1-score": 0.43478260869565216, "support": 15.0}, "accuracy": 0.3157894736842105, "macro avg": {"precision": 0.6388888888888888, "recall": 0.5357142857142857, "f1-score": 0.28405797101449276, "support": 57.0}, "weighted avg": {"precision": 0.8099415204678362, "recall": 0.3157894736842105, "f1-score": 0.21266209000762776, "support": 57.0}}