{"best_estimator": "BernoulliNB()", "best_score": 0.36597856456015243, "test_score": 0.21266209000762776}