{"0": {"precision": 0.0, "recall": 0.0, "f1-score": 0.0, "support": 16.0}, "1": {"precision": 0.2727272727272727, "recall": 1.0, "f1-score": 0.42857142857142855, "support": 6.0}, "accuracy": 0.2727272727272727, "macro avg": {"precision": 0.13636363636363635, "recall": 0.5, "f1-score": 0.21428571428571427, "support": 22.0}, "weighted avg": {"precision": 0.07438016528925619, "recall": 0.2727272727272727, "f1-score": 0.11688311688311687, "support": 22.0}}