{"best_estimator": "BernoulliNB()", "best_score": 0.39446049857806587, "test_score": 0.23451032644903397}