{"0": {"precision": 0.5, "recall": 0.027777777777777776, "f1-score": 0.05263157894736842, "support": 36.0}, "1": {"precision": 0.36363636363636365, "recall": 0.9523809523809523, "f1-score": 0.5263157894736842, "support": 21.0}, "accuracy": 0.3684210526315789, "macro avg": {"precision": 0.4318181818181818, "recall": 0.49007936507936506, "f1-score": 0.2894736842105263, "support": 57.0}, "weighted avg": {"precision": 0.44976076555023925, "recall": 0.3684210526315789, "f1-score": 0.22714681440443213, "support": 57.0}}