{"best_estimator": "BernoulliNB()", "best_score": 0.35050353092189607, "test_score": 0.11688311688311687}