{"0": {"precision": 1.0, "recall": 0.09090909090909091, "f1-score": 0.16666666666666666, "support": 11.0}, "1": {"precision": 0.5, "recall": 1.0, "f1-score": 0.6666666666666666, "support": 10.0}, "accuracy": 0.5238095238095238, "macro avg": {"precision": 0.75, "recall": 0.5454545454545454, "f1-score": 0.41666666666666663, "support": 21.0}, "weighted avg": {"precision": 0.7619047619047619, "recall": 0.5238095238095238, "f1-score": 0.40476190476190477, "support": 21.0}}