{"0": {"precision": 0.7777777777777778, "recall": 0.5833333333333334, "f1-score": 0.6666666666666666, "support": 36.0}, "1": {"precision": 0.4444444444444444, "recall": 0.6666666666666666, "f1-score": 0.5333333333333333, "support": 18.0}, "accuracy": 0.6111111111111112, "macro avg": {"precision": 0.6111111111111112, "recall": 0.625, "f1-score": 0.6, "support": 54.0}, "weighted avg": {"precision": 0.6666666666666666, "recall": 0.6111111111111112, "f1-score": 0.6222222222222222, "support": 54.0}}