{"0": {"precision": 0.5333333333333333, "recall": 0.7272727272727273, "f1-score": 0.6153846153846154, "support": 11.0}, "1": {"precision": 0.5, "recall": 0.3, "f1-score": 0.375, "support": 10.0}, "accuracy": 0.5238095238095238, "macro avg": {"precision": 0.5166666666666666, "recall": 0.5136363636363637, "f1-score": 0.4951923076923077, "support": 21.0}, "weighted avg": {"precision": 0.5174603174603175, "recall": 0.5238095238095238, "f1-score": 0.5009157509157509, "support": 21.0}}