{"best_estimator": "HistGradientBoostingClassifier()", "best_score": 0.6006793766620653, "test_score": 0.6482051282051282}