{"best_estimator": "HistGradientBoostingClassifier()", "best_score": 0.5207897598315657, "test_score": 0.6222222222222222}