{"0": {"precision": 0.7878787878787878, "recall": 0.6190476190476191, "f1-score": 0.6933333333333334, "support": 42.0}, "1": {"precision": 0.3333333333333333, "recall": 0.5333333333333333, "f1-score": 0.41025641025641024, "support": 15.0}, "accuracy": 0.5964912280701754, "macro avg": {"precision": 0.5606060606060606, "recall": 0.5761904761904761, "f1-score": 0.5517948717948717, "support": 57.0}, "weighted avg": {"precision": 0.668261562998405, "recall": 0.5964912280701754, "f1-score": 0.6188394062078272, "support": 57.0}}