{"best_estimator": "HistGradientBoostingClassifier(learning_rate=0.5)", "best_score": 0.5464765956300689, "test_score": 0.6188394062078272}