{"best_estimator": "KNeighborsClassifier(p=1, weights='distance')", "best_score": 0.49021482893430496, "test_score": 0.48290598290598297}