{"best_estimator": "KNeighborsClassifier(n_neighbors=7, p=1, weights='distance')", "best_score": 0.46986824792971316, "test_score": 0.5655442955214122}