{"0": {"precision": 0.7631578947368421, "recall": 0.3918918918918919, "f1-score": 0.5178571428571429, "support": 74.0}, "1": {"precision": 0.21052631578947367, "recall": 0.5714285714285714, "f1-score": 0.3076923076923077, "support": 21.0}, "accuracy": 0.43157894736842106, "macro avg": {"precision": 0.4868421052631579, "recall": 0.48166023166023164, "f1-score": 0.4127747252747253, "support": 95.0}, "weighted avg": {"precision": 0.6409972299168976, "recall": 0.43157894736842106, "f1-score": 0.47139965297860037, "support": 95.0}}