{"0": {"precision": 0.625, "recall": 0.45454545454545453, "f1-score": 0.5263157894736842, "support": 11.0}, "1": {"precision": 0.5384615384615384, "recall": 0.7, "f1-score": 0.6086956521739131, "support": 10.0}, "accuracy": 0.5714285714285714, "macro avg": {"precision": 0.5817307692307692, "recall": 0.5772727272727273, "f1-score": 0.5675057208237986, "support": 21.0}, "weighted avg": {"precision": 0.5837912087912087, "recall": 0.5714285714285714, "f1-score": 0.5655442955214122, "support": 21.0}}