{"0": {"precision": 0.7777777777777778, "recall": 0.6666666666666666, "f1-score": 0.717948717948718, "support": 42.0}, "1": {"precision": 0.3333333333333333, "recall": 0.4666666666666667, "f1-score": 0.3888888888888889, "support": 15.0}, "accuracy": 0.6140350877192983, "macro avg": {"precision": 0.5555555555555556, "recall": 0.5666666666666667, "f1-score": 0.5534188034188035, "support": 57.0}, "weighted avg": {"precision": 0.6608187134502923, "recall": 0.6140350877192983, "f1-score": 0.6313540260908682, "support": 57.0}}