{"best_estimator": "KNeighborsClassifier(p=1, weights='distance')", "best_score": 0.49742336087917105, "test_score": 0.6313540260908682}