{"best_estimator": "RandomForestClassifier(n_estimators=400)", "best_score": 0.5328174322302934, "test_score": 0.49885583524027466}