{"0": {"precision": 0.46153846153846156, "recall": 0.6666666666666666, "f1-score": 0.5454545454545454, "support": 9.0}, "1": {"precision": 0.5, "recall": 0.3, "f1-score": 0.375, "support": 10.0}, "accuracy": 0.47368421052631576, "macro avg": {"precision": 0.4807692307692308, "recall": 0.4833333333333333, "f1-score": 0.4602272727272727, "support": 19.0}, "weighted avg": {"precision": 0.4817813765182186, "recall": 0.47368421052631576, "f1-score": 0.45574162679425834, "support": 19.0}}