{"0": {"precision": 0.8253968253968254, "recall": 0.7027027027027027, "f1-score": 0.7591240875912408, "support": 74.0}, "1": {"precision": 0.3125, "recall": 0.47619047619047616, "f1-score": 0.37735849056603776, "support": 21.0}, "accuracy": 0.6526315789473685, "macro avg": {"precision": 0.5689484126984127, "recall": 0.5894465894465895, "f1-score": 0.5682412890786392, "support": 95.0}, "weighted avg": {"precision": 0.7120196324143692, "recall": 0.6526315789473685, "f1-score": 0.6747337977225117, "support": 95.0}}