{"0": {"precision": 0.625, "recall": 0.7575757575757576, "f1-score": 0.684931506849315, "support": 33.0}, "1": {"precision": 0.5294117647058824, "recall": 0.375, "f1-score": 0.43902439024390244, "support": 24.0}, "accuracy": 0.5964912280701754, "macro avg": {"precision": 0.5772058823529411, "recall": 0.5662878787878788, "f1-score": 0.5619779485466088, "support": 57.0}, "weighted avg": {"precision": 0.5847523219814241, "recall": 0.5964912280701754, "f1-score": 0.581391668278615, "support": 57.0}}