{"best_estimator": "BernoulliNB()", "best_score": 0.5317846663000493, "test_score": 0.5333333333333334}