{"best_estimator": "BernoulliNB()", "best_score": 0.5095177010307206, "test_score": 0.6118701007838746}