{"best_estimator": "BernoulliNB()", "best_score": 0.52829749408946, "test_score": 0.5065795731997336}