{"best_estimator": "BernoulliNB()", "best_score": 0.5412683867931553, "test_score": 0.41652204095800066}