{"best_estimator": "BernoulliNB()", "best_score": 0.5315591090395786, "test_score": 0.5201663201663201}