{"best_estimator": "HistGradientBoostingClassifier(learning_rate=0.5)", "best_score": 0.5174034077169422, "test_score": 0.5657179699732892}