{"best_estimator": "KNeighborsClassifier(n_neighbors=15, weights='distance')", "best_score": 0.5662139787729253, "test_score": 0.6523172436793699}