{"best_estimator": "KNeighborsClassifier(n_neighbors=15)", "best_score": 0.5669600977408077, "test_score": 0.5333333333333333}