{"0": {"precision": 0.7307692307692307, "recall": 0.8085106382978723, "f1-score": 0.7676767676767676, "support": 47.0}, "1": {"precision": 0.4375, "recall": 0.3333333333333333, "f1-score": 0.3783783783783784, "support": 21.0}, "accuracy": 0.6617647058823529, "macro avg": {"precision": 0.5841346153846154, "recall": 0.5709219858156028, "f1-score": 0.573027573027573, "support": 68.0}, "weighted avg": {"precision": 0.6402007918552036, "recall": 0.6617647058823529, "f1-score": 0.6474522650993239, "support": 68.0}}