{"best_estimator": "BernoulliNB()", "best_score": 0.46602703535797146, "test_score": 0.5348660556033829}