{"best_estimator": "BernoulliNB()", "best_score": 0.4682084827762454, "test_score": 0.4112903225806452}