{"best_estimator": "BernoulliNB()", "best_score": 0.47398458751691097, "test_score": 0.5149769585253456}