{"best_estimator": "HistGradientBoostingClassifier(learning_rate=0.05)", "best_score": 0.604731865517552, "test_score": 0.5247311827956989}