{"best_estimator": "HistGradientBoostingClassifier(learning_rate=0.01)", "best_score": 0.5800078363175908, "test_score": 0.6419966195562269}