{"0": {"precision": 0.6111111111111112, "recall": 0.6111111111111112, "f1-score": 0.6111111111111112, "support": 18.0}, "1": {"precision": 0.4166666666666667, "recall": 0.4166666666666667, "f1-score": 0.4166666666666667, "support": 12.0}, "accuracy": 0.5333333333333333, "macro avg": {"precision": 0.513888888888889, "recall": 0.513888888888889, "f1-score": 0.513888888888889, "support": 30.0}, "weighted avg": {"precision": 0.5333333333333333, "recall": 0.5333333333333333, "f1-score": 0.5333333333333333, "support": 30.0}}