{"best_estimator": "HistGradientBoostingClassifier(learning_rate=0.01)", "best_score": 0.5480164320726287, "test_score": 0.5620723362658847}