{"best_estimator": "HistGradientBoostingClassifier(learning_rate=0.05)", "best_score": 0.5676285082684212, "test_score": 0.4733137829912023}