{"best_estimator": "KNeighborsClassifier(p=1, weights='distance')", "best_score": 0.5835279512586219, "test_score": 0.539149560117302}