{"best_estimator": "KNeighborsClassifier(p=1, weights='distance')", "best_score": 0.5805829805707817, "test_score": 0.6419966195562269}