{"best_estimator": "KNeighborsClassifier(n_neighbors=10, weights='distance')", "best_score": 0.5737776930822143, "test_score": 0.7721796669903261}