{"best_estimator": "RandomForestClassifier(n_estimators=300)", "best_score": 0.5739994851994853, "test_score": 0.48059383266869354}