{"precision": 0.6778335228803378, "recall": 0.6457388242421618, "f1": 0.6464783687491035}