{"0": {"precision": 0.625, "recall": 0.37037037037037035, "f1-score": 0.46511627906976744, "support": 27.0}, "1": {"precision": 0.41379310344827586, "recall": 0.6666666666666666, "f1-score": 0.5106382978723404, "support": 18.0}, "accuracy": 0.4888888888888889, "macro avg": {"precision": 0.5193965517241379, "recall": 0.5185185185185185, "f1-score": 0.48787728847105394, "support": 45.0}, "weighted avg": {"precision": 0.5405172413793103, "recall": 0.4888888888888889, "f1-score": 0.4833250865907966, "support": 45.0}}