{"0": {"precision": 0.8292682926829268, "recall": 0.723404255319149, "f1-score": 0.7727272727272727, "support": 47.0}, "1": {"precision": 0.5, "recall": 0.65, "f1-score": 0.5652173913043478, "support": 20.0}, "accuracy": 0.7014925373134329, "macro avg": {"precision": 0.6646341463414633, "recall": 0.6867021276595745, "f1-score": 0.6689723320158103, "support": 67.0}, "weighted avg": {"precision": 0.7309792500910084, "recall": 0.7014925373134329, "f1-score": 0.7107840245413249, "support": 67.0}}