{"best_estimator": "BernoulliNB()", "best_score": 0.6328267206998819, "test_score": 0.6995990987655627}