{"best_estimator": "BernoulliNB()", "best_score": 0.6688290488898787, "test_score": 0.4940000000000001}