{"0": {"precision": 0.6956521739130435, "recall": 0.64, "f1-score": 0.6666666666666666, "support": 25.0}, "1": {"precision": 0.55, "recall": 0.6111111111111112, "f1-score": 0.5789473684210527, "support": 18.0}, "accuracy": 0.627906976744186, "macro avg": {"precision": 0.6228260869565218, "recall": 0.6255555555555556, "f1-score": 0.6228070175438596, "support": 43.0}, "weighted avg": {"precision": 0.6346814964610717, "recall": 0.627906976744186, "f1-score": 0.6299469604243165, "support": 43.0}}