{"best_estimator": "BernoulliNB()", "best_score": 0.6681541582150102, "test_score": 0.6299469604243165}