{"best_estimator": "BernoulliNB()", "best_score": 0.6810867736590286, "test_score": 0.5208237986270023}