{"best_estimator": "BernoulliNB()", "best_score": 0.6394699091936255, "test_score": 0.8054298642533937}