{"best_estimator": "HistGradientBoostingClassifier(learning_rate=0.5)", "best_score": 0.7113113581422614, "test_score": 0.6734487526051877}