{"best_estimator": "KNeighborsClassifier(p=3, weights='distance')", "best_score": 0.6850388943636933, "test_score": 0.6413789396355557}