{"0": {"precision": 0.7058823529411765, "recall": 0.48, "f1-score": 0.5714285714285714, "support": 25.0}, "1": {"precision": 0.5, "recall": 0.7222222222222222, "f1-score": 0.5909090909090909, "support": 18.0}, "accuracy": 0.5813953488372093, "macro avg": {"precision": 0.6029411764705883, "recall": 0.6011111111111112, "f1-score": 0.5811688311688312, "support": 43.0}, "weighted avg": {"precision": 0.6196990424076607, "recall": 0.5813953488372093, "f1-score": 0.5795832074901842, "support": 43.0}}