{"0": {"precision": 0.7894736842105263, "recall": 0.6382978723404256, "f1-score": 0.7058823529411765, "support": 47.0}, "1": {"precision": 0.41379310344827586, "recall": 0.6, "f1-score": 0.4897959183673469, "support": 20.0}, "accuracy": 0.6268656716417911, "macro avg": {"precision": 0.6016333938294011, "recall": 0.6191489361702127, "f1-score": 0.5978391356542617, "support": 67.0}, "weighted avg": {"precision": 0.677330227266571, "recall": 0.6268656716417911, "f1-score": 0.6413789396355557, "support": 67.0}}