{"best_estimator": "RandomForestClassifier(criterion='entropy', max_depth=6)", "best_score": 0.6574981207003037, "test_score": 0.7920679024093175}