{"best_estimator": "RandomForestClassifier(criterion='entropy')", "best_score": 0.642405594735391, "test_score": 0.5460030165912519}