{"precision": 0.7675928199627798, "recall": 0.6701031478809256, "f1": 0.6740093607651236}