{"0": {"precision": 0.6842105263157895, "recall": 1.0, "f1-score": 0.8125, "support": 26.0}, "1": {"precision": 1.0, "recall": 0.2, "f1-score": 0.3333333333333333, "support": 15.0}, "accuracy": 0.7073170731707317, "macro avg": {"precision": 0.8421052631578947, "recall": 0.6, "f1-score": 0.5729166666666666, "support": 41.0}, "weighted avg": {"precision": 0.7997432605905007, "recall": 0.7073170731707317, "f1-score": 0.6371951219512195, "support": 41.0}}