{"0": {"precision": 0.65, "recall": 1.0, "f1-score": 0.7878787878787878, "support": 26.0}, "1": {"precision": 1.0, "recall": 0.06666666666666667, "f1-score": 0.125, "support": 15.0}, "accuracy": 0.6585365853658537, "macro avg": {"precision": 0.825, "recall": 0.5333333333333333, "f1-score": 0.4564393939393939, "support": 41.0}, "weighted avg": {"precision": 0.7780487804878049, "recall": 0.6585365853658537, "f1-score": 0.5453621581670363, "support": 41.0}}