{"best_estimator": "BernoulliNB()", "best_score": 0.5387443616012423, "test_score": 0.5453621581670363}