{"best_estimator": "HistGradientBoostingClassifier()", "best_score": 0.5971173800042469, "test_score": 0.7217868338557993}