{"best_estimator": "HistGradientBoostingClassifier(learning_rate=0.05)", "best_score": 0.5334671199534082, "test_score": 0.6739591032273959}