{"best_estimator": "HistGradientBoostingClassifier(learning_rate=0.05)", "best_score": 0.5540403873934772, "test_score": 0.6661425576519917}