{"best_estimator": "HistGradientBoostingClassifier()", "best_score": 0.5980050462577886, "test_score": 0.5634171907756814}