{"best_estimator": "HistGradientBoostingClassifier(learning_rate=0.5)", "best_score": 0.600371560494915, "test_score": 0.6454996186117467}