{"0": {"precision": 0.6666666666666666, "recall": 0.8461538461538461, "f1-score": 0.7457627118644068, "support": 26.0}, "1": {"precision": 0.5, "recall": 0.26666666666666666, "f1-score": 0.34782608695652173, "support": 15.0}, "accuracy": 0.6341463414634146, "macro avg": {"precision": 0.5833333333333333, "recall": 0.5564102564102564, "f1-score": 0.5467943994104643, "support": 41.0}, "weighted avg": {"precision": 0.6056910569105691, "recall": 0.6341463414634146, "f1-score": 0.6001761417761562, "support": 41.0}}