{"best_estimator": "KNeighborsClassifier(p=3)", "best_score": 0.5703225205144417, "test_score": 0.5775181040157998}