{"best_estimator": "RandomForestClassifier(criterion='log_loss')", "best_score": 0.5417030767383546, "test_score": 0.5548589341692789}