{"best_estimator": "RandomForestClassifier(criterion='entropy', n_estimators=150)", "best_score": 0.608731069540854, "test_score": 0.5842670401493931}