{"best_estimator": "RandomForestClassifier()", "best_score": 0.5523265740395978, "test_score": 0.6804513067902314}