{"0": {"precision": 0.8235294117647058, "recall": 0.5384615384615384, "f1-score": 0.6511627906976745, "support": 26.0}, "1": {"precision": 0.5, "recall": 0.8, "f1-score": 0.6153846153846154, "support": 15.0}, "accuracy": 0.6341463414634146, "macro avg": {"precision": 0.6617647058823529, "recall": 0.6692307692307693, "f1-score": 0.6332737030411449, "support": 41.0}, "weighted avg": {"precision": 0.7051649928263988, "recall": 0.6341463414634146, "f1-score": 0.6380732143636285, "support": 41.0}}