{"best_estimator": "BernoulliNB()", "best_score": 0.5488164278761115, "test_score": 0.531269641734758}