{"0": {"precision": 0.6666666666666666, "recall": 0.24, "f1-score": 0.35294117647058826, "support": 25.0}, "1": {"precision": 0.3870967741935484, "recall": 0.8, "f1-score": 0.5217391304347826, "support": 15.0}, "accuracy": 0.45, "macro avg": {"precision": 0.5268817204301075, "recall": 0.52, "f1-score": 0.4373401534526854, "support": 40.0}, "weighted avg": {"precision": 0.5618279569892473, "recall": 0.45, "f1-score": 0.4162404092071611, "support": 40.0}}