{"0": {"precision": 0.6956521739130435, "recall": 0.6153846153846154, "f1-score": 0.6530612244897959, "support": 26.0}, "1": {"precision": 0.4444444444444444, "recall": 0.5333333333333333, "f1-score": 0.48484848484848486, "support": 15.0}, "accuracy": 0.5853658536585366, "macro avg": {"precision": 0.5700483091787439, "recall": 0.5743589743589743, "f1-score": 0.5689548546691403, "support": 41.0}, "weighted avg": {"precision": 0.6037469070342877, "recall": 0.5853658536585366, "f1-score": 0.5915199782795602, "support": 41.0}}