{"best_estimator": "BernoulliNB()", "best_score": 0.5224273643330432, "test_score": 0.5689289501590669}