{"best_estimator": "HistGradientBoostingClassifier(learning_rate=0.05)", "best_score": 0.5495525419492375, "test_score": 0.6364604063497941}