{"best_estimator": "HistGradientBoostingClassifier()", "best_score": 0.5896298655949375, "test_score": 0.7175052410901468}