{"best_estimator": "HistGradientBoostingClassifier(learning_rate=0.001)", "best_score": 0.60310539527407, "test_score": 0.57183908045977}