{"0": {"precision": 0.6842105263157895, "recall": 0.5, "f1-score": 0.5777777777777777, "support": 26.0}, "1": {"precision": 0.4090909090909091, "recall": 0.6, "f1-score": 0.4864864864864865, "support": 15.0}, "accuracy": 0.5365853658536586, "macro avg": {"precision": 0.5466507177033493, "recall": 0.55, "f1-score": 0.5321321321321322, "support": 41.0}, "weighted avg": {"precision": 0.5835570078188821, "recall": 0.5365853658536586, "f1-score": 0.5443785248663296, "support": 41.0}}