{"0": {"precision": 0.75, "recall": 0.48, "f1-score": 0.5853658536585366, "support": 25.0}, "1": {"precision": 0.4583333333333333, "recall": 0.7333333333333333, "f1-score": 0.5641025641025641, "support": 15.0}, "accuracy": 0.575, "macro avg": {"precision": 0.6041666666666666, "recall": 0.6066666666666667, "f1-score": 0.5747342088805503, "support": 40.0}, "weighted avg": {"precision": 0.640625, "recall": 0.575, "f1-score": 0.5773921200750468, "support": 40.0}}