{"0": {"precision": 0.75, "recall": 0.36, "f1-score": 0.4864864864864865, "support": 25.0}, "1": {"precision": 0.42857142857142855, "recall": 0.8, "f1-score": 0.5581395348837209, "support": 15.0}, "accuracy": 0.525, "macro avg": {"precision": 0.5892857142857143, "recall": 0.5800000000000001, "f1-score": 0.5223130106851037, "support": 40.0}, "weighted avg": {"precision": 0.6294642857142857, "recall": 0.525, "f1-score": 0.5133563796354494, "support": 40.0}}