{"best_estimator": "KNeighborsClassifier(n_neighbors=10, p=3, weights='distance')", "best_score": 0.49373881307947237, "test_score": 0.5645820238843495}