{"0": {"precision": 0.6666666666666666, "recall": 0.46153846153846156, "f1-score": 0.5454545454545454, "support": 26.0}, "1": {"precision": 0.391304347826087, "recall": 0.6, "f1-score": 0.47368421052631576, "support": 15.0}, "accuracy": 0.5121951219512195, "macro avg": {"precision": 0.5289855072463768, "recall": 0.5307692307692308, "f1-score": 0.5095693779904306, "support": 41.0}, "weighted avg": {"precision": 0.5659243548957229, "recall": 0.5121951219512195, "f1-score": 0.5191971058466565, "support": 41.0}}