{"best_estimator": "RandomForestClassifier(criterion='log_loss', n_estimators=400)", "best_score": 0.5182789896094254, "test_score": 0.6661425576519917}