{"0": {"precision": 0.75, "recall": 0.5769230769230769, "f1-score": 0.6521739130434783, "support": 26.0}, "1": {"precision": 0.47619047619047616, "recall": 0.6666666666666666, "f1-score": 0.5555555555555556, "support": 15.0}, "accuracy": 0.6097560975609756, "macro avg": {"precision": 0.6130952380952381, "recall": 0.6217948717948718, "f1-score": 0.6038647342995169, "support": 41.0}, "weighted avg": {"precision": 0.6498257839721254, "recall": 0.6097560975609756, "f1-score": 0.616825733474726, "support": 41.0}}