{"best_estimator": "RandomForestClassifier(criterion='log_loss', n_estimators=150)", "best_score": 0.5351853307363725, "test_score": 0.7627272727272727}