{"best_estimator": "BernoulliNB()", "best_score": 0.6070508198571464, "test_score": 0.5555555555555556}