{"best_estimator": "BernoulliNB()", "best_score": 0.531896839943759, "test_score": 0.612188965019834}