{"best_estimator": "BernoulliNB()", "best_score": 0.6139562060133505, "test_score": 0.559103769395704}