{"best_estimator": "HistGradientBoostingClassifier(learning_rate=0.05)", "best_score": 0.5666126064974202, "test_score": 0.5873369938229237}