{"0": {"precision": 0.7058823529411765, "recall": 0.9230769230769231, "f1-score": 0.8, "support": 13.0}, "1": {"precision": 0.0, "recall": 0.0, "f1-score": 0.0, "support": 5.0}, "accuracy": 0.6666666666666666, "macro avg": {"precision": 0.35294117647058826, "recall": 0.46153846153846156, "f1-score": 0.4, "support": 18.0}, "weighted avg": {"precision": 0.5098039215686275, "recall": 0.6666666666666666, "f1-score": 0.5777777777777778, "support": 18.0}}