{"0": {"precision": 0.7441860465116279, "recall": 0.7111111111111111, "f1-score": 0.7272727272727273, "support": 45.0}, "1": {"precision": 0.48, "recall": 0.5217391304347826, "f1-score": 0.5, "support": 23.0}, "accuracy": 0.6470588235294118, "macro avg": {"precision": 0.6120930232558139, "recall": 0.6164251207729469, "f1-score": 0.6136363636363636, "support": 68.0}, "weighted avg": {"precision": 0.654829001367989, "recall": 0.6470588235294118, "f1-score": 0.6504010695187166, "support": 68.0}}