{"best_estimator": "HistGradientBoostingClassifier(learning_rate=0.05)", "best_score": 0.6023932514569084, "test_score": 0.6504010695187166}