{"0": {"precision": 0.4594594594594595, "recall": 0.8947368421052632, "f1-score": 0.6071428571428571, "support": 19.0}, "1": {"precision": 0.6666666666666666, "recall": 0.16666666666666666, "f1-score": 0.26666666666666666, "support": 24.0}, "accuracy": 0.4883720930232558, "macro avg": {"precision": 0.5630630630630631, "recall": 0.5307017543859649, "f1-score": 0.4369047619047619, "support": 43.0}, "weighted avg": {"precision": 0.5751099937146449, "recall": 0.4883720930232558, "f1-score": 0.41710963455149497, "support": 43.0}}