{"best_estimator": "HistGradientBoostingClassifier(learning_rate=0.05)", "best_score": 0.6235841216379889, "test_score": 0.5051629221841988}