{"best_estimator": "KNeighborsClassifier(n_neighbors=20, p=3, weights='distance')", "best_score": 0.5357252809779175, "test_score": 0.5881069285324605}