{"best_estimator": "KNeighborsClassifier(p=3, weights='distance')", "best_score": 0.613695841036417, "test_score": 0.5781395348837209}