{"best_estimator": "KNeighborsClassifier(p=3, weights='distance')", "best_score": 0.6176027831241802, "test_score": 0.5008547008547009}