{"0": {"precision": 0.782608695652174, "recall": 0.4, "f1-score": 0.5294117647058824, "support": 45.0}, "1": {"precision": 0.4, "recall": 0.782608695652174, "f1-score": 0.5294117647058824, "support": 23.0}, "accuracy": 0.5294117647058824, "macro avg": {"precision": 0.591304347826087, "recall": 0.591304347826087, "f1-score": 0.5294117647058824, "support": 68.0}, "weighted avg": {"precision": 0.6531969309462916, "recall": 0.5294117647058824, "f1-score": 0.5294117647058824, "support": 68.0}}