{"0": {"precision": 0.6818181818181818, "recall": 0.5769230769230769, "f1-score": 0.625, "support": 26.0}, "1": {"precision": 0.56, "recall": 0.6666666666666666, "f1-score": 0.6086956521739131, "support": 21.0}, "accuracy": 0.6170212765957447, "macro avg": {"precision": 0.6209090909090909, "recall": 0.6217948717948718, "f1-score": 0.6168478260869565, "support": 47.0}, "weighted avg": {"precision": 0.6273887814313347, "recall": 0.6170212765957447, "f1-score": 0.6177150786308974, "support": 47.0}}