{"best_estimator": "RandomForestClassifier(max_depth=6, n_estimators=150)", "best_score": 0.6268724614109698, "test_score": 0.6240492476060192}