{"0": {"precision": 0.6333333333333333, "recall": 0.7307692307692307, "f1-score": 0.6785714285714286, "support": 26.0}, "1": {"precision": 0.5882352941176471, "recall": 0.47619047619047616, "f1-score": 0.5263157894736842, "support": 21.0}, "accuracy": 0.6170212765957447, "macro avg": {"precision": 0.6107843137254902, "recall": 0.6034798534798534, "f1-score": 0.6024436090225564, "support": 47.0}, "weighted avg": {"precision": 0.613183145598665, "recall": 0.6170212765957447, "f1-score": 0.6105423132298832, "support": 47.0}}