{"best_estimator": "RandomForestClassifier(criterion='entropy', n_estimators=400)", "best_score": 0.5772602956694424, "test_score": 0.37904303662122424}