{"best_estimator": "RandomForestClassifier(criterion='entropy', n_estimators=200)", "best_score": 0.5804225251470199, "test_score": 0.6256410256410256}