{"0": {"precision": 0.7222222222222222, "recall": 0.8125, "f1-score": 0.7647058823529411, "support": 16.0}, "1": {"precision": 0.25, "recall": 0.16666666666666666, "f1-score": 0.2, "support": 6.0}, "accuracy": 0.6363636363636364, "macro avg": {"precision": 0.4861111111111111, "recall": 0.4895833333333333, "f1-score": 0.48235294117647054, "support": 22.0}, "weighted avg": {"precision": 0.5934343434343434, "recall": 0.6363636363636364, "f1-score": 0.6106951871657753, "support": 22.0}}