{"0": {"precision": 0.0, "recall": 0.0, "f1-score": 0.0, "support": 34.0}, "1": {"precision": 0.34615384615384615, "recall": 1.0, "f1-score": 0.5142857142857142, "support": 18.0}, "accuracy": 0.34615384615384615, "macro avg": {"precision": 0.17307692307692307, "recall": 0.5, "f1-score": 0.2571428571428571, "support": 52.0}, "weighted avg": {"precision": 0.11982248520710059, "recall": 0.34615384615384615, "f1-score": 0.178021978021978, "support": 52.0}}