{"best_estimator": "BernoulliNB()", "best_score": 0.3333438685208597, "test_score": 0.07465472191116088}