{"0": {"precision": 0.8518518518518519, "recall": 0.6216216216216216, "f1-score": 0.71875, "support": 74.0}, "1": {"precision": 0.3, "recall": 0.6, "f1-score": 0.4, "support": 20.0}, "accuracy": 0.6170212765957447, "macro avg": {"precision": 0.575925925925926, "recall": 0.6108108108108108, "f1-score": 0.559375, "support": 94.0}, "weighted avg": {"precision": 0.7344365642237983, "recall": 0.6170212765957447, "f1-score": 0.6509308510638298, "support": 94.0}}