{"best_estimator": "HistGradientBoostingClassifier()", "best_score": 0.6095442812794465, "test_score": 0.4825910931174089}