{"best_estimator": "HistGradientBoostingClassifier(learning_rate=0.5)", "best_score": 0.5754192185153615, "test_score": 0.6721763085399449}