{"0": {"precision": 0.7916666666666666, "recall": 0.5277777777777778, "f1-score": 0.6333333333333333, "support": 36.0}, "1": {"precision": 0.43333333333333335, "recall": 0.7222222222222222, "f1-score": 0.5416666666666666, "support": 18.0}, "accuracy": 0.5925925925925926, "macro avg": {"precision": 0.6125, "recall": 0.625, "f1-score": 0.5874999999999999, "support": 54.0}, "weighted avg": {"precision": 0.6722222222222222, "recall": 0.5925925925925926, "f1-score": 0.6027777777777777, "support": 54.0}}