{"0": {"precision": 0.5, "recall": 0.2222222222222222, "f1-score": 0.3076923076923077, "support": 9.0}, "1": {"precision": 0.5333333333333333, "recall": 0.8, "f1-score": 0.64, "support": 10.0}, "accuracy": 0.5263157894736842, "macro avg": {"precision": 0.5166666666666666, "recall": 0.5111111111111111, "f1-score": 0.47384615384615386, "support": 19.0}, "weighted avg": {"precision": 0.5175438596491228, "recall": 0.5263157894736842, "f1-score": 0.4825910931174089, "support": 19.0}}