{"0": {"precision": 0.76, "recall": 0.48717948717948717, "f1-score": 0.59375, "support": 39.0}, "1": {"precision": 0.25925925925925924, "recall": 0.5384615384615384, "f1-score": 0.35, "support": 13.0}, "accuracy": 0.5, "macro avg": {"precision": 0.5096296296296297, "recall": 0.5128205128205128, "f1-score": 0.471875, "support": 52.0}, "weighted avg": {"precision": 0.6348148148148147, "recall": 0.5, "f1-score": 0.5328125, "support": 52.0}}