{"best_estimator": "KNeighborsClassifier(p=1, weights='distance')", "best_score": 0.47701645712906127, "test_score": 0.6296296296296297}