{"0": {"precision": 0.6875, "recall": 0.6875, "f1-score": 0.6875, "support": 16.0}, "1": {"precision": 0.16666666666666666, "recall": 0.16666666666666666, "f1-score": 0.16666666666666666, "support": 6.0}, "accuracy": 0.5454545454545454, "macro avg": {"precision": 0.4270833333333333, "recall": 0.4270833333333333, "f1-score": 0.4270833333333333, "support": 22.0}, "weighted avg": {"precision": 0.5454545454545454, "recall": 0.5454545454545454, "f1-score": 0.5454545454545454, "support": 22.0}}