{"0": {"precision": 0.6666666666666666, "recall": 0.6666666666666666, "f1-score": 0.6666666666666666, "support": 15.0}, "1": {"precision": 0.0, "recall": 0.0, "f1-score": 0.0, "support": 5.0}, "accuracy": 0.5, "macro avg": {"precision": 0.3333333333333333, "recall": 0.3333333333333333, "f1-score": 0.3333333333333333, "support": 20.0}, "weighted avg": {"precision": 0.5, "recall": 0.5, "f1-score": 0.5, "support": 20.0}}