{"0": {"precision": 0.9444444444444444, "recall": 0.4722222222222222, "f1-score": 0.6296296296296297, "support": 36.0}, "1": {"precision": 0.4722222222222222, "recall": 0.9444444444444444, "f1-score": 0.6296296296296297, "support": 18.0}, "accuracy": 0.6296296296296297, "macro avg": {"precision": 0.7083333333333333, "recall": 0.7083333333333333, "f1-score": 0.6296296296296297, "support": 54.0}, "weighted avg": {"precision": 0.7870370370370371, "recall": 0.6296296296296297, "f1-score": 0.6296296296296297, "support": 54.0}}