{"0": {"precision": 0.8387096774193549, "recall": 0.7027027027027027, "f1-score": 0.7647058823529411, "support": 74.0}, "1": {"precision": 0.3125, "recall": 0.5, "f1-score": 0.38461538461538464, "support": 20.0}, "accuracy": 0.6595744680851063, "macro avg": {"precision": 0.5756048387096775, "recall": 0.6013513513513513, "f1-score": 0.5746606334841629, "support": 94.0}, "weighted avg": {"precision": 0.7267501715854495, "recall": 0.6595744680851063, "f1-score": 0.6838355636853759, "support": 94.0}}