{"best_estimator": "RandomForestClassifier(criterion='entropy', n_estimators=300)", "best_score": 0.5839277044845959, "test_score": 0.6461445601327901}