{"best_estimator": "RandomForestClassifier(criterion='log_loss')", "best_score": 0.6518056971801542, "test_score": 0.543791227309933}