{"0": {"precision": 0.75, "recall": 0.6923076923076923, "f1-score": 0.72, "support": 39.0}, "1": {"precision": 0.25, "recall": 0.3076923076923077, "f1-score": 0.27586206896551724, "support": 13.0}, "accuracy": 0.5961538461538461, "macro avg": {"precision": 0.5, "recall": 0.5, "f1-score": 0.4979310344827586, "support": 52.0}, "weighted avg": {"precision": 0.625, "recall": 0.5961538461538461, "f1-score": 0.6089655172413793, "support": 52.0}}