{"best_estimator": "AdaBoostClassifier(algorithm='SAMME', learning_rate=0.001)", "best_score": 0.7682922949137282, "test_score": 0.5762631880540668}