{"0": {"precision": 0.7, "recall": 0.4117647058823529, "f1-score": 0.5185185185185185, "support": 17.0}, "1": {"precision": 0.5238095238095238, "recall": 0.7857142857142857, "f1-score": 0.6285714285714286, "support": 14.0}, "accuracy": 0.5806451612903226, "macro avg": {"precision": 0.611904761904762, "recall": 0.5987394957983193, "f1-score": 0.5735449735449736, "support": 31.0}, "weighted avg": {"precision": 0.6204301075268818, "recall": 0.5806451612903226, "f1-score": 0.5682198327359618, "support": 31.0}}