{"best_estimator": "BernoulliNB()", "best_score": 0.43558187792214936, "test_score": 0.5182328190743338}