{"best_estimator": "BernoulliNB()", "best_score": 0.4480927578688587, "test_score": 0.3576437587657784}