{"best_estimator": "BernoulliNB()", "best_score": 0.4507775443611471, "test_score": 0.37336993822923814}