{"best_estimator": "HistGradientBoostingClassifier(learning_rate=0.01)", "best_score": 0.7314963011440648, "test_score": 0.6739729804245933}