{"best_estimator": "HistGradientBoostingClassifier(learning_rate=0.01)", "best_score": 0.6766435403666222, "test_score": 0.743010752688172}