{"best_estimator": "KNeighborsClassifier(n_neighbors=25, p=3)", "best_score": 0.7295096490758517, "test_score": 0.7066437455758924}