{"best_estimator": "KNeighborsClassifier(n_neighbors=25, p=3)", "best_score": 0.7250347164152292, "test_score": 0.7756092628172717}