{"best_estimator": "KNeighborsClassifier(n_neighbors=25)", "best_score": 0.7184262041579947, "test_score": 0.6754032258064516}