{"best_estimator": "KNeighborsClassifier(n_neighbors=25, p=3)", "best_score": 0.6922313418620236, "test_score": 0.7732377538829153}