{"best_estimator": "RandomForestClassifier(max_depth=2)", "best_score": 0.7465392318566298, "test_score": 0.6794524261317431}