{"0": {"precision": 0.625, "recall": 0.5263157894736842, "f1-score": 0.5714285714285714, "support": 19.0}, "1": {"precision": 0.4375, "recall": 0.5384615384615384, "f1-score": 0.4827586206896552, "support": 13.0}, "accuracy": 0.53125, "macro avg": {"precision": 0.53125, "recall": 0.5323886639676113, "f1-score": 0.5270935960591133, "support": 32.0}, "weighted avg": {"precision": 0.548828125, "recall": 0.53125, "f1-score": 0.5354064039408867, "support": 32.0}}