{"best_estimator": "BernoulliNB()", "best_score": 0.5533625446123682, "test_score": 0.5981695869837297}