{"best_estimator": "BernoulliNB()", "best_score": 0.5383296925244329, "test_score": 0.6464077412513256}