{"best_estimator": "BernoulliNB()", "best_score": 0.5724021259916955, "test_score": 0.6712296620775969}