{"best_estimator": "BernoulliNB()", "best_score": 0.5380965475202764, "test_score": 0.537960638800975}