{"best_estimator": "HistGradientBoostingClassifier()", "best_score": 0.6872107400331147, "test_score": 0.6685660018993352}