{"best_estimator": "HistGradientBoostingClassifier(learning_rate=0.05)", "best_score": 0.6278268795077893, "test_score": 0.63531284606866}