{"best_estimator": "KNeighborsClassifier(p=3, weights='distance')", "best_score": 0.7038556618614376, "test_score": 0.670394532463498}