{"best_estimator": "KNeighborsClassifier(n_neighbors=7, p=3)", "best_score": 0.6709455707605654, "test_score": 0.6397812713602188}