{"0": {"precision": 0.5625, "recall": 0.4090909090909091, "f1-score": 0.47368421052631576, "support": 22.0}, "1": {"precision": 0.5666666666666667, "recall": 0.7083333333333334, "f1-score": 0.6296296296296297, "support": 24.0}, "accuracy": 0.5652173913043478, "macro avg": {"precision": 0.5645833333333333, "recall": 0.5587121212121212, "f1-score": 0.5516569200779727, "support": 46.0}, "weighted avg": {"precision": 0.5646739130434782, "recall": 0.5652173913043478, "f1-score": 0.5550470378845666, "support": 46.0}}