{"best_estimator": "BernoulliNB()", "best_score": 0.6399500718513509, "test_score": 0.6423798794828127}