{"best_estimator": "HistGradientBoostingClassifier()", "best_score": 0.6864128622194376, "test_score": 0.6248391885205344}