{"0": {"precision": 0.7727272727272727, "recall": 0.68, "f1-score": 0.723404255319149, "support": 25.0}, "1": {"precision": 0.6190476190476191, "recall": 0.7222222222222222, "f1-score": 0.6666666666666666, "support": 18.0}, "accuracy": 0.6976744186046512, "macro avg": {"precision": 0.6958874458874459, "recall": 0.7011111111111111, "f1-score": 0.6950354609929078, "support": 43.0}, "weighted avg": {"precision": 0.7083962549078827, "recall": 0.6976744186046512, "f1-score": 0.6996536368134587, "support": 43.0}}