{"best_estimator": "HistGradientBoostingClassifier(learning_rate=0.5)", "best_score": 0.6865295090094267, "test_score": 0.8038277511961722}