{"best_estimator": "HistGradientBoostingClassifier()", "best_score": 0.6774987341079597, "test_score": 0.738095238095238}