{"0": {"precision": 0.75, "recall": 0.6818181818181818, "f1-score": 0.7142857142857143, "support": 22.0}, "1": {"precision": 0.7307692307692307, "recall": 0.7916666666666666, "f1-score": 0.76, "support": 24.0}, "accuracy": 0.7391304347826086, "macro avg": {"precision": 0.7403846153846154, "recall": 0.7367424242424242, "f1-score": 0.7371428571428571, "support": 46.0}, "weighted avg": {"precision": 0.7399665551839464, "recall": 0.7391304347826086, "f1-score": 0.738136645962733, "support": 46.0}}