{"best_estimator": "RandomForestClassifier(n_estimators=300)", "best_score": 0.701117260917805, "test_score": 0.6508563899868247}