{"best_estimator": "RandomForestClassifier()", "best_score": 0.637955808855341, "test_score": 0.6469622331691297}