{"best_estimator": "RandomForestClassifier()", "best_score": 0.6581939538382915, "test_score": 0.7777777777777778}