{"best_estimator": "RandomForestClassifier(criterion='log_loss', n_estimators=400)", "best_score": 0.6535907553703562, "test_score": 0.7636501516683519}