{"best_estimator": "BernoulliNB()", "best_score": 0.5060798454729168, "test_score": 0.4841390493564407}