{"0": {"precision": 0.5609756097560976, "recall": 0.92, "f1-score": 0.696969696969697, "support": 25.0}, "1": {"precision": 0.6, "recall": 0.14285714285714285, "f1-score": 0.23076923076923078, "support": 21.0}, "accuracy": 0.5652173913043478, "macro avg": {"precision": 0.5804878048780489, "recall": 0.5314285714285715, "f1-score": 0.4638694638694639, "support": 46.0}, "weighted avg": {"precision": 0.5787910922587487, "recall": 0.5652173913043478, "f1-score": 0.4841390493564407, "support": 46.0}}