{"best_estimator": "BernoulliNB()", "best_score": 0.5007784717434177, "test_score": 0.29691564474173165}