{"best_estimator": "BernoulliNB()", "best_score": 0.4902768387719597, "test_score": 0.5838509316770186}