{"best_estimator": "BernoulliNB()", "best_score": 0.5052752098015157, "test_score": 0.6666666666666666}