{"best_estimator": "BernoulliNB()", "best_score": 0.4910143389261915, "test_score": 0.5962984384037016}