{"best_estimator": "HistGradientBoostingClassifier(learning_rate=0.01)", "best_score": 0.7595314022585988, "test_score": 0.7221494146156707}