{"best_estimator": "HistGradientBoostingClassifier(learning_rate=0.01)", "best_score": 0.7152905014446063, "test_score": 0.7333333333333333}