{"best_estimator": "KNeighborsClassifier(n_neighbors=25, p=1, weights='distance')", "best_score": 0.7238959390842659, "test_score": 0.7782169521299955}