{"best_estimator": "BernoulliNB()", "best_score": 0.6228464847830223, "test_score": 0.5535353535353535}