{"best_estimator": "BernoulliNB()", "best_score": 0.5997401643858726, "test_score": 0.7451883979398211}