{"best_estimator": "BernoulliNB()", "best_score": 0.616932928305838, "test_score": 0.614516129032258}