{"0": {"precision": 0.75, "recall": 0.16666666666666666, "f1-score": 0.2727272727272727, "support": 18.0}, "1": {"precision": 0.4444444444444444, "recall": 0.9230769230769231, "f1-score": 0.6, "support": 13.0}, "accuracy": 0.4838709677419355, "macro avg": {"precision": 0.5972222222222222, "recall": 0.5448717948717949, "f1-score": 0.43636363636363634, "support": 31.0}, "weighted avg": {"precision": 0.6218637992831542, "recall": 0.4838709677419355, "f1-score": 0.40997067448680347, "support": 31.0}}