{"best_estimator": "BernoulliNB()", "best_score": 0.6158598329334035, "test_score": 0.5806451612903226}