{"best_estimator": "HistGradientBoostingClassifier()", "best_score": 0.6645595620946184, "test_score": 0.6129032258064516}