{"best_estimator": "HistGradientBoostingClassifier(learning_rate=0.05)", "best_score": 0.6959950237751944, "test_score": 0.5923444976076555}