{"0": {"precision": 0.8, "recall": 0.4444444444444444, "f1-score": 0.5714285714285714, "support": 18.0}, "1": {"precision": 0.5, "recall": 0.8333333333333334, "f1-score": 0.625, "support": 12.0}, "accuracy": 0.6, "macro avg": {"precision": 0.65, "recall": 0.6388888888888888, "f1-score": 0.5982142857142857, "support": 30.0}, "weighted avg": {"precision": 0.6799999999999999, "recall": 0.6, "f1-score": 0.5928571428571429, "support": 30.0}}