{"best_estimator": "RandomForestClassifier(criterion='entropy', n_estimators=400)", "best_score": 0.6372923177591987, "test_score": 0.5923444976076555}