{"best_estimator": "RandomForestClassifier(criterion='log_loss', n_estimators=150)", "best_score": 0.6702064689322309, "test_score": 0.5926267281105991}