{"best_estimator": "BernoulliNB()", "best_score": 0.5614026788435504, "test_score": 0.6404728494280733}