{"best_estimator": "BernoulliNB()", "best_score": 0.5561995887757067, "test_score": 0.764102564102564}