{"best_estimator": "BernoulliNB()", "best_score": 0.6025734904204315, "test_score": 0.5037874505370266}