{"best_estimator": "BernoulliNB()", "best_score": 0.5708478239781943, "test_score": 0.6169772256728778}