{"0": {"precision": 0.7213114754098361, "recall": 0.9361702127659575, "f1-score": 0.8148148148148148, "support": 47.0}, "1": {"precision": 0.5, "recall": 0.15, "f1-score": 0.23076923076923078, "support": 20.0}, "accuracy": 0.7014925373134329, "macro avg": {"precision": 0.610655737704918, "recall": 0.5430851063829787, "f1-score": 0.5227920227920227, "support": 67.0}, "weighted avg": {"precision": 0.6552483484218252, "recall": 0.7014925373134329, "f1-score": 0.6404728494280733, "support": 67.0}}