{"0": {"precision": 0.5833333333333334, "recall": 0.84, "f1-score": 0.6885245901639344, "support": 25.0}, "1": {"precision": 0.42857142857142855, "recall": 0.16666666666666666, "f1-score": 0.24, "support": 18.0}, "accuracy": 0.5581395348837209, "macro avg": {"precision": 0.5059523809523809, "recall": 0.5033333333333333, "f1-score": 0.4642622950819672, "support": 43.0}, "weighted avg": {"precision": 0.5185492801771872, "recall": 0.5581395348837209, "f1-score": 0.500770110560427, "support": 43.0}}