{"best_estimator": "HistGradientBoostingClassifier()", "best_score": 0.6324383122452286, "test_score": 0.691358024691358}