{"best_estimator": "KNeighborsClassifier(n_neighbors=10, p=3, weights='distance')", "best_score": 0.6953228364154704, "test_score": 0.6086956521739131}