{"best_estimator": "KNeighborsClassifier(n_neighbors=10, p=3, weights='distance')", "best_score": 0.684635338607518, "test_score": 0.6451793051178746}