{"best_estimator": "RandomForestClassifier(criterion='log_loss')", "best_score": 0.648885139739457, "test_score": 0.783332196685535}