{"best_estimator": "RandomForestClassifier(criterion='entropy', n_estimators=150)", "best_score": 0.6824208591372279, "test_score": 0.7701863354037267}