{"best_estimator": "RandomForestClassifier(n_estimators=400)", "best_score": 0.6699044850462496, "test_score": 0.4565291124929339}