{"best_estimator": "RandomForestClassifier(criterion='log_loss', n_estimators=150)", "best_score": 0.6743844202017572, "test_score": 0.6072134387351779}