{"best_estimator": "RandomForestClassifier(criterion='log_loss', n_estimators=400)", "best_score": 0.6620624838245824, "test_score": 0.7777777777777778}