{"best_estimator": "RandomForestClassifier()", "best_score": 0.6754699375993667, "test_score": 0.416289592760181}