{"best_estimator": "RandomForestClassifier(criterion='log_loss')", "best_score": 0.6432093421110316, "test_score": 0.5333333333333334}