{"0": {"precision": 0.8571428571428571, "recall": 0.7058823529411765, "f1-score": 0.7741935483870968, "support": 17.0}, "1": {"precision": 0.7058823529411765, "recall": 0.8571428571428571, "f1-score": 0.7741935483870968, "support": 14.0}, "accuracy": 0.7741935483870968, "macro avg": {"precision": 0.7815126050420168, "recall": 0.7815126050420168, "f1-score": 0.7741935483870968, "support": 31.0}, "weighted avg": {"precision": 0.7888316616969367, "recall": 0.7741935483870968, "f1-score": 0.7741935483870968, "support": 31.0}}