{"best_estimator": "BernoulliNB()", "best_score": 0.5034733308394556, "test_score": 0.4379382889200561}