{"best_estimator": "BernoulliNB()", "best_score": 0.5047051244529939, "test_score": 0.3942028985507246}