{"best_estimator": "BernoulliNB()", "best_score": 0.5043912030892254, "test_score": 0.4563464235624123}