{"best_estimator": "BernoulliNB()", "best_score": 0.5089462058603017, "test_score": 0.549364613880743}