{"best_estimator": "HistGradientBoostingClassifier(learning_rate=0.01)", "best_score": 0.6987511489738325, "test_score": 0.7391783843396746}