{"best_estimator": "KNeighborsClassifier(p=3, weights='distance')", "best_score": 0.6929591816106785, "test_score": 0.6069609507640068}