{"0": {"precision": 0.5882352941176471, "recall": 0.5882352941176471, "f1-score": 0.5882352941176471, "support": 17.0}, "1": {"precision": 0.5, "recall": 0.5, "f1-score": 0.5, "support": 14.0}, "accuracy": 0.5483870967741935, "macro avg": {"precision": 0.5441176470588236, "recall": 0.5441176470588236, "f1-score": 0.5441176470588236, "support": 31.0}, "weighted avg": {"precision": 0.5483870967741935, "recall": 0.5483870967741935, "f1-score": 0.5483870967741935, "support": 31.0}}