{"best_estimator": "KNeighborsClassifier(n_neighbors=15)", "best_score": 0.7020924402076383, "test_score": 0.5483870967741935}