{"best_estimator": "RandomForestClassifier(max_depth=2, n_estimators=200)", "best_score": 0.7376091045105129, "test_score": 0.8056451612903226}