{"0": {"precision": 1.0, "recall": 0.5555555555555556, "f1-score": 0.7142857142857143, "support": 18.0}, "1": {"precision": 0.6190476190476191, "recall": 1.0, "f1-score": 0.7647058823529411, "support": 13.0}, "accuracy": 0.7419354838709677, "macro avg": {"precision": 0.8095238095238095, "recall": 0.7777777777777778, "f1-score": 0.7394957983193278, "support": 31.0}, "weighted avg": {"precision": 0.8402457757296466, "recall": 0.7419354838709677, "f1-score": 0.735429655733261, "support": 31.0}}