{"0": {"precision": 0.6875, "recall": 0.44, "f1-score": 0.5365853658536586, "support": 25.0}, "1": {"precision": 0.48148148148148145, "recall": 0.7222222222222222, "f1-score": 0.5777777777777777, "support": 18.0}, "accuracy": 0.5581395348837209, "macro avg": {"precision": 0.5844907407407407, "recall": 0.5811111111111111, "f1-score": 0.5571815718157181, "support": 43.0}, "weighted avg": {"precision": 0.6012596899224806, "recall": 0.5581395348837209, "f1-score": 0.5538287010777084, "support": 43.0}}