{"best_estimator": "HistGradientBoostingClassifier(learning_rate=0.01)", "best_score": 0.5476710083679206, "test_score": 0.5102880658436213}