{"best_estimator": "HistGradientBoostingClassifier()", "best_score": 0.53112130981368, "test_score": 0.5333333333333333}