{"best_estimator": "KNeighborsClassifier(p=1, weights='distance')", "best_score": 0.4016298785976654, "test_score": 0.48148148148148145}