{"best_estimator": "KNeighborsClassifier(n_neighbors=7, p=1, weights='distance')", "best_score": 0.4748087533599496, "test_score": 0.39814814814814814}