{"0": {"precision": 0.9, "recall": 0.19148936170212766, "f1-score": 0.3157894736842105, "support": 47.0}, "1": {"precision": 0.3333333333333333, "recall": 0.95, "f1-score": 0.4935064935064935, "support": 20.0}, "accuracy": 0.417910447761194, "macro avg": {"precision": 0.6166666666666667, "recall": 0.5707446808510638, "f1-score": 0.40464798359535203, "support": 67.0}, "weighted avg": {"precision": 0.7308457711442786, "recall": 0.417910447761194, "f1-score": 0.36883933034757854, "support": 67.0}}