{"best_estimator": "KNeighborsClassifier(n_neighbors=7, p=3, weights='distance')", "best_score": 0.48853817182383097, "test_score": 0.6299085862858793}