{"best_estimator": "RandomForestClassifier(criterion='entropy', n_estimators=150)", "best_score": 0.43497315835860845, "test_score": 0.8817264350392915}