{"best_estimator": "RandomForestClassifier(criterion='entropy', n_estimators=150)", "best_score": 0.5070602143406431, "test_score": 0.6666666666666666}