{"best_estimator": "RandomForestClassifier(criterion='log_loss')", "best_score": 0.5292829822844773, "test_score": 0.5819836985286334}