{"best_estimator": "RandomForestClassifier(criterion='entropy', n_estimators=150)", "best_score": 0.47782678058489225, "test_score": 0.5057471264367815}