{"0": {"precision": 0.9333333333333333, "recall": 0.875, "f1-score": 0.9032258064516129, "support": 16.0}, "1": {"precision": 0.7142857142857143, "recall": 0.8333333333333334, "f1-score": 0.7692307692307693, "support": 6.0}, "accuracy": 0.8636363636363636, "macro avg": {"precision": 0.8238095238095238, "recall": 0.8541666666666667, "f1-score": 0.8362282878411911, "support": 22.0}, "weighted avg": {"precision": 0.8735930735930736, "recall": 0.8636363636363636, "f1-score": 0.8666817053913828, "support": 22.0}}