{"0": {"precision": 1.0, "recall": 0.59375, "f1-score": 0.7450980392156863, "support": 32.0}, "1": {"precision": 0.6486486486486487, "recall": 1.0, "f1-score": 0.7868852459016393, "support": 24.0}, "accuracy": 0.7678571428571429, "macro avg": {"precision": 0.8243243243243243, "recall": 0.796875, "f1-score": 0.7659916425586628, "support": 56.0}, "weighted avg": {"precision": 0.8494208494208494, "recall": 0.7678571428571429, "f1-score": 0.7630068420810947, "support": 56.0}}