{"0": {"precision": 0.875, "recall": 0.20588235294117646, "f1-score": 0.3333333333333333, "support": 34.0}, "1": {"precision": 0.38636363636363635, "recall": 0.9444444444444444, "f1-score": 0.5483870967741935, "support": 18.0}, "accuracy": 0.46153846153846156, "macro avg": {"precision": 0.6306818181818181, "recall": 0.5751633986928104, "f1-score": 0.4408602150537634, "support": 52.0}, "weighted avg": {"precision": 0.7058566433566433, "recall": 0.46153846153846156, "f1-score": 0.40777502067824645, "support": 52.0}}