{"best_estimator": "BernoulliNB()", "best_score": 0.5772076132010323, "test_score": 0.5601503759398496}