{"best_estimator": "BernoulliNB()", "best_score": 0.6150697191200468, "test_score": 0.40777502067824645}