{"best_estimator": "BernoulliNB()", "best_score": 0.5827643418234942, "test_score": 0.658008658008658}