{"0": {"precision": 0.7142857142857143, "recall": 0.4166666666666667, "f1-score": 0.5263157894736842, "support": 36.0}, "1": {"precision": 0.36363636363636365, "recall": 0.6666666666666666, "f1-score": 0.47058823529411764, "support": 18.0}, "accuracy": 0.5, "macro avg": {"precision": 0.538961038961039, "recall": 0.5416666666666666, "f1-score": 0.4984520123839009, "support": 54.0}, "weighted avg": {"precision": 0.5974025974025975, "recall": 0.5, "f1-score": 0.5077399380804953, "support": 54.0}}