{"0": {"precision": 0.9230769230769231, "recall": 0.6153846153846154, "f1-score": 0.7384615384615385, "support": 39.0}, "1": {"precision": 0.4230769230769231, "recall": 0.8461538461538461, "f1-score": 0.5641025641025641, "support": 13.0}, "accuracy": 0.6730769230769231, "macro avg": {"precision": 0.6730769230769231, "recall": 0.7307692307692308, "f1-score": 0.6512820512820513, "support": 52.0}, "weighted avg": {"precision": 0.7980769230769231, "recall": 0.6730769230769231, "f1-score": 0.6948717948717948, "support": 52.0}}