{"best_estimator": "HistGradientBoostingClassifier(learning_rate=0.5)", "best_score": 0.7927844592439024, "test_score": 0.679815668202765}