{"0": {"precision": 0.9027777777777778, "recall": 0.8783783783783784, "f1-score": 0.8904109589041096, "support": 74.0}, "1": {"precision": 0.5909090909090909, "recall": 0.65, "f1-score": 0.6190476190476191, "support": 20.0}, "accuracy": 0.8297872340425532, "macro avg": {"precision": 0.7468434343434344, "recall": 0.7641891891891892, "f1-score": 0.7547292889758643, "support": 94.0}, "weighted avg": {"precision": 0.8364227380184827, "recall": 0.8297872340425532, "f1-score": 0.8326740780835797, "support": 94.0}}