{"best_estimator": "HistGradientBoostingClassifier(learning_rate=0.001)", "best_score": 0.7999175418984816, "test_score": 0.6423955448345692}