{"0": {"precision": 0.88, "recall": 0.6875, "f1-score": 0.7719298245614035, "support": 32.0}, "1": {"precision": 0.6774193548387096, "recall": 0.875, "f1-score": 0.7636363636363637, "support": 24.0}, "accuracy": 0.7678571428571429, "macro avg": {"precision": 0.7787096774193548, "recall": 0.78125, "f1-score": 0.7677830940988836, "support": 56.0}, "weighted avg": {"precision": 0.7931797235023043, "recall": 0.7678571428571429, "f1-score": 0.7683754841649578, "support": 56.0}}