{"best_estimator": "KNeighborsClassifier(p=3, weights='distance')", "best_score": 0.8059438065141205, "test_score": 0.8929425837320574}