{"best_estimator": "KNeighborsClassifier(p=3)", "best_score": 0.8037407882073561, "test_score": 0.886002886002886}