{"best_estimator": "KNeighborsClassifier(p=3)", "best_score": 0.7966053288795253, "test_score": 0.640625}