{"best_estimator": "KNeighborsClassifier(p=3, weights='distance')", "best_score": 0.806141726700867, "test_score": 0.7666666666666666}