{"0": {"precision": 0.88, "recall": 0.5641025641025641, "f1-score": 0.6875, "support": 39.0}, "1": {"precision": 0.37037037037037035, "recall": 0.7692307692307693, "f1-score": 0.5, "support": 13.0}, "accuracy": 0.6153846153846154, "macro avg": {"precision": 0.6251851851851852, "recall": 0.6666666666666667, "f1-score": 0.59375, "support": 52.0}, "weighted avg": {"precision": 0.7525925925925926, "recall": 0.6153846153846154, "f1-score": 0.640625, "support": 52.0}}