{"best_estimator": "KNeighborsClassifier(p=3, weights='distance')", "best_score": 0.7882154949302567, "test_score": 0.8523127704179491}