{"best_estimator": "KNeighborsClassifier(p=3, weights='distance')", "best_score": 0.8182320757618541, "test_score": 0.7683754841649578}