{"best_estimator": "KNeighborsClassifier(n_neighbors=10, weights='distance')", "best_score": 0.8265140975512109, "test_score": 0.46153846153846156}