{"0": {"precision": 0.8333333333333334, "recall": 0.6944444444444444, "f1-score": 0.7575757575757576, "support": 36.0}, "1": {"precision": 0.5416666666666666, "recall": 0.7222222222222222, "f1-score": 0.6190476190476191, "support": 18.0}, "accuracy": 0.7037037037037037, "macro avg": {"precision": 0.6875, "recall": 0.7083333333333333, "f1-score": 0.6883116883116883, "support": 54.0}, "weighted avg": {"precision": 0.7361111111111112, "recall": 0.7037037037037037, "f1-score": 0.7113997113997115, "support": 54.0}}