{"0": {"precision": 0.84, "recall": 0.65625, "f1-score": 0.7368421052631579, "support": 32.0}, "1": {"precision": 0.6451612903225806, "recall": 0.8333333333333334, "f1-score": 0.7272727272727273, "support": 24.0}, "accuracy": 0.7321428571428571, "macro avg": {"precision": 0.7425806451612903, "recall": 0.7447916666666667, "f1-score": 0.7320574162679425, "support": 56.0}, "weighted avg": {"precision": 0.7564976958525345, "recall": 0.7321428571428571, "f1-score": 0.732740943267259, "support": 56.0}}