{"best_estimator": "RandomForestClassifier()", "best_score": 0.8163588025583092, "test_score": 0.5683157863866976}