{"best_estimator": "RandomForestClassifier(n_estimators=200)", "best_score": 0.7785306959644036, "test_score": 0.8412206988058382}