{"0": {"precision": 0.9838709677419355, "recall": 0.8243243243243243, "f1-score": 0.8970588235294118, "support": 74.0}, "1": {"precision": 0.59375, "recall": 0.95, "f1-score": 0.7307692307692307, "support": 20.0}, "accuracy": 0.851063829787234, "macro avg": {"precision": 0.7888104838709677, "recall": 0.8871621621621621, "f1-score": 0.8139140271493213, "support": 94.0}, "weighted avg": {"precision": 0.9008665065202471, "recall": 0.851063829787234, "f1-score": 0.8616780591123521, "support": 94.0}}