{"best_estimator": "RandomForestClassifier(max_depth=6, n_estimators=150)", "best_score": 0.7868760221022798, "test_score": 0.6687979539641944}