{"0": {"precision": 0.8387096774193549, "recall": 0.6666666666666666, "f1-score": 0.7428571428571429, "support": 39.0}, "1": {"precision": 0.38095238095238093, "recall": 0.6153846153846154, "f1-score": 0.47058823529411764, "support": 13.0}, "accuracy": 0.6538461538461539, "macro avg": {"precision": 0.609831029185868, "recall": 0.641025641025641, "f1-score": 0.6067226890756303, "support": 52.0}, "weighted avg": {"precision": 0.7242703533026115, "recall": 0.6538461538461539, "f1-score": 0.6747899159663865, "support": 52.0}}