{"best_estimator": "RandomForestClassifier(n_estimators=200)", "best_score": 0.7952897036660019, "test_score": 0.6747899159663865}