{"best_estimator": "BernoulliNB()", "best_score": 0.5721654222883108, "test_score": 0.7248022015823873}