{"0": {"precision": 0.46153846153846156, "recall": 0.631578947368421, "f1-score": 0.5333333333333333, "support": 19.0}, "1": {"precision": 0.5882352941176471, "recall": 0.4166666666666667, "f1-score": 0.4878048780487805, "support": 24.0}, "accuracy": 0.5116279069767442, "macro avg": {"precision": 0.5248868778280543, "recall": 0.5241228070175439, "f1-score": 0.5105691056910568, "support": 43.0}, "weighted avg": {"precision": 0.5322529727454488, "recall": 0.5116279069767442, "f1-score": 0.5079221024768387, "support": 43.0}}