{"best_estimator": "HistGradientBoostingClassifier(learning_rate=0.01)", "best_score": 0.735616604817566, "test_score": 0.7661564625850341}