{"best_estimator": "KNeighborsClassifier(n_neighbors=7, weights='distance')", "best_score": 0.7095937849132924, "test_score": 0.6730462519936203}