{"best_estimator": "KNeighborsClassifier(n_neighbors=20, weights='distance')", "best_score": 0.7243097349663196, "test_score": 0.691014492753623}