{"best_estimator": "KNeighborsClassifier(n_neighbors=20)", "best_score": 0.7230096933252822, "test_score": 0.537037037037037}