{"best_estimator": "KNeighborsClassifier(n_neighbors=10, weights='distance')", "best_score": 0.7158623896981741, "test_score": 0.8678571428571428}