{"best_estimator": "KNeighborsClassifier(p=3, weights='distance')", "best_score": 0.7273435115840342, "test_score": 0.8348813209494325}