{"best_estimator": "KNeighborsClassifier(n_neighbors=10, weights='distance')", "best_score": 0.7445077444428992, "test_score": 0.6677891192255077}