{"0": {"precision": 0.52, "recall": 0.6842105263157895, "f1-score": 0.5909090909090909, "support": 19.0}, "1": {"precision": 0.6666666666666666, "recall": 0.5, "f1-score": 0.5714285714285714, "support": 24.0}, "accuracy": 0.5813953488372093, "macro avg": {"precision": 0.5933333333333333, "recall": 0.5921052631578947, "f1-score": 0.5811688311688312, "support": 43.0}, "weighted avg": {"precision": 0.6018604651162791, "recall": 0.5813953488372093, "f1-score": 0.5800362428269406, "support": 43.0}}