{"best_estimator": "BernoulliNB()", "best_score": 0.591155913993234, "test_score": 0.5800362428269406}