{"best_estimator": "HistGradientBoostingClassifier(learning_rate=0.01)", "best_score": 0.7306719736168942, "test_score": 0.8678571428571428}