{"best_estimator": "HistGradientBoostingClassifier(learning_rate=0.5)", "best_score": 0.7149946956376568, "test_score": 0.6046511627906976}