{"best_estimator": "HistGradientBoostingClassifier(learning_rate=0.001)", "best_score": 0.7073013765639546, "test_score": 0.8047619047619047}