{"best_estimator": "HistGradientBoostingClassifier(learning_rate=0.01)", "best_score": 0.7125157590918996, "test_score": 0.5555555555555556}