{"best_estimator": "KNeighborsClassifier(n_neighbors=25, weights='distance')", "best_score": 0.6853747469138006, "test_score": 0.6444444444444445}