{"0": {"precision": 0.6842105263157895, "recall": 0.4482758620689655, "f1-score": 0.5416666666666666, "support": 29.0}, "1": {"precision": 0.30434782608695654, "recall": 0.5384615384615384, "f1-score": 0.3888888888888889, "support": 13.0}, "accuracy": 0.47619047619047616, "macro avg": {"precision": 0.494279176201373, "recall": 0.493368700265252, "f1-score": 0.4652777777777778, "support": 42.0}, "weighted avg": {"precision": 0.5666339762449601, "recall": 0.47619047619047616, "f1-score": 0.4943783068783068, "support": 42.0}}