{"0": {"precision": 0.6363636363636364, "recall": 1.0, "f1-score": 0.7777777777777778, "support": 7.0}, "1": {"precision": 1.0, "recall": 0.6363636363636364, "f1-score": 0.7777777777777778, "support": 11.0}, "accuracy": 0.7777777777777778, "macro avg": {"precision": 0.8181818181818181, "recall": 0.8181818181818181, "f1-score": 0.7777777777777778, "support": 18.0}, "weighted avg": {"precision": 0.8585858585858586, "recall": 0.7777777777777778, "f1-score": 0.7777777777777778, "support": 18.0}}