{"best_estimator": "KNeighborsClassifier(p=3, weights='distance')", "best_score": 0.6840664191988453, "test_score": 0.7777777777777778}