{"0": {"precision": 0.6, "recall": 0.6, "f1-score": 0.6, "support": 20.0}, "1": {"precision": 0.68, "recall": 0.68, "f1-score": 0.68, "support": 25.0}, "accuracy": 0.6444444444444445, "macro avg": {"precision": 0.64, "recall": 0.64, "f1-score": 0.64, "support": 45.0}, "weighted avg": {"precision": 0.6444444444444445, "recall": 0.6444444444444445, "f1-score": 0.6444444444444445, "support": 45.0}}