{"best_estimator": "KNeighborsClassifier(weights='distance')", "best_score": 0.6786174808906613, "test_score": 0.691014492753623}