{"best_estimator": "KNeighborsClassifier(n_neighbors=7, weights='distance')", "best_score": 0.7187510847986714, "test_score": 0.6757164404223228}