{"0": {"precision": 0.5833333333333334, "recall": 0.7368421052631579, "f1-score": 0.6511627906976745, "support": 19.0}, "1": {"precision": 0.4444444444444444, "recall": 0.2857142857142857, "f1-score": 0.34782608695652173, "support": 14.0}, "accuracy": 0.5454545454545454, "macro avg": {"precision": 0.5138888888888888, "recall": 0.5112781954887218, "f1-score": 0.4994944388270981, "support": 33.0}, "weighted avg": {"precision": 0.5244107744107744, "recall": 0.5454545454545454, "f1-score": 0.5224744921408218, "support": 33.0}}