{"0": {"precision": 1.0, "recall": 0.2631578947368421, "f1-score": 0.4166666666666667, "support": 19.0}, "1": {"precision": 0.5, "recall": 1.0, "f1-score": 0.6666666666666666, "support": 14.0}, "accuracy": 0.5757575757575758, "macro avg": {"precision": 0.75, "recall": 0.631578947368421, "f1-score": 0.5416666666666666, "support": 33.0}, "weighted avg": {"precision": 0.7878787878787878, "recall": 0.5757575757575758, "f1-score": 0.5227272727272727, "support": 33.0}}