{"best_estimator": "BernoulliNB()", "best_score": 0.4521556858844223, "test_score": 0.4635627530364373}