{"best_estimator": "BernoulliNB()", "best_score": 0.46149177064549757, "test_score": 0.37364117364117366}