{"best_estimator": "BernoulliNB()", "best_score": 0.4606159187091345, "test_score": 0.266304347826087}