{"best_estimator": "BernoulliNB()", "best_score": 0.4567325749602616, "test_score": 0.24980116648992579}