{"best_estimator": "HistGradientBoostingClassifier(learning_rate=0.001)", "best_score": 0.5773703468149814, "test_score": 0.626937984496124}