{"best_estimator": "HistGradientBoostingClassifier(learning_rate=0.05)", "best_score": 0.5865122658096145, "test_score": 0.6537820512820514}