{"best_estimator": "HistGradientBoostingClassifier()", "best_score": 0.5991074234687633, "test_score": 0.6822916666666667}