{"0": {"precision": 0.65, "recall": 0.6842105263157895, "f1-score": 0.6666666666666666, "support": 19.0}, "1": {"precision": 0.5384615384615384, "recall": 0.5, "f1-score": 0.5185185185185185, "support": 14.0}, "accuracy": 0.6060606060606061, "macro avg": {"precision": 0.5942307692307692, "recall": 0.5921052631578947, "f1-score": 0.5925925925925926, "support": 33.0}, "weighted avg": {"precision": 0.6026806526806526, "recall": 0.6060606060606061, "f1-score": 0.6038159371492704, "support": 33.0}}