{"best_estimator": "KNeighborsClassifier(p=3, weights='distance')", "best_score": 0.5798216228478401, "test_score": 0.5734180035650623}