{"best_estimator": "KNeighborsClassifier(n_neighbors=20, p=3, weights='distance')", "best_score": 0.5658523292451025, "test_score": 0.6491379310344827}