{"best_estimator": "KNeighborsClassifier(p=3, weights='distance')", "best_score": 0.6169531900088044, "test_score": 0.6538978494623655}