{"best_estimator": "KNeighborsClassifier(p=3, weights='distance')", "best_score": 0.5972458410560244, "test_score": 0.6986531986531986}