{"0": {"precision": 0.6, "recall": 0.47368421052631576, "f1-score": 0.5294117647058824, "support": 19.0}, "1": {"precision": 0.4444444444444444, "recall": 0.5714285714285714, "f1-score": 0.5, "support": 14.0}, "accuracy": 0.5151515151515151, "macro avg": {"precision": 0.5222222222222221, "recall": 0.5225563909774436, "f1-score": 0.5147058823529411, "support": 33.0}, "weighted avg": {"precision": 0.5340067340067339, "recall": 0.5151515151515151, "f1-score": 0.5169340463458111, "support": 33.0}}