{"best_estimator": "RandomForestClassifier(criterion='log_loss')", "best_score": 0.5599257442913966, "test_score": 0.721243842364532}