{"best_estimator": "RandomForestClassifier()", "best_score": 0.6041911886274873, "test_score": 0.6314685314685314}