{"best_estimator": "RandomForestClassifier(criterion='entropy', n_estimators=150)", "best_score": 0.6148357843365627, "test_score": 0.5757575757575758}