{"0": {"precision": 0.7391304347826086, "recall": 0.8947368421052632, "f1-score": 0.8095238095238095, "support": 19.0}, "1": {"precision": 0.8, "recall": 0.5714285714285714, "f1-score": 0.6666666666666666, "support": 14.0}, "accuracy": 0.7575757575757576, "macro avg": {"precision": 0.7695652173913043, "recall": 0.7330827067669172, "f1-score": 0.7380952380952381, "support": 33.0}, "weighted avg": {"precision": 0.7649538866930171, "recall": 0.7575757575757576, "f1-score": 0.748917748917749, "support": 33.0}}