{"0": {"precision": 0.7058823529411765, "recall": 0.8571428571428571, "f1-score": 0.7741935483870968, "support": 28.0}, "1": {"precision": 0.42857142857142855, "recall": 0.23076923076923078, "f1-score": 0.3, "support": 13.0}, "accuracy": 0.6585365853658537, "macro avg": {"precision": 0.5672268907563025, "recall": 0.5439560439560439, "f1-score": 0.5370967741935484, "support": 41.0}, "weighted avg": {"precision": 0.6179544988727198, "recall": 0.6585365853658537, "f1-score": 0.6238394964594807, "support": 41.0}}