{"best_estimator": "AdaBoostClassifier(algorithm='SAMME', learning_rate=0.05, n_estimators=400)", "best_score": 0.5592333032216386, "test_score": 0.5440298507462686}