{"best_estimator": "BernoulliNB()", "best_score": 0.5826573772767493, "test_score": 0.6296875}