{"best_estimator": "BernoulliNB()", "best_score": 0.588312361405608, "test_score": 0.5948028673835125}