{"best_estimator": "HistGradientBoostingClassifier(learning_rate=0.05)", "best_score": 0.5957567965568612, "test_score": 0.6526881720430107}