{"best_estimator": "HistGradientBoostingClassifier()", "best_score": 0.5703963576302226, "test_score": 0.5525210084033614}