{"best_estimator": "HistGradientBoostingClassifier(learning_rate=0.001)", "best_score": 0.5463910794035531, "test_score": 0.5440298507462686}