{"0": {"precision": 0.6571428571428571, "recall": 0.8518518518518519, "f1-score": 0.7419354838709677, "support": 27.0}, "1": {"precision": 0.2, "recall": 0.07692307692307693, "f1-score": 0.1111111111111111, "support": 13.0}, "accuracy": 0.6, "macro avg": {"precision": 0.4285714285714286, "recall": 0.46438746438746437, "f1-score": 0.42652329749103945, "support": 40.0}, "weighted avg": {"precision": 0.5085714285714287, "recall": 0.6, "f1-score": 0.5369175627240143, "support": 40.0}}