{"best_estimator": "RandomForestClassifier(criterion='log_loss', n_estimators=150)", "best_score": 0.5696082620770874, "test_score": 0.5948028673835125}