{"0": {"precision": 0.6129032258064516, "recall": 0.6785714285714286, "f1-score": 0.6440677966101694, "support": 28.0}, "1": {"precision": 0.6086956521739131, "recall": 0.5384615384615384, "f1-score": 0.5714285714285714, "support": 26.0}, "accuracy": 0.6111111111111112, "macro avg": {"precision": 0.6107994389901823, "recall": 0.6085164835164836, "f1-score": 0.6077481840193704, "support": 54.0}, "weighted avg": {"precision": 0.6108773570204145, "recall": 0.6111111111111112, "f1-score": 0.6090933548560667, "support": 54.0}}