{"0": {"precision": 0.625, "recall": 0.8333333333333334, "f1-score": 0.7142857142857143, "support": 12.0}, "1": {"precision": 0.3333333333333333, "recall": 0.14285714285714285, "f1-score": 0.2, "support": 7.0}, "accuracy": 0.5789473684210527, "macro avg": {"precision": 0.47916666666666663, "recall": 0.48809523809523814, "f1-score": 0.4571428571428572, "support": 19.0}, "weighted avg": {"precision": 0.5175438596491228, "recall": 0.5789473684210527, "f1-score": 0.524812030075188, "support": 19.0}}