{"0": {"precision": 0.5714285714285714, "recall": 0.5, "f1-score": 0.5333333333333333, "support": 8.0}, "1": {"precision": 0.7333333333333333, "recall": 0.7857142857142857, "f1-score": 0.7586206896551724, "support": 14.0}, "accuracy": 0.6818181818181818, "macro avg": {"precision": 0.6523809523809523, "recall": 0.6428571428571428, "f1-score": 0.6459770114942529, "support": 22.0}, "weighted avg": {"precision": 0.6744588744588744, "recall": 0.6818181818181818, "f1-score": 0.676698014629049, "support": 22.0}}