{"0": {"precision": 0.5925925925925926, "recall": 0.5, "f1-score": 0.5423728813559322, "support": 32.0}, "1": {"precision": 0.4666666666666667, "recall": 0.56, "f1-score": 0.509090909090909, "support": 25.0}, "accuracy": 0.5263157894736842, "macro avg": {"precision": 0.5296296296296297, "recall": 0.53, "f1-score": 0.5257318952234207, "support": 57.0}, "weighted avg": {"precision": 0.5373619233268355, "recall": 0.5263157894736842, "f1-score": 0.5277755250993431, "support": 57.0}}