{"best_estimator": "BernoulliNB()", "best_score": 0.5373825475295141, "test_score": 0.3101760707364628}