{"0": {"precision": 0.5185185185185185, "recall": 0.5, "f1-score": 0.509090909090909, "support": 28.0}, "1": {"precision": 0.48148148148148145, "recall": 0.5, "f1-score": 0.49056603773584906, "support": 26.0}, "accuracy": 0.5, "macro avg": {"precision": 0.5, "recall": 0.5, "f1-score": 0.49982847341337905, "support": 54.0}, "weighted avg": {"precision": 0.5006858710562414, "recall": 0.5, "f1-score": 0.5001715265866209, "support": 54.0}}