{"best_estimator": "BernoulliNB()", "best_score": 0.5004365325127148, "test_score": 0.5168916395147712}