{"best_estimator": "BernoulliNB()", "best_score": 0.5190300947514084, "test_score": 0.5277755250993431}