{"0": {"precision": 0.5, "recall": 0.875, "f1-score": 0.6363636363636364, "support": 8.0}, "1": {"precision": 0.875, "recall": 0.5, "f1-score": 0.6363636363636364, "support": 14.0}, "accuracy": 0.6363636363636364, "macro avg": {"precision": 0.6875, "recall": 0.6875, "f1-score": 0.6363636363636364, "support": 22.0}, "weighted avg": {"precision": 0.7386363636363636, "recall": 0.6363636363636364, "f1-score": 0.6363636363636364, "support": 22.0}}