{"best_estimator": "HistGradientBoostingClassifier(learning_rate=0.05)", "best_score": 0.6016367499120819, "test_score": 0.6018075491759702}