{"best_estimator": "HistGradientBoostingClassifier()", "best_score": 0.5402864458206699, "test_score": 0.7288401253918495}