{"best_estimator": "HistGradientBoostingClassifier()", "best_score": 0.5111365293758723, "test_score": 0.693877551020408}