{"best_estimator": "HistGradientBoostingClassifier(learning_rate=0.05)", "best_score": 0.5452044378774381, "test_score": 0.6363636363636364}