{"0": {"precision": 0.6071428571428571, "recall": 0.6071428571428571, "f1-score": 0.6071428571428571, "support": 28.0}, "1": {"precision": 0.5769230769230769, "recall": 0.5769230769230769, "f1-score": 0.5769230769230769, "support": 26.0}, "accuracy": 0.5925925925925926, "macro avg": {"precision": 0.5920329670329669, "recall": 0.5920329670329669, "f1-score": 0.5920329670329669, "support": 54.0}, "weighted avg": {"precision": 0.5925925925925926, "recall": 0.5925925925925926, "f1-score": 0.5925925925925926, "support": 54.0}}