{"0": {"precision": 0.825, "recall": 0.8048780487804879, "f1-score": 0.8148148148148148, "support": 41.0}, "1": {"precision": 0.5294117647058824, "recall": 0.5625, "f1-score": 0.5454545454545454, "support": 16.0}, "accuracy": 0.7368421052631579, "macro avg": {"precision": 0.6772058823529412, "recall": 0.6836890243902439, "f1-score": 0.6801346801346801, "support": 57.0}, "weighted avg": {"precision": 0.7420278637770896, "recall": 0.7368421052631579, "f1-score": 0.7392049146435111, "support": 57.0}}