{"0": {"precision": 0.675, "recall": 0.7941176470588235, "f1-score": 0.7297297297297297, "support": 34.0}, "1": {"precision": 0.5882352941176471, "recall": 0.43478260869565216, "f1-score": 0.5, "support": 23.0}, "accuracy": 0.6491228070175439, "macro avg": {"precision": 0.6316176470588235, "recall": 0.6144501278772379, "f1-score": 0.6148648648648649, "support": 57.0}, "weighted avg": {"precision": 0.6399896800825594, "recall": 0.6491228070175439, "f1-score": 0.6370317686107159, "support": 57.0}}