{"0": {"precision": 0.8292682926829268, "recall": 0.4927536231884058, "f1-score": 0.6181818181818182, "support": 69.0}, "1": {"precision": 0.35185185185185186, "recall": 0.7307692307692307, "f1-score": 0.475, "support": 26.0}, "accuracy": 0.5578947368421052, "macro avg": {"precision": 0.5905600722673894, "recall": 0.6117614269788183, "f1-score": 0.5465909090909091, "support": 95.0}, "weighted avg": {"precision": 0.6986069509817906, "recall": 0.5578947368421052, "f1-score": 0.5789952153110048, "support": 95.0}}