{"best_estimator": "KNeighborsClassifier(n_neighbors=25, p=3, weights='distance')", "best_score": 0.519460651352801, "test_score": 0.4242424242424242}