{"0": {"precision": 0.0, "recall": 0.0, "f1-score": 0.0, "support": 8.0}, "1": {"precision": 0.5789473684210527, "recall": 0.7857142857142857, "f1-score": 0.6666666666666666, "support": 14.0}, "accuracy": 0.5, "macro avg": {"precision": 0.2894736842105263, "recall": 0.39285714285714285, "f1-score": 0.3333333333333333, "support": 22.0}, "weighted avg": {"precision": 0.3684210526315789, "recall": 0.5, "f1-score": 0.4242424242424242, "support": 22.0}}