{"best_estimator": "KNeighborsClassifier(p=3, weights='distance')", "best_score": 0.5678441918911028, "test_score": 0.5789952153110048}