{"best_estimator": "RandomForestClassifier(criterion='log_loss')", "best_score": 0.5002951071782651, "test_score": 0.9538140020898641}