{"best_estimator": "RandomForestClassifier(criterion='log_loss', n_estimators=300)", "best_score": 0.5227237279072271, "test_score": 0.5185185185185185}