{"best_estimator": "RandomForestClassifier()", "best_score": 0.5813590745728315, "test_score": 0.5757358807044818}