{"best_estimator": "BernoulliNB()", "best_score": 0.49464083673589165, "test_score": 0.6436251920122887}