{"best_estimator": "BernoulliNB()", "best_score": 0.5391506202342338, "test_score": 0.45692061313200644}