{"0": {"precision": 0.5714285714285714, "recall": 0.9411764705882353, "f1-score": 0.7111111111111111, "support": 17.0}, "1": {"precision": 0.5, "recall": 0.07692307692307693, "f1-score": 0.13333333333333333, "support": 13.0}, "accuracy": 0.5666666666666667, "macro avg": {"precision": 0.5357142857142857, "recall": 0.5090497737556561, "f1-score": 0.4222222222222222, "support": 30.0}, "weighted avg": {"precision": 0.5404761904761906, "recall": 0.5666666666666667, "f1-score": 0.4607407407407408, "support": 30.0}}