{"best_estimator": "BernoulliNB()", "best_score": 0.536289795022834, "test_score": 0.49622601728863586}