{"best_estimator": "BernoulliNB()", "best_score": 0.548052310640658, "test_score": 0.6245550934772021}