{"best_estimator": "HistGradientBoostingClassifier(learning_rate=0.01)", "best_score": 0.7168585103094908, "test_score": 0.8695891921698373}