{"best_estimator": "HistGradientBoostingClassifier(learning_rate=0.01)", "best_score": 0.7114379061725039, "test_score": 0.8689869835880022}