{"best_estimator": "HistGradientBoostingClassifier(learning_rate=0.01)", "best_score": 0.7730560016759782, "test_score": 0.49455173157837956}