{"best_estimator": "KNeighborsClassifier(n_neighbors=25, p=1)", "best_score": 0.7025333793515952, "test_score": 0.5788701143539853}