{"best_estimator": "KNeighborsClassifier(n_neighbors=25, p=1)", "best_score": 0.6766311593107792, "test_score": 0.6675155631013016}