{"best_estimator": "KNeighborsClassifier(n_neighbors=25, p=1)", "best_score": 0.6817823070926519, "test_score": 0.7751493428912785}