{"best_estimator": "RandomForestClassifier(criterion='entropy', max_depth=2)", "best_score": 0.7470983263768954, "test_score": 0.8390467522836822}