{"precision": 0.7101120650987475, "recall": 0.6614094559488922, "f1": 0.6608656962761863}