{"precision": 0.7267869876370922, "recall": 0.7227810917371698, "f1": 0.7224414095593288}