{"0": {"precision": 0.7446808510638298, "recall": 0.7777777777777778, "f1-score": 0.7608695652173914, "support": 45.0}, "1": {"precision": 0.5238095238095238, "recall": 0.4782608695652174, "f1-score": 0.5, "support": 23.0}, "accuracy": 0.6764705882352942, "macro avg": {"precision": 0.6342451874366768, "recall": 0.6280193236714976, "f1-score": 0.6304347826086957, "support": 68.0}, "weighted avg": {"precision": 0.6699743727278145, "recall": 0.6764705882352942, "f1-score": 0.6726342710997443, "support": 68.0}}