{"best_estimator": "BernoulliNB()", "best_score": 0.514070289898698, "test_score": 0.5814141414141414}