{"best_estimator": "BernoulliNB()", "best_score": 0.5230547963881298, "test_score": 0.5251017639077341}