{"best_estimator": "BernoulliNB()", "best_score": 0.5479971074441294, "test_score": 0.6858156028368795}