{"0": {"precision": 0.42857142857142855, "recall": 0.8571428571428571, "f1-score": 0.5714285714285714, "support": 7.0}, "1": {"precision": 0.75, "recall": 0.2727272727272727, "f1-score": 0.4, "support": 11.0}, "accuracy": 0.5, "macro avg": {"precision": 0.5892857142857143, "recall": 0.5649350649350648, "f1-score": 0.4857142857142857, "support": 18.0}, "weighted avg": {"precision": 0.625, "recall": 0.5, "f1-score": 0.4666666666666667, "support": 18.0}}