{"best_estimator": "HistGradientBoostingClassifier(learning_rate=0.5)", "best_score": 0.574184946345011, "test_score": 0.612188965019834}