{"best_estimator": "HistGradientBoostingClassifier(learning_rate=0.05)", "best_score": 0.5514284316860127, "test_score": 0.834920634920635}