{"best_estimator": "KNeighborsClassifier(p=1, weights='distance')", "best_score": 0.6104263743918916, "test_score": 0.6530111792282726}