{"best_estimator": "KNeighborsClassifier(p=3, weights='distance')", "best_score": 0.5338564970290075, "test_score": 0.5968511205702857}