{"best_estimator": "KNeighborsClassifier(n_neighbors=20, weights='distance')", "best_score": 0.5819122095636431, "test_score": 0.29691564474173165}