{"best_estimator": "KNeighborsClassifier(n_neighbors=20, p=1)", "best_score": 0.5743076823332454, "test_score": 0.38095238095238093}