{"0": {"precision": 0.7631578947368421, "recall": 0.8787878787878788, "f1-score": 0.8169014084507042, "support": 33.0}, "1": {"precision": 0.5555555555555556, "recall": 0.35714285714285715, "f1-score": 0.43478260869565216, "support": 14.0}, "accuracy": 0.723404255319149, "macro avg": {"precision": 0.6593567251461989, "recall": 0.6179653679653679, "f1-score": 0.6258420085731782, "support": 47.0}, "weighted avg": {"precision": 0.7013189000870972, "recall": 0.723404255319149, "f1-score": 0.7030787872470717, "support": 47.0}}