{"0": {"precision": 0.5111111111111111, "recall": 0.92, "f1-score": 0.6571428571428571, "support": 25.0}, "1": {"precision": 0.6, "recall": 0.12, "f1-score": 0.2, "support": 25.0}, "accuracy": 0.52, "macro avg": {"precision": 0.5555555555555556, "recall": 0.52, "f1-score": 0.4285714285714286, "support": 50.0}, "weighted avg": {"precision": 0.5555555555555556, "recall": 0.52, "f1-score": 0.42857142857142855, "support": 50.0}}