{"best_estimator": "RandomForestClassifier(criterion='log_loss', n_estimators=300)", "best_score": 0.5452715580650593, "test_score": 0.8888888888888888}