{"0": {"precision": 0.7692307692307693, "recall": 0.7692307692307693, "f1-score": 0.7692307692307693, "support": 13.0}, "1": {"precision": 0.4, "recall": 0.4, "f1-score": 0.4, "support": 5.0}, "accuracy": 0.6666666666666666, "macro avg": {"precision": 0.5846153846153846, "recall": 0.5846153846153846, "f1-score": 0.5846153846153846, "support": 18.0}, "weighted avg": {"precision": 0.6666666666666666, "recall": 0.6666666666666666, "f1-score": 0.6666666666666666, "support": 18.0}}