{"precision": 0.7601409681922072, "recall": 0.7153257723433162, "f1": 0.7140218838073644}