{"0": {"precision": 0.7727272727272727, "recall": 0.4146341463414634, "f1-score": 0.5396825396825397, "support": 41.0}, "1": {"precision": 0.3142857142857143, "recall": 0.6875, "f1-score": 0.43137254901960786, "support": 16.0}, "accuracy": 0.49122807017543857, "macro avg": {"precision": 0.5435064935064935, "recall": 0.5510670731707317, "f1-score": 0.48552754435107376, "support": 57.0}, "weighted avg": {"precision": 0.6440419229892914, "recall": 0.49122807017543857, "f1-score": 0.5092797352859272, "support": 57.0}}