{"best_estimator": "BernoulliNB()", "best_score": 0.34800797682974915, "test_score": 0.26743688489516476}