{"best_estimator": "BernoulliNB()", "best_score": 0.33581062615545376, "test_score": 0.23201754385964912}