{"best_estimator": "HistGradientBoostingClassifier()", "best_score": 0.5906844400307731, "test_score": 0.5705931495405179}