{"best_estimator": "HistGradientBoostingClassifier(learning_rate=0.5)", "best_score": 0.5625126606701706, "test_score": 0.5810035842293907}