{"best_estimator": "HistGradientBoostingClassifier()", "best_score": 0.5897467767103484, "test_score": 0.46315789473684205}