{"0": {"precision": 0.7142857142857143, "recall": 0.17857142857142858, "f1-score": 0.2857142857142857, "support": 28.0}, "1": {"precision": 0.5106382978723404, "recall": 0.9230769230769231, "f1-score": 0.6575342465753424, "support": 26.0}, "accuracy": 0.5370370370370371, "macro avg": {"precision": 0.6124620060790273, "recall": 0.5508241758241759, "f1-score": 0.47162426614481406, "support": 54.0}, "weighted avg": {"precision": 0.6162332545311268, "recall": 0.5370370370370371, "f1-score": 0.46473871131405375, "support": 54.0}}