{"best_estimator": "KNeighborsClassifier(p=3, weights='distance')", "best_score": 0.5285993814671938, "test_score": 0.5197993345630699}