{"0": {"precision": 0.75, "recall": 0.375, "f1-score": 0.5, "support": 8.0}, "1": {"precision": 0.7222222222222222, "recall": 0.9285714285714286, "f1-score": 0.8125, "support": 14.0}, "accuracy": 0.7272727272727273, "macro avg": {"precision": 0.7361111111111112, "recall": 0.6517857142857143, "f1-score": 0.65625, "support": 22.0}, "weighted avg": {"precision": 0.7323232323232323, "recall": 0.7272727272727273, "f1-score": 0.6988636363636364, "support": 22.0}}