{"0": {"precision": 0.59375, "recall": 0.59375, "f1-score": 0.59375, "support": 32.0}, "1": {"precision": 0.48, "recall": 0.48, "f1-score": 0.48, "support": 25.0}, "accuracy": 0.543859649122807, "macro avg": {"precision": 0.536875, "recall": 0.536875, "f1-score": 0.536875, "support": 57.0}, "weighted avg": {"precision": 0.543859649122807, "recall": 0.543859649122807, "f1-score": 0.543859649122807, "support": 57.0}}