{"best_estimator": "RandomForestClassifier(criterion='log_loss', n_estimators=300)", "best_score": 0.5798954122851182, "test_score": 0.5348627980206927}