{"best_estimator": "RandomForestClassifier(criterion='entropy')", "best_score": 0.5834593529933361, "test_score": 0.5688744202870467}