{"best_estimator": "RandomForestClassifier()", "best_score": 0.5955790402016122, "test_score": 0.6696595585484474}