{"best_estimator": "BernoulliNB()", "best_score": 0.5767989012471582, "test_score": 0.601018675721562}