{"best_estimator": "BernoulliNB()", "best_score": 0.5604436597269907, "test_score": 0.6350602802215705}