{"best_estimator": "HistGradientBoostingClassifier(learning_rate=0.01)", "best_score": 0.7756986780710906, "test_score": 0.6112903225806451}