{"best_estimator": "HistGradientBoostingClassifier(learning_rate=0.01)", "best_score": 0.7095421304655514, "test_score": 0.8393923877794844}