{"best_estimator": "KNeighborsClassifier(n_neighbors=25, weights='distance')", "best_score": 0.7091502149950685, "test_score": 0.7066437455758924}