{"0": {"precision": 0.6428571428571429, "recall": 0.5294117647058824, "f1-score": 0.5806451612903226, "support": 17.0}, "1": {"precision": 0.5, "recall": 0.6153846153846154, "f1-score": 0.5517241379310345, "support": 13.0}, "accuracy": 0.5666666666666667, "macro avg": {"precision": 0.5714285714285714, "recall": 0.5723981900452488, "f1-score": 0.5661846496106786, "support": 30.0}, "weighted avg": {"precision": 0.580952380952381, "recall": 0.5666666666666667, "f1-score": 0.5681127178346311, "support": 30.0}}