{"0": {"precision": 0.7142857142857143, "recall": 0.5882352941176471, "f1-score": 0.6451612903225806, "support": 17.0}, "1": {"precision": 0.5625, "recall": 0.6923076923076923, "f1-score": 0.6206896551724138, "support": 13.0}, "accuracy": 0.6333333333333333, "macro avg": {"precision": 0.6383928571428572, "recall": 0.6402714932126696, "f1-score": 0.6329254727474972, "support": 30.0}, "weighted avg": {"precision": 0.6485119047619048, "recall": 0.6333333333333333, "f1-score": 0.6345569150908417, "support": 30.0}}