{"best_estimator": "RandomForestClassifier(max_depth=2)", "best_score": 0.7524921028862206, "test_score": 0.871505376344086}