{"0": {"precision": 0.6666666666666666, "recall": 1.0, "f1-score": 0.8, "support": 18.0}, "1": {"precision": 1.0, "recall": 0.25, "f1-score": 0.4, "support": 12.0}, "accuracy": 0.7, "macro avg": {"precision": 0.8333333333333333, "recall": 0.625, "f1-score": 0.6000000000000001, "support": 30.0}, "weighted avg": {"precision": 0.8, "recall": 0.7, "f1-score": 0.6400000000000001, "support": 30.0}}