{"best_estimator": "BernoulliNB()", "best_score": 0.4530340522622584, "test_score": 0.4265964450296248}