{"0": {"precision": 0.6, "recall": 1.0, "f1-score": 0.75, "support": 18.0}, "1": {"precision": 1.0, "recall": 0.07692307692307693, "f1-score": 0.14285714285714285, "support": 13.0}, "accuracy": 0.6129032258064516, "macro avg": {"precision": 0.8, "recall": 0.5384615384615384, "f1-score": 0.4464285714285714, "support": 31.0}, "weighted avg": {"precision": 0.7677419354838709, "recall": 0.6129032258064516, "f1-score": 0.49539170506912444, "support": 31.0}}