{"0": {"precision": 0.5769230769230769, "recall": 0.8333333333333334, "f1-score": 0.6818181818181818, "support": 18.0}, "1": {"precision": 0.4, "recall": 0.15384615384615385, "f1-score": 0.2222222222222222, "support": 13.0}, "accuracy": 0.5483870967741935, "macro avg": {"precision": 0.48846153846153845, "recall": 0.4935897435897436, "f1-score": 0.452020202020202, "support": 31.0}, "weighted avg": {"precision": 0.5027295285359801, "recall": 0.5483870967741935, "f1-score": 0.48908439231019873, "support": 31.0}}