{"best_estimator": "HistGradientBoostingClassifier(learning_rate=0.5)", "best_score": 0.5349956084348231, "test_score": 0.7079365079365079}