{"0": {"precision": 0.5652173913043478, "recall": 0.7222222222222222, "f1-score": 0.6341463414634146, "support": 18.0}, "1": {"precision": 0.375, "recall": 0.23076923076923078, "f1-score": 0.2857142857142857, "support": 13.0}, "accuracy": 0.5161290322580645, "macro avg": {"precision": 0.4701086956521739, "recall": 0.47649572649572647, "f1-score": 0.45993031358885017, "support": 31.0}, "weighted avg": {"precision": 0.4854488078541374, "recall": 0.5161290322580645, "f1-score": 0.4880296729234573, "support": 31.0}}