{"best_estimator": "HistGradientBoostingClassifier(learning_rate=0.01)", "best_score": 0.5179659761749856, "test_score": 0.5129032258064516}