{"best_estimator": "HistGradientBoostingClassifier(learning_rate=0.01)", "best_score": 0.5483213004505559, "test_score": 0.4880296729234573}