{"best_estimator": "KNeighborsClassifier(n_neighbors=25, weights='distance')", "best_score": 0.563683721983383, "test_score": 0.6049853372434018}