{"0": {"precision": 0.6, "recall": 0.7894736842105263, "f1-score": 0.6818181818181818, "support": 19.0}, "1": {"precision": 0.3333333333333333, "recall": 0.16666666666666666, "f1-score": 0.2222222222222222, "support": 12.0}, "accuracy": 0.5483870967741935, "macro avg": {"precision": 0.4666666666666667, "recall": 0.4780701754385965, "f1-score": 0.452020202020202, "support": 31.0}, "weighted avg": {"precision": 0.4967741935483871, "recall": 0.5483870967741935, "f1-score": 0.5039100684261973, "support": 31.0}}