{"best_estimator": "RandomForestClassifier(max_depth=3, n_estimators=400)", "best_score": 0.5706142425520232, "test_score": 0.5115749525616698}