{"best_estimator": "RandomForestClassifier(max_depth=3)", "best_score": 0.552195016987263, "test_score": 0.5115749525616698}