{"0": {"precision": 1.0, "recall": 0.48717948717948717, "f1-score": 0.6551724137931034, "support": 39.0}, "1": {"precision": 0.3939393939393939, "recall": 1.0, "f1-score": 0.5652173913043478, "support": 13.0}, "accuracy": 0.6153846153846154, "macro avg": {"precision": 0.696969696969697, "recall": 0.7435897435897436, "f1-score": 0.6101949025487257, "support": 52.0}, "weighted avg": {"precision": 0.8484848484848485, "recall": 0.6153846153846154, "f1-score": 0.6326836581709145, "support": 52.0}}