{"best_estimator": "BernoulliNB()", "best_score": 0.6122420609631343, "test_score": 0.7069147069147069}