{"best_estimator": "BernoulliNB()", "best_score": 0.6367741557239263, "test_score": 0.5517671517671519}