{"best_estimator": "HistGradientBoostingClassifier(learning_rate=0.05)", "best_score": 0.7543034285962502, "test_score": 0.7224812288364332}