{"0": {"precision": 0.9117647058823529, "recall": 0.8378378378378378, "f1-score": 0.8732394366197183, "support": 74.0}, "1": {"precision": 0.5384615384615384, "recall": 0.7, "f1-score": 0.6086956521739131, "support": 20.0}, "accuracy": 0.8085106382978723, "macro avg": {"precision": 0.7251131221719457, "recall": 0.768918918918919, "f1-score": 0.7409675443968157, "support": 94.0}, "weighted avg": {"precision": 0.8323385000481371, "recall": 0.8085106382978723, "f1-score": 0.8169535250355044, "support": 94.0}}