{"0": {"precision": 0.9375, "recall": 0.8333333333333334, "f1-score": 0.8823529411764706, "support": 36.0}, "1": {"precision": 0.7272727272727273, "recall": 0.8888888888888888, "f1-score": 0.8, "support": 18.0}, "accuracy": 0.8518518518518519, "macro avg": {"precision": 0.8323863636363636, "recall": 0.8611111111111112, "f1-score": 0.8411764705882353, "support": 54.0}, "weighted avg": {"precision": 0.8674242424242424, "recall": 0.8518518518518519, "f1-score": 0.8549019607843137, "support": 54.0}}