{"best_estimator": "KNeighborsClassifier(n_neighbors=7, p=3)", "best_score": 0.7368248704942852, "test_score": 0.7368421052631579}