{"best_estimator": "KNeighborsClassifier(n_neighbors=7, weights='distance')", "best_score": 0.7198993772991396, "test_score": 0.6882456915598762}