{"best_estimator": "RandomForestClassifier(criterion='entropy', n_estimators=300)", "best_score": 0.7424984611972554, "test_score": 0.7142857142857142}