{"0": {"precision": 0.9154929577464789, "recall": 0.8783783783783784, "f1-score": 0.896551724137931, "support": 74.0}, "1": {"precision": 0.6086956521739131, "recall": 0.7, "f1-score": 0.6511627906976745, "support": 20.0}, "accuracy": 0.8404255319148937, "macro avg": {"precision": 0.762094304960196, "recall": 0.7891891891891891, "f1-score": 0.7738572574178028, "support": 94.0}, "weighted avg": {"precision": 0.8502169352842309, "recall": 0.8404255319148937, "f1-score": 0.8443413127676639, "support": 94.0}}