{"best_estimator": "RandomForestClassifier(max_depth=6, n_estimators=300)", "best_score": 0.7536543489690744, "test_score": 0.4414715719063545}