{"best_estimator": "RandomForestClassifier(criterion='entropy', n_estimators=300)", "best_score": 0.7234452988485758, "test_score": 0.9080065981474432}