{"best_estimator": "RandomForestClassifier(criterion='log_loss', n_estimators=300)", "best_score": 0.7438656868777269, "test_score": 0.7894736842105263}