{"precision": 0.8252532303630284, "recall": 0.7215180022259777, "f1": 0.7259244761604744}