{"best_estimator": "BernoulliNB()", "best_score": 0.5748600276056086, "test_score": 0.5779250217959897}