{"best_estimator": "BernoulliNB()", "best_score": 0.5951887969866905, "test_score": 0.4521994134897361}