{"best_estimator": "BernoulliNB()", "best_score": 0.5725884606716249, "test_score": 0.6129032258064516}