{"0": {"precision": 0.5294117647058824, "recall": 0.5294117647058824, "f1-score": 0.5294117647058824, "support": 17.0}, "1": {"precision": 0.42857142857142855, "recall": 0.42857142857142855, "f1-score": 0.42857142857142855, "support": 14.0}, "accuracy": 0.4838709677419355, "macro avg": {"precision": 0.4789915966386554, "recall": 0.4789915966386554, "f1-score": 0.4789915966386554, "support": 31.0}, "weighted avg": {"precision": 0.4838709677419355, "recall": 0.4838709677419355, "f1-score": 0.4838709677419355, "support": 31.0}}