{"best_estimator": "HistGradientBoostingClassifier(learning_rate=0.001)", "best_score": 0.7097175617130913, "test_score": 0.7653333333333333}