{"best_estimator": "HistGradientBoostingClassifier(learning_rate=0.01)", "best_score": 0.7280330921306699, "test_score": 0.6459028550241008}