{"best_estimator": "KNeighborsClassifier(n_neighbors=7, p=1, weights='distance')", "best_score": 0.7396030670669984, "test_score": 0.7096774193548387}