{"best_estimator": "KNeighborsClassifier(n_neighbors=20, p=1)", "best_score": 0.7285425287615661, "test_score": 0.6451612903225806}