{"best_estimator": "KNeighborsClassifier(n_neighbors=20, p=1)", "best_score": 0.7362741967463095, "test_score": 0.6754032258064516}