{"best_estimator": "KNeighborsClassifier(n_neighbors=25, p=1)", "best_score": 0.7405307099133556, "test_score": 0.6414534668149796}