{"best_estimator": "RandomForestClassifier(criterion='entropy', max_depth=2)", "best_score": 0.7391576281404486, "test_score": 0.8390467522836822}