{"best_estimator": "RandomForestClassifier(max_depth=2, n_estimators=200)", "best_score": 0.754384602551065, "test_score": 0.7403225806451613}