{"0": {"precision": 0.7407407407407407, "recall": 0.8, "f1-score": 0.7692307692307693, "support": 25.0}, "1": {"precision": 0.6875, "recall": 0.6111111111111112, "f1-score": 0.6470588235294118, "support": 18.0}, "accuracy": 0.7209302325581395, "macro avg": {"precision": 0.7141203703703703, "recall": 0.7055555555555556, "f1-score": 0.7081447963800905, "support": 43.0}, "weighted avg": {"precision": 0.7184539190353144, "recall": 0.7209302325581395, "f1-score": 0.7180890245185731, "support": 43.0}}