{"0": {"precision": 0.7307692307692307, "recall": 0.7037037037037037, "f1-score": 0.7169811320754716, "support": 27.0}, "1": {"precision": 0.5789473684210527, "recall": 0.6111111111111112, "f1-score": 0.5945945945945946, "support": 18.0}, "accuracy": 0.6666666666666666, "macro avg": {"precision": 0.6548582995951417, "recall": 0.6574074074074074, "f1-score": 0.6557878633350331, "support": 45.0}, "weighted avg": {"precision": 0.6700404858299596, "recall": 0.6666666666666666, "f1-score": 0.6680265170831209, "support": 45.0}}