{"best_estimator": "BernoulliNB()", "best_score": 0.5610375097004259, "test_score": 0.6666666666666666}