{"0": {"precision": 0.5135135135135135, "recall": 0.8636363636363636, "f1-score": 0.6440677966101694, "support": 22.0}, "1": {"precision": 0.6666666666666666, "recall": 0.25, "f1-score": 0.36363636363636365, "support": 24.0}, "accuracy": 0.5434782608695652, "macro avg": {"precision": 0.5900900900900901, "recall": 0.5568181818181819, "f1-score": 0.5038520801232665, "support": 46.0}, "weighted avg": {"precision": 0.5934195064629847, "recall": 0.5434782608695652, "f1-score": 0.49775574462383604, "support": 46.0}}