{"best_estimator": "HistGradientBoostingClassifier()", "best_score": 0.6875993881295421, "test_score": 0.5037707390648568}