{"best_estimator": "HistGradientBoostingClassifier(learning_rate=0.05)", "best_score": 0.6301440809433096, "test_score": 0.7121212121212122}