{"best_estimator": "KNeighborsClassifier(n_neighbors=7, weights='distance')", "best_score": 0.6740512205793792, "test_score": 0.6757164404223228}