{"0": {"precision": 0.71875, "recall": 0.92, "f1-score": 0.8070175438596491, "support": 25.0}, "1": {"precision": 0.8181818181818182, "recall": 0.5, "f1-score": 0.6206896551724138, "support": 18.0}, "accuracy": 0.7441860465116279, "macro avg": {"precision": 0.7684659090909092, "recall": 0.71, "f1-score": 0.7138535995160314, "support": 43.0}, "weighted avg": {"precision": 0.760372621564482, "recall": 0.7441860465116279, "f1-score": 0.7290198230138296, "support": 43.0}}