{"0": {"precision": 0.8157894736842105, "recall": 0.6595744680851063, "f1-score": 0.7294117647058823, "support": 47.0}, "1": {"precision": 0.4482758620689655, "recall": 0.65, "f1-score": 0.5306122448979592, "support": 20.0}, "accuracy": 0.6567164179104478, "macro avg": {"precision": 0.632032667876588, "recall": 0.6547872340425531, "f1-score": 0.6300120048019208, "support": 67.0}, "weighted avg": {"precision": 0.7060839179781673, "recall": 0.6567164179104478, "f1-score": 0.6700686244647113, "support": 67.0}}