{"best_estimator": "KNeighborsClassifier(p=1, weights='distance')", "best_score": 0.6642874374118413, "test_score": 0.463768115942029}