{"best_estimator": "RandomForestClassifier(criterion='log_loss', n_estimators=200)", "best_score": 0.6349883264479221, "test_score": 0.5333333333333333}