{"best_estimator": "RandomForestClassifier(criterion='log_loss', n_estimators=200)", "best_score": 0.6546307202185988, "test_score": 0.6396411194212358}