{"best_estimator": "RandomForestClassifier(criterion='entropy', n_estimators=400)", "best_score": 0.6606798997523148, "test_score": 0.7674418604651163}