{"best_estimator": "RandomForestClassifier(criterion='log_loss')", "best_score": 0.6528726041943492, "test_score": 0.5037707390648568}