{"best_estimator": "AdaBoostClassifier(algorithm='SAMME', learning_rate=0.5)", "best_score": 0.7132922631792742, "test_score": 0.7096774193548387}