{"best_estimator": "BernoulliNB()", "best_score": 0.6733105830496797, "test_score": 0.614516129032258}