{"best_estimator": "BernoulliNB()", "best_score": 0.6525377400515318, "test_score": 0.7115605928509154}