{"best_estimator": "BernoulliNB()", "best_score": 0.6467369369028753, "test_score": 0.7648498331479421}