{"best_estimator": "BernoulliNB()", "best_score": 0.6580489752828993, "test_score": 0.521185155222975}