{"best_estimator": "BernoulliNB()", "best_score": 0.6253285594284358, "test_score": 0.743010752688172}