{"best_estimator": "HistGradientBoostingClassifier()", "best_score": 0.6739914035257064, "test_score": 0.7077942458587619}