{"best_estimator": "HistGradientBoostingClassifier(learning_rate=0.001)", "best_score": 0.6950075035940613, "test_score": 0.5806451612903226}