{"best_estimator": "HistGradientBoostingClassifier(learning_rate=0.5)", "best_score": 0.665016069605233, "test_score": 0.6049853372434018}