{"best_estimator": "HistGradientBoostingClassifier()", "best_score": 0.6751252638266518, "test_score": 0.48709677419354835}