{"best_estimator": "KNeighborsClassifier(n_neighbors=25, weights='distance')", "best_score": 0.692967690411401, "test_score": 0.6031444835998916}