{"best_estimator": "KNeighborsClassifier(n_neighbors=15, p=3)", "best_score": 0.7055804734765376, "test_score": 0.6451612903225806}