{"best_estimator": "KNeighborsClassifier(p=3)", "best_score": 0.6963714792312925, "test_score": 0.6473859844271413}