{"best_estimator": "RandomForestClassifier(n_estimators=400)", "best_score": 0.6342078386100359, "test_score": 0.6928178037540744}