{"best_estimator": "RandomForestClassifier(max_depth=6, n_estimators=300)", "best_score": 0.6280200398251468, "test_score": 0.6774193548387096}