{"0": {"precision": 0.6153846153846154, "recall": 0.47058823529411764, "f1-score": 0.5333333333333333, "support": 34.0}, "1": {"precision": 0.41935483870967744, "recall": 0.5652173913043478, "f1-score": 0.48148148148148145, "support": 23.0}, "accuracy": 0.5087719298245614, "macro avg": {"precision": 0.5173697270471465, "recall": 0.5179028132992327, "f1-score": 0.5074074074074074, "support": 57.0}, "weighted avg": {"precision": 0.5362848809368334, "recall": 0.5087719298245614, "f1-score": 0.5124106562703054, "support": 57.0}}