{"0": {"precision": 0.7627118644067796, "recall": 0.6521739130434783, "f1-score": 0.703125, "support": 69.0}, "1": {"precision": 0.3333333333333333, "recall": 0.46153846153846156, "f1-score": 0.3870967741935484, "support": 26.0}, "accuracy": 0.6, "macro avg": {"precision": 0.5480225988700564, "recall": 0.5568561872909699, "f1-score": 0.5451108870967742, "support": 95.0}, "weighted avg": {"precision": 0.6451977401129942, "recall": 0.6, "f1-score": 0.616633064516129, "support": 95.0}}