{"0": {"precision": 0.4827586206896552, "recall": 0.5, "f1-score": 0.49122807017543857, "support": 28.0}, "1": {"precision": 0.44, "recall": 0.4230769230769231, "f1-score": 0.43137254901960786, "support": 26.0}, "accuracy": 0.46296296296296297, "macro avg": {"precision": 0.4613793103448276, "recall": 0.46153846153846156, "f1-score": 0.4613003095975232, "support": 54.0}, "weighted avg": {"precision": 0.4621711366538953, "recall": 0.46296296296296297, "f1-score": 0.4624087451744831, "support": 54.0}}