{"best_estimator": "BernoulliNB()", "best_score": 0.4945963903265822, "test_score": 0.5635010151139184}