{"best_estimator": "BernoulliNB()", "best_score": 0.5939363271551528, "test_score": 0.4130880755770855}