{"best_estimator": "BernoulliNB()", "best_score": 0.4723841017719024, "test_score": 0.4479166666666667}