{"best_estimator": "BernoulliNB()", "best_score": 0.5144960223043792, "test_score": 0.5467032967032968}