{"best_estimator": "BernoulliNB()", "best_score": 0.4573930304712304, "test_score": 0.4247460757156048}