{"0": {"precision": 0.5135135135135135, "recall": 0.5588235294117647, "f1-score": 0.5352112676056338, "support": 34.0}, "1": {"precision": 0.25, "recall": 0.21739130434782608, "f1-score": 0.23255813953488372, "support": 23.0}, "accuracy": 0.42105263157894735, "macro avg": {"precision": 0.38175675675675674, "recall": 0.3881074168797954, "f1-score": 0.3838847035702587, "support": 57.0}, "weighted avg": {"precision": 0.40718349928876246, "recall": 0.42105263157894735, "f1-score": 0.4130880755770855, "support": 57.0}}