{"0": {"precision": 1.0, "recall": 0.23076923076923078, "f1-score": 0.375, "support": 13.0}, "1": {"precision": 0.4117647058823529, "recall": 1.0, "f1-score": 0.5833333333333334, "support": 7.0}, "accuracy": 0.5, "macro avg": {"precision": 0.7058823529411764, "recall": 0.6153846153846154, "f1-score": 0.4791666666666667, "support": 20.0}, "weighted avg": {"precision": 0.7941176470588236, "recall": 0.5, "f1-score": 0.4479166666666667, "support": 20.0}}