{"0": {"precision": 0.4, "recall": 0.25, "f1-score": 0.3076923076923077, "support": 8.0}, "1": {"precision": 0.6470588235294118, "recall": 0.7857142857142857, "f1-score": 0.7096774193548387, "support": 14.0}, "accuracy": 0.5909090909090909, "macro avg": {"precision": 0.5235294117647059, "recall": 0.5178571428571428, "f1-score": 0.5086848635235732, "support": 22.0}, "weighted avg": {"precision": 0.5572192513368983, "recall": 0.5909090909090909, "f1-score": 0.5635010151139184, "support": 22.0}}