{"best_estimator": "HistGradientBoostingClassifier(learning_rate=0.5)", "best_score": 0.6270217074952347, "test_score": 0.5087719298245614}