{"0": {"precision": 0.5238095238095238, "recall": 0.39285714285714285, "f1-score": 0.4489795918367347, "support": 28.0}, "1": {"precision": 0.48484848484848486, "recall": 0.6153846153846154, "f1-score": 0.5423728813559322, "support": 26.0}, "accuracy": 0.5, "macro avg": {"precision": 0.5043290043290043, "recall": 0.5041208791208791, "f1-score": 0.4956762365963334, "support": 54.0}, "weighted avg": {"precision": 0.5050505050505051, "recall": 0.5, "f1-score": 0.4939467312348668, "support": 54.0}}