{"best_estimator": "HistGradientBoostingClassifier(learning_rate=0.5)", "best_score": 0.6039179579797088, "test_score": 0.46315789473684205}