{"best_estimator": "HistGradientBoostingClassifier(learning_rate=0.5)", "best_score": 0.5854845347572634, "test_score": 0.4939467312348668}