{"0": {"precision": 0.5769230769230769, "recall": 0.46875, "f1-score": 0.5172413793103449, "support": 32.0}, "1": {"precision": 0.45161290322580644, "recall": 0.56, "f1-score": 0.5, "support": 25.0}, "accuracy": 0.5087719298245614, "macro avg": {"precision": 0.5142679900744417, "recall": 0.514375, "f1-score": 0.5086206896551724, "support": 57.0}, "weighted avg": {"precision": 0.521962474424274, "recall": 0.5087719298245614, "f1-score": 0.5096793708408953, "support": 57.0}}