{"0": {"precision": 0.8333333333333334, "recall": 0.6097560975609756, "f1-score": 0.704225352112676, "support": 41.0}, "1": {"precision": 0.4074074074074074, "recall": 0.6875, "f1-score": 0.5116279069767442, "support": 16.0}, "accuracy": 0.631578947368421, "macro avg": {"precision": 0.6203703703703703, "recall": 0.6486280487804879, "f1-score": 0.6079266295447101, "support": 57.0}, "weighted avg": {"precision": 0.7137751786874594, "recall": 0.631578947368421, "f1-score": 0.6501629113727653, "support": 57.0}}