{"best_estimator": "KNeighborsClassifier(n_neighbors=10, p=3, weights='distance')", "best_score": 0.5128303208949124, "test_score": 0.6685156651258347}