{"best_estimator": "RandomForestClassifier(criterion='log_loss', n_estimators=150)", "best_score": 0.5420038133847953, "test_score": 0.47719029374201793}