{"best_estimator": "RandomForestClassifier(criterion='log_loss', n_estimators=150)", "best_score": 0.6001901300575762, "test_score": 0.5067394094993581}