{"best_estimator": "RandomForestClassifier(criterion='entropy', n_estimators=300)", "best_score": 0.5092238257328512, "test_score": 0.7770334928229665}