{"best_estimator": "RandomForestClassifier(criterion='entropy', n_estimators=400)", "best_score": 0.6279233049344282, "test_score": 0.5798271338169471}