{"best_estimator": "RandomForestClassifier(criterion='entropy')", "best_score": 0.564870733609439, "test_score": 0.6001142024533836}