{"0": {"precision": 0.5909090909090909, "recall": 0.52, "f1-score": 0.5531914893617021, "support": 25.0}, "1": {"precision": 0.5714285714285714, "recall": 0.64, "f1-score": 0.6037735849056604, "support": 25.0}, "accuracy": 0.58, "macro avg": {"precision": 0.5811688311688312, "recall": 0.5800000000000001, "f1-score": 0.5784825371336813, "support": 50.0}, "weighted avg": {"precision": 0.5811688311688311, "recall": 0.58, "f1-score": 0.5784825371336813, "support": 50.0}}