{"best_estimator": "BernoulliNB()", "best_score": 0.34728260869565214, "test_score": 0.1803087192323738}