{"best_estimator": "BernoulliNB()", "best_score": 0.3426832612250267, "test_score": 0.3287037037037037}