{"best_estimator": "BernoulliNB()", "best_score": 0.3457264957264957, "test_score": 0.2294372294372294}