{"best_estimator": "HistGradientBoostingClassifier(learning_rate=0.05)", "best_score": 0.5847320432464238, "test_score": 0.6602870813397128}