{"best_estimator": "HistGradientBoostingClassifier(learning_rate=0.5)", "best_score": 0.6059404392420571, "test_score": 0.5540064615653288}