{"best_estimator": "HistGradientBoostingClassifier()", "best_score": 0.5553509389396275, "test_score": 0.6417517918618433}