{"best_estimator": "HistGradientBoostingClassifier(learning_rate=0.5)", "best_score": 0.5903323303950017, "test_score": 0.4644961240310078}