{"best_estimator": "KNeighborsClassifier(p=3, weights='distance')", "best_score": 0.5399780770163755, "test_score": 0.6256410256410256}