{"best_estimator": "KNeighborsClassifier(p=3, weights='distance')", "best_score": 0.5572949304875296, "test_score": 0.3867243867243867}