{"0": {"precision": 0.4444444444444444, "recall": 0.32, "f1-score": 0.37209302325581395, "support": 25.0}, "1": {"precision": 0.46875, "recall": 0.6, "f1-score": 0.5263157894736842, "support": 25.0}, "accuracy": 0.46, "macro avg": {"precision": 0.4565972222222222, "recall": 0.45999999999999996, "f1-score": 0.44920440636474906, "support": 50.0}, "weighted avg": {"precision": 0.4565972222222222, "recall": 0.46, "f1-score": 0.44920440636474906, "support": 50.0}}