{"0": {"precision": 0.9, "recall": 1.0, "f1-score": 0.9473684210526315, "support": 9.0}, "1": {"precision": 1.0, "recall": 0.8333333333333334, "f1-score": 0.9090909090909091, "support": 6.0}, "accuracy": 0.9333333333333333, "macro avg": {"precision": 0.95, "recall": 0.9166666666666667, "f1-score": 0.9282296650717703, "support": 15.0}, "weighted avg": {"precision": 0.94, "recall": 0.9333333333333333, "f1-score": 0.9320574162679426, "support": 15.0}}