{"best_estimator": "BernoulliNB()", "best_score": 0.36272338772338775, "test_score": 0.2347222222222222}