{"best_estimator": "BernoulliNB()", "best_score": 0.3864294214042572, "test_score": 0.358734772978959}