{"best_estimator": "BernoulliNB()", "best_score": 0.3560718040129805, "test_score": 0.2347222222222222}