{"best_estimator": "BernoulliNB()", "best_score": 0.3583068309812496, "test_score": 0.2347222222222222}