{"0": {"precision": 0.6190476190476191, "recall": 0.6842105263157895, "f1-score": 0.65, "support": 19.0}, "1": {"precision": 0.45454545454545453, "recall": 0.38461538461538464, "f1-score": 0.4166666666666667, "support": 13.0}, "accuracy": 0.5625, "macro avg": {"precision": 0.5367965367965368, "recall": 0.5344129554655871, "f1-score": 0.5333333333333333, "support": 32.0}, "weighted avg": {"precision": 0.5522186147186148, "recall": 0.5625, "f1-score": 0.5552083333333333, "support": 32.0}}