{"best_estimator": "HistGradientBoostingClassifier(learning_rate=0.5)", "best_score": 0.46038295269412377, "test_score": 0.4808277900960828}