{"0": {"precision": 0.5, "recall": 0.5263157894736842, "f1-score": 0.5128205128205128, "support": 19.0}, "1": {"precision": 0.25, "recall": 0.23076923076923078, "f1-score": 0.24, "support": 13.0}, "accuracy": 0.40625, "macro avg": {"precision": 0.375, "recall": 0.37854251012145745, "f1-score": 0.3764102564102564, "support": 32.0}, "weighted avg": {"precision": 0.3984375, "recall": 0.40625, "f1-score": 0.40198717948717944, "support": 32.0}}