{"best_estimator": "KNeighborsClassifier(weights='distance')", "best_score": 0.4367693004548595, "test_score": 0.6685660018993352}