{"best_estimator": "KNeighborsClassifier(n_neighbors=25, p=1, weights='distance')", "best_score": 0.4239642199050378, "test_score": 0.7458333333333333}