{"best_estimator": "KNeighborsClassifier(n_neighbors=10, p=3, weights='distance')", "best_score": 0.46015230566441667, "test_score": 0.4286764705882353}