{"best_estimator": "KNeighborsClassifier(n_neighbors=25, weights='distance')", "best_score": 0.5020618126452683, "test_score": 0.3914772727272728}