{"0": {"precision": 0.5555555555555556, "recall": 0.5, "f1-score": 0.5263157894736842, "support": 20.0}, "1": {"precision": 0.3333333333333333, "recall": 0.38461538461538464, "f1-score": 0.35714285714285715, "support": 13.0}, "accuracy": 0.45454545454545453, "macro avg": {"precision": 0.4444444444444444, "recall": 0.4423076923076923, "f1-score": 0.44172932330827064, "support": 33.0}, "weighted avg": {"precision": 0.468013468013468, "recall": 0.45454545454545453, "f1-score": 0.4596719070403281, "support": 33.0}}