{"best_estimator": "KNeighborsClassifier(p=3, weights='distance')", "best_score": 0.42881819737773574, "test_score": 0.5187807881773399}