{"best_estimator": "KNeighborsClassifier(p=3, weights='distance')", "best_score": 0.4759407998161288, "test_score": 0.3501984126984127}