{"best_estimator": "KNeighborsClassifier(weights='distance')", "best_score": 0.4600415186980237, "test_score": 0.5454545454545454}