{"0": {"precision": 0.6363636363636364, "recall": 0.7, "f1-score": 0.6666666666666666, "support": 20.0}, "1": {"precision": 0.45454545454545453, "recall": 0.38461538461538464, "f1-score": 0.4166666666666667, "support": 13.0}, "accuracy": 0.5757575757575758, "macro avg": {"precision": 0.5454545454545454, "recall": 0.5423076923076923, "f1-score": 0.5416666666666666, "support": 33.0}, "weighted avg": {"precision": 0.5647382920110193, "recall": 0.5757575757575758, "f1-score": 0.5681818181818182, "support": 33.0}}