{"best_estimator": "RandomForestClassifier(criterion='entropy', max_depth=2)", "best_score": 0.45538672726971524, "test_score": 0.5941109783374698}