{"best_estimator": "RandomForestClassifier(n_estimators=200)", "best_score": 0.48141077931558424, "test_score": 0.4916666666666667}