{"best_estimator": "BernoulliNB()", "best_score": 0.5739510839339294, "test_score": 0.5788701143539853}