{"best_estimator": "BernoulliNB()", "best_score": 0.5918707171592104, "test_score": 0.39894179894179893}