{"best_estimator": "BernoulliNB()", "best_score": 0.5147675183596858, "test_score": 0.6642228739002932}