{"best_estimator": "BernoulliNB()", "best_score": 0.57476394752701, "test_score": 0.589149560117302}