{"best_estimator": "BernoulliNB()", "best_score": 0.573223126580789, "test_score": 0.589149560117302}