{"best_estimator": "HistGradientBoostingClassifier()", "best_score": 0.663629938366171, "test_score": 0.8323809523809523}