{"best_estimator": "HistGradientBoostingClassifier(learning_rate=0.01)", "best_score": 0.6653605301575105, "test_score": 0.8043837882547561}