{"best_estimator": "HistGradientBoostingClassifier(learning_rate=0.05)", "best_score": 0.6914206022148361, "test_score": 0.7681519041967849}