{"best_estimator": "HistGradientBoostingClassifier(learning_rate=0.01)", "best_score": 0.7370296582846751, "test_score": 0.5161290322580645}