{"best_estimator": "KNeighborsClassifier(n_neighbors=15, p=1)", "best_score": 0.6733536509014791, "test_score": 0.7435619409053944}