{"best_estimator": "KNeighborsClassifier(n_neighbors=25)", "best_score": 0.7241693722036224, "test_score": 0.5682198327359618}