{"best_estimator": "KNeighborsClassifier(n_neighbors=25)", "best_score": 0.7435805473311676, "test_score": 0.5140809011776754}