{"best_estimator": "KNeighborsClassifier(n_neighbors=20, p=1)", "best_score": 0.706257237760214, "test_score": 0.9032258064516129}