{"best_estimator": "KNeighborsClassifier(n_neighbors=15)", "best_score": 0.7179053370316281, "test_score": 0.7216589861751151}