{"best_estimator": "AdaBoostClassifier(algorithm='SAMME', learning_rate=0.5)", "best_score": 0.6511647225863575, "test_score": 0.7407407407407407}