{"best_estimator": "BernoulliNB()", "best_score": 0.5511712062675571, "test_score": 0.6071428571428572}