{"best_estimator": "BernoulliNB()", "best_score": 0.5945470402596792, "test_score": 0.6015810276679842}