{"best_estimator": "HistGradientBoostingClassifier(learning_rate=0.05)", "best_score": 0.6190138431333401, "test_score": 0.7667420473390623}