{"0": {"precision": 0.8604651162790697, "recall": 0.7872340425531915, "f1-score": 0.8222222222222222, "support": 47.0}, "1": {"precision": 0.5833333333333334, "recall": 0.7, "f1-score": 0.6363636363636364, "support": 20.0}, "accuracy": 0.7611940298507462, "macro avg": {"precision": 0.7218992248062015, "recall": 0.7436170212765958, "f1-score": 0.7292929292929293, "support": 67.0}, "weighted avg": {"precision": 0.7777392109221336, "recall": 0.7611940298507462, "f1-score": 0.7667420473390623, "support": 67.0}}