{"best_estimator": "HistGradientBoostingClassifier(learning_rate=0.01)", "best_score": 0.6458726258054149, "test_score": 0.5836903304773562}