{"best_estimator": "HistGradientBoostingClassifier(learning_rate=0.05)", "best_score": 0.656643294079174, "test_score": 0.6299085862858793}