{"best_estimator": "HistGradientBoostingClassifier(learning_rate=0.05)", "best_score": 0.673447019278233, "test_score": 0.5333333333333333}