{"0": {"precision": 0.6, "recall": 0.7777777777777778, "f1-score": 0.6774193548387096, "support": 27.0}, "1": {"precision": 0.4, "recall": 0.2222222222222222, "f1-score": 0.2857142857142857, "support": 18.0}, "accuracy": 0.5555555555555556, "macro avg": {"precision": 0.5, "recall": 0.5, "f1-score": 0.48156682027649766, "support": 45.0}, "weighted avg": {"precision": 0.52, "recall": 0.5555555555555556, "f1-score": 0.5207373271889401, "support": 45.0}}