{"best_estimator": "RandomForestClassifier(criterion='entropy', n_estimators=200)", "best_score": 0.6614913021702884, "test_score": 0.5333333333333333}