{"best_estimator": "BernoulliNB()", "best_score": 0.590921336192558, "test_score": 0.8249721293199553}