{"best_estimator": "BernoulliNB()", "best_score": 0.5157043365307852, "test_score": 0.5627659574468086}