{"0": {"precision": 0.5882352941176471, "recall": 0.43478260869565216, "f1-score": 0.5, "support": 23.0}, "1": {"precision": 0.5666666666666667, "recall": 0.7083333333333334, "f1-score": 0.6296296296296297, "support": 24.0}, "accuracy": 0.574468085106383, "macro avg": {"precision": 0.5774509803921568, "recall": 0.5715579710144928, "f1-score": 0.5648148148148149, "support": 47.0}, "weighted avg": {"precision": 0.5772215269086358, "recall": 0.574468085106383, "f1-score": 0.566193853427896, "support": 47.0}}