{"best_estimator": "HistGradientBoostingClassifier(learning_rate=0.01)", "best_score": 0.6443531278110926, "test_score": 0.7849488827326293}