{"best_estimator": "KNeighborsClassifier(n_neighbors=20, p=3, weights='distance')", "best_score": 0.6682047716939291, "test_score": 0.6156670746634026}