{"0": {"precision": 0.9090909090909091, "recall": 0.6382978723404256, "f1-score": 0.75, "support": 47.0}, "1": {"precision": 0.5142857142857142, "recall": 0.8571428571428571, "f1-score": 0.6428571428571429, "support": 21.0}, "accuracy": 0.7058823529411765, "macro avg": {"precision": 0.7116883116883117, "recall": 0.7477203647416413, "f1-score": 0.6964285714285714, "support": 68.0}, "weighted avg": {"precision": 0.7871657754010695, "recall": 0.7058823529411765, "f1-score": 0.7169117647058824, "support": 68.0}}