{"best_estimator": "RandomForestClassifier(criterion='entropy', n_estimators=150)", "best_score": 0.5518882005055585, "test_score": 0.8038277511961722}