{"best_estimator": "RandomForestClassifier(criterion='log_loss', n_estimators=400)", "best_score": 0.5091843281878485, "test_score": 0.4953560371517028}