{"0": {"precision": 0.9, "recall": 0.6923076923076923, "f1-score": 0.782608695652174, "support": 26.0}, "1": {"precision": 0.5789473684210527, "recall": 0.8461538461538461, "f1-score": 0.6875, "support": 13.0}, "accuracy": 0.7435897435897436, "macro avg": {"precision": 0.7394736842105263, "recall": 0.7692307692307692, "f1-score": 0.7350543478260869, "support": 39.0}, "weighted avg": {"precision": 0.7929824561403509, "recall": 0.7435897435897436, "f1-score": 0.7509057971014493, "support": 39.0}}