{"0": {"precision": 0.8421052631578947, "recall": 0.6153846153846154, "f1-score": 0.7111111111111111, "support": 26.0}, "1": {"precision": 0.47368421052631576, "recall": 0.75, "f1-score": 0.5806451612903226, "support": 12.0}, "accuracy": 0.6578947368421053, "macro avg": {"precision": 0.6578947368421052, "recall": 0.6826923076923077, "f1-score": 0.6458781362007169, "support": 38.0}, "weighted avg": {"precision": 0.7257617728531854, "recall": 0.6578947368421053, "f1-score": 0.6699113374834937, "support": 38.0}}