{"0": {"precision": 0.9523809523809523, "recall": 0.7692307692307693, "f1-score": 0.851063829787234, "support": 26.0}, "1": {"precision": 0.6666666666666666, "recall": 0.9230769230769231, "f1-score": 0.7741935483870968, "support": 13.0}, "accuracy": 0.8205128205128205, "macro avg": {"precision": 0.8095238095238095, "recall": 0.8461538461538463, "f1-score": 0.8126286890871655, "support": 39.0}, "weighted avg": {"precision": 0.857142857142857, "recall": 0.8205128205128205, "f1-score": 0.825440402653855, "support": 39.0}}