{"best_estimator": "BernoulliNB()", "best_score": 0.5841733377259198, "test_score": 0.6416040100250626}