{"best_estimator": "BernoulliNB()", "best_score": 0.6147041187925206, "test_score": 0.6760626066315556}