{"best_estimator": "HistGradientBoostingClassifier()", "best_score": 0.7373405157807773, "test_score": 0.7667924528301887}