{"0": {"precision": 0.8260869565217391, "recall": 0.7307692307692307, "f1-score": 0.7755102040816326, "support": 26.0}, "1": {"precision": 0.5333333333333333, "recall": 0.6666666666666666, "f1-score": 0.5925925925925926, "support": 12.0}, "accuracy": 0.7105263157894737, "macro avg": {"precision": 0.6797101449275362, "recall": 0.6987179487179487, "f1-score": 0.6840513983371126, "support": 38.0}, "weighted avg": {"precision": 0.7336384439359268, "recall": 0.7105263157894737, "f1-score": 0.7177467478219357, "support": 38.0}}