{"best_estimator": "HistGradientBoostingClassifier()", "best_score": 0.730360707423522, "test_score": 0.7980952380952382}