{"0": {"precision": 0.8709677419354839, "recall": 1.0, "f1-score": 0.9310344827586207, "support": 27.0}, "1": {"precision": 1.0, "recall": 0.6666666666666666, "f1-score": 0.8, "support": 12.0}, "accuracy": 0.8974358974358975, "macro avg": {"precision": 0.935483870967742, "recall": 0.8333333333333333, "f1-score": 0.8655172413793104, "support": 39.0}, "weighted avg": {"precision": 0.9106699751861042, "recall": 0.8974358974358975, "f1-score": 0.8907161803713527, "support": 39.0}}