{"0": {"precision": 0.8095238095238095, "recall": 0.6296296296296297, "f1-score": 0.7083333333333334, "support": 27.0}, "1": {"precision": 0.4444444444444444, "recall": 0.6666666666666666, "f1-score": 0.5333333333333333, "support": 12.0}, "accuracy": 0.6410256410256411, "macro avg": {"precision": 0.626984126984127, "recall": 0.6481481481481481, "f1-score": 0.6208333333333333, "support": 39.0}, "weighted avg": {"precision": 0.6971916971916972, "recall": 0.6410256410256411, "f1-score": 0.6544871794871795, "support": 39.0}}