{"best_estimator": "KNeighborsClassifier(p=3)", "best_score": 0.7424582655467498, "test_score": 0.8013186813186812}