{"0": {"precision": 0.7241379310344828, "recall": 0.8076923076923077, "f1-score": 0.7636363636363637, "support": 26.0}, "1": {"precision": 0.5, "recall": 0.38461538461538464, "f1-score": 0.43478260869565216, "support": 13.0}, "accuracy": 0.6666666666666666, "macro avg": {"precision": 0.6120689655172413, "recall": 0.5961538461538461, "f1-score": 0.5992094861660079, "support": 39.0}, "weighted avg": {"precision": 0.6494252873563219, "recall": 0.6666666666666666, "f1-score": 0.6540184453227932, "support": 39.0}}