{"0": {"precision": 0.8333333333333334, "recall": 0.7692307692307693, "f1-score": 0.8, "support": 26.0}, "1": {"precision": 0.6, "recall": 0.6923076923076923, "f1-score": 0.6428571428571429, "support": 13.0}, "accuracy": 0.7435897435897436, "macro avg": {"precision": 0.7166666666666667, "recall": 0.7307692307692308, "f1-score": 0.7214285714285715, "support": 39.0}, "weighted avg": {"precision": 0.7555555555555556, "recall": 0.7435897435897436, "f1-score": 0.7476190476190476, "support": 39.0}}