{"best_estimator": "RandomForestClassifier(criterion='log_loss', n_estimators=150)", "best_score": 0.7432661013493256, "test_score": 0.7602435128016926}