{"best_estimator": "RandomForestClassifier(criterion='entropy', n_estimators=200)", "best_score": 0.7555152263132323, "test_score": 0.726790450928382}