{"0": {"precision": 0.7272727272727273, "recall": 0.9230769230769231, "f1-score": 0.8135593220338984, "support": 26.0}, "1": {"precision": 0.6666666666666666, "recall": 0.3076923076923077, "f1-score": 0.42105263157894735, "support": 13.0}, "accuracy": 0.717948717948718, "macro avg": {"precision": 0.696969696969697, "recall": 0.6153846153846154, "f1-score": 0.6173059768064229, "support": 39.0}, "weighted avg": {"precision": 0.7070707070707071, "recall": 0.717948717948718, "f1-score": 0.6827237585489146, "support": 39.0}}