{"best_estimator": "RandomForestClassifier(criterion='entropy', n_estimators=400)", "best_score": 0.7088970005231932, "test_score": 0.8603581966650656}