{"best_estimator": "RandomForestClassifier(criterion='entropy', n_estimators=200)", "best_score": 0.7507749200405749, "test_score": 0.8668019515564959}