{"0": {"precision": 0.59375, "recall": 0.8260869565217391, "f1-score": 0.6909090909090909, "support": 23.0}, "1": {"precision": 0.7333333333333333, "recall": 0.4583333333333333, "f1-score": 0.5641025641025641, "support": 24.0}, "accuracy": 0.6382978723404256, "macro avg": {"precision": 0.6635416666666667, "recall": 0.6422101449275363, "f1-score": 0.6275058275058275, "support": 47.0}, "weighted avg": {"precision": 0.6650265957446808, "recall": 0.6382978723404256, "f1-score": 0.6261568219015028, "support": 47.0}}