{"best_estimator": "BernoulliNB()", "best_score": 0.512131237354506, "test_score": 0.48479999999999995}