{"best_estimator": "BernoulliNB()", "best_score": 0.5324717647820032, "test_score": 0.5333333333333334}