{"best_estimator": "BernoulliNB()", "best_score": 0.5131648197731291, "test_score": 0.4736695688011952}