{"best_estimator": "HistGradientBoostingClassifier()", "best_score": 0.5488673615430766, "test_score": 0.5735978112175103}