{"best_estimator": "HistGradientBoostingClassifier(learning_rate=0.01)", "best_score": 0.49498717152719224, "test_score": 0.5699660807893925}