{"best_estimator": "HistGradientBoostingClassifier(learning_rate=0.01)", "best_score": 0.5453776777915832, "test_score": 0.4494548533926114}