{"best_estimator": "HistGradientBoostingClassifier(learning_rate=0.05)", "best_score": 0.5491365972071034, "test_score": 0.48148148148148145}