{"best_estimator": "HistGradientBoostingClassifier(learning_rate=0.5)", "best_score": 0.5510429266929995, "test_score": 0.37620370722795266}