{"best_estimator": "KNeighborsClassifier(n_neighbors=15, p=3)", "best_score": 0.5461822075645605, "test_score": 0.5897075328447877}