{"best_estimator": "KNeighborsClassifier(n_neighbors=15)", "best_score": 0.5810983967123902, "test_score": 0.6986749445221206}