{"best_estimator": "KNeighborsClassifier(n_neighbors=7, p=3)", "best_score": 0.5666746355179495, "test_score": 0.39814814814814814}