{"best_estimator": "KNeighborsClassifier(n_neighbors=7, p=3)", "best_score": 0.568025143815899, "test_score": 0.708994708994709}