{"best_estimator": "RandomForestClassifier(criterion='entropy', n_estimators=150)", "best_score": 0.5248579316131837, "test_score": 0.6584216545939764}