{"best_estimator": "RandomForestClassifier(criterion='log_loss')", "best_score": 0.5562453744831088, "test_score": 0.4414715719063545}