{"0": {"precision": 0.75, "recall": 0.6956521739130435, "f1-score": 0.7218045112781954, "support": 69.0}, "1": {"precision": 0.3225806451612903, "recall": 0.38461538461538464, "f1-score": 0.3508771929824561, "support": 26.0}, "accuracy": 0.6105263157894737, "macro avg": {"precision": 0.5362903225806451, "recall": 0.540133779264214, "f1-score": 0.5363408521303258, "support": 95.0}, "weighted avg": {"precision": 0.6330220713073006, "recall": 0.6105263157894737, "f1-score": 0.6202875610077825, "support": 95.0}}