{"0": {"precision": 0.84375, "recall": 0.6585365853658537, "f1-score": 0.7397260273972602, "support": 41.0}, "1": {"precision": 0.44, "recall": 0.6875, "f1-score": 0.5365853658536586, "support": 16.0}, "accuracy": 0.6666666666666666, "macro avg": {"precision": 0.641875, "recall": 0.6730182926829269, "f1-score": 0.6381556966254593, "support": 57.0}, "weighted avg": {"precision": 0.7304166666666666, "recall": 0.6666666666666666, "f1-score": 0.6827040873148458, "support": 57.0}}