{"best_estimator": "HistGradientBoostingClassifier(learning_rate=0.05)", "best_score": 0.6460346662494458, "test_score": 0.6289710763394974}