{"0": {"precision": 0.6428571428571429, "recall": 0.84375, "f1-score": 0.7297297297297297, "support": 32.0}, "1": {"precision": 0.6666666666666666, "recall": 0.4, "f1-score": 0.5, "support": 25.0}, "accuracy": 0.6491228070175439, "macro avg": {"precision": 0.6547619047619048, "recall": 0.621875, "f1-score": 0.6148648648648649, "support": 57.0}, "weighted avg": {"precision": 0.6532999164578113, "recall": 0.6491228070175439, "f1-score": 0.6289710763394974, "support": 57.0}}