{"best_estimator": "HistGradientBoostingClassifier(learning_rate=0.05)", "best_score": 0.5691241400196926, "test_score": 0.4974200206398349}