{"0": {"precision": 0.7352941176470589, "recall": 0.6097560975609756, "f1-score": 0.6666666666666666, "support": 41.0}, "1": {"precision": 0.30434782608695654, "recall": 0.4375, "f1-score": 0.358974358974359, "support": 16.0}, "accuracy": 0.5614035087719298, "macro avg": {"precision": 0.5198209718670077, "recall": 0.5236280487804879, "f1-score": 0.5128205128205128, "support": 57.0}, "weighted avg": {"precision": 0.6143267375600125, "recall": 0.5614035087719298, "f1-score": 0.5802968960863697, "support": 57.0}}