{"0": {"precision": 0.6470588235294118, "recall": 0.6470588235294118, "f1-score": 0.6470588235294118, "support": 34.0}, "1": {"precision": 0.4782608695652174, "recall": 0.4782608695652174, "f1-score": 0.4782608695652174, "support": 23.0}, "accuracy": 0.5789473684210527, "macro avg": {"precision": 0.5626598465473146, "recall": 0.5626598465473146, "f1-score": 0.5626598465473146, "support": 57.0}, "weighted avg": {"precision": 0.5789473684210527, "recall": 0.5789473684210527, "f1-score": 0.5789473684210527, "support": 57.0}}