{"best_estimator": "HistGradientBoostingClassifier(learning_rate=0.5)", "best_score": 0.5966351335315428, "test_score": 0.6965025841010735}