{"0": {"precision": 0.7428571428571429, "recall": 0.37681159420289856, "f1-score": 0.5, "support": 69.0}, "1": {"precision": 0.2833333333333333, "recall": 0.6538461538461539, "f1-score": 0.3953488372093023, "support": 26.0}, "accuracy": 0.45263157894736844, "macro avg": {"precision": 0.513095238095238, "recall": 0.5153288740245262, "f1-score": 0.4476744186046512, "support": 95.0}, "weighted avg": {"precision": 0.6170927318295739, "recall": 0.45263157894736844, "f1-score": 0.47135862913096693, "support": 95.0}}