{"best_estimator": "KNeighborsClassifier(p=3, weights='distance')", "best_score": 0.5031292901866667, "test_score": 0.4612903225806452}