{"best_estimator": "KNeighborsClassifier(p=3, weights='distance')", "best_score": 0.5432890950858822, "test_score": 0.47135862913096693}