{"best_estimator": "RandomForestClassifier(criterion='log_loss', n_estimators=200)", "best_score": 0.5231637138769551, "test_score": 0.4939467312348668}