{"best_estimator": "BernoulliNB()", "best_score": 0.5587372314984316, "test_score": 0.5178287380699894}