{"best_estimator": "BernoulliNB()", "best_score": 0.44952380952380955, "test_score": 0.2347222222222222}