{"0": {"precision": 0.0, "recall": 0.0, "f1-score": 0.0, "support": 18.0}, "1": {"precision": 0.4375, "recall": 1.0, "f1-score": 0.6086956521739131, "support": 14.0}, "accuracy": 0.4375, "macro avg": {"precision": 0.21875, "recall": 0.5, "f1-score": 0.30434782608695654, "support": 32.0}, "weighted avg": {"precision": 0.19140625, "recall": 0.4375, "f1-score": 0.266304347826087, "support": 32.0}}