{"best_estimator": "BernoulliNB()", "best_score": 0.5088098974680897, "test_score": 0.266304347826087}