{"best_estimator": "BernoulliNB()", "best_score": 0.4161161226832869, "test_score": 0.2527401676337846}