{"best_estimator": "HistGradientBoostingClassifier(learning_rate=0.5)", "best_score": 0.6453393865787207, "test_score": 0.5428645428645429}