{"best_estimator": "HistGradientBoostingClassifier(learning_rate=0.5)", "best_score": 0.5981778355924933, "test_score": 0.6928904428904429}