{"best_estimator": "HistGradientBoostingClassifier(learning_rate=0.5)", "best_score": 0.5975222244776022, "test_score": 0.7575757575757576}