{"best_estimator": "KNeighborsClassifier(p=3, weights='distance')", "best_score": 0.5084906924930481, "test_score": 0.5659313725490196}