{"best_estimator": "KNeighborsClassifier(p=1, weights='distance')", "best_score": 0.4862670790616699, "test_score": 0.6060606060606061}