{"best_estimator": "KNeighborsClassifier(weights='distance')", "best_score": 0.5258297951910683, "test_score": 0.6343582887700535}