{"0": {"precision": 0.7692307692307693, "recall": 0.5263157894736842, "f1-score": 0.625, "support": 19.0}, "1": {"precision": 0.55, "recall": 0.7857142857142857, "f1-score": 0.6470588235294118, "support": 14.0}, "accuracy": 0.6363636363636364, "macro avg": {"precision": 0.6596153846153847, "recall": 0.6560150375939849, "f1-score": 0.6360294117647058, "support": 33.0}, "weighted avg": {"precision": 0.6762237762237763, "recall": 0.6363636363636364, "f1-score": 0.6343582887700535, "support": 33.0}}