{"best_estimator": "RandomForestClassifier(criterion='entropy')", "best_score": 0.6013111030337025, "test_score": 0.7282894179445903}