{"0": {"precision": 0.9333333333333333, "recall": 0.7368421052631579, "f1-score": 0.8235294117647058, "support": 19.0}, "1": {"precision": 0.7058823529411765, "recall": 0.9230769230769231, "f1-score": 0.8, "support": 13.0}, "accuracy": 0.8125, "macro avg": {"precision": 0.8196078431372549, "recall": 0.8299595141700404, "f1-score": 0.8117647058823529, "support": 32.0}, "weighted avg": {"precision": 0.8409313725490197, "recall": 0.8125, "f1-score": 0.8139705882352941, "support": 32.0}}