{"best_estimator": "RandomForestClassifier(n_estimators=200)", "best_score": 0.583930967733195, "test_score": 0.6666666666666666}