{"best_estimator": "AdaBoostClassifier(algorithm='SAMME', learning_rate=0.05)", "best_score": 0.8010917876346373, "test_score": 0.7096774193548387}