{"best_estimator": "AdaBoostClassifier(algorithm='SAMME', learning_rate=0.01)", "best_score": 0.7868456451186219, "test_score": 0.807258064516129}