{"best_estimator": "BernoulliNB()", "best_score": 0.6022656192911947, "test_score": 0.5483870967741935}