{"best_estimator": "BernoulliNB()", "best_score": 0.5815805606922041, "test_score": 0.601018675721562}