{"best_estimator": "BernoulliNB()", "best_score": 0.5778073599730977, "test_score": 0.657624633431085}