{"best_estimator": "BernoulliNB()", "best_score": 0.5479003832306608, "test_score": 0.6356672780235193}