{"best_estimator": "BernoulliNB()", "best_score": 0.5785100674607049, "test_score": 0.6967310389470278}