{"best_estimator": "BernoulliNB()", "best_score": 0.5884709476665688, "test_score": 0.6163126147390506}