{"0": {"precision": 0.9444444444444444, "recall": 1.0, "f1-score": 0.9714285714285714, "support": 17.0}, "1": {"precision": 1.0, "recall": 0.9285714285714286, "f1-score": 0.9629629629629629, "support": 14.0}, "accuracy": 0.967741935483871, "macro avg": {"precision": 0.9722222222222222, "recall": 0.9642857142857143, "f1-score": 0.9671957671957672, "support": 31.0}, "weighted avg": {"precision": 0.9695340501792115, "recall": 0.967741935483871, "f1-score": 0.9676053934118449, "support": 31.0}}