{"best_estimator": "HistGradientBoostingClassifier(learning_rate=0.001)", "best_score": 0.7669428914008791, "test_score": 0.7096774193548387}