{"best_estimator": "KNeighborsClassifier(n_neighbors=15, p=1, weights='distance')", "best_score": 0.7131695929791295, "test_score": 0.774665453197155}