{"best_estimator": "KNeighborsClassifier(n_neighbors=15, p=3, weights='distance')", "best_score": 0.7407176377586815, "test_score": 0.5129904097646034}