{"best_estimator": "RandomForestClassifier(criterion='entropy', max_depth=2)", "best_score": 0.7994588538877789, "test_score": 0.7077942458587619}