{"best_estimator": "AdaBoostClassifier(algorithm='SAMME', learning_rate=0.05, n_estimators=100)", "best_score": 0.7736549146200571, "test_score": 0.6754032258064516}