{"best_estimator": "BernoulliNB()", "best_score": 0.5355692846252327, "test_score": 0.7080482241772565}