{"best_estimator": "BernoulliNB()", "best_score": 0.582560452414967, "test_score": 0.5620723362658847}