{"best_estimator": "BernoulliNB()", "best_score": 0.5783422919918713, "test_score": 0.4433179723502304}