{"best_estimator": "HistGradientBoostingClassifier(learning_rate=0.01)", "best_score": 0.7147157747095901, "test_score": 0.710284154110628}