{"0": {"precision": 0.7058823529411765, "recall": 0.7058823529411765, "f1-score": 0.7058823529411765, "support": 17.0}, "1": {"precision": 0.6153846153846154, "recall": 0.6153846153846154, "f1-score": 0.6153846153846154, "support": 13.0}, "accuracy": 0.6666666666666666, "macro avg": {"precision": 0.660633484162896, "recall": 0.660633484162896, "f1-score": 0.660633484162896, "support": 30.0}, "weighted avg": {"precision": 0.6666666666666666, "recall": 0.6666666666666666, "f1-score": 0.6666666666666666, "support": 30.0}}