{"0": {"precision": 0.8571428571428571, "recall": 1.0, "f1-score": 0.9230769230769231, "support": 18.0}, "1": {"precision": 1.0, "recall": 0.7692307692307693, "f1-score": 0.8695652173913043, "support": 13.0}, "accuracy": 0.9032258064516129, "macro avg": {"precision": 0.9285714285714286, "recall": 0.8846153846153846, "f1-score": 0.8963210702341138, "support": 31.0}, "weighted avg": {"precision": 0.9170506912442395, "recall": 0.9032258064516129, "f1-score": 0.9006365303700508, "support": 31.0}}