{"0": {"precision": 0.7142857142857143, "recall": 0.8333333333333334, "f1-score": 0.7692307692307693, "support": 18.0}, "1": {"precision": 0.7, "recall": 0.5384615384615384, "f1-score": 0.6086956521739131, "support": 13.0}, "accuracy": 0.7096774193548387, "macro avg": {"precision": 0.7071428571428571, "recall": 0.6858974358974359, "f1-score": 0.6889632107023411, "support": 31.0}, "weighted avg": {"precision": 0.7082949308755759, "recall": 0.7096774193548387, "f1-score": 0.7019095911101522, "support": 31.0}}