{"best_estimator": "BernoulliNB()", "best_score": 0.6005411359651887, "test_score": 0.6909090909090909}