{"best_estimator": "HistGradientBoostingClassifier(learning_rate=0.05)", "best_score": 0.6345435588316637, "test_score": 0.8088912984548658}