{"best_estimator": "HistGradientBoostingClassifier(learning_rate=0.05)", "best_score": 0.654097339732393, "test_score": 0.7109062980030721}