{"best_estimator": "HistGradientBoostingClassifier(learning_rate=0.05)", "best_score": 0.6520687552258442, "test_score": 0.807258064516129}