{"best_estimator": "KNeighborsClassifier(n_neighbors=7, p=3)", "best_score": 0.7140395814343974, "test_score": 0.6007047980482515}