{"0": {"precision": 0.8888888888888888, "recall": 0.42105263157894735, "f1-score": 0.5714285714285714, "support": 19.0}, "1": {"precision": 0.5, "recall": 0.9166666666666666, "f1-score": 0.6470588235294118, "support": 12.0}, "accuracy": 0.6129032258064516, "macro avg": {"precision": 0.6944444444444444, "recall": 0.6688596491228069, "f1-score": 0.6092436974789917, "support": 31.0}, "weighted avg": {"precision": 0.7383512544802867, "recall": 0.6129032258064516, "f1-score": 0.6007047980482515, "support": 31.0}}