{"best_estimator": "RandomForestClassifier()", "best_score": 0.6574175612340738, "test_score": 0.5192676547515258}