{"best_estimator": "RandomForestClassifier(criterion='log_loss', n_estimators=150)", "best_score": 0.6923094991622605, "test_score": 0.6808657292528261}