{"0": {"precision": 0.5454545454545454, "recall": 0.46153846153846156, "f1-score": 0.5, "support": 13.0}, "1": {"precision": 0.2222222222222222, "recall": 0.2857142857142857, "f1-score": 0.25, "support": 7.0}, "accuracy": 0.4, "macro avg": {"precision": 0.3838383838383838, "recall": 0.37362637362637363, "f1-score": 0.375, "support": 20.0}, "weighted avg": {"precision": 0.4323232323232323, "recall": 0.4, "f1-score": 0.4125, "support": 20.0}}