{"best_estimator": "BernoulliNB()", "best_score": 0.4529242019988741, "test_score": 0.4247460757156048}