{"0": {"precision": 0.6923076923076923, "recall": 0.43902439024390244, "f1-score": 0.5373134328358209, "support": 41.0}, "1": {"precision": 0.25806451612903225, "recall": 0.5, "f1-score": 0.3404255319148936, "support": 16.0}, "accuracy": 0.45614035087719296, "macro avg": {"precision": 0.47518610421836227, "recall": 0.4695121951219512, "f1-score": 0.4388694823753573, "support": 57.0}, "weighted avg": {"precision": 0.5704148709242087, "recall": 0.45614035087719296, "f1-score": 0.4820466536299466, "support": 57.0}}