{"best_estimator": "BernoulliNB()", "best_score": 0.43240706487084746, "test_score": 0.4727272727272727}