{"best_estimator": "HistGradientBoostingClassifier(learning_rate=0.5)", "best_score": 0.587517118152599, "test_score": 0.524812030075188}