{"0": {"precision": 0.3076923076923077, "recall": 0.5, "f1-score": 0.38095238095238093, "support": 8.0}, "1": {"precision": 0.5555555555555556, "recall": 0.35714285714285715, "f1-score": 0.43478260869565216, "support": 14.0}, "accuracy": 0.4090909090909091, "macro avg": {"precision": 0.43162393162393164, "recall": 0.4285714285714286, "f1-score": 0.4078674948240165, "support": 22.0}, "weighted avg": {"precision": 0.46542346542346547, "recall": 0.4090909090909091, "f1-score": 0.41520798042537166, "support": 22.0}}