{"best_estimator": "KNeighborsClassifier(p=3, weights='distance')", "best_score": 0.5733801644963219, "test_score": 0.5822956884112472}