{"best_estimator": "KNeighborsClassifier(n_neighbors=15, p=3, weights='distance')", "best_score": 0.5686044162666193, "test_score": 0.5198691129307959}