{"best_estimator": "RandomForestClassifier(criterion='entropy', n_estimators=300)", "best_score": 0.5827569883777394, "test_score": 0.5219814241486067}