{"best_estimator": "RandomForestClassifier(criterion='log_loss', n_estimators=300)", "best_score": 0.6129682327296389, "test_score": 0.5955678670360111}