{"0": {"precision": 0.7962962962962963, "recall": 0.6231884057971014, "f1-score": 0.6991869918699187, "support": 69.0}, "1": {"precision": 0.36585365853658536, "recall": 0.5769230769230769, "f1-score": 0.44776119402985076, "support": 26.0}, "accuracy": 0.6105263157894737, "macro avg": {"precision": 0.5810749774164408, "recall": 0.6000557413600891, "f1-score": 0.5734740929498847, "support": 95.0}, "weighted avg": {"precision": 0.6784909428041649, "recall": 0.6105263157894737, "f1-score": 0.6303757208821107, "support": 95.0}}