{"best_estimator": "RandomForestClassifier(criterion='log_loss')", "best_score": 0.5262038159168428, "test_score": 0.7731092436974789}