{"0": {"precision": 0.6818181818181818, "recall": 0.75, "f1-score": 0.7142857142857143, "support": 20.0}, "1": {"precision": 0.5454545454545454, "recall": 0.46153846153846156, "f1-score": 0.5, "support": 13.0}, "accuracy": 0.6363636363636364, "macro avg": {"precision": 0.6136363636363635, "recall": 0.6057692307692308, "f1-score": 0.6071428571428572, "support": 33.0}, "weighted avg": {"precision": 0.628099173553719, "recall": 0.6363636363636364, "f1-score": 0.6298701298701298, "support": 33.0}}