{"best_estimator": "BernoulliNB()", "best_score": 0.5252289904393936, "test_score": 0.5742753623188406}