{"best_estimator": "BernoulliNB()", "best_score": 0.5253779330067484, "test_score": 0.41212121212121217}