{"0": {"precision": 0.6551724137931034, "recall": 1.0, "f1-score": 0.7916666666666666, "support": 19.0}, "1": {"precision": 1.0, "recall": 0.23076923076923078, "f1-score": 0.375, "support": 13.0}, "accuracy": 0.6875, "macro avg": {"precision": 0.8275862068965517, "recall": 0.6153846153846154, "f1-score": 0.5833333333333333, "support": 32.0}, "weighted avg": {"precision": 0.7952586206896551, "recall": 0.6875, "f1-score": 0.6223958333333333, "support": 32.0}}