{"best_estimator": "BernoulliNB()", "best_score": 0.5181642427865013, "test_score": 0.5687925170068027}