{"best_estimator": "HistGradientBoostingClassifier(learning_rate=0.01)", "best_score": 0.6370610720999508, "test_score": 0.6187499999999999}