{"best_estimator": "HistGradientBoostingClassifier(learning_rate=0.01)", "best_score": 0.6490996928531926, "test_score": 0.63531284606866}