{"best_estimator": "HistGradientBoostingClassifier(learning_rate=0.5)", "best_score": 0.6434656243914343, "test_score": 0.6685660018993352}