{"best_estimator": "HistGradientBoostingClassifier(learning_rate=0.01)", "best_score": 0.6397631684176694, "test_score": 0.8426282051282052}