{"best_estimator": "KNeighborsClassifier(p=3, weights='distance')", "best_score": 0.6786348016332073, "test_score": 0.6640650406504065}