{"best_estimator": "KNeighborsClassifier(p=3, weights='distance')", "best_score": 0.6965441268829287, "test_score": 0.5178253119429589}