{"0": {"precision": 0.6428571428571429, "recall": 0.45, "f1-score": 0.5294117647058824, "support": 20.0}, "1": {"precision": 0.42105263157894735, "recall": 0.6153846153846154, "f1-score": 0.5, "support": 13.0}, "accuracy": 0.5151515151515151, "macro avg": {"precision": 0.5319548872180451, "recall": 0.5326923076923077, "f1-score": 0.5147058823529411, "support": 33.0}, "weighted avg": {"precision": 0.555479608111187, "recall": 0.5151515151515151, "f1-score": 0.5178253119429589, "support": 33.0}}