{"best_estimator": "KNeighborsClassifier(p=3)", "best_score": 0.6601392264042036, "test_score": 0.6104662656386795}