{"best_estimator": "RandomForestClassifier(criterion='log_loss')", "best_score": 0.6007017397573617, "test_score": 0.5564738292011019}