{"best_estimator": "RandomForestClassifier(n_estimators=150)", "best_score": 0.6036223031797033, "test_score": 0.6029859571322986}