{"best_estimator": "RandomForestClassifier(n_estimators=200)", "best_score": 0.5859443924081529, "test_score": 0.63531284606866}