{"0": {"precision": 0.8, "recall": 0.4444444444444444, "f1-score": 0.5714285714285714, "support": 9.0}, "1": {"precision": 0.6428571428571429, "recall": 0.9, "f1-score": 0.75, "support": 10.0}, "accuracy": 0.6842105263157895, "macro avg": {"precision": 0.7214285714285715, "recall": 0.6722222222222223, "f1-score": 0.6607142857142857, "support": 19.0}, "weighted avg": {"precision": 0.7172932330827069, "recall": 0.6842105263157895, "f1-score": 0.6654135338345865, "support": 19.0}}