{"0": {"precision": 0.5909090909090909, "recall": 0.3939393939393939, "f1-score": 0.4727272727272727, "support": 33.0}, "1": {"precision": 0.42857142857142855, "recall": 0.625, "f1-score": 0.5084745762711864, "support": 24.0}, "accuracy": 0.49122807017543857, "macro avg": {"precision": 0.5097402597402597, "recall": 0.509469696969697, "f1-score": 0.49060092449922954, "support": 57.0}, "weighted avg": {"precision": 0.5225563909774436, "recall": 0.49122807017543857, "f1-score": 0.48777876895628897, "support": 57.0}}