{"0": {"precision": 0.7368421052631579, "recall": 0.3783783783783784, "f1-score": 0.5, "support": 74.0}, "1": {"precision": 0.19298245614035087, "recall": 0.5238095238095238, "f1-score": 0.28205128205128205, "support": 21.0}, "accuracy": 0.4105263157894737, "macro avg": {"precision": 0.4649122807017544, "recall": 0.4510939510939511, "f1-score": 0.391025641025641, "support": 95.0}, "weighted avg": {"precision": 0.6166204986149584, "recall": 0.4105263157894737, "f1-score": 0.4518218623481781, "support": 95.0}}