{"0": {"precision": 0.627906976744186, "recall": 0.75, "f1-score": 0.6835443037974683, "support": 36.0}, "1": {"precision": 0.35714285714285715, "recall": 0.23809523809523808, "f1-score": 0.2857142857142857, "support": 21.0}, "accuracy": 0.5614035087719298, "macro avg": {"precision": 0.49252491694352163, "recall": 0.49404761904761907, "f1-score": 0.484629294755877, "support": 57.0}, "weighted avg": {"precision": 0.5281517747858018, "recall": 0.5614035087719298, "f1-score": 0.5369753497668222, "support": 57.0}}