{"0": {"precision": 1.0, "recall": 0.0625, "f1-score": 0.11764705882352941, "support": 16.0}, "1": {"precision": 0.2857142857142857, "recall": 1.0, "f1-score": 0.4444444444444444, "support": 6.0}, "accuracy": 0.3181818181818182, "macro avg": {"precision": 0.6428571428571428, "recall": 0.53125, "f1-score": 0.28104575163398693, "support": 22.0}, "weighted avg": {"precision": 0.8051948051948052, "recall": 0.3181818181818182, "f1-score": 0.2067736185383244, "support": 22.0}}