{"best_estimator": "BernoulliNB()", "best_score": 0.3982236421887426, "test_score": 0.23451032644903397}