{"0": {"precision": 0.0, "recall": 0.0, "f1-score": 0.0, "support": 33.0}, "1": {"precision": 0.4, "recall": 0.9166666666666666, "f1-score": 0.5569620253164557, "support": 24.0}, "accuracy": 0.38596491228070173, "macro avg": {"precision": 0.2, "recall": 0.4583333333333333, "f1-score": 0.27848101265822783, "support": 57.0}, "weighted avg": {"precision": 0.16842105263157897, "recall": 0.38596491228070173, "f1-score": 0.23451032644903397, "support": 57.0}}