{"0": {"precision": 1.0, "recall": 0.09523809523809523, "f1-score": 0.17391304347826086, "support": 42.0}, "1": {"precision": 0.2830188679245283, "recall": 1.0, "f1-score": 0.4411764705882353, "support": 15.0}, "accuracy": 0.3333333333333333, "macro avg": {"precision": 0.6415094339622641, "recall": 0.5476190476190477, "f1-score": 0.3075447570332481, "support": 57.0}, "weighted avg": {"precision": 0.8113207547169811, "recall": 0.3333333333333333, "f1-score": 0.2442455242966752, "support": 57.0}}