{"best_estimator": "HistGradientBoostingClassifier(learning_rate=0.5)", "best_score": 0.5930762586967939, "test_score": 0.4563681007793317}