{"best_estimator": "HistGradientBoostingClassifier()", "best_score": 0.5970344003445854, "test_score": 0.6177923927761266}