{"0": {"precision": 0.9166666666666666, "recall": 0.7333333333333333, "f1-score": 0.8148148148148148, "support": 15.0}, "1": {"precision": 0.5, "recall": 0.8, "f1-score": 0.6153846153846154, "support": 5.0}, "accuracy": 0.75, "macro avg": {"precision": 0.7083333333333333, "recall": 0.7666666666666666, "f1-score": 0.7150997150997151, "support": 20.0}, "weighted avg": {"precision": 0.8125, "recall": 0.75, "f1-score": 0.7649572649572649, "support": 20.0}}