{"0": {"precision": 0.6842105263157895, "recall": 0.7222222222222222, "f1-score": 0.7027027027027027, "support": 36.0}, "1": {"precision": 0.375, "recall": 0.3333333333333333, "f1-score": 0.35294117647058826, "support": 18.0}, "accuracy": 0.5925925925925926, "macro avg": {"precision": 0.5296052631578947, "recall": 0.5277777777777778, "f1-score": 0.5278219395866455, "support": 54.0}, "weighted avg": {"precision": 0.581140350877193, "recall": 0.5925925925925926, "f1-score": 0.5861155272919979, "support": 54.0}}