{"0": {"precision": 0.65, "recall": 0.7878787878787878, "f1-score": 0.7123287671232876, "support": 33.0}, "1": {"precision": 0.5882352941176471, "recall": 0.4166666666666667, "f1-score": 0.4878048780487805, "support": 24.0}, "accuracy": 0.631578947368421, "macro avg": {"precision": 0.6191176470588236, "recall": 0.6022727272727273, "f1-score": 0.600066822586034, "support": 57.0}, "weighted avg": {"precision": 0.6239938080495355, "recall": 0.631578947368421, "f1-score": 0.6177923927761266, "support": 57.0}}