{"0": {"precision": 0.5833333333333334, "recall": 0.7777777777777778, "f1-score": 0.6666666666666666, "support": 9.0}, "1": {"precision": 0.7142857142857143, "recall": 0.5, "f1-score": 0.5882352941176471, "support": 10.0}, "accuracy": 0.631578947368421, "macro avg": {"precision": 0.6488095238095238, "recall": 0.6388888888888888, "f1-score": 0.6274509803921569, "support": 19.0}, "weighted avg": {"precision": 0.6522556390977443, "recall": 0.631578947368421, "f1-score": 0.6253869969040248, "support": 19.0}}