{"0": {"precision": 0.7758620689655172, "recall": 0.6081081081081081, "f1-score": 0.6818181818181818, "support": 74.0}, "1": {"precision": 0.21621621621621623, "recall": 0.38095238095238093, "f1-score": 0.27586206896551724, "support": 21.0}, "accuracy": 0.5578947368421052, "macro avg": {"precision": 0.49603914259086673, "recall": 0.4945302445302445, "f1-score": 0.4788401253918495, "support": 95.0}, "weighted avg": {"precision": 0.6521508804630402, "recall": 0.5578947368421052, "f1-score": 0.5920805147665402, "support": 95.0}}