{"best_estimator": "HistGradientBoostingClassifier()", "best_score": 0.53581350992834, "test_score": 0.5369843527738265}