{"best_estimator": "KNeighborsClassifier(p=1, weights='distance')", "best_score": 0.4325413288841216, "test_score": 0.4967105263157895}