{"0": {"precision": 0.25, "recall": 0.1111111111111111, "f1-score": 0.15384615384615385, "support": 9.0}, "1": {"precision": 0.4666666666666667, "recall": 0.7, "f1-score": 0.56, "support": 10.0}, "accuracy": 0.42105263157894735, "macro avg": {"precision": 0.35833333333333334, "recall": 0.40555555555555556, "f1-score": 0.35692307692307695, "support": 19.0}, "weighted avg": {"precision": 0.36403508771929827, "recall": 0.42105263157894735, "f1-score": 0.36761133603238866, "support": 19.0}}