{"0": {"precision": 0.7368421052631579, "recall": 0.3888888888888889, "f1-score": 0.509090909090909, "support": 36.0}, "1": {"precision": 0.37142857142857144, "recall": 0.7222222222222222, "f1-score": 0.49056603773584906, "support": 18.0}, "accuracy": 0.5, "macro avg": {"precision": 0.5541353383458647, "recall": 0.5555555555555556, "f1-score": 0.49982847341337905, "support": 54.0}, "weighted avg": {"precision": 0.6150375939849624, "recall": 0.5, "f1-score": 0.5029159519725558, "support": 54.0}}