{"best_estimator": "KNeighborsClassifier(p=1, weights='distance')", "best_score": 0.4576724342346388, "test_score": 0.5029159519725558}