{"0": {"precision": 0.8181818181818182, "recall": 0.12162162162162163, "f1-score": 0.21176470588235294, "support": 74.0}, "1": {"precision": 0.2261904761904762, "recall": 0.9047619047619048, "f1-score": 0.3619047619047619, "support": 21.0}, "accuracy": 0.29473684210526313, "macro avg": {"precision": 0.5221861471861472, "recall": 0.5131917631917632, "f1-score": 0.2868347338935574, "support": 95.0}, "weighted avg": {"precision": 0.6873205741626794, "recall": 0.29473684210526313, "f1-score": 0.24495356037151703, "support": 95.0}}