{"best_estimator": "RandomForestClassifier(criterion='entropy', n_estimators=150)", "best_score": 0.4827320533261257, "test_score": 0.573217555673696}