{"best_estimator": "RandomForestClassifier(criterion='entropy')", "best_score": 0.5788168511334311, "test_score": 0.5303643724696356}