{"best_estimator": "RandomForestClassifier(criterion='entropy', n_estimators=300)", "best_score": 0.520538419549365, "test_score": 0.48665323301228136}