{"0": {"precision": 0.8571428571428571, "recall": 0.6666666666666666, "f1-score": 0.75, "support": 18.0}, "1": {"precision": 0.6470588235294118, "recall": 0.8461538461538461, "f1-score": 0.7333333333333333, "support": 13.0}, "accuracy": 0.7419354838709677, "macro avg": {"precision": 0.7521008403361344, "recall": 0.7564102564102564, "f1-score": 0.7416666666666667, "support": 31.0}, "weighted avg": {"precision": 0.7690431011114122, "recall": 0.7419354838709677, "f1-score": 0.743010752688172, "support": 31.0}}