{"best_estimator": "BernoulliNB()", "best_score": 0.5244527218178693, "test_score": 0.4742587161942}