{"best_estimator": "BernoulliNB()", "best_score": 0.5029476489737716, "test_score": 0.5340112201963534}