{"best_estimator": "BernoulliNB()", "best_score": 0.48504062875059484, "test_score": 0.671299403798318}