{"best_estimator": "BernoulliNB()", "best_score": 0.5093212295659685, "test_score": 0.549364613880743}