{"0": {"precision": 0.6538461538461539, "recall": 1.0, "f1-score": 0.7906976744186046, "support": 17.0}, "1": {"precision": 1.0, "recall": 0.35714285714285715, "f1-score": 0.5263157894736842, "support": 14.0}, "accuracy": 0.7096774193548387, "macro avg": {"precision": 0.8269230769230769, "recall": 0.6785714285714286, "f1-score": 0.6585067319461444, "support": 31.0}, "weighted avg": {"precision": 0.8101736972704714, "recall": 0.7096774193548387, "f1-score": 0.671299403798318, "support": 31.0}}