{"best_estimator": "BernoulliNB()", "best_score": 0.4943897315558908, "test_score": 0.5204545454545454}