{"best_estimator": "HistGradientBoostingClassifier(learning_rate=0.01)", "best_score": 0.723389693253577, "test_score": 0.7751493428912785}