{"0": {"precision": 0.85, "recall": 1.0, "f1-score": 0.918918918918919, "support": 17.0}, "1": {"precision": 1.0, "recall": 0.7857142857142857, "f1-score": 0.88, "support": 14.0}, "accuracy": 0.9032258064516129, "macro avg": {"precision": 0.925, "recall": 0.8928571428571428, "f1-score": 0.8994594594594595, "support": 31.0}, "weighted avg": {"precision": 0.917741935483871, "recall": 0.9032258064516129, "f1-score": 0.9013426329555362, "support": 31.0}}