{"best_estimator": "KNeighborsClassifier(n_neighbors=15, p=1)", "best_score": 0.7218678458452282, "test_score": 0.7345238095238095}