{"best_estimator": "KNeighborsClassifier(n_neighbors=15, p=1)", "best_score": 0.738347862073884, "test_score": 0.7732377538829153}