{"precision": 0.7646942576672479, "recall": 0.7386253207616563, "f1": 0.740277825831136}