{"precision": 0.7507831067072629, "recall": 0.719638180749292, "f1": 0.7196780900521245}