{"0": {"precision": 0.7272727272727273, "recall": 0.6153846153846154, "f1-score": 0.6666666666666666, "support": 26.0}, "1": {"precision": 0.47368421052631576, "recall": 0.6, "f1-score": 0.5294117647058824, "support": 15.0}, "accuracy": 0.6097560975609756, "macro avg": {"precision": 0.6004784688995215, "recall": 0.6076923076923078, "f1-score": 0.5980392156862745, "support": 41.0}, "weighted avg": {"precision": 0.6344964406581864, "recall": 0.6097560975609756, "f1-score": 0.6164514586322334, "support": 41.0}}