{"0": {"precision": 0.6041666666666666, "recall": 0.90625, "f1-score": 0.725, "support": 32.0}, "1": {"precision": 0.6666666666666666, "recall": 0.24, "f1-score": 0.35294117647058826, "support": 25.0}, "accuracy": 0.6140350877192983, "macro avg": {"precision": 0.6354166666666666, "recall": 0.573125, "f1-score": 0.5389705882352941, "support": 57.0}, "weighted avg": {"precision": 0.631578947368421, "recall": 0.6140350877192983, "f1-score": 0.5618163054695562, "support": 57.0}}