{"best_estimator": "BernoulliNB()", "best_score": 0.4677320067870331, "test_score": 0.6696594427244582}