{"0": {"precision": 0.6086956521739131, "recall": 0.8235294117647058, "f1-score": 0.7, "support": 34.0}, "1": {"precision": 0.45454545454545453, "recall": 0.21739130434782608, "f1-score": 0.29411764705882354, "support": 23.0}, "accuracy": 0.5789473684210527, "macro avg": {"precision": 0.5316205533596838, "recall": 0.520460358056266, "f1-score": 0.4970588235294118, "support": 57.0}, "weighted avg": {"precision": 0.546494695236114, "recall": 0.5789473684210527, "f1-score": 0.5362229102167182, "support": 57.0}}