{"best_estimator": "BernoulliNB()", "best_score": 0.5390988183421468, "test_score": 0.5121212121212121}