{"best_estimator": "HistGradientBoostingClassifier(learning_rate=0.05)", "best_score": 0.5917420725647111, "test_score": 0.7288401253918495}