{"best_estimator": "HistGradientBoostingClassifier()", "best_score": 0.5381490944855682, "test_score": 0.5825053780458497}