{"best_estimator": "HistGradientBoostingClassifier()", "best_score": 0.5345030854840139, "test_score": 0.5813397129186604}