{"best_estimator": "KNeighborsClassifier(n_neighbors=7, p=1)", "best_score": 0.5574919545754076, "test_score": 0.5303666142099435}