{"best_estimator": "KNeighborsClassifier(n_neighbors=10, p=1)", "best_score": 0.5522292976586026, "test_score": 0.4974200206398349}