{"best_estimator": "KNeighborsClassifier(p=3, weights='distance')", "best_score": 0.5455648215185762, "test_score": 0.6946428571428571}