{"0": {"precision": 0.5217391304347826, "recall": 0.42857142857142855, "f1-score": 0.47058823529411764, "support": 28.0}, "1": {"precision": 0.4838709677419355, "recall": 0.5769230769230769, "f1-score": 0.5263157894736842, "support": 26.0}, "accuracy": 0.5, "macro avg": {"precision": 0.5028050490883591, "recall": 0.5027472527472527, "f1-score": 0.4984520123839009, "support": 54.0}, "weighted avg": {"precision": 0.5035063113604488, "recall": 0.5, "f1-score": 0.4974200206398349, "support": 54.0}}