{"best_estimator": "RandomForestClassifier(criterion='entropy')", "best_score": 0.5523537487642797, "test_score": 0.5066045066045066}