{"best_estimator": "RandomForestClassifier(criterion='log_loss', n_estimators=200)", "best_score": 0.6052832049503747, "test_score": 0.6416040100250626}