{"best_estimator": "RandomForestClassifier(criterion='entropy')", "best_score": 0.5944887044907008, "test_score": 0.7007168458781362}