{"0": {"precision": 0.5740740740740741, "recall": 0.96875, "f1-score": 0.7209302325581395, "support": 32.0}, "1": {"precision": 0.6666666666666666, "recall": 0.08, "f1-score": 0.14285714285714285, "support": 25.0}, "accuracy": 0.5789473684210527, "macro avg": {"precision": 0.6203703703703703, "recall": 0.524375, "f1-score": 0.43189368770764114, "support": 57.0}, "weighted avg": {"precision": 0.6146848602988954, "recall": 0.5789473684210527, "f1-score": 0.46738940374191285, "support": 57.0}}