{"best_estimator": "RandomForestClassifier(criterion='log_loss')", "best_score": 0.5353711982532117, "test_score": 0.4567808974769581}