{"best_estimator": "RandomForestClassifier(criterion='log_loss', n_estimators=150)", "best_score": 0.5954970477576127, "test_score": 0.46315789473684205}