{"best_estimator": "AdaBoostClassifier(algorithm='SAMME', learning_rate=0.01, n_estimators=400)", "best_score": 0.7165345533081621, "test_score": 0.8370243030977179}