{"best_estimator": "AdaBoostClassifier(algorithm='SAMME', learning_rate=0.05, n_estimators=300)", "best_score": 0.7505483634960088, "test_score": 0.8076714556790457}