{"best_estimator": "BernoulliNB()", "best_score": 0.548906555402796, "test_score": 0.48494623655913977}