{"0": {"precision": 0.5454545454545454, "recall": 0.35294117647058826, "f1-score": 0.42857142857142855, "support": 17.0}, "1": {"precision": 0.45, "recall": 0.6428571428571429, "f1-score": 0.5294117647058824, "support": 14.0}, "accuracy": 0.4838709677419355, "macro avg": {"precision": 0.4977272727272727, "recall": 0.49789915966386555, "f1-score": 0.4789915966386554, "support": 31.0}, "weighted avg": {"precision": 0.5023460410557185, "recall": 0.4838709677419355, "f1-score": 0.47411222553537546, "support": 31.0}}