{"0": {"precision": 0.5333333333333333, "recall": 0.47058823529411764, "f1-score": 0.5, "support": 17.0}, "1": {"precision": 0.4375, "recall": 0.5, "f1-score": 0.4666666666666667, "support": 14.0}, "accuracy": 0.4838709677419355, "macro avg": {"precision": 0.48541666666666666, "recall": 0.4852941176470588, "f1-score": 0.48333333333333334, "support": 31.0}, "weighted avg": {"precision": 0.4900537634408602, "recall": 0.4838709677419355, "f1-score": 0.48494623655913977, "support": 31.0}}