{"best_estimator": "BernoulliNB()", "best_score": 0.6002748128834562, "test_score": 0.6153429113580916}