{"best_estimator": "HistGradientBoostingClassifier(learning_rate=0.5)", "best_score": 0.7268415791144817, "test_score": 0.7424731182795699}