{"best_estimator": "HistGradientBoostingClassifier(learning_rate=0.01)", "best_score": 0.7313040818270521, "test_score": 0.7114976236222066}