{"best_estimator": "HistGradientBoostingClassifier(learning_rate=0.01)", "best_score": 0.6732927137087621, "test_score": 0.8370243030977179}