{"best_estimator": "HistGradientBoostingClassifier(learning_rate=0.01)", "best_score": 0.729235109265489, "test_score": 0.5016835016835016}