{"best_estimator": "KNeighborsClassifier(n_neighbors=25, weights='distance')", "best_score": 0.707129135621481, "test_score": 0.5512333965844401}