{"best_estimator": "KNeighborsClassifier(n_neighbors=7, weights='distance')", "best_score": 0.6992840033809674, "test_score": 0.6104838709677418}