{"best_estimator": "RandomForestClassifier(max_depth=3)", "best_score": 0.7609430543705024, "test_score": 0.8076714556790457}