{"0": {"precision": 1.0, "recall": 0.6470588235294118, "f1-score": 0.7857142857142857, "support": 17.0}, "1": {"precision": 0.7, "recall": 1.0, "f1-score": 0.8235294117647058, "support": 14.0}, "accuracy": 0.8064516129032258, "macro avg": {"precision": 0.85, "recall": 0.8235294117647058, "f1-score": 0.8046218487394958, "support": 31.0}, "weighted avg": {"precision": 0.8645161290322579, "recall": 0.8064516129032258, "f1-score": 0.8027920845757658, "support": 31.0}}