{"best_estimator": "RandomForestClassifier(max_depth=2)", "best_score": 0.756291323562825, "test_score": 0.7419354838709677}