{"0": {"precision": 0.7, "recall": 0.56, "f1-score": 0.6222222222222222, "support": 25.0}, "1": {"precision": 0.5217391304347826, "recall": 0.6666666666666666, "f1-score": 0.5853658536585366, "support": 18.0}, "accuracy": 0.6046511627906976, "macro avg": {"precision": 0.6108695652173912, "recall": 0.6133333333333333, "f1-score": 0.6037940379403794, "support": 43.0}, "weighted avg": {"precision": 0.6253791708796764, "recall": 0.6046511627906976, "f1-score": 0.6067939749164932, "support": 43.0}}