{"best_estimator": "BernoulliNB()", "best_score": 0.622235667186081, "test_score": 0.6560846560846562}