{"best_estimator": "HistGradientBoostingClassifier(learning_rate=0.01)", "best_score": 0.6194475434935622, "test_score": 0.47619047619047616}