{"best_estimator": "HistGradientBoostingClassifier()", "best_score": 0.642427842422277, "test_score": 0.6904172851723569}