{"best_estimator": "KNeighborsClassifier(p=3, weights='distance')", "best_score": 0.7502395557532864, "test_score": 0.5605344425537279}