{"0": {"precision": 0.75, "recall": 0.5555555555555556, "f1-score": 0.6382978723404256, "support": 27.0}, "1": {"precision": 0.52, "recall": 0.7222222222222222, "f1-score": 0.6046511627906976, "support": 18.0}, "accuracy": 0.6222222222222222, "macro avg": {"precision": 0.635, "recall": 0.6388888888888888, "f1-score": 0.6214745175655616, "support": 45.0}, "weighted avg": {"precision": 0.658, "recall": 0.6222222222222222, "f1-score": 0.6248391885205344, "support": 45.0}}