{"best_estimator": "KNeighborsClassifier(p=3, weights='distance')", "best_score": 0.7232704951567592, "test_score": 0.6248391885205344}