{"best_estimator": "KNeighborsClassifier(p=3, weights='distance')", "best_score": 0.6935682438728547, "test_score": 0.7686272196330601}