{"best_estimator": "KNeighborsClassifier(n_neighbors=7, p=3, weights='distance')", "best_score": 0.6995400819873906, "test_score": 0.7151515151515153}