{"0": {"precision": 0.6470588235294118, "recall": 0.4074074074074074, "f1-score": 0.5, "support": 27.0}, "1": {"precision": 0.42857142857142855, "recall": 0.6666666666666666, "f1-score": 0.5217391304347826, "support": 18.0}, "accuracy": 0.5111111111111111, "macro avg": {"precision": 0.5378151260504201, "recall": 0.537037037037037, "f1-score": 0.5108695652173914, "support": 45.0}, "weighted avg": {"precision": 0.5596638655462185, "recall": 0.5111111111111111, "f1-score": 0.508695652173913, "support": 45.0}}