{"0": {"precision": 0.96875, "recall": 0.6595744680851063, "f1-score": 0.7848101265822784, "support": 47.0}, "1": {"precision": 0.5428571428571428, "recall": 0.95, "f1-score": 0.6909090909090909, "support": 20.0}, "accuracy": 0.746268656716418, "macro avg": {"precision": 0.7558035714285714, "recall": 0.8047872340425531, "f1-score": 0.7378596087456847, "support": 67.0}, "weighted avg": {"precision": 0.841617803837953, "recall": 0.746268656716418, "f1-score": 0.7567799666798345, "support": 67.0}}