{"best_estimator": "BernoulliNB()", "best_score": 0.5335792509205997, "test_score": 0.4841390493564407}