{"0": {"precision": 0.46511627906976744, "recall": 1.0, "f1-score": 0.6349206349206349, "support": 20.0}, "1": {"precision": 1.0, "recall": 0.08, "f1-score": 0.14814814814814814, "support": 25.0}, "accuracy": 0.4888888888888889, "macro avg": {"precision": 0.7325581395348837, "recall": 0.54, "f1-score": 0.3915343915343915, "support": 45.0}, "weighted avg": {"precision": 0.7622739018087856, "recall": 0.4888888888888889, "f1-score": 0.3644914756025867, "support": 45.0}}