{"best_estimator": "BernoulliNB()", "best_score": 0.5508931055773832, "test_score": 0.6707818930041152}