{"best_estimator": "BernoulliNB()", "best_score": 0.528839338180347, "test_score": 0.5681818181818182}