{"best_estimator": "BernoulliNB()", "best_score": 0.5427412210949801, "test_score": 0.3644914756025867}