{"best_estimator": "HistGradientBoostingClassifier(learning_rate=0.05)", "best_score": 0.7134238040772084, "test_score": 0.6754802831142568}