{"best_estimator": "KNeighborsClassifier(n_neighbors=20, p=1, weights='distance')", "best_score": 0.7175047044710057, "test_score": 0.7167231986843459}