{"best_estimator": "KNeighborsClassifier(n_neighbors=15, p=1)", "best_score": 0.7403782931301788, "test_score": 0.6775263467608196}