{"best_estimator": "RandomForestClassifier(criterion='entropy', max_depth=3)", "best_score": 0.7765329294638941, "test_score": 0.8888888888888888}