{"best_estimator": "RandomForestClassifier(criterion='entropy', max_depth=2)", "best_score": 0.7738670560927815, "test_score": 0.7909538737124945}