{"best_estimator": "BernoulliNB()", "best_score": 0.6031179801685524, "test_score": 0.7042168065527354}