{"best_estimator": "BernoulliNB()", "best_score": 0.653395681129215, "test_score": 0.441298412377389}