{"0": {"precision": 0.6, "recall": 0.3157894736842105, "f1-score": 0.41379310344827586, "support": 19.0}, "1": {"precision": 0.38095238095238093, "recall": 0.6666666666666666, "f1-score": 0.48484848484848486, "support": 12.0}, "accuracy": 0.45161290322580644, "macro avg": {"precision": 0.49047619047619045, "recall": 0.49122807017543857, "f1-score": 0.44932079414838033, "support": 31.0}, "weighted avg": {"precision": 0.5152073732718894, "recall": 0.45161290322580644, "f1-score": 0.441298412377389, "support": 31.0}}