{"best_estimator": "BernoulliNB()", "best_score": 0.640509432242083, "test_score": 0.6007047980482515}