{"best_estimator": "HistGradientBoostingClassifier(learning_rate=0.05)", "best_score": 0.6780455967090205, "test_score": 0.6754032258064516}