{"best_estimator": "HistGradientBoostingClassifier(learning_rate=0.5)", "best_score": 0.6805267732010499, "test_score": 0.7663257277734068}