{"0": {"precision": 0.75, "recall": 1.0, "f1-score": 0.8571428571428571, "support": 18.0}, "1": {"precision": 1.0, "recall": 0.5384615384615384, "f1-score": 0.7, "support": 13.0}, "accuracy": 0.8064516129032258, "macro avg": {"precision": 0.875, "recall": 0.7692307692307692, "f1-score": 0.7785714285714285, "support": 31.0}, "weighted avg": {"precision": 0.8548387096774194, "recall": 0.8064516129032258, "f1-score": 0.7912442396313363, "support": 31.0}}