{"best_estimator": "HistGradientBoostingClassifier(learning_rate=0.001)", "best_score": 0.6810754334433164, "test_score": 0.7357466063348416}