{"best_estimator": "KNeighborsClassifier(p=3, weights='distance')", "best_score": 0.7180129383092184, "test_score": 0.6692870696665764}