{"best_estimator": "KNeighborsClassifier(p=3, weights='distance')", "best_score": 0.683346718307441, "test_score": 0.6794354838709677}