{"best_estimator": "RandomForestClassifier()", "best_score": 0.6422274548812786, "test_score": 0.6474629468177856}