{"best_estimator": "RandomForestClassifier(criterion='entropy', n_estimators=150)", "best_score": 0.631915866830328, "test_score": 0.6129032258064516}