{"precision": 0.7020537495682644, "recall": 0.6905668386804206, "f1": 0.6741780926170109}