{"0": {"precision": 0.8888888888888888, "recall": 0.6666666666666666, "f1-score": 0.7619047619047619, "support": 24.0}, "1": {"precision": 0.6190476190476191, "recall": 0.8666666666666667, "f1-score": 0.7222222222222222, "support": 15.0}, "accuracy": 0.7435897435897436, "macro avg": {"precision": 0.753968253968254, "recall": 0.7666666666666666, "f1-score": 0.7420634920634921, "support": 39.0}, "weighted avg": {"precision": 0.7851037851037851, "recall": 0.7435897435897436, "f1-score": 0.7466422466422467, "support": 39.0}}