{"0": {"precision": 0.85, "recall": 0.7391304347826086, "f1-score": 0.7906976744186046, "support": 23.0}, "1": {"precision": 0.6666666666666666, "recall": 0.8, "f1-score": 0.7272727272727273, "support": 15.0}, "accuracy": 0.7631578947368421, "macro avg": {"precision": 0.7583333333333333, "recall": 0.7695652173913043, "f1-score": 0.7589852008456659, "support": 38.0}, "weighted avg": {"precision": 0.7776315789473685, "recall": 0.7631578947368421, "f1-score": 0.7656615110715478, "support": 38.0}}