{"0": {"precision": 0.7037037037037037, "recall": 0.7916666666666666, "f1-score": 0.7450980392156863, "support": 24.0}, "1": {"precision": 0.5833333333333334, "recall": 0.4666666666666667, "f1-score": 0.5185185185185185, "support": 15.0}, "accuracy": 0.6666666666666666, "macro avg": {"precision": 0.6435185185185186, "recall": 0.6291666666666667, "f1-score": 0.6318082788671024, "support": 39.0}, "weighted avg": {"precision": 0.6574074074074074, "recall": 0.6666666666666666, "f1-score": 0.6579520697167757, "support": 39.0}}