{"best_estimator": "HistGradientBoostingClassifier(learning_rate=0.01)", "best_score": 0.6474791452327789, "test_score": 0.7722974699718885}