{"0": {"precision": 0.9047619047619048, "recall": 0.8260869565217391, "f1-score": 0.8636363636363636, "support": 23.0}, "1": {"precision": 0.7647058823529411, "recall": 0.8666666666666667, "f1-score": 0.8125, "support": 15.0}, "accuracy": 0.8421052631578947, "macro avg": {"precision": 0.8347338935574229, "recall": 0.846376811594203, "f1-score": 0.8380681818181819, "support": 38.0}, "weighted avg": {"precision": 0.8494766327583665, "recall": 0.8421052631578947, "f1-score": 0.8434509569377989, "support": 38.0}}