{"best_estimator": "KNeighborsClassifier(n_neighbors=25, p=1, weights='distance')", "best_score": 0.5808312039383768, "test_score": 0.6684969114619081}