{"best_estimator": "KNeighborsClassifier(p=1, weights='distance')", "best_score": 0.5574868024047585, "test_score": 0.6444397993311036}