{"best_estimator": "KNeighborsClassifier(n_neighbors=7, p=1, weights='distance')", "best_score": 0.5740596073854667, "test_score": 0.5698952210580117}