{"best_estimator": "RandomForestClassifier(max_depth=3, n_estimators=400)", "best_score": 0.7403190312307484, "test_score": 0.7435897435897436}