{"best_estimator": "RandomForestClassifier(max_depth=2, n_estimators=400)", "best_score": 0.7237136723819863, "test_score": 0.620495783286481}