{"best_estimator": "RandomForestClassifier(max_depth=3, n_estimators=300)", "best_score": 0.7207701363884735, "test_score": 0.7135521731157161}