{"0": {"precision": 0.8571428571428571, "recall": 0.782608695652174, "f1-score": 0.8181818181818182, "support": 23.0}, "1": {"precision": 0.7058823529411765, "recall": 0.8, "f1-score": 0.75, "support": 15.0}, "accuracy": 0.7894736842105263, "macro avg": {"precision": 0.7815126050420168, "recall": 0.791304347826087, "f1-score": 0.7840909090909092, "support": 38.0}, "weighted avg": {"precision": 0.7974347633790358, "recall": 0.7894736842105263, "f1-score": 0.7912679425837321, "support": 38.0}}