{"best_estimator": "AdaBoostClassifier(algorithm='SAMME', learning_rate=0.05)", "best_score": 0.6918585103606547, "test_score": 0.5114583333333333}