{"0": {"precision": 0.75, "recall": 0.3, "f1-score": 0.42857142857142855, "support": 20.0}, "1": {"precision": 0.44, "recall": 0.8461538461538461, "f1-score": 0.5789473684210527, "support": 13.0}, "accuracy": 0.5151515151515151, "macro avg": {"precision": 0.595, "recall": 0.573076923076923, "f1-score": 0.5037593984962406, "support": 33.0}, "weighted avg": {"precision": 0.6278787878787878, "recall": 0.5151515151515151, "f1-score": 0.4878104351788562, "support": 33.0}}