{"best_estimator": "BernoulliNB()", "best_score": 0.5055899833356462, "test_score": 0.5306174089068826}