{"best_estimator": "BernoulliNB()", "best_score": 0.5544427469265581, "test_score": 0.4245380635624538}