{"best_estimator": "BernoulliNB()", "best_score": 0.5738104558029405, "test_score": 0.5357808857808859}