{"0": {"precision": 0.8, "recall": 0.2, "f1-score": 0.32, "support": 20.0}, "1": {"precision": 0.42857142857142855, "recall": 0.9230769230769231, "f1-score": 0.5853658536585366, "support": 13.0}, "accuracy": 0.48484848484848486, "macro avg": {"precision": 0.6142857142857143, "recall": 0.5615384615384615, "f1-score": 0.45268292682926825, "support": 33.0}, "weighted avg": {"precision": 0.6536796536796536, "recall": 0.48484848484848486, "f1-score": 0.4245380635624538, "support": 33.0}}