{"best_estimator": "BernoulliNB()", "best_score": 0.5880899903115356, "test_score": 0.4191666666666667}