{"best_estimator": "HistGradientBoostingClassifier(learning_rate=0.01)", "best_score": 0.6342938091878498, "test_score": 0.5804713804713806}