{"best_estimator": "HistGradientBoostingClassifier(learning_rate=0.05)", "best_score": 0.6563008453858135, "test_score": 0.6565554432086282}