{"best_estimator": "HistGradientBoostingClassifier(learning_rate=0.01)", "best_score": 0.6491016494202253, "test_score": 0.7003367003367004}