{"0": {"precision": 0.8666666666666667, "recall": 0.6842105263157895, "f1-score": 0.7647058823529411, "support": 19.0}, "1": {"precision": 0.6470588235294118, "recall": 0.8461538461538461, "f1-score": 0.7333333333333333, "support": 13.0}, "accuracy": 0.75, "macro avg": {"precision": 0.7568627450980392, "recall": 0.7651821862348178, "f1-score": 0.7490196078431373, "support": 32.0}, "weighted avg": {"precision": 0.777450980392157, "recall": 0.75, "f1-score": 0.7519607843137255, "support": 32.0}}