{"best_estimator": "KNeighborsClassifier(n_neighbors=25, p=3, weights='distance')", "best_score": 0.6403252098725983, "test_score": 0.5187807881773399}