{"best_estimator": "RandomForestClassifier(max_depth=2, n_estimators=400)", "best_score": 0.542329000939311, "test_score": 0.42812500000000003}