{"best_estimator": "RandomForestClassifier(criterion='log_loss', n_estimators=150)", "best_score": 0.4899658836339228, "test_score": 0.5564738292011019}