{"0": {"precision": 0.5416666666666666, "recall": 0.5652173913043478, "f1-score": 0.5531914893617021, "support": 23.0}, "1": {"precision": 0.5652173913043478, "recall": 0.5416666666666666, "f1-score": 0.5531914893617021, "support": 24.0}, "accuracy": 0.5531914893617021, "macro avg": {"precision": 0.5534420289855072, "recall": 0.5534420289855072, "f1-score": 0.5531914893617021, "support": 47.0}, "weighted avg": {"precision": 0.5536925686093124, "recall": 0.5531914893617021, "f1-score": 0.5531914893617021, "support": 47.0}}