{"best_estimator": "AdaBoostClassifier(algorithm='SAMME', learning_rate=0.5, n_estimators=400)", "best_score": 0.46170449302015654, "test_score": 0.5422647527910686}