{"0": {"precision": 0.5641025641025641, "recall": 0.7586206896551724, "f1-score": 0.6470588235294118, "support": 29.0}, "1": {"precision": 0.36363636363636365, "recall": 0.19047619047619047, "f1-score": 0.25, "support": 21.0}, "accuracy": 0.52, "macro avg": {"precision": 0.46386946386946387, "recall": 0.4745484400656814, "f1-score": 0.4485294117647059, "support": 50.0}, "weighted avg": {"precision": 0.4799067599067599, "recall": 0.52, "f1-score": 0.4802941176470588, "support": 50.0}}