{"best_estimator": "BernoulliNB()", "best_score": 0.37410645469942966, "test_score": 0.3415524314223566}