{"best_estimator": "BernoulliNB()", "best_score": 0.3527121104396871, "test_score": 0.5102880658436213}