{"0": {"precision": 0.5, "recall": 0.034482758620689655, "f1-score": 0.06451612903225806, "support": 29.0}, "1": {"precision": 0.4166666666666667, "recall": 0.9523809523809523, "f1-score": 0.5797101449275363, "support": 21.0}, "accuracy": 0.42, "macro avg": {"precision": 0.45833333333333337, "recall": 0.49343185550082097, "f1-score": 0.3221131369798972, "support": 50.0}, "weighted avg": {"precision": 0.465, "recall": 0.42, "f1-score": 0.28089761570827493, "support": 50.0}}