{"best_estimator": "HistGradientBoostingClassifier(learning_rate=0.5)", "best_score": 0.5439265166279723, "test_score": 0.46808510638297873}