{"best_estimator": "HistGradientBoostingClassifier(learning_rate=0.5)", "best_score": 0.5067398275160049, "test_score": 0.6051282051282052}