{"0": {"precision": 0.6190476190476191, "recall": 0.896551724137931, "f1-score": 0.7323943661971831, "support": 29.0}, "1": {"precision": 0.625, "recall": 0.23809523809523808, "f1-score": 0.3448275862068966, "support": 21.0}, "accuracy": 0.62, "macro avg": {"precision": 0.6220238095238095, "recall": 0.5673234811165846, "f1-score": 0.5386109762020399, "support": 50.0}, "weighted avg": {"precision": 0.621547619047619, "recall": 0.62, "f1-score": 0.5696163186012628, "support": 50.0}}