{"best_estimator": "HistGradientBoostingClassifier(learning_rate=0.5)", "best_score": 0.5693607780565697, "test_score": 0.5696163186012628}