{"best_estimator": "KNeighborsClassifier(p=1, weights='distance')", "best_score": 0.4722514083430294, "test_score": 0.5038822688507897}