{"best_estimator": "KNeighborsClassifier(p=1, weights='distance')", "best_score": 0.4445808616186877, "test_score": 0.4666666666666667}