{"best_estimator": "RandomForestClassifier(criterion='entropy', n_estimators=300)", "best_score": 0.46769322964952575, "test_score": 0.6730462519936203}