{"0": {"precision": 0.5813953488372093, "recall": 0.8620689655172413, "f1-score": 0.6944444444444444, "support": 29.0}, "1": {"precision": 0.42857142857142855, "recall": 0.14285714285714285, "f1-score": 0.21428571428571427, "support": 21.0}, "accuracy": 0.56, "macro avg": {"precision": 0.5049833887043189, "recall": 0.5024630541871921, "f1-score": 0.45436507936507936, "support": 50.0}, "weighted avg": {"precision": 0.5172093023255814, "recall": 0.56, "f1-score": 0.49277777777777776, "support": 50.0}}