{"best_estimator": "RandomForestClassifier(criterion='log_loss', n_estimators=300)", "best_score": 0.46766718373138916, "test_score": 0.4424834678781144}