{"0": {"precision": 0.0, "recall": 0.0, "f1-score": 0.0, "support": 44.0}, "1": {"precision": 0.34328358208955223, "recall": 1.0, "f1-score": 0.5111111111111111, "support": 23.0}, "accuracy": 0.34328358208955223, "macro avg": {"precision": 0.17164179104477612, "recall": 0.5, "f1-score": 0.25555555555555554, "support": 67.0}, "weighted avg": {"precision": 0.11784361773223435, "recall": 0.34328358208955223, "f1-score": 0.17545605306799336, "support": 67.0}}