{"best_estimator": "BernoulliNB()", "best_score": 0.3333333333333333, "test_score": 0.39986115931968064}