{"best_estimator": "HistGradientBoostingClassifier(learning_rate=0.001)", "best_score": 0.7409942743943905, "test_score": 0.6718863049095608}