{"best_estimator": "HistGradientBoostingClassifier()", "best_score": 0.7117598733421593, "test_score": 0.7333333333333333}