{"0": {"precision": 0.7857142857142857, "recall": 0.5, "f1-score": 0.6111111111111112, "support": 44.0}, "1": {"precision": 0.4358974358974359, "recall": 0.7391304347826086, "f1-score": 0.5483870967741935, "support": 23.0}, "accuracy": 0.582089552238806, "macro avg": {"precision": 0.6108058608058609, "recall": 0.6195652173913043, "f1-score": 0.5797491039426523, "support": 67.0}, "weighted avg": {"precision": 0.6656279044338745, "recall": 0.582089552238806, "f1-score": 0.5895789867864977, "support": 67.0}}