{"best_estimator": "KNeighborsClassifier(n_neighbors=25, p=1)", "best_score": 0.7083948747379156, "test_score": 0.49163879598662213}