{"best_estimator": "RandomForestClassifier(max_depth=2)", "best_score": 0.7518304494534107, "test_score": 0.7685185185185186}