{"0": {"precision": 0.8888888888888888, "recall": 0.64, "f1-score": 0.7441860465116279, "support": 25.0}, "1": {"precision": 0.6785714285714286, "recall": 0.9047619047619048, "f1-score": 0.7755102040816326, "support": 21.0}, "accuracy": 0.7608695652173914, "macro avg": {"precision": 0.7837301587301587, "recall": 0.7723809523809524, "f1-score": 0.7598481252966303, "support": 46.0}, "weighted avg": {"precision": 0.7928743961352657, "recall": 0.7608695652173914, "f1-score": 0.7584862054022822, "support": 46.0}}