{"best_estimator": "BernoulliNB()", "best_score": 0.49270751845912003, "test_score": 0.6071428571428572}