{"best_estimator": "BernoulliNB()", "best_score": 0.5249381067654668, "test_score": 0.6666666666666666}