{"best_estimator": "BernoulliNB()", "best_score": 0.5026863433144847, "test_score": 0.5333333333333333}