{"best_estimator": "BernoulliNB()", "best_score": 0.5156059472872139, "test_score": 0.38632478632478634}