{"best_estimator": "BernoulliNB()", "best_score": 0.5029172519059212, "test_score": 0.5949277496215701}