{"0": {"precision": 0.7586206896551724, "recall": 0.7586206896551724, "f1-score": 0.7586206896551724, "support": 29.0}, "1": {"precision": 0.46153846153846156, "recall": 0.46153846153846156, "f1-score": 0.46153846153846156, "support": 13.0}, "accuracy": 0.6666666666666666, "macro avg": {"precision": 0.6100795755968169, "recall": 0.6100795755968169, "f1-score": 0.6100795755968169, "support": 42.0}, "weighted avg": {"precision": 0.6666666666666666, "recall": 0.6666666666666666, "f1-score": 0.6666666666666666, "support": 42.0}}