{"best_estimator": "HistGradientBoostingClassifier()", "best_score": 0.6319802479325817, "test_score": 0.6548126249891314}