{"0": {"precision": 0.8260869565217391, "recall": 0.76, "f1-score": 0.7916666666666666, "support": 25.0}, "1": {"precision": 0.7, "recall": 0.7777777777777778, "f1-score": 0.7368421052631579, "support": 18.0}, "accuracy": 0.7674418604651163, "macro avg": {"precision": 0.7630434782608695, "recall": 0.768888888888889, "f1-score": 0.7642543859649122, "support": 43.0}, "weighted avg": {"precision": 0.7733063700707785, "recall": 0.7674418604651163, "f1-score": 0.7687168502651979, "support": 43.0}}