{"best_estimator": "HistGradientBoostingClassifier()", "best_score": 0.6601357725589916, "test_score": 0.8038277511961722}