{"best_estimator": "RandomForestClassifier(criterion='log_loss', n_estimators=150)", "best_score": 0.6360548699233978, "test_score": 0.5333333333333333}