{"best_estimator": "RandomForestClassifier(criterion='entropy')", "best_score": 0.6248541030576049, "test_score": 0.5333333333333334}