{"best_estimator": "BernoulliNB()", "best_score": 0.5310183713705746, "test_score": 0.6095924319290248}