{"best_estimator": "BernoulliNB()", "best_score": 0.5257178219158517, "test_score": 0.5679012345679013}