{"best_estimator": "BernoulliNB()", "best_score": 0.5342301601950018, "test_score": 0.738095238095238}