{"best_estimator": "BernoulliNB()", "best_score": 0.5666538480217724, "test_score": 0.5393374741200828}