{"best_estimator": "BernoulliNB()", "best_score": 0.5180033443292882, "test_score": 0.47619047619047616}