{"best_estimator": "HistGradientBoostingClassifier(learning_rate=0.5)", "best_score": 0.7079323143915245, "test_score": 0.6521739130434783}