{"best_estimator": "HistGradientBoostingClassifier(learning_rate=0.5)", "best_score": 0.6989034610922464, "test_score": 0.6530535072792588}