{"best_estimator": "HistGradientBoostingClassifier(learning_rate=0.01)", "best_score": 0.6887845291739645, "test_score": 0.7121212121212122}