{"best_estimator": "HistGradientBoostingClassifier()", "best_score": 0.6888358251596103, "test_score": 0.7333333333333333}