{"best_estimator": "KNeighborsClassifier(n_neighbors=10, p=3, weights='distance')", "best_score": 0.652569040677702, "test_score": 0.5444444444444445}