{"0": {"precision": 0.6923076923076923, "recall": 0.6666666666666666, "f1-score": 0.6792452830188679, "support": 27.0}, "1": {"precision": 0.5263157894736842, "recall": 0.5555555555555556, "f1-score": 0.5405405405405406, "support": 18.0}, "accuracy": 0.6222222222222222, "macro avg": {"precision": 0.6093117408906883, "recall": 0.6111111111111112, "f1-score": 0.6098929117797043, "support": 45.0}, "weighted avg": {"precision": 0.625910931174089, "recall": 0.6222222222222222, "f1-score": 0.6237633860275369, "support": 45.0}}