{"best_estimator": "RandomForestClassifier(criterion='log_loss')", "best_score": 0.6501201875860912, "test_score": 0.7681969193597099}