{"best_estimator": "RandomForestClassifier(max_depth=6)", "best_score": 0.6806311119847794, "test_score": 0.6481987577639752}