{"best_estimator": "AdaBoostClassifier(algorithm='SAMME', learning_rate=0.5, n_estimators=300)", "best_score": 0.48224297007873196, "test_score": 0.5769050958391772}