{"best_estimator": "BernoulliNB()", "best_score": 0.3569788075593546, "test_score": 0.34333670525645343}