{"best_estimator": "BernoulliNB()", "best_score": 0.38166852357690767, "test_score": 0.3243401759530792}