{"0": {"precision": 0.6842105263157895, "recall": 0.7222222222222222, "f1-score": 0.7027027027027027, "support": 18.0}, "1": {"precision": 0.5454545454545454, "recall": 0.5, "f1-score": 0.5217391304347826, "support": 12.0}, "accuracy": 0.6333333333333333, "macro avg": {"precision": 0.6148325358851674, "recall": 0.6111111111111112, "f1-score": 0.6122209165687427, "support": 30.0}, "weighted avg": {"precision": 0.6287081339712919, "recall": 0.6333333333333333, "f1-score": 0.6303172737955347, "support": 30.0}}