{"best_estimator": "HistGradientBoostingClassifier(learning_rate=0.5)", "best_score": 0.5054715450903655, "test_score": 0.6814854974247765}