{"best_estimator": "HistGradientBoostingClassifier(learning_rate=0.5)", "best_score": 0.5057067820483183, "test_score": 0.6303172737955347}