{"best_estimator": "HistGradientBoostingClassifier()", "best_score": 0.5874498864979617, "test_score": 0.5562923832003297}