{"best_estimator": "KNeighborsClassifier(p=3, weights='distance')", "best_score": 0.601203530869354, "test_score": 0.41935483870967744}