{"0": {"precision": 0.5, "recall": 0.3888888888888889, "f1-score": 0.4375, "support": 18.0}, "1": {"precision": 0.3125, "recall": 0.4166666666666667, "f1-score": 0.35714285714285715, "support": 12.0}, "accuracy": 0.4, "macro avg": {"precision": 0.40625, "recall": 0.4027777777777778, "f1-score": 0.3973214285714286, "support": 30.0}, "weighted avg": {"precision": 0.425, "recall": 0.4, "f1-score": 0.4053571428571428, "support": 30.0}}