{"best_estimator": "KNeighborsClassifier(p=3, weights='distance')", "best_score": 0.5669373149846915, "test_score": 0.522273425499232}