{"best_estimator": "KNeighborsClassifier(n_neighbors=7, p=3, weights='distance')", "best_score": 0.5671149536662385, "test_score": 0.45734317591937174}