{"best_estimator": "RandomForestClassifier(criterion='entropy', n_estimators=400)", "best_score": 0.4448400622455158, "test_score": 0.7366568914956012}