{"best_estimator": "RandomForestClassifier(criterion='log_loss', n_estimators=200)", "best_score": 0.49568455618740936, "test_score": 0.6774193548387096}