{"best_estimator": "RandomForestClassifier(criterion='log_loss', n_estimators=150)", "best_score": 0.5464692113026891, "test_score": 0.47594793435200905}