{"best_estimator": "RandomForestClassifier(criterion='entropy', n_estimators=200)", "best_score": 0.5232177852336057, "test_score": 0.5129904097646034}