{"best_estimator": "RandomForestClassifier(criterion='log_loss')", "best_score": 0.5205021178878486, "test_score": 0.6245550934772021}