{"0": {"precision": 0.631578947368421, "recall": 0.6666666666666666, "f1-score": 0.6486486486486487, "support": 18.0}, "1": {"precision": 0.45454545454545453, "recall": 0.4166666666666667, "f1-score": 0.43478260869565216, "support": 12.0}, "accuracy": 0.5666666666666667, "macro avg": {"precision": 0.5430622009569378, "recall": 0.5416666666666666, "f1-score": 0.5417156286721504, "support": 30.0}, "weighted avg": {"precision": 0.5607655502392344, "recall": 0.5666666666666667, "f1-score": 0.5631022326674502, "support": 30.0}}