{"best_estimator": "AdaBoostClassifier(algorithm='SAMME', learning_rate=0.01, n_estimators=150)", "best_score": 0.49358722071158906, "test_score": 0.5149769585253456}