{"best_estimator": "BernoulliNB()", "best_score": 0.40970169088377856, "test_score": 0.2660821999925068}