{"best_estimator": "BernoulliNB()", "best_score": 0.4018659282345777, "test_score": 0.3146839341414301}