{"best_estimator": "BernoulliNB()", "best_score": 0.38364576515702636, "test_score": 0.3146839341414301}