{"best_estimator": "BernoulliNB()", "best_score": 0.37595251047335604, "test_score": 0.2824884792626728}