{"best_estimator": "BernoulliNB()", "best_score": 0.39757018950534984, "test_score": 0.22857142857142856}