{"best_estimator": "BernoulliNB()", "best_score": 0.3885792301358606, "test_score": 0.21605401350337583}