{"best_estimator": "HistGradientBoostingClassifier()", "best_score": 0.4460860247041583, "test_score": 0.5512333965844401}