{"best_estimator": "HistGradientBoostingClassifier(learning_rate=0.01)", "best_score": 0.5075521398020857, "test_score": 0.4551700087183958}