{"best_estimator": "KNeighborsClassifier(p=3, weights='distance')", "best_score": 0.5422645309738374, "test_score": 0.6177825969097316}