{"0": {"precision": 0.5833333333333334, "recall": 0.3684210526315789, "f1-score": 0.45161290322580644, "support": 19.0}, "1": {"precision": 0.3684210526315789, "recall": 0.5833333333333334, "f1-score": 0.45161290322580644, "support": 12.0}, "accuracy": 0.45161290322580644, "macro avg": {"precision": 0.4758771929824561, "recall": 0.4758771929824561, "f1-score": 0.45161290322580644, "support": 31.0}, "weighted avg": {"precision": 0.5001414827391059, "recall": 0.45161290322580644, "f1-score": 0.45161290322580644, "support": 31.0}}