{"0": {"precision": 0.36363636363636365, "recall": 0.2222222222222222, "f1-score": 0.27586206896551724, "support": 18.0}, "1": {"precision": 0.3, "recall": 0.46153846153846156, "f1-score": 0.36363636363636365, "support": 13.0}, "accuracy": 0.3225806451612903, "macro avg": {"precision": 0.3318181818181818, "recall": 0.3418803418803419, "f1-score": 0.31974921630094044, "support": 31.0}, "weighted avg": {"precision": 0.336950146627566, "recall": 0.3225806451612903, "f1-score": 0.31267064415006574, "support": 31.0}}