{"best_estimator": "RandomForestClassifier(max_depth=2, n_estimators=200)", "best_score": 0.5562431436962858, "test_score": 0.6474629468177856}