{"0": {"precision": 0.6666666666666666, "recall": 0.7777777777777778, "f1-score": 0.717948717948718, "support": 18.0}, "1": {"precision": 0.6, "recall": 0.46153846153846156, "f1-score": 0.5217391304347826, "support": 13.0}, "accuracy": 0.6451612903225806, "macro avg": {"precision": 0.6333333333333333, "recall": 0.6196581196581197, "f1-score": 0.6198439241917503, "support": 31.0}, "weighted avg": {"precision": 0.6387096774193549, "recall": 0.6451612903225806, "f1-score": 0.6356672780235193, "support": 31.0}}