{"best_estimator": "RandomForestClassifier(criterion='entropy', n_estimators=200)", "best_score": 0.5683860834982499, "test_score": 0.5299120234604107}