{"0": {"precision": 0.9230769230769231, "recall": 0.75, "f1-score": 0.8275862068965517, "support": 16.0}, "1": {"precision": 0.5555555555555556, "recall": 0.8333333333333334, "f1-score": 0.6666666666666666, "support": 6.0}, "accuracy": 0.7727272727272727, "macro avg": {"precision": 0.7393162393162394, "recall": 0.7916666666666667, "f1-score": 0.7471264367816092, "support": 22.0}, "weighted avg": {"precision": 0.8228438228438228, "recall": 0.7727272727272727, "f1-score": 0.7836990595611284, "support": 22.0}}