{"best_estimator": "BernoulliNB()", "best_score": 0.5863325083599655, "test_score": 0.4630101816519247}