{"best_estimator": "HistGradientBoostingClassifier(learning_rate=0.05)", "best_score": 0.7663645904642913, "test_score": 0.6514683023850513}