{"best_estimator": "HistGradientBoostingClassifier(learning_rate=0.05)", "best_score": 0.7995169355940093, "test_score": 0.48265550239234445}