{"best_estimator": "HistGradientBoostingClassifier()", "best_score": 0.7497241460664965, "test_score": 0.8011163693726489}