{"best_estimator": "HistGradientBoostingClassifier(learning_rate=0.05)", "best_score": 0.7625634819046796, "test_score": 0.8929425837320574}