{"0": {"precision": 0.6, "recall": 0.5, "f1-score": 0.5454545454545454, "support": 36.0}, "1": {"precision": 0.3333333333333333, "recall": 0.42857142857142855, "f1-score": 0.375, "support": 21.0}, "accuracy": 0.47368421052631576, "macro avg": {"precision": 0.4666666666666667, "recall": 0.4642857142857143, "f1-score": 0.4602272727272727, "support": 57.0}, "weighted avg": {"precision": 0.5017543859649123, "recall": 0.47368421052631576, "f1-score": 0.48265550239234445, "support": 57.0}}