{"0": {"precision": 0.9333333333333333, "recall": 0.7567567567567568, "f1-score": 0.835820895522388, "support": 74.0}, "1": {"precision": 0.4857142857142857, "recall": 0.8095238095238095, "f1-score": 0.6071428571428571, "support": 21.0}, "accuracy": 0.7684210526315789, "macro avg": {"precision": 0.7095238095238096, "recall": 0.7831402831402832, "f1-score": 0.7214818763326225, "support": 95.0}, "weighted avg": {"precision": 0.8343859649122807, "recall": 0.7684210526315789, "f1-score": 0.7852710133542812, "support": 95.0}}