{"best_estimator": "HistGradientBoostingClassifier(learning_rate=0.05)", "best_score": 0.7568762772046412, "test_score": 0.6982964658021866}