{"0": {"precision": 0.9130434782608695, "recall": 0.6363636363636364, "f1-score": 0.75, "support": 33.0}, "1": {"precision": 0.6470588235294118, "recall": 0.9166666666666666, "f1-score": 0.7586206896551724, "support": 24.0}, "accuracy": 0.7543859649122807, "macro avg": {"precision": 0.7800511508951407, "recall": 0.7765151515151515, "f1-score": 0.7543103448275862, "support": 57.0}, "weighted avg": {"precision": 0.8010499394265715, "recall": 0.7543859649122807, "f1-score": 0.7536297640653357, "support": 57.0}}