{"0": {"precision": 0.8285714285714286, "recall": 0.6904761904761905, "f1-score": 0.7532467532467533, "support": 42.0}, "1": {"precision": 0.4090909090909091, "recall": 0.6, "f1-score": 0.4864864864864865, "support": 15.0}, "accuracy": 0.6666666666666666, "macro avg": {"precision": 0.6188311688311688, "recall": 0.6452380952380952, "f1-score": 0.6198666198666198, "support": 57.0}, "weighted avg": {"precision": 0.7181818181818183, "recall": 0.6666666666666666, "f1-score": 0.683046683046683, "support": 57.0}}