{"best_estimator": "RandomForestClassifier(n_estimators=150)", "best_score": 0.6275853503504614, "test_score": 0.8016453092865052}