{"best_estimator": "RandomForestClassifier(n_estimators=400)", "best_score": 0.6290003390345307, "test_score": 0.6598746081504702}