{"precision": 0.5636760483246049, "recall": 0.5334108278552723, "f1": 0.5255433888775849}