{"0": {"precision": 0.8823529411764706, "recall": 0.5555555555555556, "f1-score": 0.6818181818181818, "support": 27.0}, "1": {"precision": 0.5714285714285714, "recall": 0.8888888888888888, "f1-score": 0.6956521739130435, "support": 18.0}, "accuracy": 0.6888888888888889, "macro avg": {"precision": 0.726890756302521, "recall": 0.7222222222222222, "f1-score": 0.6887351778656126, "support": 45.0}, "weighted avg": {"precision": 0.7579831932773108, "recall": 0.6888888888888889, "f1-score": 0.6873517786561264, "support": 45.0}}