{"0": {"precision": 0.7142857142857143, "recall": 0.625, "f1-score": 0.6666666666666666, "support": 8.0}, "1": {"precision": 0.7272727272727273, "recall": 0.8, "f1-score": 0.7619047619047619, "support": 10.0}, "accuracy": 0.7222222222222222, "macro avg": {"precision": 0.7207792207792207, "recall": 0.7125, "f1-score": 0.7142857142857142, "support": 18.0}, "weighted avg": {"precision": 0.7215007215007216, "recall": 0.7222222222222222, "f1-score": 0.7195767195767195, "support": 18.0}}