{"0": {"precision": 0.8461538461538461, "recall": 0.3793103448275862, "f1-score": 0.5238095238095238, "support": 29.0}, "1": {"precision": 0.3793103448275862, "recall": 0.8461538461538461, "f1-score": 0.5238095238095238, "support": 13.0}, "accuracy": 0.5238095238095238, "macro avg": {"precision": 0.6127320954907162, "recall": 0.6127320954907162, "f1-score": 0.5238095238095238, "support": 42.0}, "weighted avg": {"precision": 0.7016546671719085, "recall": 0.5238095238095238, "f1-score": 0.5238095238095238, "support": 42.0}}