{"best_estimator": "BernoulliNB()", "best_score": 0.6298373884893125, "test_score": 0.8361204013377928}