{"best_estimator": "BernoulliNB()", "best_score": 0.6417622154452561, "test_score": 0.5238095238095238}