{"best_estimator": "BernoulliNB()", "best_score": 0.6263447868409744, "test_score": 0.5387600317488314}