{"best_estimator": "HistGradientBoostingClassifier()", "best_score": 0.700532605507037, "test_score": 0.7567799666798345}