{"0": {"precision": 0.85, "recall": 0.68, "f1-score": 0.7555555555555555, "support": 25.0}, "1": {"precision": 0.6521739130434783, "recall": 0.8333333333333334, "f1-score": 0.7317073170731707, "support": 18.0}, "accuracy": 0.7441860465116279, "macro avg": {"precision": 0.7510869565217391, "recall": 0.7566666666666667, "f1-score": 0.7436314363143631, "support": 43.0}, "weighted avg": {"precision": 0.7671890798786654, "recall": 0.7441860465116279, "f1-score": 0.7455725720047898, "support": 43.0}}