{"best_estimator": "KNeighborsClassifier(p=3, weights='distance')", "best_score": 0.7135221310902541, "test_score": 0.7230822153422773}