{"best_estimator": "KNeighborsClassifier(p=3)", "best_score": 0.7198318517660903, "test_score": 0.6666666666666666}