{"best_estimator": "KNeighborsClassifier(n_neighbors=10, p=3, weights='distance')", "best_score": 0.721145138476915, "test_score": 0.7777777777777778}