{"0": {"precision": 0.8285714285714286, "recall": 0.6170212765957447, "f1-score": 0.7073170731707317, "support": 47.0}, "1": {"precision": 0.4375, "recall": 0.7, "f1-score": 0.5384615384615384, "support": 20.0}, "accuracy": 0.6417910447761194, "macro avg": {"precision": 0.6330357142857144, "recall": 0.6585106382978723, "f1-score": 0.6228893058161351, "support": 67.0}, "weighted avg": {"precision": 0.7118336886993604, "recall": 0.6417910447761194, "f1-score": 0.6569124359441068, "support": 67.0}}