{"0": {"precision": 0.6590909090909091, "recall": 0.8055555555555556, "f1-score": 0.725, "support": 36.0}, "1": {"precision": 0.46153846153846156, "recall": 0.2857142857142857, "f1-score": 0.35294117647058826, "support": 21.0}, "accuracy": 0.6140350877192983, "macro avg": {"precision": 0.5603146853146853, "recall": 0.5456349206349207, "f1-score": 0.5389705882352941, "support": 57.0}, "weighted avg": {"precision": 0.5863084284136916, "recall": 0.6140350877192983, "f1-score": 0.5879256965944272, "support": 57.0}}