{"0": {"precision": 0.6842105263157895, "recall": 0.8125, "f1-score": 0.7428571428571429, "support": 16.0}, "1": {"precision": 0.0, "recall": 0.0, "f1-score": 0.0, "support": 6.0}, "accuracy": 0.5909090909090909, "macro avg": {"precision": 0.34210526315789475, "recall": 0.40625, "f1-score": 0.37142857142857144, "support": 22.0}, "weighted avg": {"precision": 0.49760765550239233, "recall": 0.5909090909090909, "f1-score": 0.5402597402597403, "support": 22.0}}