{"0": {"precision": 0.5, "recall": 0.5454545454545454, "f1-score": 0.5217391304347826, "support": 11.0}, "1": {"precision": 0.4444444444444444, "recall": 0.4, "f1-score": 0.42105263157894735, "support": 10.0}, "accuracy": 0.47619047619047616, "macro avg": {"precision": 0.4722222222222222, "recall": 0.4727272727272727, "f1-score": 0.47139588100686497, "support": 21.0}, "weighted avg": {"precision": 0.47354497354497355, "recall": 0.47619047619047616, "f1-score": 0.47379317859867054, "support": 21.0}}