{"0": {"precision": 0.6, "recall": 0.3333333333333333, "f1-score": 0.42857142857142855, "support": 9.0}, "1": {"precision": 0.5714285714285714, "recall": 0.8, "f1-score": 0.6666666666666666, "support": 10.0}, "accuracy": 0.5789473684210527, "macro avg": {"precision": 0.5857142857142856, "recall": 0.5666666666666667, "f1-score": 0.5476190476190476, "support": 19.0}, "weighted avg": {"precision": 0.5849624060150376, "recall": 0.5789473684210527, "f1-score": 0.5538847117794485, "support": 19.0}}