{"best_estimator": "BernoulliNB()", "best_score": 0.34174609324208977, "test_score": 0.40476190476190477}