{"best_estimator": "HistGradientBoostingClassifier(learning_rate=0.5)", "best_score": 0.5716535416195402, "test_score": 0.45574162679425834}