{"best_estimator": "HistGradientBoostingClassifier(learning_rate=0.05)", "best_score": 0.5435601531902039, "test_score": 0.5632957586570432}