{"best_estimator": "HistGradientBoostingClassifier(learning_rate=0.001)", "best_score": 0.5006523870390499, "test_score": 0.5474460970829009}