{"best_estimator": "KNeighborsClassifier(p=1, weights='distance')", "best_score": 0.49394327641001573, "test_score": 0.5656565656565656}