{"best_estimator": "KNeighborsClassifier(p=1, weights='distance')", "best_score": 0.46774949374136493, "test_score": 0.4891640866873065}