{"0": {"precision": 0.7586206896551724, "recall": 0.5238095238095238, "f1-score": 0.6197183098591549, "support": 42.0}, "1": {"precision": 0.2857142857142857, "recall": 0.5333333333333333, "f1-score": 0.37209302325581395, "support": 15.0}, "accuracy": 0.5263157894736842, "macro avg": {"precision": 0.5221674876847291, "recall": 0.5285714285714286, "f1-score": 0.4959056665574844, "support": 57.0}, "weighted avg": {"precision": 0.6341716359865179, "recall": 0.5263157894736842, "f1-score": 0.5545537607530125, "support": 57.0}}