{"best_estimator": "KNeighborsClassifier(p=1, weights='distance')", "best_score": 0.5083394939644217, "test_score": 0.5512605042016807}