{"best_estimator": "RandomForestClassifier(criterion='log_loss')", "best_score": 0.5747666842782934, "test_score": 0.5526315789473685}