{"best_estimator": "RandomForestClassifier()", "best_score": 0.47178260510704983, "test_score": 0.5811965811965811}