{"0": {"precision": 0.7857142857142857, "recall": 0.7333333333333333, "f1-score": 0.7586206896551724, "support": 15.0}, "1": {"precision": 0.3333333333333333, "recall": 0.4, "f1-score": 0.36363636363636365, "support": 5.0}, "accuracy": 0.65, "macro avg": {"precision": 0.5595238095238095, "recall": 0.5666666666666667, "f1-score": 0.561128526645768, "support": 20.0}, "weighted avg": {"precision": 0.6726190476190476, "recall": 0.65, "f1-score": 0.6598746081504702, "support": 20.0}}