{"best_estimator": "RandomForestClassifier(criterion='entropy', n_estimators=200)", "best_score": 0.5402899079063963, "test_score": 0.6025944665000579}