{"best_estimator": "BernoulliNB()", "best_score": 0.6060639826488392, "test_score": 0.5335144927536232}