{"best_estimator": "BernoulliNB()", "best_score": 0.5740023700800465, "test_score": 0.9320574162679426}