{"best_estimator": "BernoulliNB()", "best_score": 0.5870787540873114, "test_score": 0.5681818181818182}