{"best_estimator": "BernoulliNB()", "best_score": 0.5851809019149462, "test_score": 0.5515626644217615}