{"0": {"precision": 0.9259259259259259, "recall": 0.5681818181818182, "f1-score": 0.704225352112676, "support": 44.0}, "1": {"precision": 0.525, "recall": 0.9130434782608695, "f1-score": 0.6666666666666666, "support": 23.0}, "accuracy": 0.6865671641791045, "macro avg": {"precision": 0.725462962962963, "recall": 0.7406126482213439, "f1-score": 0.6854460093896713, "support": 67.0}, "weighted avg": {"precision": 0.7882946379215037, "recall": 0.6865671641791045, "f1-score": 0.6913320720341951, "support": 67.0}}