{"best_estimator": "HistGradientBoostingClassifier()", "best_score": 0.6398668786646352, "test_score": 0.6939229249011857}