{"best_estimator": "HistGradientBoostingClassifier(learning_rate=0.01)", "best_score": 0.7241835619509167, "test_score": 0.6355555555555555}