{"best_estimator": "KNeighborsClassifier(n_neighbors=20, p=1)", "best_score": 0.7282186798838997, "test_score": 0.6890316061004961}