{"best_estimator": "KNeighborsClassifier(n_neighbors=10, p=1, weights='distance')", "best_score": 0.7162913625072029, "test_score": 0.8018099547511313}