{"best_estimator": "KNeighborsClassifier(n_neighbors=25, p=1)", "best_score": 0.7033604159876417, "test_score": 0.8888888888888888}