{"best_estimator": "RandomForestClassifier(max_depth=2, n_estimators=200)", "best_score": 0.7243082613640401, "test_score": 0.7656330749354006}