{"best_estimator": "RandomForestClassifier(max_depth=2, n_estimators=300)", "best_score": 0.7601842708578811, "test_score": 0.6148148148148148}