{"0": {"precision": 0.9230769230769231, "recall": 0.5454545454545454, "f1-score": 0.6857142857142857, "support": 44.0}, "1": {"precision": 0.5121951219512195, "recall": 0.9130434782608695, "f1-score": 0.65625, "support": 23.0}, "accuracy": 0.6716417910447762, "macro avg": {"precision": 0.7176360225140713, "recall": 0.7292490118577075, "f1-score": 0.6709821428571429, "support": 67.0}, "weighted avg": {"precision": 0.7820279465710847, "recall": 0.6716417910447762, "f1-score": 0.6755996801705757, "support": 67.0}}