{"best_estimator": "AdaBoostClassifier(algorithm='SAMME', learning_rate=0.1)", "best_score": 0.7647153368170172, "test_score": 0.7634617650524331}