{"best_estimator": "BernoulliNB()", "best_score": 0.5936364420057558, "test_score": 0.48997493734335845}