{"best_estimator": "BernoulliNB()", "best_score": 0.5925078602206575, "test_score": 0.47727272727272724}