{"best_estimator": "BernoulliNB()", "best_score": 0.5860151915284304, "test_score": 0.5295454545454545}