{"best_estimator": "BernoulliNB()", "best_score": 0.5921402930821855, "test_score": 0.38697916666666665}