{"0": {"precision": 0.875, "recall": 0.25925925925925924, "f1-score": 0.4, "support": 27.0}, "1": {"precision": 0.375, "recall": 0.9230769230769231, "f1-score": 0.5333333333333333, "support": 13.0}, "accuracy": 0.475, "macro avg": {"precision": 0.625, "recall": 0.5911680911680912, "f1-score": 0.4666666666666667, "support": 40.0}, "weighted avg": {"precision": 0.7125, "recall": 0.475, "f1-score": 0.44333333333333336, "support": 40.0}}