{"0": {"precision": 1.0, "recall": 0.32142857142857145, "f1-score": 0.4864864864864865, "support": 28.0}, "1": {"precision": 0.40625, "recall": 1.0, "f1-score": 0.5777777777777777, "support": 13.0}, "accuracy": 0.5365853658536586, "macro avg": {"precision": 0.703125, "recall": 0.6607142857142857, "f1-score": 0.5321321321321322, "support": 41.0}, "weighted avg": {"precision": 0.8117378048780488, "recall": 0.5365853658536586, "f1-score": 0.5154325056764082, "support": 41.0}}