{"best_estimator": "HistGradientBoostingClassifier(learning_rate=0.05)", "best_score": 0.7581260798365348, "test_score": 0.764329268292683}