{"0": {"precision": 0.9090909090909091, "recall": 0.7142857142857143, "f1-score": 0.8, "support": 28.0}, "1": {"precision": 0.5789473684210527, "recall": 0.8461538461538461, "f1-score": 0.6875, "support": 13.0}, "accuracy": 0.7560975609756098, "macro avg": {"precision": 0.7440191387559809, "recall": 0.7802197802197802, "f1-score": 0.74375, "support": 41.0}, "weighted avg": {"precision": 0.8044112498541254, "recall": 0.7560975609756098, "f1-score": 0.764329268292683, "support": 41.0}}