{"best_estimator": "HistGradientBoostingClassifier()", "best_score": 0.7777393771059631, "test_score": 0.6284067085953878}