{"best_estimator": "HistGradientBoostingClassifier()", "best_score": 0.7336089085822858, "test_score": 0.6830721003134796}