{"0": {"precision": 0.8260869565217391, "recall": 0.7037037037037037, "f1-score": 0.76, "support": 27.0}, "1": {"precision": 0.5294117647058824, "recall": 0.6923076923076923, "f1-score": 0.6, "support": 13.0}, "accuracy": 0.7, "macro avg": {"precision": 0.6777493606138107, "recall": 0.698005698005698, "f1-score": 0.6799999999999999, "support": 40.0}, "weighted avg": {"precision": 0.7296675191815857, "recall": 0.7, "f1-score": 0.708, "support": 40.0}}