{"best_estimator": "KNeighborsClassifier(n_neighbors=25, p=3, weights='distance')", "best_score": 0.688972404635287, "test_score": 0.7821083172147002}