{"0": {"precision": 0.8333333333333334, "recall": 0.5555555555555556, "f1-score": 0.6666666666666666, "support": 27.0}, "1": {"precision": 0.45454545454545453, "recall": 0.7692307692307693, "f1-score": 0.5714285714285714, "support": 13.0}, "accuracy": 0.625, "macro avg": {"precision": 0.6439393939393939, "recall": 0.6623931623931625, "f1-score": 0.6190476190476191, "support": 40.0}, "weighted avg": {"precision": 0.7102272727272727, "recall": 0.625, "f1-score": 0.6357142857142857, "support": 40.0}}