{"best_estimator": "KNeighborsClassifier(n_neighbors=10, p=3, weights='distance')", "best_score": 0.7146453735690776, "test_score": 0.764466762314682}