{"best_estimator": "RandomForestClassifier(n_estimators=150)", "best_score": 0.6072692507676212, "test_score": 0.7684587813620072}