{"best_estimator": "RandomForestClassifier(n_estimators=150)", "best_score": 0.6319868144963987, "test_score": 0.6416666666666667}