{"0": {"precision": 0.7241379310344828, "recall": 0.75, "f1-score": 0.7368421052631579, "support": 28.0}, "1": {"precision": 0.4166666666666667, "recall": 0.38461538461538464, "f1-score": 0.4, "support": 13.0}, "accuracy": 0.6341463414634146, "macro avg": {"precision": 0.5704022988505747, "recall": 0.5673076923076923, "f1-score": 0.5684210526315789, "support": 41.0}, "weighted avg": {"precision": 0.6266470423324922, "recall": 0.6341463414634146, "f1-score": 0.6300385109114249, "support": 41.0}}