{"best_estimator": "RandomForestClassifier(n_estimators=400)", "best_score": 0.6439976398633361, "test_score": 0.7358934169278997}