{"best_estimator": "RandomForestClassifier(n_estimators=400)", "best_score": 0.633308407550041, "test_score": 0.8181922196796337}