{"best_estimator": "RandomForestClassifier()", "best_score": 0.6374630541520417, "test_score": 0.6623569794050344}