{"best_estimator": "BernoulliNB()", "best_score": 0.5416681283152001, "test_score": 0.6029859571322986}