{"best_estimator": "BernoulliNB()", "best_score": 0.5308902220423009, "test_score": 0.4278074866310161}