{"best_estimator": "BernoulliNB()", "best_score": 0.5374173026970965, "test_score": 0.5687925170068027}