{"best_estimator": "HistGradientBoostingClassifier(learning_rate=0.01)", "best_score": 0.7090994428554009, "test_score": 0.5505116959064327}