{"best_estimator": "HistGradientBoostingClassifier(learning_rate=0.05)", "best_score": 0.656992460528147, "test_score": 0.7201576576576576}