{"best_estimator": "HistGradientBoostingClassifier(learning_rate=0.01)", "best_score": 0.6584068434346566, "test_score": 0.6055335968379446}