{"best_estimator": "HistGradientBoostingClassifier(learning_rate=0.01)", "best_score": 0.6583737104974684, "test_score": 0.6822916666666667}