{"best_estimator": "HistGradientBoostingClassifier(learning_rate=0.01)", "best_score": 0.6772335411512592, "test_score": 0.6640650406504065}