{"best_estimator": "HistGradientBoostingClassifier(learning_rate=0.01)", "best_score": 0.6183736309164259, "test_score": 0.6298701298701298}