{"0": {"precision": 0.8571428571428571, "recall": 0.9473684210526315, "f1-score": 0.9, "support": 19.0}, "1": {"precision": 0.9090909090909091, "recall": 0.7692307692307693, "f1-score": 0.8333333333333334, "support": 13.0}, "accuracy": 0.875, "macro avg": {"precision": 0.8831168831168831, "recall": 0.8582995951417004, "f1-score": 0.8666666666666667, "support": 32.0}, "weighted avg": {"precision": 0.8782467532467533, "recall": 0.875, "f1-score": 0.8729166666666668, "support": 32.0}}