{"0": {"precision": 0.7692307692307693, "recall": 0.5, "f1-score": 0.6060606060606061, "support": 20.0}, "1": {"precision": 0.5, "recall": 0.7692307692307693, "f1-score": 0.6060606060606061, "support": 13.0}, "accuracy": 0.6060606060606061, "macro avg": {"precision": 0.6346153846153846, "recall": 0.6346153846153846, "f1-score": 0.6060606060606061, "support": 33.0}, "weighted avg": {"precision": 0.6631701631701632, "recall": 0.6060606060606061, "f1-score": 0.6060606060606061, "support": 33.0}}