{"best_estimator": "RandomForestClassifier(criterion='entropy', n_estimators=300)", "best_score": 0.6095700892838931, "test_score": 0.6464077412513256}