{"best_estimator": "BernoulliNB()", "best_score": 0.48627503721196047, "test_score": 0.5348660556033829}