{"best_estimator": "BernoulliNB()", "best_score": 0.4917216393363034, "test_score": 0.45029624753127057}