{"best_estimator": "BernoulliNB()", "best_score": 0.4824142800289441, "test_score": 0.4658064516129032}