{"best_estimator": "HistGradientBoostingClassifier(learning_rate=0.01)", "best_score": 0.5849460535382857, "test_score": 0.5997048281678262}