{"best_estimator": "HistGradientBoostingClassifier(learning_rate=0.5)", "best_score": 0.5178669224971395, "test_score": 0.7070881432732766}