{"best_estimator": "HistGradientBoostingClassifier(learning_rate=0.05)", "best_score": 0.5805757059103758, "test_score": 0.5769050958391772}