{"best_estimator": "KNeighborsClassifier(n_neighbors=7, p=3)", "best_score": 0.575811813843537, "test_score": 0.5694249649368863}