{"best_estimator": "KNeighborsClassifier(n_neighbors=10, weights='distance')", "best_score": 0.5680080558282372, "test_score": 0.5129032258064516}