{"0": {"precision": 0.47368421052631576, "recall": 0.47368421052631576, "f1-score": 0.47368421052631576, "support": 19.0}, "1": {"precision": 0.16666666666666666, "recall": 0.16666666666666666, "f1-score": 0.16666666666666666, "support": 12.0}, "accuracy": 0.3548387096774194, "macro avg": {"precision": 0.3201754385964912, "recall": 0.3201754385964912, "f1-score": 0.3201754385964912, "support": 31.0}, "weighted avg": {"precision": 0.3548387096774194, "recall": 0.3548387096774194, "f1-score": 0.3548387096774194, "support": 31.0}}