{"best_estimator": "RandomForestClassifier(criterion='log_loss')", "best_score": 0.6113956092467889, "test_score": 0.5824884792626728}