{"best_estimator": "RandomForestClassifier(n_estimators=300)", "best_score": 0.5789399253181893, "test_score": 0.48000000000000004}