{"best_estimator": "RandomForestClassifier(criterion='entropy', n_estimators=400)", "best_score": 0.5334715963121426, "test_score": 0.6883562996012161}