{"0": {"precision": 0.75, "recall": 0.8823529411764706, "f1-score": 0.8108108108108109, "support": 17.0}, "1": {"precision": 0.8181818181818182, "recall": 0.6428571428571429, "f1-score": 0.72, "support": 14.0}, "accuracy": 0.7741935483870968, "macro avg": {"precision": 0.7840909090909092, "recall": 0.7626050420168067, "f1-score": 0.7654054054054054, "support": 31.0}, "weighted avg": {"precision": 0.780791788856305, "recall": 0.7741935483870968, "f1-score": 0.7697994768962511, "support": 31.0}}