{"best_estimator": "BernoulliNB()", "best_score": 0.5501544064150318, "test_score": 0.8689869835880022}