{"0": {"precision": 0.5416666666666666, "recall": 0.7222222222222222, "f1-score": 0.6190476190476191, "support": 18.0}, "1": {"precision": 0.2857142857142857, "recall": 0.15384615384615385, "f1-score": 0.2, "support": 13.0}, "accuracy": 0.4838709677419355, "macro avg": {"precision": 0.41369047619047616, "recall": 0.43803418803418803, "f1-score": 0.4095238095238095, "support": 31.0}, "weighted avg": {"precision": 0.434331797235023, "recall": 0.4838709677419355, "f1-score": 0.4433179723502304, "support": 31.0}}