{"0": {"precision": 0.5238095238095238, "recall": 0.6470588235294118, "f1-score": 0.5789473684210527, "support": 17.0}, "1": {"precision": 0.3333333333333333, "recall": 0.23076923076923078, "f1-score": 0.2727272727272727, "support": 13.0}, "accuracy": 0.4666666666666667, "macro avg": {"precision": 0.4285714285714286, "recall": 0.43891402714932126, "f1-score": 0.4258373205741627, "support": 30.0}, "weighted avg": {"precision": 0.44126984126984126, "recall": 0.4666666666666667, "f1-score": 0.4462519936204147, "support": 30.0}}