{"best_estimator": "BernoulliNB()", "best_score": 0.5540788509735878, "test_score": 0.6163126147390506}