{"best_estimator": "HistGradientBoostingClassifier(learning_rate=0.01)", "best_score": 0.7503753145218692, "test_score": 0.7435619409053944}