{"best_estimator": "HistGradientBoostingClassifier(learning_rate=0.01)", "best_score": 0.7216482181427992, "test_score": 0.6780913978494624}