{"best_estimator": "KNeighborsClassifier(n_neighbors=25, p=3, weights='distance')", "best_score": 0.7252478914866954, "test_score": 0.7751493428912785}