{"0": {"precision": 0.68, "recall": 0.85, "f1-score": 0.7555555555555555, "support": 20.0}, "1": {"precision": 0.85, "recall": 0.68, "f1-score": 0.7555555555555555, "support": 25.0}, "accuracy": 0.7555555555555555, "macro avg": {"precision": 0.765, "recall": 0.765, "f1-score": 0.7555555555555555, "support": 45.0}, "weighted avg": {"precision": 0.7744444444444445, "recall": 0.7555555555555555, "f1-score": 0.7555555555555555, "support": 45.0}}