{"best_estimator": "AdaBoostClassifier(algorithm='SAMME', learning_rate=0.01, n_estimators=400)", "best_score": 0.7620156483631984, "test_score": 0.6890316061004961}