{"best_estimator": "BernoulliNB()", "best_score": 0.581526739056927, "test_score": 0.48272195640616694}