{"best_estimator": "BernoulliNB()", "best_score": 0.5548985508226082, "test_score": 0.5390946502057612}