{"best_estimator": "BernoulliNB()", "best_score": 0.5516379847730801, "test_score": 0.6779010962902623}