{"best_estimator": "BernoulliNB()", "best_score": 0.5580073089273233, "test_score": 0.6022397018508897}