{"best_estimator": "HistGradientBoostingClassifier()", "best_score": 0.7458785196067671, "test_score": 0.5555555555555556}