{"best_estimator": "HistGradientBoostingClassifier()", "best_score": 0.7124334515020542, "test_score": 0.8046253469010175}