{"best_estimator": "HistGradientBoostingClassifier(learning_rate=0.05)", "best_score": 0.6792662848079095, "test_score": 0.7689594356261024}