{"best_estimator": "KNeighborsClassifier(n_neighbors=25, p=1)", "best_score": 0.6787084277423646, "test_score": 0.9339366515837104}