{"best_estimator": "KNeighborsClassifier(n_neighbors=25, p=1, weights='distance')", "best_score": 0.651195087387813, "test_score": 0.7315828957239311}