{"best_estimator": "RandomForestClassifier()", "best_score": 0.7402211950278657, "test_score": 0.761208757323466}