{"best_estimator": "RandomForestClassifier(criterion='log_loss')", "best_score": 0.7571917120992533, "test_score": 0.7777777777777778}