{"best_estimator": "RandomForestClassifier(criterion='log_loss')", "best_score": 0.783189170983629, "test_score": 0.679686865129886}