{"best_estimator": "RandomForestClassifier(max_depth=2)", "best_score": 0.7579918548870527, "test_score": 0.7407465311706077}