{"0": {"precision": 0.6666666666666666, "recall": 0.7, "f1-score": 0.6829268292682927, "support": 20.0}, "1": {"precision": 0.75, "recall": 0.72, "f1-score": 0.7346938775510204, "support": 25.0}, "accuracy": 0.7111111111111111, "macro avg": {"precision": 0.7083333333333333, "recall": 0.71, "f1-score": 0.7088103534096566, "support": 45.0}, "weighted avg": {"precision": 0.7129629629629629, "recall": 0.7111111111111111, "f1-score": 0.7116863005364747, "support": 45.0}}