{"precision": 0.7782795491400631, "recall": 0.752635160925861, "f1": 0.7534125096767879}