{"0": {"precision": 0.5714285714285714, "recall": 0.42105263157894735, "f1-score": 0.48484848484848486, "support": 19.0}, "1": {"precision": 0.6206896551724138, "recall": 0.75, "f1-score": 0.6792452830188679, "support": 24.0}, "accuracy": 0.6046511627906976, "macro avg": {"precision": 0.5960591133004927, "recall": 0.5855263157894737, "f1-score": 0.5820468839336763, "support": 43.0}, "weighted avg": {"precision": 0.5989231297972277, "recall": 0.6046511627906976, "f1-score": 0.5933490233621871, "support": 43.0}}