{"best_estimator": "BernoulliNB()", "best_score": 0.4328517487605891, "test_score": 0.5723065345541203}