{"best_estimator": "BernoulliNB()", "best_score": 0.4654607307971709, "test_score": 0.3092298647854203}