{"best_estimator": "BernoulliNB()", "best_score": 0.46395409893078865, "test_score": 0.19444444444444445}