{"best_estimator": "BernoulliNB()", "best_score": 0.4256452922422943, "test_score": 0.780952380952381}