{"best_estimator": "KNeighborsClassifier(n_neighbors=25)", "best_score": 0.7180376675426666, "test_score": 0.8666666666666667}