{"best_estimator": "KNeighborsClassifier(n_neighbors=20, p=1)", "best_score": 0.7355201743731472, "test_score": 0.7315828957239311}