{"best_estimator": "KNeighborsClassifier(n_neighbors=25, p=1)", "best_score": 0.7233459044286377, "test_score": 0.7603042450406001}