{"best_estimator": "KNeighborsClassifier(n_neighbors=20)", "best_score": 0.7378004466686585, "test_score": 0.7478991596638656}