{"best_estimator": "RandomForestClassifier(max_depth=2, n_estimators=150)", "best_score": 0.7677588198399927, "test_score": 0.6755996801705757}