{"best_estimator": "RandomForestClassifier(max_depth=2, n_estimators=200)", "best_score": 0.7643457008094549, "test_score": 0.7478991596638656}