{"best_estimator": "RandomForestClassifier(max_depth=2)", "best_score": 0.7422932781880993, "test_score": 0.8054298642533937}