{"best_estimator": "RandomForestClassifier(max_depth=2, n_estimators=150)", "best_score": 0.7313730042697291, "test_score": 0.7656330749354006}