{"0": {"precision": 0.5581395348837209, "recall": 0.7058823529411765, "f1-score": 0.6233766233766234, "support": 34.0}, "1": {"precision": 0.2857142857142857, "recall": 0.17391304347826086, "f1-score": 0.21621621621621623, "support": 23.0}, "accuracy": 0.49122807017543857, "macro avg": {"precision": 0.4219269102990033, "recall": 0.4398976982097187, "f1-score": 0.4197964197964198, "support": 57.0}, "weighted avg": {"precision": 0.4482135571486856, "recall": 0.49122807017543857, "f1-score": 0.45908382750488014, "support": 57.0}}