{"best_estimator": "BernoulliNB()", "best_score": 0.5175468690803071, "test_score": 0.5928571428571429}