{"best_estimator": "BernoulliNB()", "best_score": 0.516139445844674, "test_score": 0.5493925610884675}