{"0": {"precision": 0.6060606060606061, "recall": 0.7142857142857143, "f1-score": 0.6557377049180327, "support": 28.0}, "1": {"precision": 0.6190476190476191, "recall": 0.5, "f1-score": 0.5531914893617021, "support": 26.0}, "accuracy": 0.6111111111111112, "macro avg": {"precision": 0.6125541125541125, "recall": 0.6071428571428572, "f1-score": 0.6044645971398674, "support": 54.0}, "weighted avg": {"precision": 0.6123136123136123, "recall": 0.6111111111111112, "f1-score": 0.6063636011316513, "support": 54.0}}