{"best_estimator": "HistGradientBoostingClassifier()", "best_score": 0.5734403090016015, "test_score": 0.40792540792540793}