{"best_estimator": "KNeighborsClassifier(n_neighbors=25, p=3)", "best_score": 0.5399430919063788, "test_score": 0.5952380952380952}