{"best_estimator": "KNeighborsClassifier(n_neighbors=15, p=1)", "best_score": 0.5446130304093835, "test_score": 0.41357040187449545}