{"best_estimator": "KNeighborsClassifier(n_neighbors=15)", "best_score": 0.5435310714669557, "test_score": 0.37550239234449756}