{"0": {"precision": 0.35294117647058826, "recall": 0.75, "f1-score": 0.48, "support": 8.0}, "1": {"precision": 0.6, "recall": 0.21428571428571427, "f1-score": 0.3157894736842105, "support": 14.0}, "accuracy": 0.4090909090909091, "macro avg": {"precision": 0.4764705882352941, "recall": 0.48214285714285715, "f1-score": 0.39789473684210525, "support": 22.0}, "weighted avg": {"precision": 0.5101604278074867, "recall": 0.4090909090909091, "f1-score": 0.37550239234449756, "support": 22.0}}