{"0": {"precision": 0.7380952380952381, "recall": 0.7560975609756098, "f1-score": 0.7469879518072289, "support": 41.0}, "1": {"precision": 0.3333333333333333, "recall": 0.3125, "f1-score": 0.3225806451612903, "support": 16.0}, "accuracy": 0.631578947368421, "macro avg": {"precision": 0.5357142857142857, "recall": 0.5342987804878049, "f1-score": 0.5347842984842596, "support": 57.0}, "weighted avg": {"precision": 0.6244778613199666, "recall": 0.631578947368421, "f1-score": 0.6278560762574917, "support": 57.0}}