{"0": {"precision": 0.6666666666666666, "recall": 0.7058823529411765, "f1-score": 0.6857142857142857, "support": 34.0}, "1": {"precision": 0.5238095238095238, "recall": 0.4782608695652174, "f1-score": 0.5, "support": 23.0}, "accuracy": 0.6140350877192983, "macro avg": {"precision": 0.5952380952380952, "recall": 0.592071611253197, "f1-score": 0.5928571428571429, "support": 57.0}, "weighted avg": {"precision": 0.6090225563909774, "recall": 0.6140350877192983, "f1-score": 0.6107769423558898, "support": 57.0}}