{"best_estimator": "RandomForestClassifier(n_estimators=300)", "best_score": 0.5460119805305105, "test_score": 0.4230051873870723}