{"best_estimator": "RandomForestClassifier(criterion='entropy', n_estimators=300)", "best_score": 0.6193770017642181, "test_score": 0.7007168458781362}