{"best_estimator": "RandomForestClassifier(n_estimators=400)", "best_score": 0.5766863801739313, "test_score": 0.497675164341831}