{"best_estimator": "RandomForestClassifier(criterion='log_loss')", "best_score": 0.602791063911172, "test_score": 0.46315789473684205}