{"0": {"precision": 0.5384615384615384, "recall": 0.7368421052631579, "f1-score": 0.6222222222222222, "support": 19.0}, "1": {"precision": 0.0, "recall": 0.0, "f1-score": 0.0, "support": 12.0}, "accuracy": 0.45161290322580644, "macro avg": {"precision": 0.2692307692307692, "recall": 0.3684210526315789, "f1-score": 0.3111111111111111, "support": 31.0}, "weighted avg": {"precision": 0.3300248138957816, "recall": 0.45161290322580644, "f1-score": 0.3813620071684588, "support": 31.0}}