{"best_estimator": "BernoulliNB()", "best_score": 0.4665934564875327, "test_score": 0.5115749525616698}