{"best_estimator": "BernoulliNB()", "best_score": 0.4768709923691228, "test_score": 0.4658064516129032}