{"best_estimator": "BernoulliNB()", "best_score": 0.5005133793660989, "test_score": 0.4112903225806452}