{"best_estimator": "HistGradientBoostingClassifier()", "best_score": 0.5395272433882934, "test_score": 0.6724674589700056}