{"0": {"precision": 0.5238095238095238, "recall": 0.6111111111111112, "f1-score": 0.5641025641025641, "support": 18.0}, "1": {"precision": 0.3, "recall": 0.23076923076923078, "f1-score": 0.2608695652173913, "support": 13.0}, "accuracy": 0.45161290322580644, "macro avg": {"precision": 0.4119047619047619, "recall": 0.420940170940171, "f1-score": 0.4124860646599777, "support": 31.0}, "weighted avg": {"precision": 0.42995391705069125, "recall": 0.45161290322580644, "f1-score": 0.43694033876362065, "support": 31.0}}