{"best_estimator": "HistGradientBoostingClassifier(learning_rate=0.5)", "best_score": 0.5421049498365176, "test_score": 0.5191627060370109}