{"0": {"precision": 0.7083333333333334, "recall": 0.9444444444444444, "f1-score": 0.8095238095238095, "support": 18.0}, "1": {"precision": 0.8571428571428571, "recall": 0.46153846153846156, "f1-score": 0.6, "support": 13.0}, "accuracy": 0.7419354838709677, "macro avg": {"precision": 0.7827380952380952, "recall": 0.7029914529914529, "f1-score": 0.7047619047619047, "support": 31.0}, "weighted avg": {"precision": 0.7707373271889401, "recall": 0.7419354838709677, "f1-score": 0.7216589861751151, "support": 31.0}}