{"best_estimator": "KNeighborsClassifier(n_neighbors=10, p=3)", "best_score": 0.6379387164624664, "test_score": 0.7216589861751151}