{"best_estimator": "KNeighborsClassifier(p=3, weights='distance')", "best_score": 0.6222874186482927, "test_score": 0.5299120234604107}