{"best_estimator": "KNeighborsClassifier(p=3, weights='distance')", "best_score": 0.6008855406855749, "test_score": 0.4733137829912023}