{"best_estimator": "KNeighborsClassifier(n_neighbors=10, p=3)", "best_score": 0.5848630746875859, "test_score": 0.5997048281678262}