{"best_estimator": "RandomForestClassifier(criterion='log_loss', n_estimators=150)", "best_score": 0.5902897130689586, "test_score": 0.5694249649368863}