{"best_estimator": "RandomForestClassifier(criterion='log_loss', n_estimators=200)", "best_score": 0.5491308075565542, "test_score": 0.5833653007846556}