{"best_estimator": "RandomForestClassifier(n_estimators=400)", "best_score": 0.5630318762131237, "test_score": 0.6129032258064516}