{"0": {"precision": 0.5714285714285714, "recall": 0.96, "f1-score": 0.7164179104477612, "support": 25.0}, "1": {"precision": 0.0, "recall": 0.0, "f1-score": 0.0, "support": 18.0}, "accuracy": 0.5581395348837209, "macro avg": {"precision": 0.2857142857142857, "recall": 0.48, "f1-score": 0.3582089552238806, "support": 43.0}, "weighted avg": {"precision": 0.3322259136212624, "recall": 0.5581395348837209, "f1-score": 0.41652204095800066, "support": 43.0}}