{"best_estimator": "BernoulliNB()", "best_score": 0.521216166772687, "test_score": 0.41652204095800066}