{"best_estimator": "BernoulliNB()", "best_score": 0.5085279980673296, "test_score": 0.5681496881496882}