{"best_estimator": "BernoulliNB()", "best_score": 0.4956453975980599, "test_score": 0.6192226890756302}