{"best_estimator": "BernoulliNB()", "best_score": 0.5290864008563088, "test_score": 0.5333333333333334}