{"best_estimator": "BernoulliNB()", "best_score": 0.5310416978162007, "test_score": 0.6118701007838746}