{"0": {"precision": 0.5833333333333334, "recall": 0.875, "f1-score": 0.7, "support": 8.0}, "1": {"precision": 0.8333333333333334, "recall": 0.5, "f1-score": 0.625, "support": 10.0}, "accuracy": 0.6666666666666666, "macro avg": {"precision": 0.7083333333333334, "recall": 0.6875, "f1-score": 0.6625, "support": 18.0}, "weighted avg": {"precision": 0.7222222222222222, "recall": 0.6666666666666666, "f1-score": 0.6583333333333333, "support": 18.0}}