{"0": {"precision": 0.5142857142857142, "recall": 0.782608695652174, "f1-score": 0.6206896551724138, "support": 23.0}, "1": {"precision": 0.5833333333333334, "recall": 0.2916666666666667, "f1-score": 0.3888888888888889, "support": 24.0}, "accuracy": 0.5319148936170213, "macro avg": {"precision": 0.5488095238095239, "recall": 0.5371376811594203, "f1-score": 0.5047892720306514, "support": 47.0}, "weighted avg": {"precision": 0.5495440729483283, "recall": 0.5319148936170213, "f1-score": 0.5023233064318905, "support": 47.0}}