{"best_estimator": "BernoulliNB()", "best_score": 0.5212467655498446, "test_score": 0.6583333333333333}