{"best_estimator": "HistGradientBoostingClassifier(learning_rate=0.01)", "best_score": 0.6537674863280607, "test_score": 0.7701863354037267}