{"best_estimator": "HistGradientBoostingClassifier(learning_rate=0.5)", "best_score": 0.6358949189928669, "test_score": 0.5879188065541696}