{"best_estimator": "KNeighborsClassifier(p=3)", "best_score": 0.6885830341640607, "test_score": 0.6469622331691297}