{"0": {"precision": 0.7857142857142857, "recall": 0.6875, "f1-score": 0.7333333333333333, "support": 32.0}, "1": {"precision": 0.47368421052631576, "recall": 0.6, "f1-score": 0.5294117647058824, "support": 15.0}, "accuracy": 0.6595744680851063, "macro avg": {"precision": 0.6296992481203008, "recall": 0.64375, "f1-score": 0.6313725490196078, "support": 47.0}, "weighted avg": {"precision": 0.6861302191649336, "recall": 0.6595744680851063, "f1-score": 0.6682519816437212, "support": 47.0}}