{"best_estimator": "RandomForestClassifier()", "best_score": 0.5876508604582726, "test_score": 0.5527862208713272}