{"best_estimator": "AdaBoostClassifier(algorithm='SAMME', learning_rate=0.05)", "best_score": 0.6862997356092662, "test_score": 0.6983965923624103}