{"best_estimator": "BernoulliNB()", "best_score": 0.6058347697599714, "test_score": 0.3120567375886525}