{"best_estimator": "BernoulliNB()", "best_score": 0.5355653231665203, "test_score": 0.7301587301587301}