{"best_estimator": "BernoulliNB()", "best_score": 0.5763259249740359, "test_score": 0.7195767195767195}