{"best_estimator": "BernoulliNB()", "best_score": 0.541517578419823, "test_score": 0.576484214138641}