{"best_estimator": "BernoulliNB()", "best_score": 0.5590237029099706, "test_score": 0.6388888888888888}