{"best_estimator": "HistGradientBoostingClassifier(learning_rate=0.001)", "best_score": 0.6513685200492036, "test_score": 0.7082868821999256}