{"0": {"precision": 0.5652173913043478, "recall": 0.4482758620689655, "f1-score": 0.5, "support": 29.0}, "1": {"precision": 0.4074074074074074, "recall": 0.5238095238095238, "f1-score": 0.4583333333333333, "support": 21.0}, "accuracy": 0.48, "macro avg": {"precision": 0.48631239935587756, "recall": 0.4860426929392447, "f1-score": 0.47916666666666663, "support": 50.0}, "weighted avg": {"precision": 0.49893719806763287, "recall": 0.48, "f1-score": 0.4825, "support": 50.0}}