{"best_estimator": "HistGradientBoostingClassifier()", "best_score": 0.6558865306832962, "test_score": 0.6488073772603162}