{"best_estimator": "HistGradientBoostingClassifier(learning_rate=0.01)", "best_score": 0.642743358596097, "test_score": 0.6564570181591458}