{"0": {"precision": 0.6451612903225806, "recall": 0.6896551724137931, "f1-score": 0.6666666666666666, "support": 29.0}, "1": {"precision": 0.5263157894736842, "recall": 0.47619047619047616, "f1-score": 0.5, "support": 21.0}, "accuracy": 0.6, "macro avg": {"precision": 0.5857385398981324, "recall": 0.5829228243021347, "f1-score": 0.5833333333333333, "support": 50.0}, "weighted avg": {"precision": 0.5952461799660442, "recall": 0.6, "f1-score": 0.5966666666666667, "support": 50.0}}