{"0": {"precision": 1.0, "recall": 0.44, "f1-score": 0.6111111111111112, "support": 25.0}, "1": {"precision": 0.5625, "recall": 1.0, "f1-score": 0.72, "support": 18.0}, "accuracy": 0.6744186046511628, "macro avg": {"precision": 0.78125, "recall": 0.72, "f1-score": 0.6655555555555556, "support": 43.0}, "weighted avg": {"precision": 0.8168604651162791, "recall": 0.6744186046511628, "f1-score": 0.6566925064599484, "support": 43.0}}