{"best_estimator": "RandomForestClassifier(criterion='entropy', n_estimators=300)", "best_score": 0.5135667073655765, "test_score": 0.6730462519936203}