{"0": {"precision": 0.7142857142857143, "recall": 0.8, "f1-score": 0.7547169811320755, "support": 25.0}, "1": {"precision": 0.6666666666666666, "recall": 0.5555555555555556, "f1-score": 0.6060606060606061, "support": 18.0}, "accuracy": 0.6976744186046512, "macro avg": {"precision": 0.6904761904761905, "recall": 0.6777777777777778, "f1-score": 0.6803887935963409, "support": 43.0}, "weighted avg": {"precision": 0.6943521594684385, "recall": 0.6976744186046512, "f1-score": 0.6924887311021581, "support": 43.0}}