{"0": {"precision": 0.5625, "recall": 0.782608695652174, "f1-score": 0.6545454545454545, "support": 23.0}, "1": {"precision": 0.6666666666666666, "recall": 0.4166666666666667, "f1-score": 0.5128205128205128, "support": 24.0}, "accuracy": 0.5957446808510638, "macro avg": {"precision": 0.6145833333333333, "recall": 0.5996376811594203, "f1-score": 0.5836829836829837, "support": 47.0}, "weighted avg": {"precision": 0.6156914893617021, "recall": 0.5957446808510638, "f1-score": 0.5821752715369737, "support": 47.0}}