{"best_estimator": "RandomForestClassifier(criterion='log_loss', n_estimators=400)", "best_score": 0.49233744376485655, "test_score": 0.6963194580157644}