{"best_estimator": "BernoulliNB()", "best_score": 0.6243972903035194, "test_score": 0.6075291592532972}