{"best_estimator": "BernoulliNB()", "best_score": 0.6251985002738241, "test_score": 0.6087662337662337}