{"0": {"precision": 0.7727272727272727, "recall": 0.8947368421052632, "f1-score": 0.8292682926829268, "support": 19.0}, "1": {"precision": 0.8, "recall": 0.6153846153846154, "f1-score": 0.6956521739130435, "support": 13.0}, "accuracy": 0.78125, "macro avg": {"precision": 0.7863636363636364, "recall": 0.7550607287449393, "f1-score": 0.7624602332979851, "support": 32.0}, "weighted avg": {"precision": 0.7838068181818182, "recall": 0.78125, "f1-score": 0.7749867444326617, "support": 32.0}}