{"best_estimator": "HistGradientBoostingClassifier(learning_rate=0.5)", "best_score": 0.5755549077978233, "test_score": 0.7589225589225589}