{"best_estimator": "HistGradientBoostingClassifier()", "best_score": 0.583270646686827, "test_score": 0.6488461538461539}