{"best_estimator": "HistGradientBoostingClassifier(learning_rate=0.5)", "best_score": 0.6104270466752804, "test_score": 0.5781144781144781}