{"best_estimator": "KNeighborsClassifier(n_neighbors=10, p=3, weights='distance')", "best_score": 0.5851519099912652, "test_score": 0.5829433497536946}