{"0": {"precision": 0.6363636363636364, "recall": 0.3684210526315789, "f1-score": 0.4666666666666667, "support": 19.0}, "1": {"precision": 0.45454545454545453, "recall": 0.7142857142857143, "f1-score": 0.5555555555555556, "support": 14.0}, "accuracy": 0.5151515151515151, "macro avg": {"precision": 0.5454545454545454, "recall": 0.5413533834586466, "f1-score": 0.5111111111111111, "support": 33.0}, "weighted avg": {"precision": 0.559228650137741, "recall": 0.5151515151515151, "f1-score": 0.5043771043771044, "support": 33.0}}