{"best_estimator": "RandomForestClassifier(criterion='entropy', n_estimators=150)", "best_score": 0.5799005238889424, "test_score": 0.8426282051282052}