{"best_estimator": "RandomForestClassifier(criterion='entropy')", "best_score": 0.5702898079554829, "test_score": 0.788669547290237}