{"best_estimator": "RandomForestClassifier(criterion='entropy', n_estimators=150)", "best_score": 0.6081954141461093, "test_score": 0.5428645428645429}