{"best_estimator": "RandomForestClassifier(max_depth=6, n_estimators=400)", "best_score": 0.5559154673922498, "test_score": 0.7543123543123543}