{"precision": 0.728864031283692, "recall": 0.715718395931784, "f1": 0.705660863814977}