{"0": {"precision": 0.5909090909090909, "recall": 0.48148148148148145, "f1-score": 0.5306122448979592, "support": 27.0}, "1": {"precision": 0.2222222222222222, "recall": 0.3076923076923077, "f1-score": 0.25806451612903225, "support": 13.0}, "accuracy": 0.425, "macro avg": {"precision": 0.4065656565656566, "recall": 0.39458689458689455, "f1-score": 0.39433838051349573, "support": 40.0}, "weighted avg": {"precision": 0.47108585858585855, "recall": 0.425, "f1-score": 0.44203423304805795, "support": 40.0}}