{"best_estimator": "HistGradientBoostingClassifier(learning_rate=0.5)", "best_score": 0.5686495089586079, "test_score": 0.558466819221968}