{"best_estimator": "HistGradientBoostingClassifier(learning_rate=0.5)", "best_score": 0.563858203185237, "test_score": 0.5774294670846395}