{"best_estimator": "HistGradientBoostingClassifier(learning_rate=0.5)", "best_score": 0.5206856884603045, "test_score": 0.5701022816679779}