{"best_estimator": "KNeighborsClassifier(p=1, weights='distance')", "best_score": 0.45432548668751715, "test_score": 0.5742311770943797}