{"best_estimator": "RandomForestClassifier(criterion='log_loss')", "best_score": 0.5575738572967311, "test_score": 0.5246081504702195}