{"best_estimator": "RandomForestClassifier(criterion='entropy', n_estimators=400)", "best_score": 0.5436769633284417, "test_score": 0.5872875092387287}