{"0": {"precision": 0.6923076923076923, "recall": 0.72, "f1-score": 0.7058823529411765, "support": 25.0}, "1": {"precision": 0.5, "recall": 0.4666666666666667, "f1-score": 0.4827586206896552, "support": 15.0}, "accuracy": 0.625, "macro avg": {"precision": 0.5961538461538461, "recall": 0.5933333333333333, "f1-score": 0.5943204868154158, "support": 40.0}, "weighted avg": {"precision": 0.6201923076923077, "recall": 0.625, "f1-score": 0.622210953346856, "support": 40.0}}