{"best_estimator": "BernoulliNB()", "best_score": 0.4579051688388708, "test_score": 0.3351926977687627}