{"best_estimator": "HistGradientBoostingClassifier(learning_rate=0.5)", "best_score": 0.574109452333469, "test_score": 0.636039886039886}