{"best_estimator": "HistGradientBoostingClassifier()", "best_score": 0.5971718028315214, "test_score": 0.6300773694390716}