{"best_estimator": "HistGradientBoostingClassifier(learning_rate=0.5)", "best_score": 0.5666975789437725, "test_score": 0.6147798742138365}