{"0": {"precision": 0.6153846153846154, "recall": 0.6153846153846154, "f1-score": 0.6153846153846154, "support": 26.0}, "1": {"precision": 0.3333333333333333, "recall": 0.3333333333333333, "f1-score": 0.3333333333333333, "support": 15.0}, "accuracy": 0.5121951219512195, "macro avg": {"precision": 0.47435897435897434, "recall": 0.47435897435897434, "f1-score": 0.47435897435897434, "support": 41.0}, "weighted avg": {"precision": 0.5121951219512195, "recall": 0.5121951219512195, "f1-score": 0.5121951219512195, "support": 41.0}}