{"best_estimator": "KNeighborsClassifier(n_neighbors=25, p=3)", "best_score": 0.49524684250336815, "test_score": 0.47138836772983106}