{"best_estimator": "KNeighborsClassifier(p=3, weights='distance')", "best_score": 0.5041108862603002, "test_score": 0.45551378446115287}