{"best_estimator": "RandomForestClassifier(criterion='log_loss')", "best_score": 0.5621118404361963, "test_score": 0.5659146341463415}