{"best_estimator": "RandomForestClassifier(criterion='log_loss', n_estimators=400)", "best_score": 0.6036192220470025, "test_score": 0.7000381388253241}