{"best_estimator": "RandomForestClassifier(criterion='log_loss', n_estimators=300)", "best_score": 0.5259398569738676, "test_score": 0.6769256089532588}