{"best_estimator": "RandomForestClassifier(criterion='entropy', n_estimators=400)", "best_score": 0.509596206902232, "test_score": 0.7763331138907177}