{"best_estimator": "RandomForestClassifier(criterion='log_loss', n_estimators=150)", "best_score": 0.5341399004809825, "test_score": 0.6623780487804878}