{"0": {"precision": 0.625, "recall": 0.5769230769230769, "f1-score": 0.6, "support": 26.0}, "1": {"precision": 0.35294117647058826, "recall": 0.4, "f1-score": 0.375, "support": 15.0}, "accuracy": 0.5121951219512195, "macro avg": {"precision": 0.48897058823529416, "recall": 0.48846153846153845, "f1-score": 0.4875, "support": 41.0}, "weighted avg": {"precision": 0.5254662840746055, "recall": 0.5121951219512195, "f1-score": 0.5176829268292683, "support": 41.0}}