{"0": {"precision": 0.8260869565217391, "recall": 0.7307692307692307, "f1-score": 0.7755102040816326, "support": 26.0}, "1": {"precision": 0.6111111111111112, "recall": 0.7333333333333333, "f1-score": 0.6666666666666666, "support": 15.0}, "accuracy": 0.7317073170731707, "macro avg": {"precision": 0.7185990338164252, "recall": 0.732051282051282, "f1-score": 0.7210884353741496, "support": 41.0}, "weighted avg": {"precision": 0.7474372569812655, "recall": 0.7317073170731707, "f1-score": 0.7356893977103036, "support": 41.0}}