{"best_estimator": "BernoulliNB()", "best_score": 0.5213586128059812, "test_score": 0.5879884605297665}