{"best_estimator": "BernoulliNB()", "best_score": 0.4729068083710997, "test_score": 0.39300202839756593}