{"0": {"precision": 0.5, "recall": 0.12, "f1-score": 0.1935483870967742, "support": 25.0}, "1": {"precision": 0.35294117647058826, "recall": 0.8, "f1-score": 0.4897959183673469, "support": 15.0}, "accuracy": 0.375, "macro avg": {"precision": 0.42647058823529416, "recall": 0.46, "f1-score": 0.34167215273206053, "support": 40.0}, "weighted avg": {"precision": 0.4448529411764707, "recall": 0.375, "f1-score": 0.30464121132323896, "support": 40.0}}