{"best_estimator": "HistGradientBoostingClassifier(learning_rate=0.5)", "best_score": 0.5523758546171741, "test_score": 0.6769256089532588}