{"0": {"precision": 0.7419354838709677, "recall": 0.8846153846153846, "f1-score": 0.8070175438596491, "support": 26.0}, "1": {"precision": 0.7, "recall": 0.4666666666666667, "f1-score": 0.56, "support": 15.0}, "accuracy": 0.7317073170731707, "macro avg": {"precision": 0.7209677419354839, "recall": 0.6756410256410257, "f1-score": 0.6835087719298245, "support": 41.0}, "weighted avg": {"precision": 0.7265932336742722, "recall": 0.7317073170731707, "f1-score": 0.716645271715875, "support": 41.0}}