{"best_estimator": "HistGradientBoostingClassifier()", "best_score": 0.5933027873719124, "test_score": 0.695054945054945}