{"best_estimator": "HistGradientBoostingClassifier()", "best_score": 0.5438054372949418, "test_score": 0.7000381388253241}