{"best_estimator": "HistGradientBoostingClassifier()", "best_score": 0.5986588332590408, "test_score": 0.4917582417582418}