{"best_estimator": "KNeighborsClassifier(n_neighbors=25, p=3, weights='distance')", "best_score": 0.5355669191905645, "test_score": 0.5773921200750468}