{"best_estimator": "KNeighborsClassifier(weights='distance')", "best_score": 0.5089431879070938, "test_score": 0.5568181818181819}