{"best_estimator": "KNeighborsClassifier(n_neighbors=10, p=3, weights='distance')", "best_score": 0.4759119568969831, "test_score": 0.6040100250626567}