{"0": {"precision": 0.7142857142857143, "recall": 0.6, "f1-score": 0.6521739130434783, "support": 25.0}, "1": {"precision": 0.47368421052631576, "recall": 0.6, "f1-score": 0.5294117647058824, "support": 15.0}, "accuracy": 0.6, "macro avg": {"precision": 0.5939849624060151, "recall": 0.6, "f1-score": 0.5907928388746804, "support": 40.0}, "weighted avg": {"precision": 0.6240601503759399, "recall": 0.6, "f1-score": 0.6061381074168798, "support": 40.0}}