{"best_estimator": "RandomForestClassifier()", "best_score": 0.5046379228495371, "test_score": 0.6272218564845293}