{"0": {"precision": 0.7931034482758621, "recall": 0.8846153846153846, "f1-score": 0.8363636363636363, "support": 26.0}, "1": {"precision": 0.75, "recall": 0.6, "f1-score": 0.6666666666666666, "support": 15.0}, "accuracy": 0.7804878048780488, "macro avg": {"precision": 0.771551724137931, "recall": 0.7423076923076923, "f1-score": 0.7515151515151515, "support": 41.0}, "weighted avg": {"precision": 0.7773338940285954, "recall": 0.7804878048780488, "f1-score": 0.7742793791574278, "support": 41.0}}