{"best_estimator": "RandomForestClassifier(criterion='entropy')", "best_score": 0.5058308472101575, "test_score": 0.48188405797101447}