{"best_estimator": "AdaBoostClassifier(algorithm='SAMME', learning_rate=0.5, n_estimators=200)", "best_score": 0.48667234177432644, "test_score": 0.5183673469387754}