{"best_estimator": "BernoulliNB()", "best_score": 0.4382510304010313, "test_score": 0.4633870843402569}