{"best_estimator": "BernoulliNB()", "best_score": 0.357938573428216, "test_score": 0.14632034632034632}