{"0": {"precision": 0.5, "recall": 0.14814814814814814, "f1-score": 0.22857142857142856, "support": 27.0}, "1": {"precision": 0.3783783783783784, "recall": 0.7777777777777778, "f1-score": 0.509090909090909, "support": 18.0}, "accuracy": 0.4, "macro avg": {"precision": 0.4391891891891892, "recall": 0.46296296296296297, "f1-score": 0.3688311688311688, "support": 45.0}, "weighted avg": {"precision": 0.45135135135135135, "recall": 0.4, "f1-score": 0.34077922077922074, "support": 45.0}}