{"best_estimator": "BernoulliNB()", "best_score": 0.4068575657571726, "test_score": 0.5333333333333333}