{"best_estimator": "BernoulliNB()", "best_score": 0.3931585646399185, "test_score": 0.5333333333333333}