{"best_estimator": "BernoulliNB()", "best_score": 0.35962496602953165, "test_score": 0.16666666666666666}