{"best_estimator": "BernoulliNB()", "best_score": 0.37817650681003234, "test_score": 0.24704536789935186}