{"0": {"precision": 1.0, "recall": 0.3333333333333333, "f1-score": 0.5, "support": 12.0}, "1": {"precision": 0.42857142857142855, "recall": 1.0, "f1-score": 0.6, "support": 6.0}, "accuracy": 0.5555555555555556, "macro avg": {"precision": 0.7142857142857143, "recall": 0.6666666666666666, "f1-score": 0.55, "support": 18.0}, "weighted avg": {"precision": 0.8095238095238095, "recall": 0.5555555555555556, "f1-score": 0.5333333333333333, "support": 18.0}}