{"best_estimator": "BernoulliNB()", "best_score": 0.3858820320281902, "test_score": 0.39682539682539686}