{"best_estimator": "HistGradientBoostingClassifier(learning_rate=0.5)", "best_score": 0.49777958440027403, "test_score": 0.6106312292358804}