{"0": {"precision": 0.5, "recall": 0.36363636363636365, "f1-score": 0.42105263157894735, "support": 22.0}, "1": {"precision": 0.5333333333333333, "recall": 0.6666666666666666, "f1-score": 0.5925925925925926, "support": 24.0}, "accuracy": 0.5217391304347826, "macro avg": {"precision": 0.5166666666666666, "recall": 0.5151515151515151, "f1-score": 0.50682261208577, "support": 46.0}, "weighted avg": {"precision": 0.5173913043478261, "recall": 0.5217391304347826, "f1-score": 0.5105517416730231, "support": 46.0}}