{"best_estimator": "HistGradientBoostingClassifier(learning_rate=0.05)", "best_score": 0.5564672999278716, "test_score": 0.4735042735042735}