{"0": {"precision": 0.7857142857142857, "recall": 0.46808510638297873, "f1-score": 0.5866666666666667, "support": 47.0}, "1": {"precision": 0.358974358974359, "recall": 0.7, "f1-score": 0.4745762711864407, "support": 20.0}, "accuracy": 0.5373134328358209, "macro avg": {"precision": 0.5723443223443223, "recall": 0.5840425531914893, "f1-score": 0.5306214689265537, "support": 67.0}, "weighted avg": {"precision": 0.6583292329560987, "recall": 0.5373134328358209, "f1-score": 0.5532068471203305, "support": 67.0}}