{"best_estimator": "KNeighborsClassifier(n_neighbors=7, p=1, weights='distance')", "best_score": 0.5039918309415573, "test_score": 0.6511627906976745}