{"best_estimator": "KNeighborsClassifier(n_neighbors=7, p=1, weights='distance')", "best_score": 0.5500289709644998, "test_score": 0.5504201680672268}