{"best_estimator": "RandomForestClassifier(criterion='entropy', n_estimators=200)", "best_score": 0.48760363470549234, "test_score": 0.584126984126984}