{"best_estimator": "RandomForestClassifier(n_estimators=300)", "best_score": 0.529903791502339, "test_score": 0.5616161616161617}