{"0": {"precision": 0.5416666666666666, "recall": 0.6842105263157895, "f1-score": 0.6046511627906976, "support": 19.0}, "1": {"precision": 0.25, "recall": 0.15384615384615385, "f1-score": 0.19047619047619047, "support": 13.0}, "accuracy": 0.46875, "macro avg": {"precision": 0.3958333333333333, "recall": 0.4190283400809717, "f1-score": 0.39756367663344405, "support": 32.0}, "weighted avg": {"precision": 0.4231770833333333, "recall": 0.46875, "f1-score": 0.4363925802879291, "support": 32.0}}