{"best_estimator": "BernoulliNB()", "best_score": 0.5269257283378437, "test_score": 0.490391156462585}