{"best_estimator": "BernoulliNB()", "best_score": 0.5024196956491342, "test_score": 0.537960638800975}