{"best_estimator": "BernoulliNB()", "best_score": 0.5175521743081548, "test_score": 0.48560606060606054}