{"best_estimator": "BernoulliNB()", "best_score": 0.5237909743977789, "test_score": 0.490391156462585}