{"best_estimator": "HistGradientBoostingClassifier(learning_rate=0.05)", "best_score": 0.570377848152294, "test_score": 0.5033212560386473}