{"best_estimator": "KNeighborsClassifier(n_neighbors=7, p=3, weights='distance')", "best_score": 0.5825755897632424, "test_score": 0.5821182396606575}