{"best_estimator": "KNeighborsClassifier(n_neighbors=7, p=1)", "best_score": 0.592679499761913, "test_score": 0.5505116959064327}