{"best_estimator": "KNeighborsClassifier(n_neighbors=7)", "best_score": 0.5697177906341768, "test_score": 0.5178287380699894}