{"best_estimator": "KNeighborsClassifier(n_neighbors=7, weights='distance')", "best_score": 0.5613655984014194, "test_score": 0.5564738292011019}