{"best_estimator": "KNeighborsClassifier(n_neighbors=25, p=3, weights='distance')", "best_score": 0.5546689119825629, "test_score": 0.5033212560386473}