{"best_estimator": "KNeighborsClassifier(p=1, weights='distance')", "best_score": 0.5579228226602471, "test_score": 0.5757575757575758}