{"best_estimator": "KNeighborsClassifier(n_neighbors=20, p=3, weights='distance')", "best_score": 0.5753290642723207, "test_score": 0.5742753623188406}