{"best_estimator": "RandomForestClassifier(max_depth=6)", "best_score": 0.5744238688692089, "test_score": 0.6455026455026455}