{"0": {"precision": 0.76, "recall": 0.5507246376811594, "f1-score": 0.6386554621848739, "support": 69.0}, "1": {"precision": 0.3111111111111111, "recall": 0.5384615384615384, "f1-score": 0.39436619718309857, "support": 26.0}, "accuracy": 0.5473684210526316, "macro avg": {"precision": 0.5355555555555556, "recall": 0.544593088071349, "f1-score": 0.5165108296839862, "support": 95.0}, "weighted avg": {"precision": 0.6371461988304093, "recall": 0.5473684210526316, "f1-score": 0.5717973475528091, "support": 95.0}}