{"0": {"precision": 0.7941176470588235, "recall": 0.6585365853658537, "f1-score": 0.72, "support": 41.0}, "1": {"precision": 0.391304347826087, "recall": 0.5625, "f1-score": 0.46153846153846156, "support": 16.0}, "accuracy": 0.631578947368421, "macro avg": {"precision": 0.5927109974424553, "recall": 0.6105182926829269, "f1-score": 0.5907692307692307, "support": 57.0}, "weighted avg": {"precision": 0.6810472472741956, "recall": 0.631578947368421, "f1-score": 0.6474493927125505, "support": 57.0}}