{"best_estimator": "BernoulliNB()", "best_score": 0.39650619297180956, "test_score": 0.30348178137651827}