{"best_estimator": "BernoulliNB()", "best_score": 0.357950632051903, "test_score": 0.312962962962963}