{"best_estimator": "BernoulliNB()", "best_score": 0.3745799519811743, "test_score": 0.494949494949495}