{"0": {"precision": 1.0, "recall": 0.08333333333333333, "f1-score": 0.15384615384615385, "support": 12.0}, "1": {"precision": 0.3888888888888889, "recall": 1.0, "f1-score": 0.56, "support": 7.0}, "accuracy": 0.42105263157894735, "macro avg": {"precision": 0.6944444444444444, "recall": 0.5416666666666666, "f1-score": 0.35692307692307695, "support": 19.0}, "weighted avg": {"precision": 0.7748538011695906, "recall": 0.42105263157894735, "f1-score": 0.30348178137651827, "support": 19.0}}