{"best_estimator": "BernoulliNB()", "best_score": 0.3929528085116796, "test_score": 0.26743688489516476}