{"best_estimator": "HistGradientBoostingClassifier(learning_rate=0.5)", "best_score": 0.5628292208349737, "test_score": 0.693877551020408}