{"0": {"precision": 0.6111111111111112, "recall": 0.6875, "f1-score": 0.6470588235294118, "support": 32.0}, "1": {"precision": 0.5238095238095238, "recall": 0.44, "f1-score": 0.4782608695652174, "support": 25.0}, "accuracy": 0.5789473684210527, "macro avg": {"precision": 0.5674603174603174, "recall": 0.56375, "f1-score": 0.5626598465473146, "support": 57.0}, "weighted avg": {"precision": 0.5728209412419939, "recall": 0.5789473684210527, "f1-score": 0.5730246331942388, "support": 57.0}}