{"0": {"precision": 0.5862068965517241, "recall": 0.6071428571428571, "f1-score": 0.5964912280701754, "support": 28.0}, "1": {"precision": 0.56, "recall": 0.5384615384615384, "f1-score": 0.5490196078431373, "support": 26.0}, "accuracy": 0.5740740740740741, "macro avg": {"precision": 0.5731034482758621, "recall": 0.5728021978021978, "f1-score": 0.5727554179566563, "support": 54.0}, "weighted avg": {"precision": 0.573588761174968, "recall": 0.5740740740740741, "f1-score": 0.5736345220349348, "support": 54.0}}