{"0": {"precision": 0.6857142857142857, "recall": 0.5853658536585366, "f1-score": 0.631578947368421, "support": 41.0}, "1": {"precision": 0.22727272727272727, "recall": 0.3125, "f1-score": 0.2631578947368421, "support": 16.0}, "accuracy": 0.5087719298245614, "macro avg": {"precision": 0.4564935064935065, "recall": 0.4489329268292683, "f1-score": 0.4473684210526315, "support": 57.0}, "weighted avg": {"precision": 0.5570289359763044, "recall": 0.5087719298245614, "f1-score": 0.5281625115420129, "support": 57.0}}