{"0": {"precision": 0.76, "recall": 0.2753623188405797, "f1-score": 0.40425531914893614, "support": 69.0}, "1": {"precision": 0.2857142857142857, "recall": 0.7692307692307693, "f1-score": 0.4166666666666667, "support": 26.0}, "accuracy": 0.4105263157894737, "macro avg": {"precision": 0.5228571428571429, "recall": 0.5222965440356745, "f1-score": 0.4104609929078014, "support": 95.0}, "weighted avg": {"precision": 0.6301954887218045, "recall": 0.4105263157894737, "f1-score": 0.40765210899589394, "support": 95.0}}