{"best_estimator": "KNeighborsClassifier(weights='distance')", "best_score": 0.4841619082422127, "test_score": 0.40344827586206894}