{"best_estimator": "KNeighborsClassifier(p=3, weights='distance')", "best_score": 0.4853016252504683, "test_score": 0.4343166696107873}