{"best_estimator": "KNeighborsClassifier(weights='distance')", "best_score": 0.5347651592904785, "test_score": 0.5452744765138653}