{"0": {"precision": 0.6666666666666666, "recall": 0.14285714285714285, "f1-score": 0.23529411764705882, "support": 28.0}, "1": {"precision": 0.5, "recall": 0.9230769230769231, "f1-score": 0.6486486486486487, "support": 26.0}, "accuracy": 0.5185185185185185, "macro avg": {"precision": 0.5833333333333333, "recall": 0.532967032967033, "f1-score": 0.4419713831478538, "support": 54.0}, "weighted avg": {"precision": 0.5864197530864197, "recall": 0.5185185185185185, "f1-score": 0.4343166696107873, "support": 54.0}}