{"best_estimator": "RandomForestClassifier(criterion='entropy', n_estimators=150)", "best_score": 0.5670472663426741, "test_score": 0.5298851524415434}