{"best_estimator": "RandomForestClassifier(criterion='entropy')", "best_score": 0.514958014997748, "test_score": 0.9538140020898641}