{"best_estimator": "RandomForestClassifier(criterion='entropy')", "best_score": 0.5318297244306537, "test_score": 0.5952380952380952}