{"0": {"precision": 0.7735849056603774, "recall": 0.5942028985507246, "f1-score": 0.6721311475409836, "support": 69.0}, "1": {"precision": 0.3333333333333333, "recall": 0.5384615384615384, "f1-score": 0.4117647058823529, "support": 26.0}, "accuracy": 0.5789473684210527, "macro avg": {"precision": 0.5534591194968553, "recall": 0.5663322185061315, "f1-score": 0.5419479267116682, "support": 95.0}, "weighted avg": {"precision": 0.653095001655081, "recall": 0.5789473684210527, "f1-score": 0.6008729635080952, "support": 95.0}}