{"best_estimator": "BernoulliNB()", "best_score": 0.5369397631691173, "test_score": 0.6086784854108264}