{"best_estimator": "BernoulliNB()", "best_score": 0.5162173436739357, "test_score": 0.43404255319148943}