{"best_estimator": "BernoulliNB()", "best_score": 0.54717058859916, "test_score": 0.5375291191218857}