{"best_estimator": "BernoulliNB()", "best_score": 0.5331847236535173, "test_score": 0.549789621318373}