{"best_estimator": "BernoulliNB()", "best_score": 0.5210613168084941, "test_score": 0.6245550934772021}