{"best_estimator": "HistGradientBoostingClassifier(learning_rate=0.05)", "best_score": 0.6409723061571431, "test_score": 0.7070881432732766}