{"best_estimator": "HistGradientBoostingClassifier(learning_rate=0.01)", "best_score": 0.6547790329543844, "test_score": 0.7165200391006843}