{"best_estimator": "HistGradientBoostingClassifier(learning_rate=0.05)", "best_score": 0.6829408473755876, "test_score": 0.5483870967741935}