{"best_estimator": "HistGradientBoostingClassifier(learning_rate=0.05)", "best_score": 0.6571541207638256, "test_score": 0.646663253114866}