{"best_estimator": "HistGradientBoostingClassifier(learning_rate=0.05)", "best_score": 0.6592615963237289, "test_score": 0.6419966195562269}