{"best_estimator": "HistGradientBoostingClassifier(learning_rate=0.05)", "best_score": 0.6944726023357571, "test_score": 0.6451612903225806}