{"0": {"precision": 0.625, "recall": 0.5555555555555556, "f1-score": 0.5882352941176471, "support": 18.0}, "1": {"precision": 0.4666666666666667, "recall": 0.5384615384615384, "f1-score": 0.5, "support": 13.0}, "accuracy": 0.5483870967741935, "macro avg": {"precision": 0.5458333333333334, "recall": 0.5470085470085471, "f1-score": 0.5441176470588236, "support": 31.0}, "weighted avg": {"precision": 0.5586021505376344, "recall": 0.5483870967741935, "f1-score": 0.5512333965844401, "support": 31.0}}