{"best_estimator": "KNeighborsClassifier(n_neighbors=7, p=3)", "best_score": 0.6743260013936428, "test_score": 0.6474629468177856}