{"best_estimator": "KNeighborsClassifier(n_neighbors=7, weights='distance')", "best_score": 0.6785834430135388, "test_score": 0.7282296650717704}