{"best_estimator": "KNeighborsClassifier(n_neighbors=15, p=3)", "best_score": 0.6593848162884239, "test_score": 0.7133640552995392}