{"best_estimator": "KNeighborsClassifier(n_neighbors=7, p=3)", "best_score": 0.674748609835366, "test_score": 0.646663253114866}