{"best_estimator": "RandomForestClassifier()", "best_score": 0.6507096151661831, "test_score": 0.6419966195562269}