{"precision": 0.702616519639187, "recall": 0.6937880584017202, "f1": 0.6902845423934582}