{"0": {"precision": 1.0, "recall": 0.3333333333333333, "f1-score": 0.5, "support": 18.0}, "1": {"precision": 0.52, "recall": 1.0, "f1-score": 0.6842105263157895, "support": 13.0}, "accuracy": 0.6129032258064516, "macro avg": {"precision": 0.76, "recall": 0.6666666666666666, "f1-score": 0.5921052631578947, "support": 31.0}, "weighted avg": {"precision": 0.7987096774193547, "recall": 0.6129032258064516, "f1-score": 0.5772495755517827, "support": 31.0}}