{"0": {"precision": 0.9230769230769231, "recall": 0.6666666666666666, "f1-score": 0.7741935483870968, "support": 18.0}, "1": {"precision": 0.6470588235294118, "recall": 0.9166666666666666, "f1-score": 0.7586206896551724, "support": 12.0}, "accuracy": 0.7666666666666667, "macro avg": {"precision": 0.7850678733031675, "recall": 0.7916666666666666, "f1-score": 0.7664071190211346, "support": 30.0}, "weighted avg": {"precision": 0.8126696832579187, "recall": 0.7666666666666667, "f1-score": 0.7679644048943269, "support": 30.0}}