{"best_estimator": "BernoulliNB()", "best_score": 0.6629699128280024, "test_score": 0.5455645161290323}