{"best_estimator": "BernoulliNB()", "best_score": 0.6623631405558187, "test_score": 0.5502688172043011}