{"best_estimator": "BernoulliNB()", "best_score": 0.6385687894465963, "test_score": 0.6170388751033912}