{"best_estimator": "BernoulliNB()", "best_score": 0.6317287022664376, "test_score": 0.8076714556790457}