{"best_estimator": "BernoulliNB()", "best_score": 0.6570199344407657, "test_score": 0.5850271345265783}