{"best_estimator": "BernoulliNB()", "best_score": 0.6242259176638509, "test_score": 0.5727576094650622}