{"best_estimator": "HistGradientBoostingClassifier(learning_rate=0.001)", "best_score": 0.6805491903063379, "test_score": 0.6153225806451613}