{"best_estimator": "HistGradientBoostingClassifier()", "best_score": 0.6664588440720528, "test_score": 0.6153429113580916}