{"best_estimator": "HistGradientBoostingClassifier(learning_rate=0.5)", "best_score": 0.6586928628055568, "test_score": 0.7030303030303031}