{"best_estimator": "HistGradientBoostingClassifier(learning_rate=0.05)", "best_score": 0.6691913644613365, "test_score": 0.6327975722153534}