{"best_estimator": "KNeighborsClassifier(n_neighbors=10, p=3)", "best_score": 0.7074793675741053, "test_score": 0.6794354838709677}