{"best_estimator": "KNeighborsClassifier(p=3, weights='distance')", "best_score": 0.700904701282888, "test_score": 0.614516129032258}