{"best_estimator": "KNeighborsClassifier(weights='distance')", "best_score": 0.6886498450497047, "test_score": 0.6814854974247765}