{"best_estimator": "KNeighborsClassifier(n_neighbors=20, p=3, weights='distance')", "best_score": 0.713299806812718, "test_score": 0.5090504601071898}