{"0": {"precision": 0.7368421052631579, "recall": 0.7777777777777778, "f1-score": 0.7567567567567568, "support": 18.0}, "1": {"precision": 0.6363636363636364, "recall": 0.5833333333333334, "f1-score": 0.6086956521739131, "support": 12.0}, "accuracy": 0.7, "macro avg": {"precision": 0.6866028708133971, "recall": 0.6805555555555556, "f1-score": 0.6827262044653349, "support": 30.0}, "weighted avg": {"precision": 0.6966507177033492, "recall": 0.7, "f1-score": 0.6975323149236193, "support": 30.0}}