{"best_estimator": "RandomForestClassifier(n_estimators=150)", "best_score": 0.6250551775818399, "test_score": 0.7313782991202346}