{"best_estimator": "RandomForestClassifier()", "best_score": 0.6641361813200332, "test_score": 0.5181771633384537}