{"best_estimator": "RandomForestClassifier(criterion='log_loss')", "best_score": 0.6295555381341899, "test_score": 0.7366568914956012}