{"best_estimator": "AdaBoostClassifier(algorithm='SAMME', learning_rate=0.001)", "best_score": 0.5195337983335117, "test_score": 0.5333333333333334}