{"0": {"precision": 0.6451612903225806, "recall": 0.8, "f1-score": 0.7142857142857143, "support": 25.0}, "1": {"precision": 0.5833333333333334, "recall": 0.3888888888888889, "f1-score": 0.4666666666666667, "support": 18.0}, "accuracy": 0.627906976744186, "macro avg": {"precision": 0.614247311827957, "recall": 0.5944444444444444, "f1-score": 0.5904761904761905, "support": 43.0}, "weighted avg": {"precision": 0.6192798199549887, "recall": 0.627906976744186, "f1-score": 0.6106312292358804, "support": 43.0}}