{"best_estimator": "BernoulliNB()", "best_score": 0.49052707140391955, "test_score": 0.3558208955223881}