{"best_estimator": "BernoulliNB()", "best_score": 0.474882119074711, "test_score": 0.4274965800273598}