{"best_estimator": "BernoulliNB()", "best_score": 0.4386134747187379, "test_score": 0.5860696517412936}