{"best_estimator": "HistGradientBoostingClassifier()", "best_score": 0.5541960640885035, "test_score": 0.5686635944700462}