{"best_estimator": "HistGradientBoostingClassifier(learning_rate=0.5)", "best_score": 0.5713099000849221, "test_score": 0.5892857142857142}