{"0": {"precision": 0.6923076923076923, "recall": 0.9, "f1-score": 0.782608695652174, "support": 10.0}, "1": {"precision": 0.5, "recall": 0.2, "f1-score": 0.2857142857142857, "support": 5.0}, "accuracy": 0.6666666666666666, "macro avg": {"precision": 0.5961538461538461, "recall": 0.55, "f1-score": 0.5341614906832298, "support": 15.0}, "weighted avg": {"precision": 0.6282051282051282, "recall": 0.6666666666666666, "f1-score": 0.6169772256728778, "support": 15.0}}