{"best_estimator": "KNeighborsClassifier(n_neighbors=15, p=3, weights='distance')", "best_score": 0.5811503510070342, "test_score": 0.43001443001442996}