{"best_estimator": "KNeighborsClassifier(n_neighbors=15, p=3)", "best_score": 0.5963641018778635, "test_score": 0.6071428571428572}