{"0": {"precision": 0.7941176470588235, "recall": 0.574468085106383, "f1-score": 0.6666666666666666, "support": 47.0}, "1": {"precision": 0.3939393939393939, "recall": 0.65, "f1-score": 0.49056603773584906, "support": 20.0}, "accuracy": 0.5970149253731343, "macro avg": {"precision": 0.5940285204991087, "recall": 0.6122340425531916, "f1-score": 0.5786163522012578, "support": 67.0}, "weighted avg": {"precision": 0.6746614520977998, "recall": 0.5970149253731343, "f1-score": 0.6140993147470196, "support": 67.0}}