{"best_estimator": "RandomForestClassifier(criterion='entropy', n_estimators=200)", "best_score": 0.5868807960615866, "test_score": 0.513903743315508}