{"best_estimator": "BernoulliNB()", "best_score": 0.5596775976041216, "test_score": 0.6276474769012083}