{"best_estimator": "BernoulliNB()", "best_score": 0.5528937227444833, "test_score": 0.5037874505370266}