{"0": {"precision": 0.7837837837837838, "recall": 0.6170212765957447, "f1-score": 0.6904761904761905, "support": 47.0}, "1": {"precision": 0.4, "recall": 0.6, "f1-score": 0.48, "support": 20.0}, "accuracy": 0.6119402985074627, "macro avg": {"precision": 0.5918918918918918, "recall": 0.6085106382978723, "f1-score": 0.5852380952380952, "support": 67.0}, "weighted avg": {"precision": 0.6692214602662364, "recall": 0.6119402985074627, "f1-score": 0.6276474769012083, "support": 67.0}}