{"best_estimator": "HistGradientBoostingClassifier(learning_rate=0.05)", "best_score": 0.628189419884619, "test_score": 0.5645530939648586}