{"best_estimator": "HistGradientBoostingClassifier()", "best_score": 0.6413618616371798, "test_score": 0.886002886002886}