{"0": {"precision": 0.68, "recall": 0.7727272727272727, "f1-score": 0.723404255319149, "support": 22.0}, "1": {"precision": 0.7619047619047619, "recall": 0.6666666666666666, "f1-score": 0.7111111111111111, "support": 24.0}, "accuracy": 0.717391304347826, "macro avg": {"precision": 0.720952380952381, "recall": 0.7196969696969697, "f1-score": 0.7172576832151301, "support": 46.0}, "weighted avg": {"precision": 0.7227329192546584, "recall": 0.717391304347826, "f1-score": 0.7169904409497379, "support": 46.0}}