{"best_estimator": "KNeighborsClassifier(p=3)", "best_score": 0.6706981115035117, "test_score": 0.6757164404223228}