{"best_estimator": "KNeighborsClassifier(p=3)", "best_score": 0.6719835254494761, "test_score": 0.4444444444444444}