{"best_estimator": "KNeighborsClassifier()", "best_score": 0.7004802183396891, "test_score": 0.6451793051178746}