{"best_estimator": "RandomForestClassifier(criterion='entropy')", "best_score": 0.6647739932076397, "test_score": 0.5863706444650015}