{"0": {"precision": 0.5882352941176471, "recall": 0.5555555555555556, "f1-score": 0.5714285714285714, "support": 18.0}, "1": {"precision": 0.4666666666666667, "recall": 0.5, "f1-score": 0.4827586206896552, "support": 14.0}, "accuracy": 0.53125, "macro avg": {"precision": 0.5274509803921569, "recall": 0.5277777777777778, "f1-score": 0.5270935960591133, "support": 32.0}, "weighted avg": {"precision": 0.5350490196078431, "recall": 0.53125, "f1-score": 0.5326354679802956, "support": 32.0}}