{"0": {"precision": 0.6153846153846154, "recall": 0.42105263157894735, "f1-score": 0.5, "support": 19.0}, "1": {"precision": 0.42105263157894735, "recall": 0.6153846153846154, "f1-score": 0.5, "support": 13.0}, "accuracy": 0.5, "macro avg": {"precision": 0.5182186234817814, "recall": 0.5182186234817814, "f1-score": 0.5, "support": 32.0}, "weighted avg": {"precision": 0.5364372469635628, "recall": 0.5, "f1-score": 0.5, "support": 32.0}}