{"best_estimator": "BernoulliNB()", "best_score": 0.3286965174129354, "test_score": 0.3158102766798419}