{"0": {"precision": 0.0, "recall": 0.0, "f1-score": 0.0, "support": 19.0}, "1": {"precision": 0.42424242424242425, "recall": 1.0, "f1-score": 0.5957446808510638, "support": 14.0}, "accuracy": 0.42424242424242425, "macro avg": {"precision": 0.21212121212121213, "recall": 0.5, "f1-score": 0.2978723404255319, "support": 33.0}, "weighted avg": {"precision": 0.17998163452708907, "recall": 0.42424242424242425, "f1-score": 0.2527401676337846, "support": 33.0}}