{"best_estimator": "HistGradientBoostingClassifier(learning_rate=0.05)", "best_score": 0.6177526875519457, "test_score": 0.6579301075268817}