{"best_estimator": "HistGradientBoostingClassifier(learning_rate=0.5)", "best_score": 0.5765666631374369, "test_score": 0.5917167167167168}