{"best_estimator": "HistGradientBoostingClassifier(learning_rate=0.01)", "best_score": 0.5781537933142179, "test_score": 0.6314685314685314}