{"best_estimator": "HistGradientBoostingClassifier(learning_rate=0.05)", "best_score": 0.5139295527780254, "test_score": 0.6314685314685314}