{"best_estimator": "HistGradientBoostingClassifier()", "best_score": 0.5633563699050537, "test_score": 0.7575757575757576}