{"best_estimator": "KNeighborsClassifier(n_neighbors=25, p=3)", "best_score": 0.5127736167544386, "test_score": 0.45454545454545453}