{"0": {"precision": 0.7647058823529411, "recall": 0.6842105263157895, "f1-score": 0.7222222222222222, "support": 19.0}, "1": {"precision": 0.6, "recall": 0.6923076923076923, "f1-score": 0.6428571428571429, "support": 13.0}, "accuracy": 0.6875, "macro avg": {"precision": 0.6823529411764706, "recall": 0.688259109311741, "f1-score": 0.6825396825396826, "support": 32.0}, "weighted avg": {"precision": 0.6977941176470588, "recall": 0.6875, "f1-score": 0.6899801587301587, "support": 32.0}}