{"best_estimator": "RandomForestClassifier(criterion='entropy', max_depth=6)", "best_score": 0.6169226561348178, "test_score": 0.5659313725490196}