{"best_estimator": "RandomForestClassifier(criterion='log_loss')", "best_score": 0.5987726346438033, "test_score": 0.7458333333333333}