{"best_estimator": "RandomForestClassifier(criterion='entropy', n_estimators=300)", "best_score": 0.5921311176612585, "test_score": 0.6986531986531986}