{"best_estimator": "RandomForestClassifier(criterion='entropy', n_estimators=300)", "best_score": 0.543381303969762, "test_score": 0.7543123543123543}