{"best_estimator": "RandomForestClassifier(n_estimators=200)", "best_score": 0.5905776764740209, "test_score": 0.6314685314685314}