{"0": {"precision": 0.5454545454545454, "recall": 0.72, "f1-score": 0.6206896551724138, "support": 25.0}, "1": {"precision": 0.46153846153846156, "recall": 0.2857142857142857, "f1-score": 0.35294117647058826, "support": 21.0}, "accuracy": 0.5217391304347826, "macro avg": {"precision": 0.5034965034965035, "recall": 0.5028571428571429, "f1-score": 0.486815415821501, "support": 46.0}, "weighted avg": {"precision": 0.5071450288841592, "recall": 0.5217391304347826, "f1-score": 0.4984566540259282, "support": 46.0}}