{"best_estimator": "BernoulliNB()", "best_score": 0.5613753245691951, "test_score": 0.7071428571428572}