{"best_estimator": "HistGradientBoostingClassifier(learning_rate=0.01)", "best_score": 0.7096680519105248, "test_score": 0.6148148148148148}