{"best_estimator": "HistGradientBoostingClassifier(learning_rate=0.05)", "best_score": 0.721052455213469, "test_score": 0.6042328042328042}