{"best_estimator": "KNeighborsClassifier(n_neighbors=25, p=3)", "best_score": 0.7551722407734113, "test_score": 0.6433873413680262}