{"best_estimator": "KNeighborsClassifier(n_neighbors=20, p=1)", "best_score": 0.7210974940828588, "test_score": 0.8046253469010175}