{"best_estimator": "KNeighborsClassifier(n_neighbors=25)", "best_score": 0.712754076472652, "test_score": 0.8888888888888888}