{"best_estimator": "RandomForestClassifier(max_depth=2)", "best_score": 0.7424217825584416, "test_score": 0.7407407407407407}