{"precision": 0.726708723318929, "recall": 0.7079363588858582, "f1": 0.7024595373133108}