{"0": {"precision": 0.7619047619047619, "recall": 0.8, "f1-score": 0.7804878048780488, "support": 20.0}, "1": {"precision": 0.8333333333333334, "recall": 0.8, "f1-score": 0.8163265306122449, "support": 25.0}, "accuracy": 0.8, "macro avg": {"precision": 0.7976190476190477, "recall": 0.8, "f1-score": 0.7984071677451469, "support": 45.0}, "weighted avg": {"precision": 0.8015873015873015, "recall": 0.8, "f1-score": 0.8003982080637133, "support": 45.0}}