{"0": {"precision": 0.6615384615384615, "recall": 0.9772727272727273, "f1-score": 0.7889908256880734, "support": 44.0}, "1": {"precision": 0.5, "recall": 0.043478260869565216, "f1-score": 0.08, "support": 23.0}, "accuracy": 0.6567164179104478, "macro avg": {"precision": 0.5807692307692307, "recall": 0.5103754940711462, "f1-score": 0.4344954128440367, "support": 67.0}, "weighted avg": {"precision": 0.6060849598163031, "recall": 0.6567164179104478, "f1-score": 0.5456059153772423, "support": 67.0}}