{"best_estimator": "BernoulliNB()", "best_score": 0.41607461346808206, "test_score": 0.463768115942029}