{"best_estimator": "BernoulliNB()", "best_score": 0.3850325196183359, "test_score": 0.5456059153772423}