{"best_estimator": "KNeighborsClassifier(n_neighbors=15)", "best_score": 0.7413958954668504, "test_score": 0.7662344935734088}