{"best_estimator": "KNeighborsClassifier(n_neighbors=15)", "best_score": 0.7595118992646113, "test_score": 0.8129251700680271}