{"0": {"precision": 0.868421052631579, "recall": 0.75, "f1-score": 0.8048780487804879, "support": 44.0}, "1": {"precision": 0.6206896551724138, "recall": 0.782608695652174, "f1-score": 0.6923076923076923, "support": 23.0}, "accuracy": 0.7611940298507462, "macro avg": {"precision": 0.7445553539019965, "recall": 0.7663043478260869, "f1-score": 0.7485928705440901, "support": 67.0}, "weighted avg": {"precision": 0.7833789311157461, "recall": 0.7611940298507462, "f1-score": 0.7662344935734088, "support": 67.0}}