{"best_estimator": "RandomForestClassifier(criterion='entropy', max_depth=2)", "best_score": 0.7675303682489512, "test_score": 0.8129251700680271}