{"best_estimator": "RandomForestClassifier(criterion='entropy', max_depth=2)", "best_score": 0.7778933595710391, "test_score": 0.7682002022244692}