{"0": {"precision": 0.9166666666666666, "recall": 0.7586206896551724, "f1-score": 0.8301886792452831, "support": 29.0}, "1": {"precision": 0.6111111111111112, "recall": 0.8461538461538461, "f1-score": 0.7096774193548387, "support": 13.0}, "accuracy": 0.7857142857142857, "macro avg": {"precision": 0.7638888888888888, "recall": 0.8023872679045092, "f1-score": 0.7699330493000609, "support": 42.0}, "weighted avg": {"precision": 0.8220899470899471, "recall": 0.7857142857142857, "f1-score": 0.792887574993479, "support": 42.0}}