{"best_estimator": "RandomForestClassifier(max_depth=2, n_estimators=400)", "best_score": 0.7589837864644939, "test_score": 0.8003982080637133}