{"best_estimator": "BernoulliNB()", "best_score": 0.610578268281316, "test_score": 0.36882170924724117}