{"0": {"precision": 0.6666666666666666, "recall": 0.48, "f1-score": 0.5581395348837209, "support": 25.0}, "1": {"precision": 0.48, "recall": 0.6666666666666666, "f1-score": 0.5581395348837209, "support": 18.0}, "accuracy": 0.5581395348837209, "macro avg": {"precision": 0.5733333333333333, "recall": 0.5733333333333333, "f1-score": 0.5581395348837209, "support": 43.0}, "weighted avg": {"precision": 0.5885271317829457, "recall": 0.5581395348837209, "f1-score": 0.5581395348837209, "support": 43.0}}