{"best_estimator": "BernoulliNB()", "best_score": 0.616280027462926, "test_score": 0.5996959646213378}