{"best_estimator": "BernoulliNB()", "best_score": 0.6219350510372751, "test_score": 0.5581395348837209}