{"best_estimator": "BernoulliNB()", "best_score": 0.6052451513639747, "test_score": 0.5681818181818182}