{"0": {"precision": 1.0, "recall": 0.5531914893617021, "f1-score": 0.7123287671232876, "support": 47.0}, "1": {"precision": 0.4878048780487805, "recall": 1.0, "f1-score": 0.6557377049180327, "support": 20.0}, "accuracy": 0.6865671641791045, "macro avg": {"precision": 0.7439024390243902, "recall": 0.7765957446808511, "f1-score": 0.6840332360206602, "support": 67.0}, "weighted avg": {"precision": 0.8471059337459046, "recall": 0.6865671641791045, "f1-score": 0.6954359127336593, "support": 67.0}}