{"0": {"precision": 0.6774193548387096, "recall": 0.7777777777777778, "f1-score": 0.7241379310344828, "support": 27.0}, "1": {"precision": 0.5714285714285714, "recall": 0.4444444444444444, "f1-score": 0.5, "support": 18.0}, "accuracy": 0.6444444444444445, "macro avg": {"precision": 0.6244239631336406, "recall": 0.6111111111111112, "f1-score": 0.6120689655172413, "support": 45.0}, "weighted avg": {"precision": 0.6350230414746544, "recall": 0.6444444444444445, "f1-score": 0.6344827586206897, "support": 45.0}}