{"best_estimator": "HistGradientBoostingClassifier(learning_rate=0.01)", "best_score": 0.6700056300470393, "test_score": 0.6757164404223228}