{"0": {"precision": 0.7857142857142857, "recall": 0.5, "f1-score": 0.6111111111111112, "support": 22.0}, "1": {"precision": 0.65625, "recall": 0.875, "f1-score": 0.75, "support": 24.0}, "accuracy": 0.6956521739130435, "macro avg": {"precision": 0.7209821428571428, "recall": 0.6875, "f1-score": 0.6805555555555556, "support": 46.0}, "weighted avg": {"precision": 0.718167701863354, "recall": 0.6956521739130435, "f1-score": 0.6835748792270532, "support": 46.0}}