{"best_estimator": "HistGradientBoostingClassifier()", "best_score": 0.6811564867576465, "test_score": 0.6344827586206897}