{"best_estimator": "KNeighborsClassifier(n_neighbors=7, weights='distance')", "best_score": 0.6994420317259076, "test_score": 0.6709376019785994}