{"best_estimator": "KNeighborsClassifier(n_neighbors=15, p=3, weights='distance')", "best_score": 0.6860448787711865, "test_score": 0.5626623376623376}