{"best_estimator": "KNeighborsClassifier(n_neighbors=10, weights='distance')", "best_score": 0.706953543356043, "test_score": 0.7033671134357633}