{"best_estimator": "RandomForestClassifier(n_estimators=300)", "best_score": 0.6330110037164041, "test_score": 0.8054298642533937}