{"best_estimator": "RandomForestClassifier(criterion='log_loss')", "best_score": 0.658178630517526, "test_score": 0.48666666666666664}