{"best_estimator": "RandomForestClassifier(criterion='log_loss')", "best_score": 0.662111895659014, "test_score": 0.5995423340961098}