{"best_estimator": "BernoulliNB()", "best_score": 0.504905376454871, "test_score": 0.7010101010101011}