{"0": {"precision": 0.7058823529411765, "recall": 0.8, "f1-score": 0.75, "support": 45.0}, "1": {"precision": 0.47058823529411764, "recall": 0.34782608695652173, "f1-score": 0.4, "support": 23.0}, "accuracy": 0.6470588235294118, "macro avg": {"precision": 0.5882352941176471, "recall": 0.5739130434782609, "f1-score": 0.575, "support": 68.0}, "weighted avg": {"precision": 0.6262975778546713, "recall": 0.6470588235294118, "f1-score": 0.6316176470588236, "support": 68.0}}