{"best_estimator": "BernoulliNB()", "best_score": 0.5434281602313424, "test_score": 0.5422958133150309}