{"best_estimator": "BernoulliNB()", "best_score": 0.5298519144982523, "test_score": 0.29691564474173165}