{"0": {"precision": 0.7567567567567568, "recall": 0.8484848484848485, "f1-score": 0.8, "support": 33.0}, "1": {"precision": 0.5, "recall": 0.35714285714285715, "f1-score": 0.4166666666666667, "support": 14.0}, "accuracy": 0.7021276595744681, "macro avg": {"precision": 0.6283783783783784, "recall": 0.6028138528138528, "f1-score": 0.6083333333333334, "support": 47.0}, "weighted avg": {"precision": 0.6802760207015527, "recall": 0.7021276595744681, "f1-score": 0.6858156028368795, "support": 47.0}}