{"best_estimator": "HistGradientBoostingClassifier()", "best_score": 0.5142931528756207, "test_score": 0.7153479546357178}