{"best_estimator": "KNeighborsClassifier(n_neighbors=25, p=1)", "best_score": 0.5999225882637717, "test_score": 0.4888888888888889}