{"0": {"precision": 0.7272727272727273, "recall": 0.5333333333333333, "f1-score": 0.6153846153846154, "support": 45.0}, "1": {"precision": 0.4, "recall": 0.6086956521739131, "f1-score": 0.4827586206896552, "support": 23.0}, "accuracy": 0.5588235294117647, "macro avg": {"precision": 0.5636363636363637, "recall": 0.5710144927536231, "f1-score": 0.5490716180371353, "support": 68.0}, "weighted avg": {"precision": 0.6165775401069519, "recall": 0.5588235294117647, "f1-score": 0.57052582306132, "support": 68.0}}