{"best_estimator": "KNeighborsClassifier(n_neighbors=10, p=1, weights='distance')", "best_score": 0.5868833947854522, "test_score": 0.5132172791747259}