{"0": {"precision": 0.4, "recall": 0.42105263157894735, "f1-score": 0.41025641025641024, "support": 19.0}, "1": {"precision": 0.5217391304347826, "recall": 0.5, "f1-score": 0.5106382978723404, "support": 24.0}, "accuracy": 0.46511627906976744, "macro avg": {"precision": 0.4608695652173913, "recall": 0.4605263157894737, "f1-score": 0.4604473540643753, "support": 43.0}, "weighted avg": {"precision": 0.4679474216380182, "recall": 0.46511627906976744, "f1-score": 0.4662835103211155, "support": 43.0}}