{"best_estimator": "RandomForestClassifier(n_estimators=400)", "best_score": 0.55639540650499, "test_score": 0.44147644487615345}