{"best_estimator": "RandomForestClassifier(n_estimators=400)", "best_score": 0.5772448981972211, "test_score": 0.3522971138264792}