{"best_estimator": "RandomForestClassifier(criterion='log_loss', n_estimators=150)", "best_score": 0.5920985730165572, "test_score": 0.7961722488038276}