{"best_estimator": "RandomForestClassifier(criterion='entropy', n_estimators=300)", "best_score": 0.6205446810077222, "test_score": 0.5390946502057612}