{"best_estimator": "RandomForestClassifier(n_estimators=400)", "best_score": 0.6197743154135038, "test_score": 0.6170212765957447}