{"0": {"precision": 0.5714285714285714, "recall": 0.7272727272727273, "f1-score": 0.64, "support": 11.0}, "1": {"precision": 0.5714285714285714, "recall": 0.4, "f1-score": 0.47058823529411764, "support": 10.0}, "accuracy": 0.5714285714285714, "macro avg": {"precision": 0.5714285714285714, "recall": 0.5636363636363637, "f1-score": 0.5552941176470588, "support": 21.0}, "weighted avg": {"precision": 0.5714285714285714, "recall": 0.5714285714285714, "f1-score": 0.5593277310924369, "support": 21.0}}