{"best_estimator": "BernoulliNB()", "best_score": 0.6108115539914318, "test_score": 0.6124401913875598}