{"best_estimator": "HistGradientBoostingClassifier(learning_rate=0.05)", "best_score": 0.7304868795531465, "test_score": 0.7401433691756273}