{"best_estimator": "HistGradientBoostingClassifier(learning_rate=0.5)", "best_score": 0.7256697600336657, "test_score": 0.7828282828282828}