{"best_estimator": "HistGradientBoostingClassifier(learning_rate=0.5)", "best_score": 0.7063226891279422, "test_score": 0.7574690150032616}