{"best_estimator": "HistGradientBoostingClassifier()", "best_score": 0.7207646438599882, "test_score": 0.5890418353576248}