{"0": {"precision": 0.78125, "recall": 0.7575757575757576, "f1-score": 0.7692307692307693, "support": 33.0}, "1": {"precision": 0.68, "recall": 0.7083333333333334, "f1-score": 0.6938775510204082, "support": 24.0}, "accuracy": 0.7368421052631579, "macro avg": {"precision": 0.7306250000000001, "recall": 0.7329545454545454, "f1-score": 0.7315541601255887, "support": 57.0}, "weighted avg": {"precision": 0.7386184210526315, "recall": 0.7368421052631579, "f1-score": 0.7375030984053541, "support": 57.0}}