{"0": {"precision": 1.0, "recall": 0.7777777777777778, "f1-score": 0.875, "support": 9.0}, "1": {"precision": 0.8333333333333334, "recall": 1.0, "f1-score": 0.9090909090909091, "support": 10.0}, "accuracy": 0.8947368421052632, "macro avg": {"precision": 0.9166666666666667, "recall": 0.8888888888888888, "f1-score": 0.8920454545454546, "support": 19.0}, "weighted avg": {"precision": 0.9122807017543861, "recall": 0.8947368421052632, "f1-score": 0.8929425837320574, "support": 19.0}}