{"best_estimator": "KNeighborsClassifier(n_neighbors=15, p=3)", "best_score": 0.7475715063601507, "test_score": 0.5638844586213007}