{"0": {"precision": 0.8125, "recall": 0.8666666666666667, "f1-score": 0.8387096774193549, "support": 15.0}, "1": {"precision": 0.5, "recall": 0.4, "f1-score": 0.4444444444444444, "support": 5.0}, "accuracy": 0.75, "macro avg": {"precision": 0.65625, "recall": 0.6333333333333333, "f1-score": 0.6415770609318996, "support": 20.0}, "weighted avg": {"precision": 0.734375, "recall": 0.75, "f1-score": 0.7401433691756273, "support": 20.0}}