{"best_estimator": "KNeighborsClassifier(n_neighbors=15)", "best_score": 0.7161508963823139, "test_score": 0.7179183914843289}