{"best_estimator": "RandomForestClassifier(criterion='log_loss')", "best_score": 0.6760779824972449, "test_score": 0.6124401913875598}