{"best_estimator": "RandomForestClassifier()", "best_score": 0.6558869898604357, "test_score": 0.6176470588235293}