{"0": {"precision": 0.810126582278481, "recall": 0.8648648648648649, "f1-score": 0.8366013071895425, "support": 74.0}, "1": {"precision": 0.375, "recall": 0.2857142857142857, "f1-score": 0.32432432432432434, "support": 21.0}, "accuracy": 0.7368421052631579, "macro avg": {"precision": 0.5925632911392404, "recall": 0.5752895752895753, "f1-score": 0.5804628157569334, "support": 95.0}, "weighted avg": {"precision": 0.7139407061958695, "recall": 0.7368421052631579, "f1-score": 0.7233611320298627, "support": 95.0}}