{"0": {"precision": 0.6, "recall": 0.9, "f1-score": 0.72, "support": 20.0}, "1": {"precision": 0.3333333333333333, "recall": 0.07692307692307693, "f1-score": 0.125, "support": 13.0}, "accuracy": 0.5757575757575758, "macro avg": {"precision": 0.4666666666666667, "recall": 0.4884615384615385, "f1-score": 0.4225, "support": 33.0}, "weighted avg": {"precision": 0.4949494949494949, "recall": 0.5757575757575758, "f1-score": 0.48560606060606054, "support": 33.0}}