{"best_estimator": "BernoulliNB()", "best_score": 0.5009761854713306, "test_score": 0.5224775224775224}