{"best_estimator": "BernoulliNB()", "best_score": 0.5095330199209626, "test_score": 0.48560606060606054}