{"best_estimator": "BernoulliNB()", "best_score": 0.5130713646539526, "test_score": 0.5687925170068027}