{"best_estimator": "BernoulliNB()", "best_score": 0.5217868983409603, "test_score": 0.5168350168350169}