{"best_estimator": "HistGradientBoostingClassifier(learning_rate=0.5)", "best_score": 0.5842487628784602, "test_score": 0.6196637426900584}