{"best_estimator": "HistGradientBoostingClassifier(learning_rate=0.5)", "best_score": 0.5793431782431752, "test_score": 0.47835497835497837}