{"best_estimator": "HistGradientBoostingClassifier()", "best_score": 0.5191787031530811, "test_score": 0.49311294765840225}