{"best_estimator": "HistGradientBoostingClassifier(learning_rate=0.5)", "best_score": 0.5408390966494375, "test_score": 0.45909090909090905}