{"0": {"precision": 0.45, "recall": 0.47368421052631576, "f1-score": 0.46153846153846156, "support": 19.0}, "1": {"precision": 0.16666666666666666, "recall": 0.15384615384615385, "f1-score": 0.16, "support": 13.0}, "accuracy": 0.34375, "macro avg": {"precision": 0.30833333333333335, "recall": 0.31376518218623484, "f1-score": 0.3107692307692308, "support": 32.0}, "weighted avg": {"precision": 0.33489583333333334, "recall": 0.34375, "f1-score": 0.33903846153846157, "support": 32.0}}