{"best_estimator": "KNeighborsClassifier(n_neighbors=20, weights='distance')", "best_score": 0.5776089829105401, "test_score": 0.5267045454545454}