{"best_estimator": "KNeighborsClassifier(n_neighbors=7, p=3)", "best_score": 0.554219022923004, "test_score": 0.6087662337662337}