{"best_estimator": "KNeighborsClassifier(n_neighbors=25, p=3)", "best_score": 0.5486763294373689, "test_score": 0.6090436174469788}