{"0": {"precision": 0.6666666666666666, "recall": 1.0, "f1-score": 0.8, "support": 20.0}, "1": {"precision": 1.0, "recall": 0.23076923076923078, "f1-score": 0.375, "support": 13.0}, "accuracy": 0.696969696969697, "macro avg": {"precision": 0.8333333333333333, "recall": 0.6153846153846154, "f1-score": 0.5875, "support": 33.0}, "weighted avg": {"precision": 0.7979797979797979, "recall": 0.696969696969697, "f1-score": 0.6325757575757576, "support": 33.0}}