{"best_estimator": "KNeighborsClassifier(n_neighbors=15)", "best_score": 0.5611976022218009, "test_score": 0.5316665134663112}