{"best_estimator": "KNeighborsClassifier(n_neighbors=25, p=3)", "best_score": 0.5614282393413974, "test_score": 0.43236714975845414}