{"0": {"precision": 0.5, "recall": 0.631578947368421, "f1-score": 0.5581395348837209, "support": 19.0}, "1": {"precision": 0.125, "recall": 0.07692307692307693, "f1-score": 0.09523809523809523, "support": 13.0}, "accuracy": 0.40625, "macro avg": {"precision": 0.3125, "recall": 0.35425101214574894, "f1-score": 0.3266888150609081, "support": 32.0}, "weighted avg": {"precision": 0.34765625, "recall": 0.40625, "f1-score": 0.3700858250276855, "support": 32.0}}