{"best_estimator": "RandomForestClassifier(max_depth=3, n_estimators=200)", "best_score": 0.5520568452886266, "test_score": 0.6712296620775969}