{"best_estimator": "RandomForestClassifier(criterion='log_loss', n_estimators=150)", "best_score": 0.5541182320109168, "test_score": 0.5681818181818182}