{"best_estimator": "RandomForestClassifier(criterion='log_loss')", "best_score": 0.5394498951336775, "test_score": 0.5564738292011019}