{"best_estimator": "RandomForestClassifier(criterion='entropy', n_estimators=150)", "best_score": 0.5735612691507315, "test_score": 0.3914772727272728}