{"best_estimator": "AdaBoostClassifier(algorithm='SAMME', learning_rate=0.05, n_estimators=200)", "best_score": 0.7462382658297819, "test_score": 0.7340124504810414}