{"best_estimator": "BernoulliNB()", "best_score": 0.539021670553346, "test_score": 0.7019095911101522}