{"best_estimator": "BernoulliNB()", "best_score": 0.5931974847886188, "test_score": 0.5982548268646108}