{"best_estimator": "BernoulliNB()", "best_score": 0.6126026092091565, "test_score": 0.5031826518502535}