{"best_estimator": "BernoulliNB()", "best_score": 0.5970361123650463, "test_score": 0.584688995215311}