{"0": {"precision": 0.6111111111111112, "recall": 0.6470588235294118, "f1-score": 0.6285714285714286, "support": 17.0}, "1": {"precision": 0.5384615384615384, "recall": 0.5, "f1-score": 0.5185185185185185, "support": 14.0}, "accuracy": 0.5806451612903226, "macro avg": {"precision": 0.5747863247863247, "recall": 0.5735294117647058, "f1-score": 0.5735449735449736, "support": 31.0}, "weighted avg": {"precision": 0.5783016266887234, "recall": 0.5806451612903226, "f1-score": 0.5788701143539853, "support": 31.0}}