{"best_estimator": "HistGradientBoostingClassifier(learning_rate=0.05)", "best_score": 0.7049402800026242, "test_score": 0.794574780058651}