{"best_estimator": "HistGradientBoostingClassifier(learning_rate=0.01)", "best_score": 0.7367870553530422, "test_score": 0.7096774193548387}