{"0": {"precision": 0.7391304347826086, "recall": 1.0, "f1-score": 0.85, "support": 17.0}, "1": {"precision": 1.0, "recall": 0.5714285714285714, "f1-score": 0.7272727272727273, "support": 14.0}, "accuracy": 0.8064516129032258, "macro avg": {"precision": 0.8695652173913043, "recall": 0.7857142857142857, "f1-score": 0.7886363636363636, "support": 31.0}, "weighted avg": {"precision": 0.8569424964936886, "recall": 0.8064516129032258, "f1-score": 0.794574780058651, "support": 31.0}}