{"best_estimator": "HistGradientBoostingClassifier(learning_rate=0.01)", "best_score": 0.7306207234944908, "test_score": 0.7641241414032438}