{"best_estimator": "KNeighborsClassifier(n_neighbors=7, p=1, weights='distance')", "best_score": 0.7138124396054908, "test_score": 0.7424731182795699}