{"best_estimator": "KNeighborsClassifier(n_neighbors=25, p=1, weights='distance')", "best_score": 0.7071374165162244, "test_score": 0.774665453197155}