{"0": {"precision": 0.6363636363636364, "recall": 0.3888888888888889, "f1-score": 0.4827586206896552, "support": 18.0}, "1": {"precision": 0.45, "recall": 0.6923076923076923, "f1-score": 0.5454545454545454, "support": 13.0}, "accuracy": 0.5161290322580645, "macro avg": {"precision": 0.5431818181818182, "recall": 0.5405982905982906, "f1-score": 0.5141065830721003, "support": 31.0}, "weighted avg": {"precision": 0.5582111436950147, "recall": 0.5161290322580645, "f1-score": 0.5090504601071898, "support": 31.0}}