{"best_estimator": "KNeighborsClassifier(n_neighbors=20, p=1, weights='distance')", "best_score": 0.7269878332711673, "test_score": 0.6666666666666666}