{"best_estimator": "RandomForestClassifier(max_depth=2, n_estimators=300)", "best_score": 0.7710629153181785, "test_score": 0.7435619409053944}