{"0": {"precision": 0.7083333333333334, "recall": 1.0, "f1-score": 0.8292682926829268, "support": 17.0}, "1": {"precision": 1.0, "recall": 0.5, "f1-score": 0.6666666666666666, "support": 14.0}, "accuracy": 0.7741935483870968, "macro avg": {"precision": 0.8541666666666667, "recall": 0.75, "f1-score": 0.7479674796747967, "support": 31.0}, "weighted avg": {"precision": 0.8400537634408602, "recall": 0.7741935483870968, "f1-score": 0.7558353002884867, "support": 31.0}}