{"precision": 0.5768366352172069, "recall": 0.5783473836105415, "f1": 0.5649343280892141}