{"0": {"precision": 0.6190476190476191, "recall": 0.5, "f1-score": 0.5531914893617021, "support": 26.0}, "1": {"precision": 0.23529411764705882, "recall": 0.3333333333333333, "f1-score": 0.27586206896551724, "support": 12.0}, "accuracy": 0.4473684210526316, "macro avg": {"precision": 0.427170868347339, "recall": 0.41666666666666663, "f1-score": 0.4145267791636097, "support": 38.0}, "weighted avg": {"precision": 0.4978623028158632, "recall": 0.4473684210526316, "f1-score": 0.4656137776576438, "support": 38.0}}