{"best_estimator": "BernoulliNB()", "best_score": 0.3464695955761556, "test_score": 0.14479638009049772}