{"best_estimator": "BernoulliNB()", "best_score": 0.34177816742904804, "test_score": 0.14479638009049772}