{"0": {"precision": 0.7391304347826086, "recall": 0.6538461538461539, "f1-score": 0.6938775510204082, "support": 26.0}, "1": {"precision": 0.4, "recall": 0.5, "f1-score": 0.4444444444444444, "support": 12.0}, "accuracy": 0.6052631578947368, "macro avg": {"precision": 0.5695652173913044, "recall": 0.5769230769230769, "f1-score": 0.5691609977324263, "support": 38.0}, "weighted avg": {"precision": 0.6320366132723112, "recall": 0.6052631578947368, "f1-score": 0.615109201575367, "support": 38.0}}