{"best_estimator": "HistGradientBoostingClassifier(learning_rate=0.5)", "best_score": 0.6313002964821681, "test_score": 0.5878332194121668}