{"0": {"precision": 0.7333333333333333, "recall": 0.8148148148148148, "f1-score": 0.7719298245614035, "support": 27.0}, "1": {"precision": 0.4444444444444444, "recall": 0.3333333333333333, "f1-score": 0.38095238095238093, "support": 12.0}, "accuracy": 0.6666666666666666, "macro avg": {"precision": 0.5888888888888888, "recall": 0.5740740740740741, "f1-score": 0.5764411027568922, "support": 39.0}, "weighted avg": {"precision": 0.6444444444444444, "recall": 0.6666666666666666, "f1-score": 0.6516290726817042, "support": 39.0}}