{"0": {"precision": 0.7241379310344828, "recall": 0.7777777777777778, "f1-score": 0.75, "support": 27.0}, "1": {"precision": 0.4, "recall": 0.3333333333333333, "f1-score": 0.36363636363636365, "support": 12.0}, "accuracy": 0.6410256410256411, "macro avg": {"precision": 0.5620689655172414, "recall": 0.5555555555555556, "f1-score": 0.5568181818181819, "support": 39.0}, "weighted avg": {"precision": 0.6244031830238728, "recall": 0.6410256410256411, "f1-score": 0.6311188811188811, "support": 39.0}}