{"best_estimator": "HistGradientBoostingClassifier()", "best_score": 0.6107167234379445, "test_score": 0.6078947368421053}