{"best_estimator": "KNeighborsClassifier(p=1, weights='distance')", "best_score": 0.49499605885894715, "test_score": 0.5263157894736842}