{"best_estimator": "KNeighborsClassifier(p=1, weights='distance')", "best_score": 0.5024524006725496, "test_score": 0.6026373626373627}