{"0": {"precision": 0.7037037037037037, "recall": 0.7307692307692307, "f1-score": 0.7169811320754716, "support": 26.0}, "1": {"precision": 0.36363636363636365, "recall": 0.3333333333333333, "f1-score": 0.34782608695652173, "support": 12.0}, "accuracy": 0.6052631578947368, "macro avg": {"precision": 0.5336700336700337, "recall": 0.532051282051282, "f1-score": 0.5324036095159967, "support": 38.0}, "weighted avg": {"precision": 0.596314017366649, "recall": 0.6052631578947368, "f1-score": 0.6004058546694875, "support": 38.0}}