{"best_estimator": "RandomForestClassifier(criterion='log_loss', n_estimators=400)", "best_score": 0.6200224088352452, "test_score": 0.5679012345679012}