{"best_estimator": "RandomForestClassifier(n_estimators=150)", "best_score": 0.6296537613320674, "test_score": 0.6311188811188811}