{"best_estimator": "RandomForestClassifier()", "best_score": 0.6261250111505425, "test_score": 0.7376543209876544}