{"0": {"precision": 0.7777777777777778, "recall": 0.6086956521739131, "f1-score": 0.6829268292682927, "support": 23.0}, "1": {"precision": 0.55, "recall": 0.7333333333333333, "f1-score": 0.6285714285714286, "support": 15.0}, "accuracy": 0.6578947368421053, "macro avg": {"precision": 0.663888888888889, "recall": 0.6710144927536232, "f1-score": 0.6557491289198607, "support": 38.0}, "weighted avg": {"precision": 0.6878654970760234, "recall": 0.6578947368421053, "f1-score": 0.6614707500458463, "support": 38.0}}