{"best_estimator": "BernoulliNB()", "best_score": 0.5047906842695966, "test_score": 0.6444397993311036}