{"0": {"precision": 0.6521739130434783, "recall": 0.625, "f1-score": 0.6382978723404256, "support": 24.0}, "1": {"precision": 0.4375, "recall": 0.4666666666666667, "f1-score": 0.45161290322580644, "support": 15.0}, "accuracy": 0.5641025641025641, "macro avg": {"precision": 0.5448369565217391, "recall": 0.5458333333333334, "f1-score": 0.544955387783116, "support": 39.0}, "weighted avg": {"precision": 0.5696070234113711, "recall": 0.5641025641025641, "f1-score": 0.5664959611424951, "support": 39.0}}