{"best_estimator": "BernoulliNB()", "best_score": 0.5292508474206834, "test_score": 0.6795112781954886}