{"0": {"precision": 0.5833333333333334, "recall": 0.5833333333333334, "f1-score": 0.5833333333333334, "support": 24.0}, "1": {"precision": 0.3333333333333333, "recall": 0.3333333333333333, "f1-score": 0.3333333333333333, "support": 15.0}, "accuracy": 0.48717948717948717, "macro avg": {"precision": 0.45833333333333337, "recall": 0.45833333333333337, "f1-score": 0.45833333333333337, "support": 39.0}, "weighted avg": {"precision": 0.48717948717948717, "recall": 0.48717948717948717, "f1-score": 0.48717948717948717, "support": 39.0}}