{"best_estimator": "BernoulliNB()", "best_score": 0.5197613723453058, "test_score": 0.5610350240892112}