{"0": {"precision": 0.8, "recall": 0.6666666666666666, "f1-score": 0.7272727272727273, "support": 24.0}, "1": {"precision": 0.5789473684210527, "recall": 0.7333333333333333, "f1-score": 0.6470588235294118, "support": 15.0}, "accuracy": 0.6923076923076923, "macro avg": {"precision": 0.6894736842105263, "recall": 0.7, "f1-score": 0.6871657754010696, "support": 39.0}, "weighted avg": {"precision": 0.7149797570850203, "recall": 0.6923076923076923, "f1-score": 0.6964212258329905, "support": 39.0}}