{"best_estimator": "HistGradientBoostingClassifier(learning_rate=0.05)", "best_score": 0.6975018461313366, "test_score": 0.5052264808362369}