{"best_estimator": "HistGradientBoostingClassifier(learning_rate=0.01)", "best_score": 0.6927794635274449, "test_score": 0.6072439162422184}