{"0": {"precision": 0.6666666666666666, "recall": 0.4166666666666667, "f1-score": 0.5128205128205128, "support": 24.0}, "1": {"precision": 0.4166666666666667, "recall": 0.6666666666666666, "f1-score": 0.5128205128205128, "support": 15.0}, "accuracy": 0.5128205128205128, "macro avg": {"precision": 0.5416666666666666, "recall": 0.5416666666666666, "f1-score": 0.5128205128205128, "support": 39.0}, "weighted avg": {"precision": 0.5705128205128205, "recall": 0.5128205128205128, "f1-score": 0.5128205128205128, "support": 39.0}}