{"best_estimator": "KNeighborsClassifier(weights='distance')", "best_score": 0.6807501082611618, "test_score": 0.5824561403508772}