{"best_estimator": "KNeighborsClassifier(n_neighbors=7, weights='distance')", "best_score": 0.6469256638363348, "test_score": 0.5128205128205128}