{"0": {"precision": 0.7058823529411765, "recall": 0.5217391304347826, "f1-score": 0.6, "support": 23.0}, "1": {"precision": 0.47619047619047616, "recall": 0.6666666666666666, "f1-score": 0.5555555555555556, "support": 15.0}, "accuracy": 0.5789473684210527, "macro avg": {"precision": 0.5910364145658263, "recall": 0.5942028985507246, "f1-score": 0.5777777777777777, "support": 38.0}, "weighted avg": {"precision": 0.6152145068553738, "recall": 0.5789473684210527, "f1-score": 0.5824561403508772, "support": 38.0}}