{"best_estimator": "KNeighborsClassifier(weights='distance')", "best_score": 0.6576479622323592, "test_score": 0.5698952210580117}