{"best_estimator": "KNeighborsClassifier(n_neighbors=10, weights='distance')", "best_score": 0.6740587143091965, "test_score": 0.46869409660107336}