{"best_estimator": "KNeighborsClassifier(weights='distance')", "best_score": 0.6615794769887245, "test_score": 0.5154954859827887}