{"best_estimator": "RandomForestClassifier(criterion='entropy', max_depth=6)", "best_score": 0.7496384182262064, "test_score": 0.5316231755860239}