{"0": {"precision": 0.9411764705882353, "recall": 0.6666666666666666, "f1-score": 0.7804878048780488, "support": 24.0}, "1": {"precision": 0.6363636363636364, "recall": 0.9333333333333333, "f1-score": 0.7567567567567568, "support": 15.0}, "accuracy": 0.7692307692307693, "macro avg": {"precision": 0.7887700534759359, "recall": 0.8, "f1-score": 0.7686222808174028, "support": 39.0}, "weighted avg": {"precision": 0.8239407651172357, "recall": 0.7692307692307693, "f1-score": 0.771360478677552, "support": 39.0}}