{"precision": 0.5639718960977638, "recall": 0.5883082499406199, "f1": 0.5089497512802194}