{"0": {"precision": 0.8888888888888888, "recall": 0.8888888888888888, "f1-score": 0.8888888888888888, "support": 9.0}, "1": {"precision": 0.8333333333333334, "recall": 0.8333333333333334, "f1-score": 0.8333333333333334, "support": 6.0}, "accuracy": 0.8666666666666667, "macro avg": {"precision": 0.8611111111111112, "recall": 0.8611111111111112, "f1-score": 0.8611111111111112, "support": 15.0}, "weighted avg": {"precision": 0.8666666666666667, "recall": 0.8666666666666667, "f1-score": 0.8666666666666667, "support": 15.0}}