{"best_estimator": "BernoulliNB()", "best_score": 0.5557259656364971, "test_score": 0.780952380952381}