{"best_estimator": "BernoulliNB()", "best_score": 0.5461927683218486, "test_score": 0.487510766580534}