{"0": {"precision": 0.5757575757575758, "recall": 0.7307692307692307, "f1-score": 0.6440677966101694, "support": 26.0}, "1": {"precision": 0.5, "recall": 0.3333333333333333, "f1-score": 0.4, "support": 21.0}, "accuracy": 0.5531914893617021, "macro avg": {"precision": 0.5378787878787878, "recall": 0.532051282051282, "f1-score": 0.5220338983050847, "support": 47.0}, "weighted avg": {"precision": 0.5419084461637653, "recall": 0.5531914893617021, "f1-score": 0.5350162279120086, "support": 47.0}}