{"best_estimator": "HistGradientBoostingClassifier(learning_rate=0.05)", "best_score": 0.5760930281132908, "test_score": 0.5495495495495495}