{"best_estimator": "HistGradientBoostingClassifier(learning_rate=0.5)", "best_score": 0.5652205063142779, "test_score": 0.834920634920635}