{"best_estimator": "HistGradientBoostingClassifier(learning_rate=0.5)", "best_score": 0.5727271138013451, "test_score": 0.3938595486310001}