{"best_estimator": "KNeighborsClassifier(n_neighbors=10, p=1, weights='distance')", "best_score": 0.5874742291431126, "test_score": 0.4977256052824652}