{"best_estimator": "KNeighborsClassifier(n_neighbors=15, p=1)", "best_score": 0.5641568820698917, "test_score": 0.5595764794857251}