{"best_estimator": "KNeighborsClassifier(p=1, weights='distance')", "best_score": 0.6038673801207709, "test_score": 0.6530111792282726}