{"best_estimator": "KNeighborsClassifier(n_neighbors=10, p=1, weights='distance')", "best_score": 0.5482653087487515, "test_score": 0.5967078189300411}