{"best_estimator": "KNeighborsClassifier(p=3, weights='distance')", "best_score": 0.5301199666687368, "test_score": 0.5968511205702857}