{"0": {"precision": 0.5333333333333333, "recall": 0.7272727272727273, "f1-score": 0.6153846153846154, "support": 11.0}, "1": {"precision": 0.0, "recall": 0.0, "f1-score": 0.0, "support": 7.0}, "accuracy": 0.4444444444444444, "macro avg": {"precision": 0.26666666666666666, "recall": 0.36363636363636365, "f1-score": 0.3076923076923077, "support": 18.0}, "weighted avg": {"precision": 0.3259259259259259, "recall": 0.4444444444444444, "f1-score": 0.3760683760683761, "support": 18.0}}