{"best_estimator": "RandomForestClassifier()", "best_score": 0.6180509474443685, "test_score": 0.7872340425531915}