{"best_estimator": "RandomForestClassifier(criterion='entropy', n_estimators=300)", "best_score": 0.5880400023154524, "test_score": 0.9320574162679426}