{"0": {"precision": 0.7428571428571429, "recall": 0.5777777777777777, "f1-score": 0.65, "support": 45.0}, "1": {"precision": 0.42424242424242425, "recall": 0.6086956521739131, "f1-score": 0.5, "support": 23.0}, "accuracy": 0.5882352941176471, "macro avg": {"precision": 0.5835497835497836, "recall": 0.5932367149758454, "f1-score": 0.575, "support": 68.0}, "weighted avg": {"precision": 0.6350903997962822, "recall": 0.5882352941176471, "f1-score": 0.5992647058823529, "support": 68.0}}