{"best_estimator": "BernoulliNB()", "best_score": 0.5717838570935431, "test_score": 0.6121848739495798}