{"best_estimator": "BernoulliNB()", "best_score": 0.5804341014692718, "test_score": 0.5525210084033614}