{"best_estimator": "BernoulliNB()", "best_score": 0.5783095711156033, "test_score": 0.56796875}