{"best_estimator": "BernoulliNB()", "best_score": 0.5786249173070146, "test_score": 0.5192307692307693}