{"best_estimator": "BernoulliNB()", "best_score": 0.5752304302211882, "test_score": 0.6296875}