{"best_estimator": "HistGradientBoostingClassifier(learning_rate=0.5)", "best_score": 0.5533427312718955, "test_score": 0.6421337897589502}