{"best_estimator": "HistGradientBoostingClassifier(learning_rate=0.5)", "best_score": 0.5898080134533675, "test_score": 0.4187272727272727}