{"best_estimator": "HistGradientBoostingClassifier(learning_rate=0.05)", "best_score": 0.5930526681045392, "test_score": 0.5833333333333334}