{"best_estimator": "KNeighborsClassifier(n_neighbors=20, p=1, weights='distance')", "best_score": 0.5851563746624945, "test_score": 0.5440298507462686}