{"best_estimator": "RandomForestClassifier(criterion='log_loss', n_estimators=150)", "best_score": 0.5658154302025448, "test_score": 0.6121848739495798}