{"best_estimator": "RandomForestClassifier(criterion='entropy', n_estimators=200)", "best_score": 0.5740923108279722, "test_score": 0.6337791199309749}