{"best_estimator": "RandomForestClassifier(criterion='log_loss')", "best_score": 0.5889902132816227, "test_score": 0.5776977087952697}