{"precision": 0.6937618732533548, "recall": 0.707914426920275, "f1": 0.6742366004607199}