{"best_estimator": "BernoulliNB()", "best_score": 0.534025192919532, "test_score": 0.6245550934772021}