{"best_estimator": "HistGradientBoostingClassifier(learning_rate=0.5)", "best_score": 0.6691554154859769, "test_score": 0.7751493428912785}