{"best_estimator": "HistGradientBoostingClassifier()", "best_score": 0.6564697247639654, "test_score": 0.6774193548387096}