{"best_estimator": "HistGradientBoostingClassifier()", "best_score": 0.6579788000793341, "test_score": 0.6177825969097316}