{"best_estimator": "HistGradientBoostingClassifier(learning_rate=0.5)", "best_score": 0.6255750964867668, "test_score": 0.8085194375516956}