{"best_estimator": "HistGradientBoostingClassifier(learning_rate=0.05)", "best_score": 0.6270509407044453, "test_score": 0.837271190707376}