{"best_estimator": "KNeighborsClassifier(n_neighbors=7, p=3)", "best_score": 0.6827607909676134, "test_score": 0.6419966195562269}