{"best_estimator": "KNeighborsClassifier(p=3, weights='distance')", "best_score": 0.669088046156703, "test_score": 0.7133640552995392}