{"best_estimator": "RandomForestClassifier(max_depth=6, n_estimators=300)", "best_score": 0.6680619730329408, "test_score": 0.6928178037540744}