{"best_estimator": "RandomForestClassifier(criterion='log_loss', n_estimators=150)", "best_score": 0.6532597251543832, "test_score": 0.5833653007846556}