{"best_estimator": "RandomForestClassifier(n_estimators=200)", "best_score": 0.6863943240638181, "test_score": 0.7610805140309468}