{"0": {"precision": 0.7142857142857143, "recall": 0.625, "f1-score": 0.6666666666666666, "support": 32.0}, "1": {"precision": 0.3684210526315789, "recall": 0.4666666666666667, "f1-score": 0.4117647058823529, "support": 15.0}, "accuracy": 0.574468085106383, "macro avg": {"precision": 0.5413533834586466, "recall": 0.5458333333333334, "f1-score": 0.5392156862745098, "support": 47.0}, "weighted avg": {"precision": 0.6039033754599265, "recall": 0.574468085106383, "f1-score": 0.5853149770546516, "support": 47.0}}