{"best_estimator": "AdaBoostClassifier(algorithm='SAMME', learning_rate=0.001)", "best_score": 0.5095281328155954, "test_score": 0.5333333333333334}