{"best_estimator": "AdaBoostClassifier(algorithm='SAMME', learning_rate=0.05)", "best_score": 0.4844305629659365, "test_score": 0.5853149770546516}