{"0": {"precision": 0.6285714285714286, "recall": 0.88, "f1-score": 0.7333333333333333, "support": 25.0}, "1": {"precision": 0.625, "recall": 0.2777777777777778, "f1-score": 0.38461538461538464, "support": 18.0}, "accuracy": 0.627906976744186, "macro avg": {"precision": 0.6267857142857143, "recall": 0.5788888888888889, "f1-score": 0.558974358974359, "support": 43.0}, "weighted avg": {"precision": 0.6270764119601329, "recall": 0.627906976744186, "f1-score": 0.5873583780560524, "support": 43.0}}