{"0": {"precision": 0.38461538461538464, "recall": 0.625, "f1-score": 0.47619047619047616, "support": 8.0}, "1": {"precision": 0.4, "recall": 0.2, "f1-score": 0.26666666666666666, "support": 10.0}, "accuracy": 0.3888888888888889, "macro avg": {"precision": 0.39230769230769236, "recall": 0.4125, "f1-score": 0.37142857142857144, "support": 18.0}, "weighted avg": {"precision": 0.39316239316239315, "recall": 0.3888888888888889, "f1-score": 0.35978835978835977, "support": 18.0}}