{"best_estimator": "BernoulliNB()", "best_score": 0.3521645765984899, "test_score": 0.3452202577165118}