{"0": {"precision": 0.48484848484848486, "recall": 0.6956521739130435, "f1-score": 0.5714285714285714, "support": 23.0}, "1": {"precision": 0.5, "recall": 0.2916666666666667, "f1-score": 0.3684210526315789, "support": 24.0}, "accuracy": 0.48936170212765956, "macro avg": {"precision": 0.49242424242424243, "recall": 0.4936594202898551, "f1-score": 0.4699248120300752, "support": 47.0}, "weighted avg": {"precision": 0.49258542875564154, "recall": 0.48936170212765956, "f1-score": 0.467765157574788, "support": 47.0}}