{"0": {"precision": 0.7209302325581395, "recall": 0.6595744680851063, "f1-score": 0.6888888888888889, "support": 47.0}, "1": {"precision": 0.36, "recall": 0.42857142857142855, "f1-score": 0.391304347826087, "support": 21.0}, "accuracy": 0.5882352941176471, "macro avg": {"precision": 0.5404651162790697, "recall": 0.5440729483282675, "f1-score": 0.5400966183574879, "support": 68.0}, "weighted avg": {"precision": 0.6094664842681259, "recall": 0.5882352941176471, "f1-score": 0.5969877806194942, "support": 68.0}}