{"best_estimator": "HistGradientBoostingClassifier(learning_rate=0.05)", "best_score": 0.5101765530293526, "test_score": 0.5064840182648402}