{"best_estimator": "HistGradientBoostingClassifier(learning_rate=0.5)", "best_score": 0.4950642012281866, "test_score": 0.5969877806194942}