{"best_estimator": "HistGradientBoostingClassifier(learning_rate=0.5)", "best_score": 0.43613441875620274, "test_score": 0.60749914000688}