{"best_estimator": "HistGradientBoostingClassifier(learning_rate=0.05)", "best_score": 0.4444374353547449, "test_score": 0.5853149770546516}