{"best_estimator": "KNeighborsClassifier(p=3, weights='distance')", "best_score": 0.4355559071433966, "test_score": 0.41148325358851673}