{"best_estimator": "KNeighborsClassifier(p=1, weights='distance')", "best_score": 0.4483792451835004, "test_score": 0.4735042735042735}