{"best_estimator": "KNeighborsClassifier(weights='distance')", "best_score": 0.4731387778872314, "test_score": 0.46074159657694536}