{"best_estimator": "RandomForestClassifier(criterion='log_loss', n_estimators=150)", "best_score": 0.5036306055486051, "test_score": 0.5201663201663201}