{"best_estimator": "RandomForestClassifier(criterion='entropy', n_estimators=150)", "best_score": 0.43225759989995155, "test_score": 0.611111111111111}