{"precision": 0.7968232300789905, "recall": 0.72837732132245, "f1": 0.7339338927676179}