{"best_estimator": "BernoulliNB()", "best_score": 0.6131060570144131, "test_score": 0.34812521499828003}