{"best_estimator": "BernoulliNB()", "best_score": 0.6057815782581194, "test_score": 0.3838157463754374}