{"best_estimator": "BernoulliNB()", "best_score": 0.5908830285753557, "test_score": 0.4630101816519247}