{"0": {"precision": 0.8333333333333334, "recall": 0.5952380952380952, "f1-score": 0.6944444444444444, "support": 42.0}, "1": {"precision": 0.37037037037037035, "recall": 0.6666666666666666, "f1-score": 0.47619047619047616, "support": 15.0}, "accuracy": 0.6140350877192983, "macro avg": {"precision": 0.6018518518518519, "recall": 0.6309523809523809, "f1-score": 0.5853174603174602, "support": 57.0}, "weighted avg": {"precision": 0.7115009746588694, "recall": 0.6140350877192983, "f1-score": 0.6370091896407686, "support": 57.0}}