{"best_estimator": "HistGradientBoostingClassifier(learning_rate=0.05)", "best_score": 0.744614713812479, "test_score": 0.7732993135641749}