{"best_estimator": "KNeighborsClassifier(n_neighbors=10, p=3)", "best_score": 0.6992556606135656, "test_score": 0.7284676582497406}