{"0": {"precision": 0.6521739130434783, "recall": 0.4166666666666667, "f1-score": 0.5084745762711864, "support": 36.0}, "1": {"precision": 0.38235294117647056, "recall": 0.6190476190476191, "f1-score": 0.4727272727272727, "support": 21.0}, "accuracy": 0.49122807017543857, "macro avg": {"precision": 0.5172634271099744, "recall": 0.5178571428571429, "f1-score": 0.49060092449922954, "support": 57.0}, "weighted avg": {"precision": 0.5527661865661597, "recall": 0.49122807017543857, "f1-score": 0.49530451707079726, "support": 57.0}}