{"best_estimator": "KNeighborsClassifier(p=3, weights='distance')", "best_score": 0.6760029727178256, "test_score": 0.7778028423189713}