{"0": {"precision": 0.8769230769230769, "recall": 0.7702702702702703, "f1-score": 0.8201438848920863, "support": 74.0}, "1": {"precision": 0.43333333333333335, "recall": 0.6190476190476191, "f1-score": 0.5098039215686274, "support": 21.0}, "accuracy": 0.7368421052631579, "macro avg": {"precision": 0.6551282051282051, "recall": 0.6946589446589446, "f1-score": 0.6649739032303569, "support": 95.0}, "weighted avg": {"precision": 0.7788663967611336, "recall": 0.7368421052631579, "f1-score": 0.7515424193153218, "support": 95.0}}