{"best_estimator": "RandomForestClassifier(criterion='log_loss', n_estimators=200)", "best_score": 0.6327540784087734, "test_score": 0.7308083507162928}