{"best_estimator": "BernoulliNB()", "best_score": 0.635969328024873, "test_score": 0.45161290322580644}