{"best_estimator": "BernoulliNB()", "best_score": 0.6161068907744635, "test_score": 0.5341555977229602}