{"best_estimator": "BernoulliNB()", "best_score": 0.6081084074092427, "test_score": 0.6104838709677418}