{"best_estimator": "BernoulliNB()", "best_score": 0.5993071126762218, "test_score": 0.5122171945701358}