{"best_estimator": "HistGradientBoostingClassifier(learning_rate=0.01)", "best_score": 0.6655398321137944, "test_score": 0.6129032258064516}