{"best_estimator": "HistGradientBoostingClassifier(learning_rate=0.5)", "best_score": 0.6633025657827909, "test_score": 0.6708211143695015}