{"best_estimator": "KNeighborsClassifier(n_neighbors=20, p=3)", "best_score": 0.726725000085473, "test_score": 0.43072196620583714}