{"best_estimator": "RandomForestClassifier(criterion='log_loss')", "best_score": 0.6751657890025808, "test_score": 0.7070881432732766}