{"best_estimator": "RandomForestClassifier(max_depth=2, n_estimators=400)", "best_score": 0.6858727498355028, "test_score": 0.5483870967741935}