{"best_estimator": "RandomForestClassifier(criterion='entropy')", "best_score": 0.6625436115543716, "test_score": 0.6496671786994368}