{"best_estimator": "RandomForestClassifier(n_estimators=150)", "best_score": 0.6524281638962344, "test_score": 0.7366568914956012}