{"best_estimator": "RandomForestClassifier(criterion='entropy', n_estimators=150)", "best_score": 0.6792938332980144, "test_score": 0.7216589861751151}