{"best_estimator": "BernoulliNB()", "best_score": 0.5087083302260531, "test_score": 0.4330392943063352}