{"0": {"precision": 0.6896551724137931, "recall": 0.9090909090909091, "f1-score": 0.7843137254901961, "support": 44.0}, "1": {"precision": 0.5555555555555556, "recall": 0.21739130434782608, "f1-score": 0.3125, "support": 23.0}, "accuracy": 0.6716417910447762, "macro avg": {"precision": 0.6226053639846744, "recall": 0.5632411067193676, "f1-score": 0.548406862745098, "support": 67.0}, "weighted avg": {"precision": 0.6436209755818608, "recall": 0.6716417910447762, "f1-score": 0.6223478197249048, "support": 67.0}}