{"best_estimator": "BernoulliNB()", "best_score": 0.4751953130428399, "test_score": 0.6863581253396882}