{"best_estimator": "HistGradientBoostingClassifier(learning_rate=0.01)", "best_score": 0.7402384140426705, "test_score": 0.8018099547511313}