{"best_estimator": "KNeighborsClassifier(n_neighbors=25, p=1, weights='distance')", "best_score": 0.7208867105558667, "test_score": 0.6527777777777778}