{"0": {"precision": 0.5714285714285714, "recall": 0.8, "f1-score": 0.6666666666666666, "support": 20.0}, "1": {"precision": 0.7647058823529411, "recall": 0.52, "f1-score": 0.6190476190476191, "support": 25.0}, "accuracy": 0.6444444444444445, "macro avg": {"precision": 0.6680672268907563, "recall": 0.66, "f1-score": 0.6428571428571428, "support": 45.0}, "weighted avg": {"precision": 0.6788048552754434, "recall": 0.6444444444444445, "f1-score": 0.6402116402116402, "support": 45.0}}