{"best_estimator": "KNeighborsClassifier(n_neighbors=7, p=1, weights='distance')", "best_score": 0.6647044450099058, "test_score": 0.6956521739130435}