{"best_estimator": "KNeighborsClassifier(n_neighbors=25, p=1)", "best_score": 0.6745512460899762, "test_score": 0.611111111111111}