{"0": {"precision": 0.6666666666666666, "recall": 0.7272727272727273, "f1-score": 0.6956521739130435, "support": 11.0}, "1": {"precision": 0.5, "recall": 0.42857142857142855, "f1-score": 0.46153846153846156, "support": 7.0}, "accuracy": 0.6111111111111112, "macro avg": {"precision": 0.5833333333333333, "recall": 0.577922077922078, "f1-score": 0.5785953177257526, "support": 18.0}, "weighted avg": {"precision": 0.6018518518518517, "recall": 0.6111111111111112, "f1-score": 0.6046079524340394, "support": 18.0}}