{"best_estimator": "RandomForestClassifier(max_depth=2, n_estimators=400)", "best_score": 0.7749730991981945, "test_score": 0.7444991789819377}