{"0": {"precision": 0.7619047619047619, "recall": 0.64, "f1-score": 0.6956521739130435, "support": 25.0}, "1": {"precision": 0.64, "recall": 0.7619047619047619, "f1-score": 0.6956521739130435, "support": 21.0}, "accuracy": 0.6956521739130435, "macro avg": {"precision": 0.700952380952381, "recall": 0.700952380952381, "f1-score": 0.6956521739130435, "support": 46.0}, "weighted avg": {"precision": 0.7062525879917184, "recall": 0.6956521739130435, "f1-score": 0.6956521739130435, "support": 46.0}}