{"0": {"precision": 0.37037037037037035, "recall": 0.5263157894736842, "f1-score": 0.43478260869565216, "support": 19.0}, "1": {"precision": 0.4375, "recall": 0.2916666666666667, "f1-score": 0.35, "support": 24.0}, "accuracy": 0.3953488372093023, "macro avg": {"precision": 0.4039351851851852, "recall": 0.4089912280701754, "f1-score": 0.3923913043478261, "support": 43.0}, "weighted avg": {"precision": 0.4078380706287683, "recall": 0.3953488372093023, "f1-score": 0.3874620829120323, "support": 43.0}}