{"0": {"precision": 0.6, "recall": 0.72, "f1-score": 0.6545454545454545, "support": 25.0}, "1": {"precision": 0.65, "recall": 0.52, "f1-score": 0.5777777777777777, "support": 25.0}, "accuracy": 0.62, "macro avg": {"precision": 0.625, "recall": 0.62, "f1-score": 0.6161616161616161, "support": 50.0}, "weighted avg": {"precision": 0.625, "recall": 0.62, "f1-score": 0.6161616161616161, "support": 50.0}}