{"0": {"precision": 0.7083333333333334, "recall": 0.7555555555555555, "f1-score": 0.7311827956989247, "support": 45.0}, "1": {"precision": 0.45, "recall": 0.391304347826087, "f1-score": 0.4186046511627907, "support": 23.0}, "accuracy": 0.6323529411764706, "macro avg": {"precision": 0.5791666666666667, "recall": 0.5734299516908212, "f1-score": 0.5748937234308578, "support": 68.0}, "weighted avg": {"precision": 0.6209558823529412, "recall": 0.6323529411764706, "f1-score": 0.625457835046997, "support": 68.0}}