{"best_estimator": "BernoulliNB()", "best_score": 0.44616876901407654, "test_score": 0.5666666666666667}