{"best_estimator": "BernoulliNB()", "best_score": 0.5023094044955515, "test_score": 0.5254130274650111}