{"best_estimator": "BernoulliNB()", "best_score": 0.4458607561137501, "test_score": 0.28611422172452405}