{"best_estimator": "HistGradientBoostingClassifier(learning_rate=0.05)", "best_score": 0.5452394949188071, "test_score": 0.830546265328874}