{"0": {"precision": 0.696969696969697, "recall": 0.696969696969697, "f1-score": 0.696969696969697, "support": 33.0}, "1": {"precision": 0.2857142857142857, "recall": 0.2857142857142857, "f1-score": 0.2857142857142857, "support": 14.0}, "accuracy": 0.574468085106383, "macro avg": {"precision": 0.49134199134199136, "recall": 0.49134199134199136, "f1-score": 0.49134199134199136, "support": 47.0}, "weighted avg": {"precision": 0.574468085106383, "recall": 0.574468085106383, "f1-score": 0.574468085106383, "support": 47.0}}