{"0": {"precision": 0.6060606060606061, "recall": 0.8, "f1-score": 0.6896551724137931, "support": 25.0}, "1": {"precision": 0.7058823529411765, "recall": 0.48, "f1-score": 0.5714285714285714, "support": 25.0}, "accuracy": 0.64, "macro avg": {"precision": 0.6559714795008913, "recall": 0.64, "f1-score": 0.6305418719211823, "support": 50.0}, "weighted avg": {"precision": 0.6559714795008912, "recall": 0.64, "f1-score": 0.6305418719211823, "support": 50.0}}