{"0": {"precision": 0.7272727272727273, "recall": 0.7111111111111111, "f1-score": 0.7191011235955056, "support": 45.0}, "1": {"precision": 0.4583333333333333, "recall": 0.4782608695652174, "f1-score": 0.46808510638297873, "support": 23.0}, "accuracy": 0.6323529411764706, "macro avg": {"precision": 0.5928030303030303, "recall": 0.5946859903381643, "f1-score": 0.5935931149892422, "support": 68.0}, "weighted avg": {"precision": 0.6363079322638145, "recall": 0.6323529411764706, "f1-score": 0.6341986471853862, "support": 68.0}}