{"best_estimator": "HistGradientBoostingClassifier(learning_rate=0.01)", "best_score": 0.5598004029061063, "test_score": 0.6515837104072398}