{"0": {"precision": 0.5806451612903226, "recall": 0.6923076923076923, "f1-score": 0.631578947368421, "support": 26.0}, "1": {"precision": 0.5, "recall": 0.38095238095238093, "f1-score": 0.43243243243243246, "support": 21.0}, "accuracy": 0.5531914893617021, "macro avg": {"precision": 0.5403225806451613, "recall": 0.5366300366300366, "f1-score": 0.5320056899004267, "support": 47.0}, "weighted avg": {"precision": 0.5446122168840083, "recall": 0.5531914893617021, "f1-score": 0.5425985896310643, "support": 47.0}}