{"best_estimator": "HistGradientBoostingClassifier()", "best_score": 0.5966650313928197, "test_score": 0.574468085106383}