{"best_estimator": "HistGradientBoostingClassifier()", "best_score": 0.6011448491200706, "test_score": 0.537037037037037}