{"0": {"precision": 0.84, "recall": 0.6363636363636364, "f1-score": 0.7241379310344828, "support": 33.0}, "1": {"precision": 0.45454545454545453, "recall": 0.7142857142857143, "f1-score": 0.5555555555555556, "support": 14.0}, "accuracy": 0.6595744680851063, "macro avg": {"precision": 0.6472727272727272, "recall": 0.6753246753246753, "f1-score": 0.6398467432950192, "support": 47.0}, "weighted avg": {"precision": 0.7251837524177949, "recall": 0.6595744680851063, "f1-score": 0.673921904296079, "support": 47.0}}