{"best_estimator": "KNeighborsClassifier(p=3, weights='distance')", "best_score": 0.6362634801792638, "test_score": 0.4714285714285714}