{"best_estimator": "KNeighborsClassifier(n_neighbors=7, p=3, weights='distance')", "best_score": 0.5745137511879148, "test_score": 0.4236111111111111}