{"best_estimator": "RandomForestClassifier(criterion='log_loss', n_estimators=400)", "best_score": 0.6285312269280501, "test_score": 0.6124185978096626}