{"best_estimator": "RandomForestClassifier(criterion='log_loss')", "best_score": 0.6079151946233388, "test_score": 0.5672692369220924}