{"best_estimator": "RandomForestClassifier()", "best_score": 0.604464814941447, "test_score": 0.5390946502057612}