{"best_estimator": "RandomForestClassifier(n_estimators=400)", "best_score": 0.6026800955762286, "test_score": 0.7302023074157596}