{"0": {"precision": 0.9411764705882353, "recall": 0.8888888888888888, "f1-score": 0.9142857142857143, "support": 36.0}, "1": {"precision": 0.8, "recall": 0.8888888888888888, "f1-score": 0.8421052631578947, "support": 18.0}, "accuracy": 0.8888888888888888, "macro avg": {"precision": 0.8705882352941177, "recall": 0.8888888888888888, "f1-score": 0.8781954887218044, "support": 54.0}, "weighted avg": {"precision": 0.8941176470588235, "recall": 0.8888888888888888, "f1-score": 0.8902255639097744, "support": 54.0}}