{"0": {"precision": 0.8571428571428571, "recall": 0.8, "f1-score": 0.8275862068965517, "support": 15.0}, "1": {"precision": 0.5, "recall": 0.6, "f1-score": 0.5454545454545454, "support": 5.0}, "accuracy": 0.75, "macro avg": {"precision": 0.6785714285714286, "recall": 0.7, "f1-score": 0.6865203761755485, "support": 20.0}, "weighted avg": {"precision": 0.7678571428571428, "recall": 0.75, "f1-score": 0.7570532915360502, "support": 20.0}}