{"best_estimator": "BernoulliNB()", "best_score": 0.6251500355971222, "test_score": 0.49885583524027466}