{"best_estimator": "BernoulliNB()", "best_score": 0.6434690364060243, "test_score": 0.5662599469496021}