{"0": {"precision": 0.9090909090909091, "recall": 0.6666666666666666, "f1-score": 0.7692307692307693, "support": 15.0}, "1": {"precision": 0.4444444444444444, "recall": 0.8, "f1-score": 0.5714285714285714, "support": 5.0}, "accuracy": 0.7, "macro avg": {"precision": 0.6767676767676767, "recall": 0.7333333333333334, "f1-score": 0.6703296703296704, "support": 20.0}, "weighted avg": {"precision": 0.7929292929292929, "recall": 0.7, "f1-score": 0.7197802197802197, "support": 20.0}}