{"best_estimator": "HistGradientBoostingClassifier(learning_rate=0.5)", "best_score": 0.7398247555792857, "test_score": 0.7080213903743315}