{"best_estimator": "HistGradientBoostingClassifier()", "best_score": 0.7654293370326808, "test_score": 0.6785714285714286}