{"0": {"precision": 0.7777777777777778, "recall": 0.875, "f1-score": 0.8235294117647058, "support": 16.0}, "1": {"precision": 0.5, "recall": 0.3333333333333333, "f1-score": 0.4, "support": 6.0}, "accuracy": 0.7272727272727273, "macro avg": {"precision": 0.6388888888888888, "recall": 0.6041666666666666, "f1-score": 0.611764705882353, "support": 22.0}, "weighted avg": {"precision": 0.702020202020202, "recall": 0.7272727272727273, "f1-score": 0.7080213903743315, "support": 22.0}}