{"best_estimator": "KNeighborsClassifier(weights='distance')", "best_score": 0.7076326137222553, "test_score": 0.7996498028375855}