{"0": {"precision": 0.6666666666666666, "recall": 0.75, "f1-score": 0.7058823529411765, "support": 32.0}, "1": {"precision": 0.6, "recall": 0.5, "f1-score": 0.5454545454545454, "support": 24.0}, "accuracy": 0.6428571428571429, "macro avg": {"precision": 0.6333333333333333, "recall": 0.625, "f1-score": 0.625668449197861, "support": 56.0}, "weighted avg": {"precision": 0.6380952380952382, "recall": 0.6428571428571429, "f1-score": 0.6371275783040489, "support": 56.0}}