{"best_estimator": "KNeighborsClassifier(weights='distance')", "best_score": 0.7029913690967098, "test_score": 0.7324192835028749}