{"0": {"precision": 0.7567567567567568, "recall": 0.875, "f1-score": 0.8115942028985508, "support": 32.0}, "1": {"precision": 0.7894736842105263, "recall": 0.625, "f1-score": 0.6976744186046512, "support": 24.0}, "accuracy": 0.7678571428571429, "macro avg": {"precision": 0.7731152204836416, "recall": 0.75, "f1-score": 0.7546343107516009, "support": 56.0}, "weighted avg": {"precision": 0.7707782970940865, "recall": 0.7678571428571429, "f1-score": 0.7627714382011652, "support": 56.0}}