{"0": {"precision": 0.7857142857142857, "recall": 0.8461538461538461, "f1-score": 0.8148148148148148, "support": 39.0}, "1": {"precision": 0.4, "recall": 0.3076923076923077, "f1-score": 0.34782608695652173, "support": 13.0}, "accuracy": 0.7115384615384616, "macro avg": {"precision": 0.5928571428571429, "recall": 0.5769230769230769, "f1-score": 0.5813204508856682, "support": 52.0}, "weighted avg": {"precision": 0.6892857142857143, "recall": 0.7115384615384616, "f1-score": 0.6980676328502415, "support": 52.0}}