{"0": {"precision": 0.7272727272727273, "recall": 0.8888888888888888, "f1-score": 0.8, "support": 9.0}, "1": {"precision": 0.875, "recall": 0.7, "f1-score": 0.7777777777777778, "support": 10.0}, "accuracy": 0.7894736842105263, "macro avg": {"precision": 0.8011363636363636, "recall": 0.7944444444444444, "f1-score": 0.788888888888889, "support": 19.0}, "weighted avg": {"precision": 0.8050239234449762, "recall": 0.7894736842105263, "f1-score": 0.7883040935672515, "support": 19.0}}