{"0": {"precision": 0.868421052631579, "recall": 0.9166666666666666, "f1-score": 0.8918918918918919, "support": 36.0}, "1": {"precision": 0.8125, "recall": 0.7222222222222222, "f1-score": 0.7647058823529411, "support": 18.0}, "accuracy": 0.8518518518518519, "macro avg": {"precision": 0.8404605263157895, "recall": 0.8194444444444444, "f1-score": 0.8282988871224165, "support": 54.0}, "weighted avg": {"precision": 0.849780701754386, "recall": 0.8518518518518519, "f1-score": 0.8494965553789083, "support": 54.0}}