{"best_estimator": "BernoulliNB()", "best_score": 0.43683998501605414, "test_score": 0.3977272727272727}