{"best_estimator": "HistGradientBoostingClassifier(learning_rate=0.05)", "best_score": 0.7350308634919618, "test_score": 0.6923076923076923}