{"0": {"precision": 0.8048780487804879, "recall": 0.9166666666666666, "f1-score": 0.8571428571428571, "support": 36.0}, "1": {"precision": 0.7272727272727273, "recall": 0.5, "f1-score": 0.5925925925925926, "support": 16.0}, "accuracy": 0.7884615384615384, "macro avg": {"precision": 0.7660753880266076, "recall": 0.7083333333333333, "f1-score": 0.7248677248677249, "support": 52.0}, "weighted avg": {"precision": 0.7809994883165614, "recall": 0.7884615384615384, "f1-score": 0.7757427757427757, "support": 52.0}}