{"best_estimator": "HistGradientBoostingClassifier(learning_rate=0.01)", "best_score": 0.7004329778491709, "test_score": 0.583625730994152}