{"best_estimator": "HistGradientBoostingClassifier(learning_rate=0.05)", "best_score": 0.689787451333662, "test_score": 0.5054466230936819}