{"0": {"precision": 0.78125, "recall": 0.6944444444444444, "f1-score": 0.7352941176470589, "support": 36.0}, "1": {"precision": 0.45, "recall": 0.5625, "f1-score": 0.5, "support": 16.0}, "accuracy": 0.6538461538461539, "macro avg": {"precision": 0.615625, "recall": 0.6284722222222222, "f1-score": 0.6176470588235294, "support": 52.0}, "weighted avg": {"precision": 0.6793269230769231, "recall": 0.6538461538461539, "f1-score": 0.6628959276018099, "support": 52.0}}