{"best_estimator": "KNeighborsClassifier(p=1, weights='distance')", "best_score": 0.6069410978595934, "test_score": 0.671257314114457}