{"best_estimator": "KNeighborsClassifier(n_neighbors=25, p=1, weights='distance')", "best_score": 0.5879098536446336, "test_score": 0.6810599078341014}