{"best_estimator": "RandomForestClassifier(criterion='entropy')", "best_score": 0.731787147513988, "test_score": 0.6358504958047292}