{"best_estimator": "RandomForestClassifier(n_estimators=300)", "best_score": 0.7319899073789926, "test_score": 0.6857142857142857}