{"best_estimator": "RandomForestClassifier(criterion='log_loss', n_estimators=150)", "best_score": 0.7556210936568092, "test_score": 0.7497217068645641}