{"best_estimator": "RandomForestClassifier(criterion='log_loss', n_estimators=300)", "best_score": 0.7245352855561986, "test_score": 0.5953654188948306}