{"0": {"precision": 0.5961538461538461, "recall": 0.9393939393939394, "f1-score": 0.7294117647058823, "support": 33.0}, "1": {"precision": 0.6, "recall": 0.125, "f1-score": 0.20689655172413793, "support": 24.0}, "accuracy": 0.5964912280701754, "macro avg": {"precision": 0.5980769230769231, "recall": 0.5321969696969697, "f1-score": 0.4681541582150101, "support": 57.0}, "weighted avg": {"precision": 0.5977732793522268, "recall": 0.5964912280701754, "f1-score": 0.5094053592398847, "support": 57.0}}