{"best_estimator": "BernoulliNB()", "best_score": 0.5526233267525716, "test_score": 0.6759002770083101}