{"0": {"precision": 0.2, "recall": 0.1111111111111111, "f1-score": 0.14285714285714285, "support": 9.0}, "1": {"precision": 0.42857142857142855, "recall": 0.6, "f1-score": 0.5, "support": 10.0}, "accuracy": 0.3684210526315789, "macro avg": {"precision": 0.3142857142857143, "recall": 0.3555555555555555, "f1-score": 0.3214285714285714, "support": 19.0}, "weighted avg": {"precision": 0.32030075187969925, "recall": 0.3684210526315789, "f1-score": 0.3308270676691729, "support": 19.0}}