{"0": {"precision": 0.7358490566037735, "recall": 0.9285714285714286, "f1-score": 0.8210526315789474, "support": 42.0}, "1": {"precision": 0.25, "recall": 0.06666666666666667, "f1-score": 0.10526315789473684, "support": 15.0}, "accuracy": 0.7017543859649122, "macro avg": {"precision": 0.49292452830188677, "recall": 0.4976190476190476, "f1-score": 0.4631578947368421, "support": 57.0}, "weighted avg": {"precision": 0.6079940417080436, "recall": 0.7017543859649122, "f1-score": 0.6326869806094184, "support": 57.0}}