{"best_estimator": "KNeighborsClassifier(n_neighbors=10, weights='distance')", "best_score": 0.602736269299234, "test_score": 0.5851685393258428}