{"best_estimator": "KNeighborsClassifier(p=1, weights='distance')", "best_score": 0.5820706882055227, "test_score": 0.5896805896805897}