{"best_estimator": "KNeighborsClassifier(n_neighbors=15, p=1)", "best_score": 0.620171350274339, "test_score": 0.5931174089068826}