{"0": {"precision": 0.6956521739130435, "recall": 0.8888888888888888, "f1-score": 0.7804878048780488, "support": 36.0}, "1": {"precision": 0.5, "recall": 0.2222222222222222, "f1-score": 0.3076923076923077, "support": 18.0}, "accuracy": 0.6666666666666666, "macro avg": {"precision": 0.5978260869565217, "recall": 0.5555555555555556, "f1-score": 0.5440900562851783, "support": 54.0}, "weighted avg": {"precision": 0.6304347826086956, "recall": 0.6666666666666666, "f1-score": 0.622889305816135, "support": 54.0}}