{"best_estimator": "KNeighborsClassifier(p=1)", "best_score": 0.6077766926245088, "test_score": 0.40091533180778033}