{"0": {"precision": 0.7142857142857143, "recall": 0.9375, "f1-score": 0.8108108108108109, "support": 16.0}, "1": {"precision": 0.0, "recall": 0.0, "f1-score": 0.0, "support": 6.0}, "accuracy": 0.6818181818181818, "macro avg": {"precision": 0.35714285714285715, "recall": 0.46875, "f1-score": 0.40540540540540543, "support": 22.0}, "weighted avg": {"precision": 0.5194805194805195, "recall": 0.6818181818181818, "f1-score": 0.5896805896805897, "support": 22.0}}