{"0": {"precision": 0.717391304347826, "recall": 0.7857142857142857, "f1-score": 0.75, "support": 42.0}, "1": {"precision": 0.18181818181818182, "recall": 0.13333333333333333, "f1-score": 0.15384615384615385, "support": 15.0}, "accuracy": 0.6140350877192983, "macro avg": {"precision": 0.4496047430830039, "recall": 0.4595238095238095, "f1-score": 0.4519230769230769, "support": 57.0}, "weighted avg": {"precision": 0.5764510089452881, "recall": 0.6140350877192983, "f1-score": 0.5931174089068826, "support": 57.0}}