{"best_estimator": "KNeighborsClassifier(n_neighbors=7, p=3)", "best_score": 0.5858719540806201, "test_score": 0.5665425101214575}