{"best_estimator": "KNeighborsClassifier(n_neighbors=15, p=1)", "best_score": 0.6223401098985976, "test_score": 0.622889305816135}