{"0": {"precision": 0.4, "recall": 0.4444444444444444, "f1-score": 0.42105263157894735, "support": 9.0}, "1": {"precision": 0.4444444444444444, "recall": 0.4, "f1-score": 0.42105263157894735, "support": 10.0}, "accuracy": 0.42105263157894735, "macro avg": {"precision": 0.4222222222222222, "recall": 0.4222222222222222, "f1-score": 0.42105263157894735, "support": 19.0}, "weighted avg": {"precision": 0.42339181286549704, "recall": 0.42105263157894735, "f1-score": 0.42105263157894735, "support": 19.0}}