{"best_estimator": "RandomForestClassifier(max_depth=2)", "best_score": 0.566682597450903, "test_score": 0.3045112781954888}