{"0": {"precision": 0.7719298245614035, "recall": 0.5945945945945946, "f1-score": 0.6717557251908397, "support": 74.0}, "1": {"precision": 0.21052631578947367, "recall": 0.38095238095238093, "f1-score": 0.2711864406779661, "support": 21.0}, "accuracy": 0.5473684210526316, "macro avg": {"precision": 0.49122807017543857, "recall": 0.4877734877734878, "f1-score": 0.4714710829344029, "support": 95.0}, "weighted avg": {"precision": 0.6478301015697137, "recall": 0.5473684210526316, "f1-score": 0.5832088307195729, "support": 95.0}}