{"0": {"precision": 0.7894736842105263, "recall": 1.0, "f1-score": 0.8823529411764706, "support": 15.0}, "1": {"precision": 1.0, "recall": 0.2, "f1-score": 0.3333333333333333, "support": 5.0}, "accuracy": 0.8, "macro avg": {"precision": 0.8947368421052632, "recall": 0.6, "f1-score": 0.6078431372549019, "support": 20.0}, "weighted avg": {"precision": 0.8421052631578949, "recall": 0.8, "f1-score": 0.7450980392156862, "support": 20.0}}