{"best_estimator": "AdaBoostClassifier(algorithm='SAMME', learning_rate=0.01)", "best_score": 0.7949851489774945, "test_score": 0.7408602150537634}