{"best_estimator": "AdaBoostClassifier(algorithm='SAMME', learning_rate=0.001, n_estimators=150)", "best_score": 0.7802568282972251, "test_score": 0.9025980819529206}