{"0": {"precision": 0.55, "recall": 0.6470588235294118, "f1-score": 0.5945945945945946, "support": 17.0}, "1": {"precision": 0.45454545454545453, "recall": 0.35714285714285715, "f1-score": 0.4, "support": 14.0}, "accuracy": 0.5161290322580645, "macro avg": {"precision": 0.5022727272727273, "recall": 0.5021008403361344, "f1-score": 0.4972972972972973, "support": 31.0}, "weighted avg": {"precision": 0.5068914956011731, "recall": 0.5161290322580645, "f1-score": 0.506713164777681, "support": 31.0}}