{"best_estimator": "BernoulliNB()", "best_score": 0.5787533216475833, "test_score": 0.589149560117302}