{"best_estimator": "BernoulliNB()", "best_score": 0.6169737272877018, "test_score": 0.6666666666666666}