{"best_estimator": "BernoulliNB()", "best_score": 0.5600490587484288, "test_score": 0.5694249649368863}