{"best_estimator": "HistGradientBoostingClassifier()", "best_score": 0.7557282885895442, "test_score": 0.646663253114866}