{"best_estimator": "HistGradientBoostingClassifier(learning_rate=0.001)", "best_score": 0.78546407829213, "test_score": 0.7084485407066052}