{"best_estimator": "HistGradientBoostingClassifier(learning_rate=0.01)", "best_score": 0.7370614923062071, "test_score": 0.8343942172834179}