{"best_estimator": "HistGradientBoostingClassifier(learning_rate=0.01)", "best_score": 0.7504448899631537, "test_score": 0.7109062980030721}