{"best_estimator": "KNeighborsClassifier(n_neighbors=15, p=1, weights='distance')", "best_score": 0.7245375490398276, "test_score": 0.7435619409053944}