{"0": {"precision": 0.7692307692307693, "recall": 0.5555555555555556, "f1-score": 0.6451612903225806, "support": 18.0}, "1": {"precision": 0.5555555555555556, "recall": 0.7692307692307693, "f1-score": 0.6451612903225806, "support": 13.0}, "accuracy": 0.6451612903225806, "macro avg": {"precision": 0.6623931623931625, "recall": 0.6623931623931625, "f1-score": 0.6451612903225806, "support": 31.0}, "weighted avg": {"precision": 0.6796250344637441, "recall": 0.6451612903225806, "f1-score": 0.6451612903225806, "support": 31.0}}