{"best_estimator": "BernoulliNB()", "best_score": 0.40823788788318255, "test_score": 0.2994318181818182}