{"best_estimator": "BernoulliNB()", "best_score": 0.40702928360840807, "test_score": 0.22159090909090906}