{"best_estimator": "BernoulliNB()", "best_score": 0.39040884218279426, "test_score": 0.22266139657444003}