{"0": {"precision": 0.0, "recall": 0.0, "f1-score": 0.0, "support": 19.0}, "1": {"precision": 0.3870967741935484, "recall": 0.9230769230769231, "f1-score": 0.5454545454545454, "support": 13.0}, "accuracy": 0.375, "macro avg": {"precision": 0.1935483870967742, "recall": 0.46153846153846156, "f1-score": 0.2727272727272727, "support": 32.0}, "weighted avg": {"precision": 0.15725806451612903, "recall": 0.375, "f1-score": 0.22159090909090906, "support": 32.0}}