{"best_estimator": "BernoulliNB()", "best_score": 0.36941313920418495, "test_score": 0.4134199134199134}