{"best_estimator": "HistGradientBoostingClassifier(learning_rate=0.05)", "best_score": 0.5074383231775725, "test_score": 0.4575534759358289}