{"0": {"precision": 0.5833333333333334, "recall": 0.7, "f1-score": 0.6363636363636364, "support": 20.0}, "1": {"precision": 0.3333333333333333, "recall": 0.23076923076923078, "f1-score": 0.2727272727272727, "support": 13.0}, "accuracy": 0.5151515151515151, "macro avg": {"precision": 0.45833333333333337, "recall": 0.4653846153846154, "f1-score": 0.45454545454545453, "support": 33.0}, "weighted avg": {"precision": 0.48484848484848486, "recall": 0.5151515151515151, "f1-score": 0.49311294765840225, "support": 33.0}}