{"best_estimator": "HistGradientBoostingClassifier(learning_rate=0.001)", "best_score": 0.47082045934691746, "test_score": 0.5419068736141907}