{"best_estimator": "HistGradientBoostingClassifier(learning_rate=0.05)", "best_score": 0.44484828256436054, "test_score": 0.503968253968254}