{"0": {"precision": 0.5, "recall": 0.35, "f1-score": 0.4117647058823529, "support": 20.0}, "1": {"precision": 0.3157894736842105, "recall": 0.46153846153846156, "f1-score": 0.375, "support": 13.0}, "accuracy": 0.3939393939393939, "macro avg": {"precision": 0.40789473684210525, "recall": 0.40576923076923077, "f1-score": 0.39338235294117646, "support": 33.0}, "weighted avg": {"precision": 0.4274322169059011, "recall": 0.3939393939393939, "f1-score": 0.39728163992869875, "support": 33.0}}