{"best_estimator": "KNeighborsClassifier(n_neighbors=15, p=3, weights='distance')", "best_score": 0.4380731419161178, "test_score": 0.2525252525252525}