{"best_estimator": "RandomForestClassifier(criterion='log_loss', n_estimators=400)", "best_score": 0.4509844095015567, "test_score": 0.5941109783374698}