{"best_estimator": "RandomForestClassifier(n_estimators=200)", "best_score": 0.43461769710326204, "test_score": 0.7167307692307693}