{"best_estimator": "RandomForestClassifier(criterion='log_loss', n_estimators=200)", "best_score": 0.45012821367324457, "test_score": 0.4740447957839262}