{"best_estimator": "RandomForestClassifier(criterion='log_loss', n_estimators=150)", "best_score": 0.4454992756389412, "test_score": 0.5397891963109355}