{"0": {"precision": 0.5555555555555556, "recall": 0.75, "f1-score": 0.6382978723404256, "support": 20.0}, "1": {"precision": 0.16666666666666666, "recall": 0.07692307692307693, "f1-score": 0.10526315789473684, "support": 13.0}, "accuracy": 0.48484848484848486, "macro avg": {"precision": 0.3611111111111111, "recall": 0.41346153846153844, "f1-score": 0.3717805151175812, "support": 33.0}, "weighted avg": {"precision": 0.4023569023569023, "recall": 0.48484848484848486, "f1-score": 0.428314499983033, "support": 33.0}}