{"best_estimator": "BernoulliNB()", "best_score": 0.5767679022812218, "test_score": 0.7016196013289037}