{"best_estimator": "BernoulliNB()", "best_score": 0.5776737998463901, "test_score": 0.5165945165945166}