{"best_estimator": "BernoulliNB()", "best_score": 0.5600407466964549, "test_score": 0.6831955922865013}