{"best_estimator": "BernoulliNB()", "best_score": 0.5595674592075554, "test_score": 0.6055335968379446}