{"best_estimator": "HistGradientBoostingClassifier(learning_rate=0.01)", "best_score": 0.6749657807858613, "test_score": 0.5941109783374698}