{"best_estimator": "HistGradientBoostingClassifier(learning_rate=0.05)", "best_score": 0.6608602557948698, "test_score": 0.6822916666666667}