{"best_estimator": "HistGradientBoostingClassifier(learning_rate=0.01)", "best_score": 0.675862416194222, "test_score": 0.5757575757575758}