{"best_estimator": "HistGradientBoostingClassifier(learning_rate=0.05)", "best_score": 0.6841980093762594, "test_score": 0.49060973198904234}