{"0": {"precision": 0.6956521739130435, "recall": 0.8421052631578947, "f1-score": 0.7619047619047619, "support": 19.0}, "1": {"precision": 0.6666666666666666, "recall": 0.46153846153846156, "f1-score": 0.5454545454545454, "support": 13.0}, "accuracy": 0.6875, "macro avg": {"precision": 0.681159420289855, "recall": 0.6518218623481782, "f1-score": 0.6536796536796536, "support": 32.0}, "weighted avg": {"precision": 0.6838768115942029, "recall": 0.6875, "f1-score": 0.6739718614718614, "support": 32.0}}