{"best_estimator": "HistGradientBoostingClassifier(learning_rate=0.05)", "best_score": 0.6426752259542827, "test_score": 0.6739718614718614}