{"best_estimator": "HistGradientBoostingClassifier(learning_rate=0.05)", "best_score": 0.6425033455630748, "test_score": 0.7016196013289037}