{"best_estimator": "KNeighborsClassifier(n_neighbors=7, p=3)", "best_score": 0.6847645380379739, "test_score": 0.519708361813625}