{"0": {"precision": 0.6923076923076923, "recall": 0.45, "f1-score": 0.5454545454545454, "support": 20.0}, "1": {"precision": 0.45, "recall": 0.6923076923076923, "f1-score": 0.5454545454545454, "support": 13.0}, "accuracy": 0.5454545454545454, "macro avg": {"precision": 0.5711538461538461, "recall": 0.5711538461538461, "f1-score": 0.5454545454545454, "support": 33.0}, "weighted avg": {"precision": 0.5968531468531469, "recall": 0.5454545454545454, "f1-score": 0.5454545454545454, "support": 33.0}}