{"best_estimator": "RandomForestClassifier()", "best_score": 0.6021127881651127, "test_score": 0.6888157894736843}