{"best_estimator": "RandomForestClassifier(criterion='entropy')", "best_score": 0.6156185788743017, "test_score": 0.5165945165945166}