{"best_estimator": "RandomForestClassifier(criterion='log_loss', n_estimators=150)", "best_score": 0.6167080730675576, "test_score": 0.6223958333333333}