{"best_estimator": "AdaBoostClassifier(algorithm='SAMME', learning_rate=0.05)", "best_score": 0.7663696772296429, "test_score": 0.7248677248677248}