{"best_estimator": "AdaBoostClassifier(algorithm='SAMME', learning_rate=0.05, n_estimators=150)", "best_score": 0.7437446347325857, "test_score": 0.7333333333333333}