{"best_estimator": "BernoulliNB()", "best_score": 0.5650590089397809, "test_score": 0.6515837104072398}