{"best_estimator": "BernoulliNB()", "best_score": 0.5803983321731361, "test_score": 0.4494731800766284}