{"best_estimator": "BernoulliNB()", "best_score": 0.5861620654628295, "test_score": 0.5183673469387754}