{"best_estimator": "BernoulliNB()", "best_score": 0.5663030541339319, "test_score": 0.7248022015823873}