{"best_estimator": "HistGradientBoostingClassifier(learning_rate=0.01)", "best_score": 0.7539015436659966, "test_score": 0.6519240284702927}