{"best_estimator": "KNeighborsClassifier(p=3, weights='distance')", "best_score": 0.6808195319694043, "test_score": 0.5863095238095238}