{"0": {"precision": 0.7083333333333334, "recall": 0.68, "f1-score": 0.6938775510204082, "support": 25.0}, "1": {"precision": 0.6363636363636364, "recall": 0.6666666666666666, "f1-score": 0.6511627906976745, "support": 21.0}, "accuracy": 0.6739130434782609, "macro avg": {"precision": 0.6723484848484849, "recall": 0.6733333333333333, "f1-score": 0.6725201708590414, "support": 46.0}, "weighted avg": {"precision": 0.675477602108037, "recall": 0.6739130434782609, "f1-score": 0.6743773343513341, "support": 46.0}}