{"best_estimator": "KNeighborsClassifier(n_neighbors=25, weights='distance')", "best_score": 0.7008061438627488, "test_score": 0.6743773343513341}