{"best_estimator": "RandomForestClassifier(n_estimators=300)", "best_score": 0.7868966839372875, "test_score": 0.6944226237234878}