{"best_estimator": "BernoulliNB()", "best_score": 0.6037619176352326, "test_score": 0.525858123569794}