{"0": {"precision": 0.6, "recall": 0.8181818181818182, "f1-score": 0.6923076923076923, "support": 11.0}, "1": {"precision": 0.3333333333333333, "recall": 0.14285714285714285, "f1-score": 0.2, "support": 7.0}, "accuracy": 0.5555555555555556, "macro avg": {"precision": 0.4666666666666667, "recall": 0.48051948051948057, "f1-score": 0.4461538461538461, "support": 18.0}, "weighted avg": {"precision": 0.4962962962962963, "recall": 0.5555555555555556, "f1-score": 0.5008547008547009, "support": 18.0}}