{"best_estimator": "BernoulliNB()", "best_score": 0.5159882782763001, "test_score": 0.6050911592707258}