{"best_estimator": "HistGradientBoostingClassifier()", "best_score": 0.6874751000864042, "test_score": 0.8666666666666667}