{"0": {"precision": 0.5416666666666666, "recall": 0.6842105263157895, "f1-score": 0.6046511627906976, "support": 19.0}, "1": {"precision": 0.6842105263157895, "recall": 0.5416666666666666, "f1-score": 0.6046511627906976, "support": 24.0}, "accuracy": 0.6046511627906976, "macro avg": {"precision": 0.6129385964912281, "recall": 0.6129385964912281, "f1-score": 0.6046511627906976, "support": 43.0}, "weighted avg": {"precision": 0.6212260301917585, "recall": 0.6046511627906976, "f1-score": 0.6046511627906976, "support": 43.0}}