{"best_estimator": "HistGradientBoostingClassifier(learning_rate=0.5)", "best_score": 0.7062728931613537, "test_score": 0.7619047619047619}