{"best_estimator": "HistGradientBoostingClassifier(learning_rate=0.01)", "best_score": 0.6959885161372599, "test_score": 0.6496974586526826}