{"best_estimator": "HistGradientBoostingClassifier()", "best_score": 0.6878930579607315, "test_score": 0.49163879598662213}