{"0": {"precision": 0.6666666666666666, "recall": 0.9090909090909091, "f1-score": 0.7692307692307693, "support": 11.0}, "1": {"precision": 0.6666666666666666, "recall": 0.2857142857142857, "f1-score": 0.4, "support": 7.0}, "accuracy": 0.6666666666666666, "macro avg": {"precision": 0.6666666666666666, "recall": 0.5974025974025974, "f1-score": 0.5846153846153846, "support": 18.0}, "weighted avg": {"precision": 0.6666666666666666, "recall": 0.6666666666666666, "f1-score": 0.6256410256410256, "support": 18.0}}