{"best_estimator": "KNeighborsClassifier(n_neighbors=25, p=1)", "best_score": 0.6578905082157782, "test_score": 0.6485157874834562}