{"best_estimator": "KNeighborsClassifier(n_neighbors=20, p=1)", "best_score": 0.6537258685641614, "test_score": 0.6418219461697723}