{"best_estimator": "KNeighborsClassifier(n_neighbors=25, p=1)", "best_score": 0.6873608510295932, "test_score": 0.7406479160865125}