{"best_estimator": "KNeighborsClassifier(n_neighbors=20, p=1)", "best_score": 0.6703663075729548, "test_score": 0.7121212121212122}