{"0": {"precision": 0.5769230769230769, "recall": 0.7894736842105263, "f1-score": 0.6666666666666666, "support": 19.0}, "1": {"precision": 0.7647058823529411, "recall": 0.5416666666666666, "f1-score": 0.6341463414634146, "support": 24.0}, "accuracy": 0.6511627906976745, "macro avg": {"precision": 0.670814479638009, "recall": 0.6655701754385965, "f1-score": 0.6504065040650406, "support": 43.0}, "weighted avg": {"precision": 0.6817320846048616, "recall": 0.6511627906976745, "f1-score": 0.6485157874834562, "support": 43.0}}