{"best_estimator": "RandomForestClassifier(max_depth=2)", "best_score": 0.7589933247230676, "test_score": 0.6046079524340394}