{"best_estimator": "BernoulliNB()", "best_score": 0.5564879885666052, "test_score": 0.4541429475015813}