{"best_estimator": "BernoulliNB()", "best_score": 0.5427372080431402, "test_score": 0.5348660556033829}