{"best_estimator": "BernoulliNB()", "best_score": 0.5772039266033626, "test_score": 0.4433179723502304}