{"best_estimator": "BernoulliNB()", "best_score": 0.5668330116574618, "test_score": 0.6049853372434018}