{"best_estimator": "HistGradientBoostingClassifier(learning_rate=0.05)", "best_score": 0.6578711309058216, "test_score": 0.541454442558008}