{"best_estimator": "HistGradientBoostingClassifier(learning_rate=0.5)", "best_score": 0.6461046508579162, "test_score": 0.6170388751033912}