{"best_estimator": "HistGradientBoostingClassifier()", "best_score": 0.6464264506733508, "test_score": 0.5859703020993343}