{"best_estimator": "KNeighborsClassifier(n_neighbors=20, p=3)", "best_score": 0.6598642290498938, "test_score": 0.5532120209539565}