{"best_estimator": "KNeighborsClassifier(weights='distance')", "best_score": 0.6559415012246272, "test_score": 0.5833653007846556}