{"best_estimator": "RandomForestClassifier(criterion='entropy', max_depth=6)", "best_score": 0.6390734372957839, "test_score": 0.7077942458587619}