{"0": {"precision": 0.56, "recall": 0.7368421052631579, "f1-score": 0.6363636363636364, "support": 19.0}, "1": {"precision": 0.16666666666666666, "recall": 0.08333333333333333, "f1-score": 0.1111111111111111, "support": 12.0}, "accuracy": 0.4838709677419355, "macro avg": {"precision": 0.36333333333333334, "recall": 0.4100877192982456, "f1-score": 0.3737373737373737, "support": 31.0}, "weighted avg": {"precision": 0.407741935483871, "recall": 0.4838709677419355, "f1-score": 0.43304007820136853, "support": 31.0}}