{"best_estimator": "BernoulliNB()", "best_score": 0.47856973872102715, "test_score": 0.4112903225806452}