{"best_estimator": "BernoulliNB()", "best_score": 0.4574120005854887, "test_score": 0.6503774879890185}