{"best_estimator": "BernoulliNB()", "best_score": 0.4704652935804955, "test_score": 0.4112903225806452}