{"best_estimator": "BernoulliNB()", "best_score": 0.46781474872305406, "test_score": 0.5726835964310226}