{"best_estimator": "BernoulliNB()", "best_score": 0.45661301452002734, "test_score": 0.41739130434782606}