{"best_estimator": "HistGradientBoostingClassifier(learning_rate=0.01)", "best_score": 0.5576621167510906, "test_score": 0.4563464235624123}