{"best_estimator": "HistGradientBoostingClassifier()", "best_score": 0.5335309555144809, "test_score": 0.5660334944363268}