{"best_estimator": "HistGradientBoostingClassifier(learning_rate=0.5)", "best_score": 0.5507575632336429, "test_score": 0.5660334944363268}