{"best_estimator": "HistGradientBoostingClassifier(learning_rate=0.05)", "best_score": 0.5611794229512078, "test_score": 0.6086784854108264}