{"best_estimator": "HistGradientBoostingClassifier(learning_rate=0.05)", "best_score": 0.5353897712759672, "test_score": 0.5498479883128676}