{"best_estimator": "KNeighborsClassifier(p=3, weights='distance')", "best_score": 0.5790419225021715, "test_score": 0.541454442558008}