{"best_estimator": "KNeighborsClassifier(n_neighbors=10, p=3, weights='distance')", "best_score": 0.578142099369167, "test_score": 0.45645933014354073}