{"best_estimator": "KNeighborsClassifier(p=3, weights='distance')", "best_score": 0.5817022402684687, "test_score": 0.541454442558008}