{"best_estimator": "RandomForestClassifier(criterion='entropy', n_estimators=150)", "best_score": 0.5762092390467677, "test_score": 0.7080482241772565}