{"best_estimator": "RandomForestClassifier(criterion='entropy', n_estimators=150)", "best_score": 0.5629176211847845, "test_score": 0.549789621318373}