{"0": {"precision": 0.5909090909090909, "recall": 0.7222222222222222, "f1-score": 0.65, "support": 18.0}, "1": {"precision": 0.375, "recall": 0.25, "f1-score": 0.3, "support": 12.0}, "accuracy": 0.5333333333333333, "macro avg": {"precision": 0.48295454545454547, "recall": 0.4861111111111111, "f1-score": 0.475, "support": 30.0}, "weighted avg": {"precision": 0.5045454545454545, "recall": 0.5333333333333333, "f1-score": 0.51, "support": 30.0}}