{"best_estimator": "AdaBoostClassifier(algorithm='SAMME', learning_rate=0.5, n_estimators=200)", "best_score": 0.6180816474695975, "test_score": 0.47229813664596276}