{"0": {"precision": 0.75, "recall": 0.375, "f1-score": 0.5, "support": 8.0}, "1": {"precision": 0.6428571428571429, "recall": 0.9, "f1-score": 0.75, "support": 10.0}, "accuracy": 0.6666666666666666, "macro avg": {"precision": 0.6964285714285714, "recall": 0.6375, "f1-score": 0.625, "support": 18.0}, "weighted avg": {"precision": 0.6904761904761905, "recall": 0.6666666666666666, "f1-score": 0.6388888888888888, "support": 18.0}}