{"best_estimator": "BernoulliNB()", "best_score": 0.44335773266208056, "test_score": 0.5405997535259482}