{"best_estimator": "BernoulliNB()", "best_score": 0.49659348032676787, "test_score": 0.29980532121998704}