{"best_estimator": "BernoulliNB()", "best_score": 0.4491659318259451, "test_score": 0.601656314699793}