{"best_estimator": "BernoulliNB()", "best_score": 0.46595122579040044, "test_score": 0.4728778467908903}