{"best_estimator": "BernoulliNB()", "best_score": 0.4741284568488182, "test_score": 0.27350427350427353}