{"0": {"precision": 0.7, "recall": 0.9655172413793104, "f1-score": 0.8115942028985508, "support": 29.0}, "1": {"precision": 0.5, "recall": 0.07692307692307693, "f1-score": 0.13333333333333333, "support": 13.0}, "accuracy": 0.6904761904761905, "macro avg": {"precision": 0.6, "recall": 0.5212201591511937, "f1-score": 0.47246376811594204, "support": 42.0}, "weighted avg": {"precision": 0.638095238095238, "recall": 0.6904761904761905, "f1-score": 0.601656314699793, "support": 42.0}}