{"best_estimator": "HistGradientBoostingClassifier(learning_rate=0.05)", "best_score": 0.5574374694774679, "test_score": 0.42173913043478256}