{"best_estimator": "HistGradientBoostingClassifier()", "best_score": 0.476312978584515, "test_score": 0.6951758063614512}