{"best_estimator": "HistGradientBoostingClassifier(learning_rate=0.05)", "best_score": 0.5432859772665463, "test_score": 0.4523809523809524}