{"0": {"precision": 0.825, "recall": 0.7021276595744681, "f1-score": 0.7586206896551724, "support": 47.0}, "1": {"precision": 0.48148148148148145, "recall": 0.65, "f1-score": 0.5531914893617021, "support": 20.0}, "accuracy": 0.6865671641791045, "macro avg": {"precision": 0.6532407407407407, "recall": 0.6760638297872341, "f1-score": 0.6559060895084372, "support": 67.0}, "weighted avg": {"precision": 0.7224571586511884, "recall": 0.6865671641791045, "f1-score": 0.697298540313838, "support": 67.0}}