{"best_estimator": "KNeighborsClassifier(weights='distance')", "best_score": 0.5798746506159772, "test_score": 0.6757164404223228}