{"best_estimator": "RandomForestClassifier(max_depth=6, n_estimators=200)", "best_score": 0.5293494056752989, "test_score": 0.4796863863150391}