{"best_estimator": "RandomForestClassifier(criterion='log_loss')", "best_score": 0.5594483008553178, "test_score": 0.5440115440115441}