{"0": {"precision": 0.6818181818181818, "recall": 0.8333333333333334, "f1-score": 0.75, "support": 18.0}, "1": {"precision": 0.7, "recall": 0.5, "f1-score": 0.5833333333333334, "support": 14.0}, "accuracy": 0.6875, "macro avg": {"precision": 0.6909090909090909, "recall": 0.6666666666666667, "f1-score": 0.6666666666666667, "support": 32.0}, "weighted avg": {"precision": 0.6897727272727272, "recall": 0.6875, "f1-score": 0.6770833333333334, "support": 32.0}}