{"0": {"precision": 0.625, "recall": 0.7894736842105263, "f1-score": 0.6976744186046512, "support": 19.0}, "1": {"precision": 0.5555555555555556, "recall": 0.35714285714285715, "f1-score": 0.43478260869565216, "support": 14.0}, "accuracy": 0.6060606060606061, "macro avg": {"precision": 0.5902777777777778, "recall": 0.5733082706766918, "f1-score": 0.5662285136501517, "support": 33.0}, "weighted avg": {"precision": 0.5955387205387206, "recall": 0.6060606060606061, "f1-score": 0.5861445598553789, "support": 33.0}}