{"best_estimator": "BernoulliNB()", "best_score": 0.35244125691886885, "test_score": 0.2527401676337846}