{"best_estimator": "HistGradientBoostingClassifier(learning_rate=0.5)", "best_score": 0.6087066562837528, "test_score": 0.7708112407211029}