{"best_estimator": "HistGradientBoostingClassifier(learning_rate=0.5)", "best_score": 0.5736446600356471, "test_score": 0.7866701200034533}