{"best_estimator": "KNeighborsClassifier(n_neighbors=25, p=3)", "best_score": 0.500746500373374, "test_score": 0.5642156862745098}