{"best_estimator": "KNeighborsClassifier(weights='distance')", "best_score": 0.5157920803645928, "test_score": 0.5957832832832832}