{"best_estimator": "KNeighborsClassifier(p=3, weights='distance')", "best_score": 0.48084435090645616, "test_score": 0.6537820512820514}