{"0": {"precision": 0.6521739130434783, "recall": 0.8333333333333334, "f1-score": 0.7317073170731707, "support": 18.0}, "1": {"precision": 0.6666666666666666, "recall": 0.42857142857142855, "f1-score": 0.5217391304347826, "support": 14.0}, "accuracy": 0.65625, "macro avg": {"precision": 0.6594202898550725, "recall": 0.6309523809523809, "f1-score": 0.6267232237539766, "support": 32.0}, "weighted avg": {"precision": 0.6585144927536232, "recall": 0.65625, "f1-score": 0.6398462354188759, "support": 32.0}}