{"best_estimator": "RandomForestClassifier(criterion='entropy')", "best_score": 0.6046843806493858, "test_score": 0.7173423423423424}