{"precision": 0.6355149122822018, "recall": 0.6225464052949433, "f1": 0.6023556454049851}