{"best_estimator": "BernoulliNB()", "best_score": 0.5377827830072227, "test_score": 0.6869087974172721}