{"0": {"precision": 0.4642857142857143, "recall": 0.6842105263157895, "f1-score": 0.5531914893617021, "support": 19.0}, "1": {"precision": 0.6, "recall": 0.375, "f1-score": 0.46153846153846156, "support": 24.0}, "accuracy": 0.5116279069767442, "macro avg": {"precision": 0.5321428571428571, "recall": 0.5296052631578947, "f1-score": 0.5073649754500819, "support": 43.0}, "weighted avg": {"precision": 0.540033222591362, "recall": 0.5116279069767442, "f1-score": 0.5020363110417538, "support": 43.0}}