{"best_estimator": "BernoulliNB()", "best_score": 0.6142282038460414, "test_score": 0.5185185185185185}