{"best_estimator": "BernoulliNB()", "best_score": 0.5611196966899896, "test_score": 0.6050911592707258}