{"best_estimator": "BernoulliNB()", "best_score": 0.5631349709503739, "test_score": 0.9320574162679426}