{"best_estimator": "HistGradientBoostingClassifier(learning_rate=0.01)", "best_score": 0.7155715543837561, "test_score": 0.830546265328874}