{"best_estimator": "HistGradientBoostingClassifier(learning_rate=0.01)", "best_score": 0.7448754251275692, "test_score": 0.7338603425559947}