{"best_estimator": "HistGradientBoostingClassifier(learning_rate=0.01)", "best_score": 0.7502897265551307, "test_score": 0.7396245059288538}