{"best_estimator": "RandomForestClassifier(criterion='entropy', n_estimators=150)", "best_score": 0.8106832353670723, "test_score": 0.7230828906315878}