{"best_estimator": "RandomForestClassifier(max_depth=3, n_estimators=300)", "best_score": 0.7838765178800247, "test_score": 0.782608695652174}