{"best_estimator": "AdaBoostClassifier(algorithm='SAMME', learning_rate=0.001, n_estimators=300)", "best_score": 0.7558136050357259, "test_score": 0.7010752688172043}