{"best_estimator": "AdaBoostClassifier(algorithm='SAMME', learning_rate=0.05, n_estimators=150)", "best_score": 0.7651531497545936, "test_score": 0.6399703374119392}