{"best_estimator": "AdaBoostClassifier(algorithm='SAMME', learning_rate=0.05, n_estimators=100)", "best_score": 0.7449721097664921, "test_score": 0.9354838709677419}