{"best_estimator": "BernoulliNB()", "best_score": 0.5566596114591243, "test_score": 0.6086784854108264}