{"best_estimator": "BernoulliNB()", "best_score": 0.5383577509276227, "test_score": 0.6835164835164835}