{"best_estimator": "BernoulliNB()", "best_score": 0.5811739006686021, "test_score": 0.5723502304147465}