{"best_estimator": "BernoulliNB()", "best_score": 0.555595812418721, "test_score": 0.679827851699767}