{"best_estimator": "BernoulliNB()", "best_score": 0.5821729298222448, "test_score": 0.47594793435200905}