{"0": {"precision": 0.68, "recall": 0.9444444444444444, "f1-score": 0.7906976744186046, "support": 18.0}, "1": {"precision": 0.8333333333333334, "recall": 0.38461538461538464, "f1-score": 0.5263157894736842, "support": 13.0}, "accuracy": 0.7096774193548387, "macro avg": {"precision": 0.7566666666666667, "recall": 0.6645299145299145, "f1-score": 0.6585067319461444, "support": 31.0}, "weighted avg": {"precision": 0.7443010752688173, "recall": 0.7096774193548387, "f1-score": 0.679827851699767, "support": 31.0}}