{"0": {"precision": 0.68, "recall": 1.0, "f1-score": 0.8095238095238095, "support": 17.0}, "1": {"precision": 1.0, "recall": 0.42857142857142855, "f1-score": 0.6, "support": 14.0}, "accuracy": 0.7419354838709677, "macro avg": {"precision": 0.8400000000000001, "recall": 0.7142857142857143, "f1-score": 0.7047619047619047, "support": 31.0}, "weighted avg": {"precision": 0.8245161290322581, "recall": 0.7419354838709677, "f1-score": 0.7149001536098312, "support": 31.0}}