{"best_estimator": "BernoulliNB()", "best_score": 0.5518841580638638, "test_score": 0.7149001536098312}