{"best_estimator": "HistGradientBoostingClassifier(learning_rate=0.01)", "best_score": 0.7366350031060959, "test_score": 0.6473859844271413}