{"best_estimator": "HistGradientBoostingClassifier(learning_rate=0.01)", "best_score": 0.7058238927532027, "test_score": 0.7972222222222223}