{"best_estimator": "HistGradientBoostingClassifier(learning_rate=0.01)", "best_score": 0.7231953240239914, "test_score": 0.638256320836966}