{"0": {"precision": 0.7894736842105263, "recall": 0.8823529411764706, "f1-score": 0.8333333333333334, "support": 17.0}, "1": {"precision": 0.8181818181818182, "recall": 0.6923076923076923, "f1-score": 0.75, "support": 13.0}, "accuracy": 0.8, "macro avg": {"precision": 0.8038277511961722, "recall": 0.7873303167420814, "f1-score": 0.7916666666666667, "support": 30.0}, "weighted avg": {"precision": 0.8019138755980861, "recall": 0.8, "f1-score": 0.7972222222222223, "support": 30.0}}