{"best_estimator": "HistGradientBoostingClassifier(learning_rate=0.01)", "best_score": 0.7397715773570003, "test_score": 0.6774193548387096}