{"best_estimator": "RandomForestClassifier(max_depth=2, n_estimators=400)", "best_score": 0.7716502270060083, "test_score": 0.7096774193548387}