{"0": {"precision": 0.9090909090909091, "recall": 0.4, "f1-score": 0.5555555555555556, "support": 25.0}, "1": {"precision": 0.53125, "recall": 0.9444444444444444, "f1-score": 0.68, "support": 18.0}, "accuracy": 0.627906976744186, "macro avg": {"precision": 0.7201704545454546, "recall": 0.6722222222222223, "f1-score": 0.6177777777777778, "support": 43.0}, "weighted avg": {"precision": 0.7509249471458773, "recall": 0.627906976744186, "f1-score": 0.6076485788113695, "support": 43.0}}