{"best_estimator": "BernoulliNB()", "best_score": 0.4660986850079805, "test_score": 0.6076485788113695}