{"best_estimator": "BernoulliNB()", "best_score": 0.5342974531699101, "test_score": 0.8249721293199553}