{"best_estimator": "HistGradientBoostingClassifier()", "best_score": 0.6403307836541334, "test_score": 0.6095744680851064}