{"0": {"precision": 0.9285714285714286, "recall": 0.5531914893617021, "f1-score": 0.6933333333333334, "support": 47.0}, "1": {"precision": 0.475, "recall": 0.9047619047619048, "f1-score": 0.6229508196721312, "support": 21.0}, "accuracy": 0.6617647058823529, "macro avg": {"precision": 0.7017857142857142, "recall": 0.7289766970618035, "f1-score": 0.6581420765027323, "support": 68.0}, "weighted avg": {"precision": 0.788497899159664, "recall": 0.6617647058823529, "f1-score": 0.6715975570556092, "support": 68.0}}