{"best_estimator": "HistGradientBoostingClassifier(learning_rate=0.001)", "best_score": 0.6448743899446608, "test_score": 0.7777777777777778}