{"best_estimator": "HistGradientBoostingClassifier(learning_rate=0.01)", "best_score": 0.6421462673898696, "test_score": 0.611111111111111}