{"best_estimator": "HistGradientBoostingClassifier(learning_rate=0.001)", "best_score": 0.6480078921153167, "test_score": 0.7082868821999256}