{"best_estimator": "KNeighborsClassifier(n_neighbors=7, p=3)", "best_score": 0.701123101984906, "test_score": 0.7024924560097191}