{"0": {"precision": 0.5757575757575758, "recall": 0.8260869565217391, "f1-score": 0.6785714285714286, "support": 23.0}, "1": {"precision": 0.7142857142857143, "recall": 0.4166666666666667, "f1-score": 0.5263157894736842, "support": 24.0}, "accuracy": 0.6170212765957447, "macro avg": {"precision": 0.645021645021645, "recall": 0.6213768115942029, "f1-score": 0.6024436090225564, "support": 47.0}, "weighted avg": {"precision": 0.6464953486230083, "recall": 0.6170212765957447, "f1-score": 0.600823868181091, "support": 47.0}}