{"0": {"precision": 0.7674418604651163, "recall": 0.7021276595744681, "f1-score": 0.7333333333333333, "support": 47.0}, "1": {"precision": 0.44, "recall": 0.5238095238095238, "f1-score": 0.4782608695652174, "support": 21.0}, "accuracy": 0.6470588235294118, "macro avg": {"precision": 0.6037209302325581, "recall": 0.612968591691996, "f1-score": 0.6057971014492753, "support": 68.0}, "weighted avg": {"precision": 0.6663201094391245, "recall": 0.6470588235294118, "f1-score": 0.6545609548167093, "support": 68.0}}