{"best_estimator": "RandomForestClassifier(max_depth=6)", "best_score": 0.5185696556830217, "test_score": 0.5057471264367815}