{"best_estimator": "RandomForestClassifier(criterion='entropy')", "best_score": 0.5133668814509087, "test_score": 0.6963194580157644}