{"best_estimator": "BernoulliNB()", "best_score": 0.4194024597437392, "test_score": 0.4735042735042735}