{"best_estimator": "BernoulliNB()", "best_score": 0.3835540373369321, "test_score": 0.16666666666666666}