{"best_estimator": "BernoulliNB()", "best_score": 0.3473554485284243, "test_score": 0.27647714604236345}