{"best_estimator": "BernoulliNB()", "best_score": 0.41808199095222437, "test_score": 0.3415524314223566}