{"best_estimator": "HistGradientBoostingClassifier()", "best_score": 0.5092158603786511, "test_score": 0.5505604531493079}