{"best_estimator": "HistGradientBoostingClassifier(learning_rate=0.05)", "best_score": 0.5130070112053344, "test_score": 0.6666666666666666}