{"best_estimator": "KNeighborsClassifier(n_neighbors=10, p=3, weights='distance')", "best_score": 0.563991584432738, "test_score": 0.5142857142857142}