{"0": {"precision": 0.5, "recall": 0.4, "f1-score": 0.4444444444444444, "support": 10.0}, "1": {"precision": 0.14285714285714285, "recall": 0.2, "f1-score": 0.16666666666666666, "support": 5.0}, "accuracy": 0.3333333333333333, "macro avg": {"precision": 0.3214285714285714, "recall": 0.30000000000000004, "f1-score": 0.3055555555555555, "support": 15.0}, "weighted avg": {"precision": 0.380952380952381, "recall": 0.3333333333333333, "f1-score": 0.35185185185185186, "support": 15.0}}