{"0": {"precision": 0.7368421052631579, "recall": 0.5185185185185185, "f1-score": 0.6086956521739131, "support": 27.0}, "1": {"precision": 0.5, "recall": 0.7222222222222222, "f1-score": 0.5909090909090909, "support": 18.0}, "accuracy": 0.6, "macro avg": {"precision": 0.618421052631579, "recall": 0.6203703703703703, "f1-score": 0.599802371541502, "support": 45.0}, "weighted avg": {"precision": 0.6421052631578947, "recall": 0.6, "f1-score": 0.6015810276679842, "support": 45.0}}