{"0": {"precision": 0.7714285714285715, "recall": 0.9310344827586207, "f1-score": 0.84375, "support": 29.0}, "1": {"precision": 0.7142857142857143, "recall": 0.38461538461538464, "f1-score": 0.5, "support": 13.0}, "accuracy": 0.7619047619047619, "macro avg": {"precision": 0.7428571428571429, "recall": 0.6578249336870027, "f1-score": 0.671875, "support": 42.0}, "weighted avg": {"precision": 0.7537414965986395, "recall": 0.7619047619047619, "f1-score": 0.7373511904761905, "support": 42.0}}