{"best_estimator": "RandomForestClassifier(max_depth=6)", "best_score": 0.5756988190624744, "test_score": 0.5996959646213378}