{"best_estimator": "RandomForestClassifier(n_estimators=200)", "best_score": 0.5671171690822482, "test_score": 0.4888888888888889}