{"best_estimator": "RandomForestClassifier(criterion='entropy', n_estimators=400)", "best_score": 0.5295064296432592, "test_score": 0.6071428571428572}