{"best_estimator": "BernoulliNB()", "best_score": 0.6334782999581322, "test_score": 0.6754032258064516}