{"best_estimator": "BernoulliNB()", "best_score": 0.6386407973770176, "test_score": 0.7435619409053944}