{"best_estimator": "BernoulliNB()", "best_score": 0.6382580389625907, "test_score": 0.7333333333333333}