{"best_estimator": "BernoulliNB()", "best_score": 0.6299668547280268, "test_score": 0.441298412377389}