{"best_estimator": "HistGradientBoostingClassifier(learning_rate=0.5)", "best_score": 0.6846581791018765, "test_score": 0.7501925545571244}