{"0": {"precision": 0.7391304347826086, "recall": 0.9444444444444444, "f1-score": 0.8292682926829268, "support": 18.0}, "1": {"precision": 0.8571428571428571, "recall": 0.5, "f1-score": 0.631578947368421, "support": 12.0}, "accuracy": 0.7666666666666667, "macro avg": {"precision": 0.7981366459627328, "recall": 0.7222222222222222, "f1-score": 0.730423620025674, "support": 30.0}, "weighted avg": {"precision": 0.786335403726708, "recall": 0.7666666666666667, "f1-score": 0.7501925545571244, "support": 30.0}}