{"best_estimator": "HistGradientBoostingClassifier(learning_rate=0.05)", "best_score": 0.695479504194254, "test_score": 0.614516129032258}