{"best_estimator": "KNeighborsClassifier(p=3, weights='distance')", "best_score": 0.7249411442377769, "test_score": 0.6754032258064516}