{"0": {"precision": 0.52, "recall": 0.6842105263157895, "f1-score": 0.5909090909090909, "support": 19.0}, "1": {"precision": 0.0, "recall": 0.0, "f1-score": 0.0, "support": 12.0}, "accuracy": 0.41935483870967744, "macro avg": {"precision": 0.26, "recall": 0.34210526315789475, "f1-score": 0.29545454545454547, "support": 31.0}, "weighted avg": {"precision": 0.31870967741935485, "recall": 0.41935483870967744, "f1-score": 0.3621700879765396, "support": 31.0}}