{"best_estimator": "RandomForestClassifier(criterion='entropy', n_estimators=300)", "best_score": 0.6529748964687039, "test_score": 0.5859703020993343}