{"best_estimator": "RandomForestClassifier(criterion='log_loss', n_estimators=200)", "best_score": 0.6932171145403755, "test_score": 0.48059383266869354}