{"0": {"precision": 0.6666666666666666, "recall": 0.5, "f1-score": 0.5714285714285714, "support": 24.0}, "1": {"precision": 0.42857142857142855, "recall": 0.6, "f1-score": 0.5, "support": 15.0}, "accuracy": 0.5384615384615384, "macro avg": {"precision": 0.5476190476190476, "recall": 0.55, "f1-score": 0.5357142857142857, "support": 39.0}, "weighted avg": {"precision": 0.575091575091575, "recall": 0.5384615384615384, "f1-score": 0.543956043956044, "support": 39.0}}