{"0": {"precision": 0.8333333333333334, "recall": 0.43478260869565216, "f1-score": 0.5714285714285714, "support": 23.0}, "1": {"precision": 0.5, "recall": 0.8666666666666667, "f1-score": 0.6341463414634146, "support": 15.0}, "accuracy": 0.6052631578947368, "macro avg": {"precision": 0.6666666666666667, "recall": 0.6507246376811594, "f1-score": 0.602787456445993, "support": 38.0}, "weighted avg": {"precision": 0.7017543859649124, "recall": 0.6052631578947368, "f1-score": 0.5961855859160096, "support": 38.0}}