{"0": {"precision": 0.9473684210526315, "recall": 0.782608695652174, "f1-score": 0.8571428571428571, "support": 23.0}, "1": {"precision": 0.7368421052631579, "recall": 0.9333333333333333, "f1-score": 0.8235294117647058, "support": 15.0}, "accuracy": 0.8421052631578947, "macro avg": {"precision": 0.8421052631578947, "recall": 0.8579710144927537, "f1-score": 0.8403361344537814, "support": 38.0}, "weighted avg": {"precision": 0.8642659279778392, "recall": 0.8421052631578947, "f1-score": 0.843874391862008, "support": 38.0}}