{"best_estimator": "AdaBoostClassifier(algorithm='SAMME', learning_rate=0.01, n_estimators=300)", "best_score": 0.6859768921993621, "test_score": 0.6643209007741029}