{"best_estimator": "BernoulliNB()", "best_score": 0.46494365423389256, "test_score": 0.5527065527065528}