{"best_estimator": "HistGradientBoostingClassifier(learning_rate=0.01)", "best_score": 0.7026735915230894, "test_score": 0.5698952210580117}