{"0": {"precision": 0.7, "recall": 0.875, "f1-score": 0.7777777777777778, "support": 24.0}, "1": {"precision": 0.6666666666666666, "recall": 0.4, "f1-score": 0.5, "support": 15.0}, "accuracy": 0.6923076923076923, "macro avg": {"precision": 0.6833333333333333, "recall": 0.6375, "f1-score": 0.6388888888888888, "support": 39.0}, "weighted avg": {"precision": 0.6871794871794871, "recall": 0.6923076923076923, "f1-score": 0.670940170940171, "support": 39.0}}