{"best_estimator": "HistGradientBoostingClassifier(learning_rate=0.001)", "best_score": 0.6876590530515585, "test_score": 0.7616807090491301}