{"best_estimator": "KNeighborsClassifier(p=3, weights='distance')", "best_score": 0.6064596624389974, "test_score": 0.46869409660107336}