{"best_estimator": "KNeighborsClassifier(p=3, weights='distance')", "best_score": 0.6320925199707961, "test_score": 0.44261294261294254}