{"0": {"precision": 0.7692307692307693, "recall": 0.43478260869565216, "f1-score": 0.5555555555555556, "support": 23.0}, "1": {"precision": 0.48, "recall": 0.8, "f1-score": 0.6, "support": 15.0}, "accuracy": 0.5789473684210527, "macro avg": {"precision": 0.6246153846153846, "recall": 0.6173913043478261, "f1-score": 0.5777777777777777, "support": 38.0}, "weighted avg": {"precision": 0.6550607287449393, "recall": 0.5789473684210527, "f1-score": 0.5730994152046783, "support": 38.0}}