{"best_estimator": "KNeighborsClassifier(p=3, weights='distance')", "best_score": 0.5968449578317132, "test_score": 0.5936454849498327}