{"0": {"precision": 0.6818181818181818, "recall": 0.625, "f1-score": 0.6521739130434783, "support": 24.0}, "1": {"precision": 0.47058823529411764, "recall": 0.5333333333333333, "f1-score": 0.5, "support": 15.0}, "accuracy": 0.5897435897435898, "macro avg": {"precision": 0.5762032085561497, "recall": 0.5791666666666666, "f1-score": 0.5760869565217391, "support": 39.0}, "weighted avg": {"precision": 0.6005758946935418, "recall": 0.5897435897435898, "f1-score": 0.5936454849498327, "support": 39.0}}