{"0": {"precision": 0.6153846153846154, "recall": 0.3333333333333333, "f1-score": 0.43243243243243246, "support": 24.0}, "1": {"precision": 0.38461538461538464, "recall": 0.6666666666666666, "f1-score": 0.4878048780487805, "support": 15.0}, "accuracy": 0.46153846153846156, "macro avg": {"precision": 0.5, "recall": 0.5, "f1-score": 0.46011865524060647, "support": 39.0}, "weighted avg": {"precision": 0.5266272189349113, "recall": 0.46153846153846156, "f1-score": 0.4537295269002586, "support": 39.0}}