{"best_estimator": "BernoulliNB()", "best_score": 0.5807761353613756, "test_score": 0.5243445692883895}