{"best_estimator": "BernoulliNB()", "best_score": 0.5903566986427636, "test_score": 0.542146612322051}