{"best_estimator": "HistGradientBoostingClassifier(learning_rate=0.05)", "best_score": 0.5957971865429703, "test_score": 0.5679012345679012}