{"best_estimator": "HistGradientBoostingClassifier()", "best_score": 0.619322306234975, "test_score": 0.3142857142857143}