{"0": {"precision": 0.45454545454545453, "recall": 0.5555555555555556, "f1-score": 0.5, "support": 9.0}, "1": {"precision": 0.5, "recall": 0.4, "f1-score": 0.4444444444444444, "support": 10.0}, "accuracy": 0.47368421052631576, "macro avg": {"precision": 0.4772727272727273, "recall": 0.4777777777777778, "f1-score": 0.4722222222222222, "support": 19.0}, "weighted avg": {"precision": 0.47846889952153104, "recall": 0.47368421052631576, "f1-score": 0.47076023391812866, "support": 19.0}}