{"best_estimator": "HistGradientBoostingClassifier(learning_rate=0.5)", "best_score": 0.6043976972255212, "test_score": 0.48767022451232983}