{"best_estimator": "KNeighborsClassifier(p=1)", "best_score": 0.6115580371026416, "test_score": 0.3119563614919652}