{"best_estimator": "KNeighborsClassifier(n_neighbors=20, p=1)", "best_score": 0.5843424178412585, "test_score": 0.3983832259694329}