{"0": {"precision": 0.5925925925925926, "recall": 0.9696969696969697, "f1-score": 0.735632183908046, "support": 33.0}, "1": {"precision": 0.6666666666666666, "recall": 0.08333333333333333, "f1-score": 0.14814814814814814, "support": 24.0}, "accuracy": 0.5964912280701754, "macro avg": {"precision": 0.6296296296296295, "recall": 0.5265151515151515, "f1-score": 0.44189016602809705, "support": 57.0}, "weighted avg": {"precision": 0.6237816764132554, "recall": 0.5964912280701754, "f1-score": 0.4882704846407206, "support": 57.0}}