{"best_estimator": "KNeighborsClassifier(n_neighbors=25, p=3)", "best_score": 0.5857383691181971, "test_score": 0.6428571428571428}