{"best_estimator": "KNeighborsClassifier(p=1, weights='distance')", "best_score": 0.5885337648372263, "test_score": 0.5896805896805897}