{"best_estimator": "KNeighborsClassifier(n_neighbors=15, weights='distance')", "best_score": 0.6440214811476652, "test_score": 0.4882704846407206}