{"0": {"precision": 0.7272727272727273, "recall": 0.9523809523809523, "f1-score": 0.8247422680412371, "support": 42.0}, "1": {"precision": 0.0, "recall": 0.0, "f1-score": 0.0, "support": 15.0}, "accuracy": 0.7017543859649122, "macro avg": {"precision": 0.36363636363636365, "recall": 0.47619047619047616, "f1-score": 0.41237113402061853, "support": 57.0}, "weighted avg": {"precision": 0.5358851674641149, "recall": 0.7017543859649122, "f1-score": 0.6077048290830168, "support": 57.0}}