{"0": {"precision": 0.6545454545454545, "recall": 1.0, "f1-score": 0.7912087912087912, "support": 36.0}, "1": {"precision": 1.0, "recall": 0.09523809523809523, "f1-score": 0.17391304347826086, "support": 21.0}, "accuracy": 0.6666666666666666, "macro avg": {"precision": 0.8272727272727273, "recall": 0.5476190476190477, "f1-score": 0.482560917343526, "support": 57.0}, "weighted avg": {"precision": 0.7818181818181817, "recall": 0.6666666666666666, "f1-score": 0.5637840420449115, "support": 57.0}}