{"0": {"precision": 0.7058823529411765, "recall": 0.96, "f1-score": 0.8135593220338984, "support": 25.0}, "1": {"precision": 0.8333333333333334, "recall": 0.3333333333333333, "f1-score": 0.47619047619047616, "support": 15.0}, "accuracy": 0.725, "macro avg": {"precision": 0.7696078431372549, "recall": 0.6466666666666666, "f1-score": 0.6448748991121873, "support": 40.0}, "weighted avg": {"precision": 0.7536764705882353, "recall": 0.725, "f1-score": 0.687046004842615, "support": 40.0}}