{"0": {"precision": 0.7027027027027027, "recall": 1.0, "f1-score": 0.8253968253968254, "support": 26.0}, "1": {"precision": 1.0, "recall": 0.26666666666666666, "f1-score": 0.42105263157894735, "support": 15.0}, "accuracy": 0.7317073170731707, "macro avg": {"precision": 0.8513513513513513, "recall": 0.6333333333333333, "f1-score": 0.6232247284878863, "support": 41.0}, "weighted avg": {"precision": 0.8114700065919579, "recall": 0.7317073170731707, "f1-score": 0.6774660227805285, "support": 41.0}}