{"0": {"precision": 0.6285714285714286, "recall": 0.88, "f1-score": 0.7333333333333333, "support": 25.0}, "1": {"precision": 0.4, "recall": 0.13333333333333333, "f1-score": 0.2, "support": 15.0}, "accuracy": 0.6, "macro avg": {"precision": 0.5142857142857142, "recall": 0.5066666666666667, "f1-score": 0.4666666666666667, "support": 40.0}, "weighted avg": {"precision": 0.5428571428571429, "recall": 0.6, "f1-score": 0.5333333333333333, "support": 40.0}}