{"best_estimator": "BernoulliNB()", "best_score": 0.5215392477066578, "test_score": 0.5271034443365511}