{"0": {"precision": 0.6052631578947368, "recall": 0.92, "f1-score": 0.7301587301587301, "support": 25.0}, "1": {"precision": 0.0, "recall": 0.0, "f1-score": 0.0, "support": 15.0}, "accuracy": 0.575, "macro avg": {"precision": 0.3026315789473684, "recall": 0.46, "f1-score": 0.36507936507936506, "support": 40.0}, "weighted avg": {"precision": 0.3782894736842105, "recall": 0.575, "f1-score": 0.45634920634920634, "support": 40.0}}