{"best_estimator": "BernoulliNB()", "best_score": 0.5295450437241055, "test_score": 0.4902933563416738}