{"best_estimator": "BernoulliNB()", "best_score": 0.5163668279153868, "test_score": 0.5934002869440459}