{"best_estimator": "HistGradientBoostingClassifier(learning_rate=0.01)", "best_score": 0.5753253044329456, "test_score": 0.6577498033044846}