{"best_estimator": "HistGradientBoostingClassifier(learning_rate=0.05)", "best_score": 0.5675511009321919, "test_score": 0.6442307692307692}