{"best_estimator": "HistGradientBoostingClassifier()", "best_score": 0.5255299058478374, "test_score": 0.7175052410901468}