{"best_estimator": "HistGradientBoostingClassifier()", "best_score": 0.5610010152970538, "test_score": 0.6572727272727273}