{"best_estimator": "KNeighborsClassifier(n_neighbors=20, p=1)", "best_score": 0.5553910388792114, "test_score": 0.6651262302096704}