{"best_estimator": "KNeighborsClassifier(n_neighbors=15, p=1)", "best_score": 0.546006571357659, "test_score": 0.6301452784503632}