{"best_estimator": "KNeighborsClassifier(n_neighbors=10, p=1, weights='distance')", "best_score": 0.5215788758831155, "test_score": 0.695054945054945}