{"best_estimator": "KNeighborsClassifier(n_neighbors=25)", "best_score": 0.522383490685561, "test_score": 0.6454996186117467}