{"best_estimator": "KNeighborsClassifier(n_neighbors=20, p=3)", "best_score": 0.5241825970154996, "test_score": 0.6454996186117467}