{"best_estimator": "RandomForestClassifier(criterion='entropy')", "best_score": 0.5453424019633337, "test_score": 0.6105015673981191}