{"best_estimator": "RandomForestClassifier(n_estimators=150)", "best_score": 0.5343393758260507, "test_score": 0.796837309032431}