{"best_estimator": "RandomForestClassifier()", "best_score": 0.5663515350641015, "test_score": 0.5732445520581113}