{"best_estimator": "AdaBoostClassifier(algorithm='SAMME', learning_rate=0.001, n_estimators=300)", "best_score": 0.773334830220543, "test_score": 0.7407407407407407}