{"0": {"precision": 0.5217391304347826, "recall": 0.6, "f1-score": 0.5581395348837209, "support": 20.0}, "1": {"precision": 0.6363636363636364, "recall": 0.56, "f1-score": 0.5957446808510638, "support": 25.0}, "accuracy": 0.5777777777777777, "macro avg": {"precision": 0.5790513833992095, "recall": 0.5800000000000001, "f1-score": 0.5769421078673924, "support": 45.0}, "weighted avg": {"precision": 0.585419411506368, "recall": 0.5777777777777777, "f1-score": 0.5790312826433559, "support": 45.0}}