{"0": {"precision": 0.6, "recall": 0.42857142857142855, "f1-score": 0.5, "support": 7.0}, "1": {"precision": 0.6923076923076923, "recall": 0.8181818181818182, "f1-score": 0.75, "support": 11.0}, "accuracy": 0.6666666666666666, "macro avg": {"precision": 0.6461538461538461, "recall": 0.6233766233766234, "f1-score": 0.625, "support": 18.0}, "weighted avg": {"precision": 0.6564102564102564, "recall": 0.6666666666666666, "f1-score": 0.6527777777777778, "support": 18.0}}