{"0": {"precision": 0.625, "recall": 0.5172413793103449, "f1-score": 0.5660377358490566, "support": 29.0}, "1": {"precision": 0.2222222222222222, "recall": 0.3076923076923077, "f1-score": 0.25806451612903225, "support": 13.0}, "accuracy": 0.4523809523809524, "macro avg": {"precision": 0.4236111111111111, "recall": 0.4124668435013263, "f1-score": 0.4120511259890444, "support": 42.0}, "weighted avg": {"precision": 0.5003306878306878, "recall": 0.4523809523809524, "f1-score": 0.47071269165000146, "support": 42.0}}