{"best_estimator": "BernoulliNB()", "best_score": 0.5298266882785971, "test_score": 0.4882558720639679}