{"best_estimator": "BernoulliNB()", "best_score": 0.559448209896091, "test_score": 0.5800362428269406}