{"best_estimator": "BernoulliNB()", "best_score": 0.540351313168787, "test_score": 0.6527777777777778}