{"best_estimator": "HistGradientBoostingClassifier(learning_rate=0.01)", "best_score": 0.7537294140788138, "test_score": 0.7830204216073781}