{"best_estimator": "KNeighborsClassifier(n_neighbors=7, weights='distance')", "best_score": 0.7106009768940738, "test_score": 0.7357142857142857}