{"best_estimator": "KNeighborsClassifier(n_neighbors=20)", "best_score": 0.7177759601375802, "test_score": 0.6303350970017637}