{"0": {"precision": 0.6896551724137931, "recall": 0.6060606060606061, "f1-score": 0.6451612903225806, "support": 33.0}, "1": {"precision": 0.2777777777777778, "recall": 0.35714285714285715, "f1-score": 0.3125, "support": 14.0}, "accuracy": 0.5319148936170213, "macro avg": {"precision": 0.48371647509578547, "recall": 0.4816017316017316, "f1-score": 0.4788306451612903, "support": 47.0}, "weighted avg": {"precision": 0.5669682889051928, "recall": 0.5319148936170213, "f1-score": 0.5460706932052162, "support": 47.0}}