{"0": {"precision": 0.8333333333333334, "recall": 0.7692307692307693, "f1-score": 0.8, "support": 13.0}, "1": {"precision": 0.5, "recall": 0.6, "f1-score": 0.5454545454545454, "support": 5.0}, "accuracy": 0.7222222222222222, "macro avg": {"precision": 0.6666666666666667, "recall": 0.6846153846153846, "f1-score": 0.6727272727272727, "support": 18.0}, "weighted avg": {"precision": 0.7407407407407408, "recall": 0.7222222222222222, "f1-score": 0.7292929292929293, "support": 18.0}}