{"best_estimator": "HistGradientBoostingClassifier(learning_rate=0.5)", "best_score": 0.6130816462186859, "test_score": 0.4860520094562648}