{"best_estimator": "HistGradientBoostingClassifier()", "best_score": 0.5862375449378912, "test_score": 0.4938493310586333}