{"best_estimator": "HistGradientBoostingClassifier(learning_rate=0.5)", "best_score": 0.6281934781442168, "test_score": 0.5571658615136876}