{"best_estimator": "HistGradientBoostingClassifier(learning_rate=0.001)", "best_score": 0.5669538979134389, "test_score": 0.621010101010101}