{"0": {"precision": 0.6470588235294118, "recall": 0.8461538461538461, "f1-score": 0.7333333333333333, "support": 26.0}, "1": {"precision": 0.6923076923076923, "recall": 0.42857142857142855, "f1-score": 0.5294117647058824, "support": 21.0}, "accuracy": 0.6595744680851063, "macro avg": {"precision": 0.6696832579185521, "recall": 0.6373626373626373, "f1-score": 0.6313725490196078, "support": 47.0}, "weighted avg": {"precision": 0.667276403196303, "recall": 0.6595744680851063, "f1-score": 0.6422194409678765, "support": 47.0}}