{"0": {"precision": 0.7272727272727273, "recall": 0.7272727272727273, "f1-score": 0.7272727272727273, "support": 33.0}, "1": {"precision": 0.35714285714285715, "recall": 0.35714285714285715, "f1-score": 0.35714285714285715, "support": 14.0}, "accuracy": 0.6170212765957447, "macro avg": {"precision": 0.5422077922077922, "recall": 0.5422077922077922, "f1-score": 0.5422077922077922, "support": 47.0}, "weighted avg": {"precision": 0.6170212765957447, "recall": 0.6170212765957447, "f1-score": 0.6170212765957447, "support": 47.0}}