{"best_estimator": "KNeighborsClassifier(p=3, weights='distance')", "best_score": 0.5372535771341527, "test_score": 0.6666666666666666}