{"best_estimator": "KNeighborsClassifier(p=3, weights='distance')", "best_score": 0.5251768427534438, "test_score": 0.6770662287903667}