{"0": {"precision": 0.7647058823529411, "recall": 0.7878787878787878, "f1-score": 0.7761194029850746, "support": 33.0}, "1": {"precision": 0.46153846153846156, "recall": 0.42857142857142855, "f1-score": 0.4444444444444444, "support": 14.0}, "accuracy": 0.6808510638297872, "macro avg": {"precision": 0.6131221719457014, "recall": 0.6082251082251082, "f1-score": 0.6102819237147595, "support": 47.0}, "weighted avg": {"precision": 0.67440069317416, "recall": 0.6808510638297872, "f1-score": 0.6773226068240359, "support": 47.0}}