{"0": {"precision": 0.5, "recall": 0.6842105263157895, "f1-score": 0.5777777777777777, "support": 19.0}, "1": {"precision": 0.6470588235294118, "recall": 0.4583333333333333, "f1-score": 0.5365853658536586, "support": 24.0}, "accuracy": 0.5581395348837209, "macro avg": {"precision": 0.5735294117647058, "recall": 0.5712719298245614, "f1-score": 0.5571815718157181, "support": 43.0}, "weighted avg": {"precision": 0.5820793433652531, "recall": 0.5581395348837209, "f1-score": 0.5547866641457112, "support": 43.0}}