{"best_estimator": "RandomForestClassifier(n_estimators=150)", "best_score": 0.6274087094011906, "test_score": 0.4876321716227049}