{"best_estimator": "RandomForestClassifier(criterion='entropy', n_estimators=300)", "best_score": 0.6379035400619886, "test_score": 0.5543672014260249}