{"0": {"precision": 1.0, "recall": 0.1111111111111111, "f1-score": 0.2, "support": 18.0}, "1": {"precision": 0.42857142857142855, "recall": 1.0, "f1-score": 0.6, "support": 12.0}, "accuracy": 0.4666666666666667, "macro avg": {"precision": 0.7142857142857143, "recall": 0.5555555555555556, "f1-score": 0.4, "support": 30.0}, "weighted avg": {"precision": 0.7714285714285715, "recall": 0.4666666666666667, "f1-score": 0.36, "support": 30.0}}