{"best_estimator": "BernoulliNB()", "best_score": 0.36745591367370445, "test_score": 0.2660821999925068}