{"best_estimator": "BernoulliNB()", "best_score": 0.43104434433294125, "test_score": 0.21605401350337583}