{"best_estimator": "BernoulliNB()", "best_score": 0.45048406960309934, "test_score": 0.4663797528329451}