{"best_estimator": "HistGradientBoostingClassifier(learning_rate=0.05)", "best_score": 0.5972595727261714, "test_score": 0.5779250217959897}