{"best_estimator": "HistGradientBoostingClassifier()", "best_score": 0.5349982389235519, "test_score": 0.6642228739002932}