{"best_estimator": "HistGradientBoostingClassifier()", "best_score": 0.5424637399942285, "test_score": 0.48059383266869354}