{"0": {"precision": 0.5714285714285714, "recall": 0.42105263157894735, "f1-score": 0.48484848484848486, "support": 19.0}, "1": {"precision": 0.35294117647058826, "recall": 0.5, "f1-score": 0.41379310344827586, "support": 12.0}, "accuracy": 0.45161290322580644, "macro avg": {"precision": 0.46218487394957986, "recall": 0.4605263157894737, "f1-score": 0.44932079414838033, "support": 31.0}, "weighted avg": {"precision": 0.4868528056383844, "recall": 0.45161290322580644, "f1-score": 0.45734317591937174, "support": 31.0}}