{"best_estimator": "KNeighborsClassifier(n_neighbors=25, p=3, weights='distance')", "best_score": 0.561122941583143, "test_score": 0.5512096774193548}