{"0": {"precision": 0.5, "recall": 0.4444444444444444, "f1-score": 0.47058823529411764, "support": 18.0}, "1": {"precision": 0.2857142857142857, "recall": 0.3333333333333333, "f1-score": 0.3076923076923077, "support": 12.0}, "accuracy": 0.4, "macro avg": {"precision": 0.39285714285714285, "recall": 0.38888888888888884, "f1-score": 0.3891402714932127, "support": 30.0}, "weighted avg": {"precision": 0.4142857142857143, "recall": 0.4, "f1-score": 0.40542986425339367, "support": 30.0}}