{"0": {"precision": 0.6363636363636364, "recall": 0.3684210526315789, "f1-score": 0.4666666666666667, "support": 19.0}, "1": {"precision": 0.4, "recall": 0.6666666666666666, "f1-score": 0.5, "support": 12.0}, "accuracy": 0.4838709677419355, "macro avg": {"precision": 0.5181818181818182, "recall": 0.5175438596491228, "f1-score": 0.48333333333333334, "support": 31.0}, "weighted avg": {"precision": 0.5448680351906158, "recall": 0.4838709677419355, "f1-score": 0.4795698924731183, "support": 31.0}}