{"0": {"precision": 0.6153846153846154, "recall": 0.4444444444444444, "f1-score": 0.5161290322580645, "support": 18.0}, "1": {"precision": 0.4117647058823529, "recall": 0.5833333333333334, "f1-score": 0.4827586206896552, "support": 12.0}, "accuracy": 0.5, "macro avg": {"precision": 0.5135746606334841, "recall": 0.5138888888888888, "f1-score": 0.4994438264738599, "support": 30.0}, "weighted avg": {"precision": 0.5339366515837104, "recall": 0.5, "f1-score": 0.5027808676307007, "support": 30.0}}