{"precision": 0.6358366813850362, "recall": 0.6321178929366064, "f1": 0.619717170864829}