{"best_estimator": "BernoulliNB()", "best_score": 0.5548127663225685, "test_score": 0.5522774327122153}