{"best_estimator": "BernoulliNB()", "best_score": 0.5086092733547665, "test_score": 0.3867243867243867}