{"best_estimator": "BernoulliNB()", "best_score": 0.501553651332457, "test_score": 0.6666666666666666}