{"0": {"precision": 0.48717948717948717, "recall": 1.0, "f1-score": 0.6551724137931034, "support": 19.0}, "1": {"precision": 1.0, "recall": 0.16666666666666666, "f1-score": 0.2857142857142857, "support": 24.0}, "accuracy": 0.5348837209302325, "macro avg": {"precision": 0.7435897435897436, "recall": 0.5833333333333334, "f1-score": 0.47044334975369456, "support": 43.0}, "weighted avg": {"precision": 0.7734048896839595, "recall": 0.5348837209302325, "f1-score": 0.4489632260281819, "support": 43.0}}