{"0": {"precision": 0.90625, "recall": 0.6590909090909091, "f1-score": 0.7631578947368421, "support": 44.0}, "1": {"precision": 0.5714285714285714, "recall": 0.8695652173913043, "f1-score": 0.6896551724137931, "support": 23.0}, "accuracy": 0.7313432835820896, "macro avg": {"precision": 0.7388392857142857, "recall": 0.7643280632411067, "f1-score": 0.7264065335753176, "support": 67.0}, "weighted avg": {"precision": 0.7913113006396588, "recall": 0.7313432835820896, "f1-score": 0.7379256169244521, "support": 67.0}}