{"best_estimator": "HistGradientBoostingClassifier(learning_rate=0.01)", "best_score": 0.7514686863479829, "test_score": 0.6654936760505916}