{"best_estimator": "HistGradientBoostingClassifier(learning_rate=0.01)", "best_score": 0.6903043141277421, "test_score": 0.8005937654626422}