{"best_estimator": "HistGradientBoostingClassifier(learning_rate=0.01)", "best_score": 0.7697751857991147, "test_score": 0.7010101010101011}