{"best_estimator": "HistGradientBoostingClassifier(learning_rate=0.01)", "best_score": 0.7552504023159056, "test_score": 0.7379256169244521}