{"0": {"precision": 0.8846153846153846, "recall": 0.7931034482758621, "f1-score": 0.8363636363636363, "support": 29.0}, "1": {"precision": 0.625, "recall": 0.7692307692307693, "f1-score": 0.6896551724137931, "support": 13.0}, "accuracy": 0.7857142857142857, "macro avg": {"precision": 0.7548076923076923, "recall": 0.7811671087533156, "f1-score": 0.7630094043887148, "support": 42.0}, "weighted avg": {"precision": 0.8042582417582418, "recall": 0.7857142857142857, "f1-score": 0.7909538737124945, "support": 42.0}}