{"0": {"precision": 0.84, "recall": 0.7241379310344828, "f1-score": 0.7777777777777778, "support": 29.0}, "1": {"precision": 0.5294117647058824, "recall": 0.6923076923076923, "f1-score": 0.6, "support": 13.0}, "accuracy": 0.7142857142857143, "macro avg": {"precision": 0.6847058823529412, "recall": 0.7082228116710876, "f1-score": 0.6888888888888889, "support": 42.0}, "weighted avg": {"precision": 0.7438655462184874, "recall": 0.7142857142857143, "f1-score": 0.7227513227513228, "support": 42.0}}