{"0": {"precision": 0.9375, "recall": 0.6818181818181818, "f1-score": 0.7894736842105263, "support": 44.0}, "1": {"precision": 0.6, "recall": 0.9130434782608695, "f1-score": 0.7241379310344828, "support": 23.0}, "accuracy": 0.7611940298507462, "macro avg": {"precision": 0.76875, "recall": 0.7974308300395256, "f1-score": 0.7568058076225046, "support": 67.0}, "weighted avg": {"precision": 0.8216417910447761, "recall": 0.7611940298507462, "f1-score": 0.7670449928217352, "support": 67.0}}