{"0": {"precision": 0.8333333333333334, "recall": 0.8, "f1-score": 0.8163265306122449, "support": 25.0}, "1": {"precision": 0.7727272727272727, "recall": 0.8095238095238095, "f1-score": 0.7906976744186046, "support": 21.0}, "accuracy": 0.8043478260869565, "macro avg": {"precision": 0.803030303030303, "recall": 0.8047619047619048, "f1-score": 0.8035121025154248, "support": 46.0}, "weighted avg": {"precision": 0.8056653491436101, "recall": 0.8043478260869565, "f1-score": 0.8046264006108004, "support": 46.0}}