{"best_estimator": "BernoulliNB()", "best_score": 0.5069814200895766, "test_score": 0.46934225195094764}