{"best_estimator": "KNeighborsClassifier(n_neighbors=20, weights='distance')", "best_score": 0.7265650905235468, "test_score": 0.6786858974358974}