{"best_estimator": "KNeighborsClassifier(n_neighbors=20, p=1)", "best_score": 0.728669444934965, "test_score": 0.6666666666666666}