{"best_estimator": "BernoulliNB()", "best_score": 0.6117103623598934, "test_score": 0.6464077412513256}