{"0": {"precision": 0.46153846153846156, "recall": 0.3333333333333333, "f1-score": 0.3870967741935484, "support": 18.0}, "1": {"precision": 0.3684210526315789, "recall": 0.5, "f1-score": 0.42424242424242425, "support": 14.0}, "accuracy": 0.40625, "macro avg": {"precision": 0.4149797570850202, "recall": 0.41666666666666663, "f1-score": 0.4056695992179863, "support": 32.0}, "weighted avg": {"precision": 0.4207995951417004, "recall": 0.40625, "f1-score": 0.40334799608993155, "support": 32.0}}