{"best_estimator": "BernoulliNB()", "best_score": 0.5723538830942205, "test_score": 0.6464077412513256}