{"best_estimator": "BernoulliNB()", "best_score": 0.608386699973458, "test_score": 0.40334799608993155}