{"best_estimator": "BernoulliNB()", "best_score": 0.6306435179617054, "test_score": 0.5479681608713866}