{"best_estimator": "HistGradientBoostingClassifier(learning_rate=0.05)", "best_score": 0.5816943392217867, "test_score": 0.721243842364532}