{"best_estimator": "HistGradientBoostingClassifier(learning_rate=0.05)", "best_score": 0.6084820644675781, "test_score": 0.6082390727552018}