{"0": {"precision": 0.7142857142857143, "recall": 0.8333333333333334, "f1-score": 0.7692307692307693, "support": 18.0}, "1": {"precision": 0.7272727272727273, "recall": 0.5714285714285714, "f1-score": 0.64, "support": 14.0}, "accuracy": 0.71875, "macro avg": {"precision": 0.7207792207792207, "recall": 0.7023809523809523, "f1-score": 0.7046153846153846, "support": 32.0}, "weighted avg": {"precision": 0.7199675324675325, "recall": 0.71875, "f1-score": 0.7126923076923077, "support": 32.0}}