{"best_estimator": "HistGradientBoostingClassifier()", "best_score": 0.6409985464326031, "test_score": 0.7126923076923077}