{"0": {"precision": 0.6923076923076923, "recall": 0.5, "f1-score": 0.5806451612903226, "support": 18.0}, "1": {"precision": 0.5263157894736842, "recall": 0.7142857142857143, "f1-score": 0.6060606060606061, "support": 14.0}, "accuracy": 0.59375, "macro avg": {"precision": 0.6093117408906883, "recall": 0.6071428571428572, "f1-score": 0.5933528836754643, "support": 32.0}, "weighted avg": {"precision": 0.6196862348178138, "recall": 0.59375, "f1-score": 0.5917644183773216, "support": 32.0}}