{"0": {"precision": 0.5714285714285714, "recall": 0.42105263157894735, "f1-score": 0.48484848484848486, "support": 19.0}, "1": {"precision": 0.42105263157894735, "recall": 0.5714285714285714, "f1-score": 0.48484848484848486, "support": 14.0}, "accuracy": 0.48484848484848486, "macro avg": {"precision": 0.49624060150375937, "recall": 0.49624060150375937, "f1-score": 0.48484848484848486, "support": 33.0}, "weighted avg": {"precision": 0.5076327181590339, "recall": 0.48484848484848486, "f1-score": 0.48484848484848486, "support": 33.0}}