{"0": {"precision": 0.8125, "recall": 0.6842105263157895, "f1-score": 0.7428571428571429, "support": 19.0}, "1": {"precision": 0.625, "recall": 0.7692307692307693, "f1-score": 0.6896551724137931, "support": 13.0}, "accuracy": 0.71875, "macro avg": {"precision": 0.71875, "recall": 0.7267206477732794, "f1-score": 0.716256157635468, "support": 32.0}, "weighted avg": {"precision": 0.736328125, "recall": 0.71875, "f1-score": 0.721243842364532, "support": 32.0}}