{"0": {"precision": 0.8333333333333334, "recall": 0.5263157894736842, "f1-score": 0.6451612903225806, "support": 19.0}, "1": {"precision": 0.5714285714285714, "recall": 0.8571428571428571, "f1-score": 0.6857142857142857, "support": 14.0}, "accuracy": 0.6666666666666666, "macro avg": {"precision": 0.7023809523809523, "recall": 0.6917293233082706, "f1-score": 0.6654377880184332, "support": 33.0}, "weighted avg": {"precision": 0.7222222222222223, "recall": 0.6666666666666666, "f1-score": 0.6623655913978495, "support": 33.0}}