{"best_estimator": "RandomForestClassifier(criterion='entropy', n_estimators=150)", "best_score": 0.6258658603573858, "test_score": 0.7173423423423424}