{"precision": 0.6750677553422172, "recall": 0.6856181773229498, "f1": 0.670964960285538}