{"0": {"precision": 0.7692307692307693, "recall": 0.425531914893617, "f1-score": 0.547945205479452, "support": 47.0}, "1": {"precision": 0.34146341463414637, "recall": 0.7, "f1-score": 0.45901639344262296, "support": 20.0}, "accuracy": 0.5074626865671642, "macro avg": {"precision": 0.5553470919324578, "recall": 0.5627659574468085, "f1-score": 0.5034807994610375, "support": 67.0}, "weighted avg": {"precision": 0.6415390215899862, "recall": 0.5074626865671642, "f1-score": 0.5213992914386075, "support": 67.0}}