{"best_estimator": "BernoulliNB()", "best_score": 0.4324279353304902, "test_score": 0.6666666666666666}