{"best_estimator": "BernoulliNB()", "best_score": 0.4057517422619027, "test_score": 0.5333333333333333}