{"best_estimator": "BernoulliNB()", "best_score": 0.4384824447898258, "test_score": 0.5195838433292533}