{"best_estimator": "HistGradientBoostingClassifier(learning_rate=0.5)", "best_score": 0.5153932508068868, "test_score": 0.646338067390699}