{"best_estimator": "HistGradientBoostingClassifier(learning_rate=0.5)", "best_score": 0.4948611554326169, "test_score": 0.6067939749164932}