{"0": {"precision": 0.3888888888888889, "recall": 0.3181818181818182, "f1-score": 0.35, "support": 22.0}, "1": {"precision": 0.4642857142857143, "recall": 0.5416666666666666, "f1-score": 0.5, "support": 24.0}, "accuracy": 0.43478260869565216, "macro avg": {"precision": 0.4265873015873016, "recall": 0.42992424242424243, "f1-score": 0.425, "support": 46.0}, "weighted avg": {"precision": 0.42822636300897166, "recall": 0.43478260869565216, "f1-score": 0.42826086956521736, "support": 46.0}}