{"best_estimator": "KNeighborsClassifier(p=3, weights='distance')", "best_score": 0.5850058605384015, "test_score": 0.5635610766045549}