{"best_estimator": "KNeighborsClassifier(p=3, weights='distance')", "best_score": 0.5379129278618336, "test_score": 0.5605344425537279}