{"best_estimator": "RandomForestClassifier(criterion='log_loss', n_estimators=200)", "best_score": 0.5349288198014474, "test_score": 0.4974137931034483}