{"best_estimator": "RandomForestClassifier(criterion='entropy', n_estimators=150)", "best_score": 0.4646445255833262, "test_score": 0.5057471264367815}