{"best_estimator": "RandomForestClassifier()", "best_score": 0.4666434374582332, "test_score": 0.6051350947902672}