{"best_estimator": "BernoulliNB()", "best_score": 0.5603362254021416, "test_score": 0.5970674486803519}