{"best_estimator": "BernoulliNB()", "best_score": 0.5807467132132543, "test_score": 0.6191021439570419}