{"0": {"precision": 0.5833333333333334, "recall": 0.7777777777777778, "f1-score": 0.6666666666666666, "support": 18.0}, "1": {"precision": 0.42857142857142855, "recall": 0.23076923076923078, "f1-score": 0.3, "support": 13.0}, "accuracy": 0.5483870967741935, "macro avg": {"precision": 0.5059523809523809, "recall": 0.5042735042735043, "f1-score": 0.4833333333333333, "support": 31.0}, "weighted avg": {"precision": 0.5184331797235022, "recall": 0.5483870967741935, "f1-score": 0.5129032258064516, "support": 31.0}}