{"best_estimator": "BernoulliNB()", "best_score": 0.5805056469868142, "test_score": 0.5129032258064516}