{"best_estimator": "HistGradientBoostingClassifier(learning_rate=0.01)", "best_score": 0.6530823927111916, "test_score": 0.6724674589700056}