{"best_estimator": "HistGradientBoostingClassifier(learning_rate=0.5)", "best_score": 0.6615637638133471, "test_score": 0.7770609318996415}