{"best_estimator": "HistGradientBoostingClassifier(learning_rate=0.05)", "best_score": 0.6835696498101965, "test_score": 0.5375565610859728}