{"best_estimator": "KNeighborsClassifier(n_neighbors=20, p=3, weights='distance')", "best_score": 0.6686023378557479, "test_score": 0.6708211143695015}