{"best_estimator": "KNeighborsClassifier(n_neighbors=10, weights='distance')", "best_score": 0.6582589218410114, "test_score": 0.6170388751033912}