{"best_estimator": "KNeighborsClassifier(n_neighbors=20, p=3)", "best_score": 0.6690268203127855, "test_score": 0.6774193548387096}