{"best_estimator": "KNeighborsClassifier(n_neighbors=25, p=1)", "best_score": 0.6748970481904599, "test_score": 0.6356672780235193}