{"best_estimator": "RandomForestClassifier(criterion='entropy', n_estimators=150)", "best_score": 0.6616305116933006, "test_score": 0.8085194375516956}