{"best_estimator": "AdaBoostClassifier(algorithm='SAMME', learning_rate=0.5)", "best_score": 0.5529817681458549, "test_score": 0.699859747545582}