{"0": {"precision": 0.5555555555555556, "recall": 0.8333333333333334, "f1-score": 0.6666666666666666, "support": 18.0}, "1": {"precision": 0.25, "recall": 0.07692307692307693, "f1-score": 0.11764705882352941, "support": 13.0}, "accuracy": 0.5161290322580645, "macro avg": {"precision": 0.4027777777777778, "recall": 0.4551282051282052, "f1-score": 0.39215686274509803, "support": 31.0}, "weighted avg": {"precision": 0.4274193548387097, "recall": 0.5161290322580645, "f1-score": 0.43643263757115747, "support": 31.0}}