{"best_estimator": "BernoulliNB()", "best_score": 0.4704748088888532, "test_score": 0.43643263757115747}