{"best_estimator": "BernoulliNB()", "best_score": 0.4739668744271598, "test_score": 0.4265964450296248}