{"best_estimator": "HistGradientBoostingClassifier(learning_rate=0.5)", "best_score": 0.5319350578250248, "test_score": 0.5363636363636365}