{"0": {"precision": 0.6470588235294118, "recall": 0.5789473684210527, "f1-score": 0.6111111111111112, "support": 19.0}, "1": {"precision": 0.42857142857142855, "recall": 0.5, "f1-score": 0.46153846153846156, "support": 12.0}, "accuracy": 0.5483870967741935, "macro avg": {"precision": 0.5378151260504201, "recall": 0.5394736842105263, "f1-score": 0.5363247863247864, "support": 31.0}, "weighted avg": {"precision": 0.5624830577392247, "recall": 0.5483870967741935, "f1-score": 0.5532120209539565, "support": 31.0}}