{"best_estimator": "HistGradientBoostingClassifier(learning_rate=0.5)", "best_score": 0.562446396156093, "test_score": 0.646663253114866}