{"0": {"precision": 0.47619047619047616, "recall": 0.5555555555555556, "f1-score": 0.5128205128205128, "support": 18.0}, "1": {"precision": 0.2, "recall": 0.15384615384615385, "f1-score": 0.17391304347826086, "support": 13.0}, "accuracy": 0.3870967741935484, "macro avg": {"precision": 0.3380952380952381, "recall": 0.3547008547008547, "f1-score": 0.3433667781493868, "support": 31.0}, "weighted avg": {"precision": 0.36036866359447, "recall": 0.3870967741935484, "f1-score": 0.3706980256769878, "support": 31.0}}