{"best_estimator": "KNeighborsClassifier(n_neighbors=15)", "best_score": 0.5735248506756987, "test_score": 0.5375291191218857}