{"best_estimator": "KNeighborsClassifier(n_neighbors=25)", "best_score": 0.5693706777059248, "test_score": 0.49498970487302674}