{"0": {"precision": 0.7037037037037037, "recall": 1.0, "f1-score": 0.8260869565217391, "support": 19.0}, "1": {"precision": 1.0, "recall": 0.3333333333333333, "f1-score": 0.5, "support": 12.0}, "accuracy": 0.7419354838709677, "macro avg": {"precision": 0.8518518518518519, "recall": 0.6666666666666666, "f1-score": 0.6630434782608696, "support": 31.0}, "weighted avg": {"precision": 0.8183990442054958, "recall": 0.7419354838709677, "f1-score": 0.699859747545582, "support": 31.0}}