{"best_estimator": "KNeighborsClassifier(n_neighbors=20, p=3, weights='distance')", "best_score": 0.538001255022927, "test_score": 0.7313782991202346}