{"best_estimator": "RandomForestClassifier()", "best_score": 0.5509911562750274, "test_score": 0.6995616499943801}