{"best_estimator": "RandomForestClassifier(max_depth=6)", "best_score": 0.5697252936262224, "test_score": 0.4663797528329451}