{"best_estimator": "RandomForestClassifier(criterion='entropy')", "best_score": 0.5449230569453016, "test_score": 0.6456500488758553}