{"best_estimator": "RandomForestClassifier(criterion='log_loss')", "best_score": 0.5510901677796877, "test_score": 0.5660334944363268}