{"0": {"precision": 0.7083333333333334, "recall": 0.9444444444444444, "f1-score": 0.8095238095238095, "support": 18.0}, "1": {"precision": 0.875, "recall": 0.5, "f1-score": 0.6363636363636364, "support": 14.0}, "accuracy": 0.75, "macro avg": {"precision": 0.7916666666666667, "recall": 0.7222222222222222, "f1-score": 0.722943722943723, "support": 32.0}, "weighted avg": {"precision": 0.78125, "recall": 0.75, "f1-score": 0.7337662337662337, "support": 32.0}}