{"0": {"precision": 0.6875, "recall": 0.5789473684210527, "f1-score": 0.6285714285714286, "support": 19.0}, "1": {"precision": 0.5294117647058824, "recall": 0.6428571428571429, "f1-score": 0.5806451612903226, "support": 14.0}, "accuracy": 0.6060606060606061, "macro avg": {"precision": 0.6084558823529411, "recall": 0.6109022556390977, "f1-score": 0.6046082949308755, "support": 33.0}, "weighted avg": {"precision": 0.6204322638146168, "recall": 0.6060606060606061, "f1-score": 0.6082390727552018, "support": 33.0}}