{"best_estimator": "BernoulliNB()", "best_score": 0.5450364701298213, "test_score": 0.5471490299076507}