{"best_estimator": "BernoulliNB()", "best_score": 0.4460107208401422, "test_score": 0.358734772978959}