{"best_estimator": "HistGradientBoostingClassifier(learning_rate=0.5)", "best_score": 0.573067773718531, "test_score": 0.7823448448448449}