{"best_estimator": "HistGradientBoostingClassifier(learning_rate=0.5)", "best_score": 0.5827819097758353, "test_score": 0.6986531986531986}