{"best_estimator": "HistGradientBoostingClassifier(learning_rate=0.5)", "best_score": 0.5900274860496875, "test_score": 0.7337662337662337}