{"0": {"precision": 0.46153846153846156, "recall": 0.3157894736842105, "f1-score": 0.375, "support": 19.0}, "1": {"precision": 0.3157894736842105, "recall": 0.46153846153846156, "f1-score": 0.375, "support": 13.0}, "accuracy": 0.375, "macro avg": {"precision": 0.38866396761133604, "recall": 0.38866396761133604, "f1-score": 0.375, "support": 32.0}, "weighted avg": {"precision": 0.4023279352226721, "recall": 0.375, "f1-score": 0.375, "support": 32.0}}