{"0": {"precision": 0.4666666666666667, "recall": 0.3684210526315789, "f1-score": 0.4117647058823529, "support": 19.0}, "1": {"precision": 0.3333333333333333, "recall": 0.42857142857142855, "f1-score": 0.375, "support": 14.0}, "accuracy": 0.3939393939393939, "macro avg": {"precision": 0.4, "recall": 0.39849624060150374, "f1-score": 0.39338235294117646, "support": 33.0}, "weighted avg": {"precision": 0.4101010101010101, "recall": 0.3939393939393939, "f1-score": 0.3961675579322638, "support": 33.0}}