{"best_estimator": "KNeighborsClassifier(p=3, weights='distance')", "best_score": 0.565025502890177, "test_score": 0.532624633431085}