{"best_estimator": "RandomForestClassifier(criterion='log_loss', n_estimators=150)", "best_score": 0.5977964502548108, "test_score": 0.8139880952380952}