{"best_estimator": "RandomForestClassifier(criterion='log_loss')", "best_score": 0.5780780173035994, "test_score": 0.6986531986531986}