{"0": {"precision": 0.7647058823529411, "recall": 0.6842105263157895, "f1-score": 0.7222222222222222, "support": 19.0}, "1": {"precision": 0.625, "recall": 0.7142857142857143, "f1-score": 0.6666666666666666, "support": 14.0}, "accuracy": 0.696969696969697, "macro avg": {"precision": 0.6948529411764706, "recall": 0.6992481203007519, "f1-score": 0.6944444444444444, "support": 33.0}, "weighted avg": {"precision": 0.7054367201426024, "recall": 0.696969696969697, "f1-score": 0.6986531986531986, "support": 33.0}}