{"0": {"precision": 0.5714285714285714, "recall": 0.64, "f1-score": 0.6037735849056604, "support": 25.0}, "1": {"precision": 0.4, "recall": 0.3333333333333333, "f1-score": 0.36363636363636365, "support": 18.0}, "accuracy": 0.5116279069767442, "macro avg": {"precision": 0.4857142857142857, "recall": 0.4866666666666667, "f1-score": 0.483704974271012, "support": 43.0}, "weighted avg": {"precision": 0.4996677740863787, "recall": 0.5116279069767442, "f1-score": 0.5032510271650246, "support": 43.0}}