{"0": {"precision": 0.7567567567567568, "recall": 0.5957446808510638, "f1-score": 0.6666666666666666, "support": 47.0}, "1": {"precision": 0.3870967741935484, "recall": 0.5714285714285714, "f1-score": 0.46153846153846156, "support": 21.0}, "accuracy": 0.5882352941176471, "macro avg": {"precision": 0.5719267654751525, "recall": 0.5835866261398176, "f1-score": 0.5641025641025641, "support": 68.0}, "weighted avg": {"precision": 0.6425970562592954, "recall": 0.5882352941176471, "f1-score": 0.6033182503770739, "support": 68.0}}