{"best_estimator": "HistGradientBoostingClassifier(learning_rate=0.5)", "best_score": 0.48911280710461663, "test_score": 0.5925925925925926}