{"best_estimator": "HistGradientBoostingClassifier(learning_rate=0.5)", "best_score": 0.5414829159561497, "test_score": 0.5828705002337541}