{"best_estimator": "HistGradientBoostingClassifier(learning_rate=0.5)", "best_score": 0.47704962621481356, "test_score": 0.5422647527910686}