{"best_estimator": "KNeighborsClassifier(weights='distance')", "best_score": 0.4479310657870405, "test_score": 0.40263056092843325}