{"best_estimator": "KNeighborsClassifier(p=1, weights='distance')", "best_score": 0.4669363413343506, "test_score": 0.3017718715393134}