{"best_estimator": "KNeighborsClassifier(p=1, weights='distance')", "best_score": 0.4467080194618921, "test_score": 0.5389621318373071}