{"best_estimator": "KNeighborsClassifier(p=3, weights='distance')", "best_score": 0.47291859403988645, "test_score": 0.508361204013378}