{"best_estimator": "KNeighborsClassifier(weights='distance')", "best_score": 0.4332598734026484, "test_score": 0.7777777777777778}