{"best_estimator": "RandomForestClassifier(criterion='entropy', max_depth=2)", "best_score": 0.4058322127701225, "test_score": 0.6041792180613248}