{"0": {"precision": 0.43333333333333335, "recall": 0.5652173913043478, "f1-score": 0.49056603773584906, "support": 23.0}, "1": {"precision": 0.4117647058823529, "recall": 0.2916666666666667, "f1-score": 0.34146341463414637, "support": 24.0}, "accuracy": 0.425531914893617, "macro avg": {"precision": 0.42254901960784313, "recall": 0.4284420289855072, "f1-score": 0.4160147261849977, "support": 47.0}, "weighted avg": {"precision": 0.42231956612432214, "recall": 0.425531914893617, "f1-score": 0.4144285280668945, "support": 47.0}}