{"best_estimator": "BernoulliNB()", "best_score": 0.5561132219154319, "test_score": 0.5335144927536232}