{"best_estimator": "BernoulliNB()", "best_score": 0.524838956286704, "test_score": 0.6975282781734394}