{"best_estimator": "BernoulliNB()", "best_score": 0.5707320360712609, "test_score": 0.5681818181818182}