{"best_estimator": "BernoulliNB()", "best_score": 0.5453516501226958, "test_score": 0.780952380952381}