{"best_estimator": "BernoulliNB()", "best_score": 0.537210551830732, "test_score": 0.4296296296296296}