{"best_estimator": "KNeighborsClassifier(n_neighbors=25, p=1, weights='distance')", "best_score": 0.722184987416966, "test_score": 0.5008547008547009}