{"best_estimator": "KNeighborsClassifier(n_neighbors=15)", "best_score": 0.6922861298956706, "test_score": 0.6050911592707258}