{"best_estimator": "BernoulliNB()", "best_score": 0.5088734421985464, "test_score": 0.3287037037037037}