{"best_estimator": "BernoulliNB()", "best_score": 0.5759279308332091, "test_score": 0.6022397018508897}