{"best_estimator": "BernoulliNB()", "best_score": 0.5880395695565218, "test_score": 0.5440515036599348}