{"best_estimator": "HistGradientBoostingClassifier(learning_rate=0.01)", "best_score": 0.755865099636931, "test_score": 0.6654936760505916}