{"best_estimator": "KNeighborsClassifier(n_neighbors=20, weights='distance')", "best_score": 0.7453118985133309, "test_score": 0.6527777777777778}