{"best_estimator": "RandomForestClassifier(max_depth=3, n_estimators=150)", "best_score": 0.760582516711743, "test_score": 0.7407407407407407}