{"best_estimator": "RandomForestClassifier(max_depth=2, n_estimators=200)", "best_score": 0.7437941848359807, "test_score": 0.7248022015823873}