{"0": {"precision": 0.4117647058823529, "recall": 0.7368421052631579, "f1-score": 0.5283018867924528, "support": 19.0}, "1": {"precision": 0.4444444444444444, "recall": 0.16666666666666666, "f1-score": 0.24242424242424243, "support": 24.0}, "accuracy": 0.4186046511627907, "macro avg": {"precision": 0.42810457516339867, "recall": 0.45175438596491224, "f1-score": 0.3853630646083476, "support": 43.0}, "weighted avg": {"precision": 0.43000455996352027, "recall": 0.4186046511627907, "f1-score": 0.3687422713311261, "support": 43.0}}