{"best_estimator": "BernoulliNB()", "best_score": 0.5049027682554202, "test_score": 0.6369047619047619}