{"best_estimator": "BernoulliNB()", "best_score": 0.5107367642845464, "test_score": 0.42857142857142855}