{"best_estimator": "BernoulliNB()", "best_score": 0.5097623515380793, "test_score": 0.6146133925268221}