{"0": {"precision": 0.6885245901639344, "recall": 0.9333333333333333, "f1-score": 0.7924528301886793, "support": 45.0}, "1": {"precision": 0.5714285714285714, "recall": 0.17391304347826086, "f1-score": 0.26666666666666666, "support": 23.0}, "accuracy": 0.6764705882352942, "macro avg": {"precision": 0.629976580796253, "recall": 0.5536231884057972, "f1-score": 0.529559748427673, "support": 68.0}, "weighted avg": {"precision": 0.6489185838269734, "recall": 0.6764705882352942, "f1-score": 0.6146133925268221, "support": 68.0}}