{"best_estimator": "BernoulliNB()", "best_score": 0.48896804894229773, "test_score": 0.6527777777777778}