{"best_estimator": "HistGradientBoostingClassifier()", "best_score": 0.5846566100705776, "test_score": 0.5716034271725826}