{"0": {"precision": 0.6363636363636364, "recall": 0.6363636363636364, "f1-score": 0.6363636363636364, "support": 11.0}, "1": {"precision": 0.42857142857142855, "recall": 0.42857142857142855, "f1-score": 0.42857142857142855, "support": 7.0}, "accuracy": 0.5555555555555556, "macro avg": {"precision": 0.5324675324675324, "recall": 0.5324675324675324, "f1-score": 0.5324675324675324, "support": 18.0}, "weighted avg": {"precision": 0.5555555555555556, "recall": 0.5555555555555556, "f1-score": 0.5555555555555556, "support": 18.0}}