{"best_estimator": "HistGradientBoostingClassifier(learning_rate=0.5)", "best_score": 0.5752831376497131, "test_score": 0.5555555555555556}