{"best_estimator": "HistGradientBoostingClassifier()", "best_score": 0.5368912241485418, "test_score": 0.3111295681063123}