{"best_estimator": "KNeighborsClassifier(p=3)", "best_score": 0.6096015597934178, "test_score": 0.5375565610859728}