{"best_estimator": "KNeighborsClassifier(p=1, weights='distance')", "best_score": 0.6316242697868633, "test_score": 0.6698695950583391}