{"0": {"precision": 0.7741935483870968, "recall": 0.5333333333333333, "f1-score": 0.631578947368421, "support": 45.0}, "1": {"precision": 0.43243243243243246, "recall": 0.6956521739130435, "f1-score": 0.5333333333333333, "support": 23.0}, "accuracy": 0.5882352941176471, "macro avg": {"precision": 0.6033129904097646, "recall": 0.6144927536231883, "f1-score": 0.5824561403508772, "support": 68.0}, "weighted avg": {"precision": 0.6585978768141956, "recall": 0.5882352941176471, "f1-score": 0.5983488132094943, "support": 68.0}}