{"best_estimator": "RandomForestClassifier(n_estimators=300)", "best_score": 0.5333210414192524, "test_score": 0.610279728329688}