{"best_estimator": "RandomForestClassifier(n_estimators=150)", "best_score": 0.6038364999338705, "test_score": 0.6950515066910561}