{"best_estimator": "RandomForestClassifier(n_estimators=150)", "best_score": 0.6306511710681164, "test_score": 0.5319148936170213}