{"best_estimator": "BernoulliNB()", "best_score": 0.5544497847084511, "test_score": 0.4191666666666667}