{"best_estimator": "BernoulliNB()", "best_score": 0.6339053307132315, "test_score": 0.44668911335578}