{"0": {"precision": 0.7894736842105263, "recall": 0.7894736842105263, "f1-score": 0.7894736842105263, "support": 19.0}, "1": {"precision": 0.6923076923076923, "recall": 0.6923076923076923, "f1-score": 0.6923076923076923, "support": 13.0}, "accuracy": 0.75, "macro avg": {"precision": 0.7408906882591093, "recall": 0.7408906882591093, "f1-score": 0.7408906882591093, "support": 32.0}, "weighted avg": {"precision": 0.75, "recall": 0.75, "f1-score": 0.75, "support": 32.0}}