{"best_estimator": "HistGradientBoostingClassifier(learning_rate=0.001)", "best_score": 0.7177082614434318, "test_score": 0.6083052749719416}