{"best_estimator": "HistGradientBoostingClassifier(learning_rate=0.01)", "best_score": 0.6676009190204454, "test_score": 0.5280425219941349}