{"0": {"precision": 0.7857142857142857, "recall": 0.55, "f1-score": 0.6470588235294118, "support": 20.0}, "1": {"precision": 0.5263157894736842, "recall": 0.7692307692307693, "f1-score": 0.625, "support": 13.0}, "accuracy": 0.6363636363636364, "macro avg": {"precision": 0.6560150375939849, "recall": 0.6596153846153847, "f1-score": 0.6360294117647058, "support": 33.0}, "weighted avg": {"precision": 0.683526999316473, "recall": 0.6363636363636364, "f1-score": 0.6383689839572193, "support": 33.0}}