{"best_estimator": "KNeighborsClassifier(n_neighbors=15, p=3, weights='distance')", "best_score": 0.6417651246263801, "test_score": 0.7201246334310851}