{"0": {"precision": 0.6, "recall": 0.3157894736842105, "f1-score": 0.41379310344827586, "support": 19.0}, "1": {"precision": 0.4090909090909091, "recall": 0.6923076923076923, "f1-score": 0.5142857142857142, "support": 13.0}, "accuracy": 0.46875, "macro avg": {"precision": 0.5045454545454545, "recall": 0.5040485829959513, "f1-score": 0.464039408866995, "support": 32.0}, "weighted avg": {"precision": 0.5224431818181818, "recall": 0.46875, "f1-score": 0.45461822660098516, "support": 32.0}}