{"best_estimator": "RandomForestClassifier(n_estimators=200)", "best_score": 0.49865206915435234, "test_score": 0.7391774891774892}