{"best_estimator": "RandomForestClassifier(criterion='entropy')", "best_score": 0.5297044484219529, "test_score": 0.6029859571322986}