{"best_estimator": "RandomForestClassifier(criterion='log_loss', n_estimators=150)", "best_score": 0.5653753697346803, "test_score": 0.48778382111715435}