{"precision": 0.7485300888014854, "recall": 0.7064898565551795, "f1": 0.7131321051113066}