{"0": {"precision": 0.72, "recall": 1.0, "f1-score": 0.8372093023255814, "support": 18.0}, "1": {"precision": 1.0, "recall": 0.46153846153846156, "f1-score": 0.631578947368421, "support": 13.0}, "accuracy": 0.7741935483870968, "macro avg": {"precision": 0.86, "recall": 0.7307692307692308, "f1-score": 0.7343941248470012, "support": 31.0}, "weighted avg": {"precision": 0.8374193548387097, "recall": 0.7741935483870968, "f1-score": 0.7509772179887076, "support": 31.0}}