{"best_estimator": "BernoulliNB()", "best_score": 0.5379108243105148, "test_score": 0.7509772179887076}