{"best_estimator": "BernoulliNB()", "best_score": 0.5497430850805571, "test_score": 0.5465512719643326}