{"best_estimator": "BernoulliNB()", "best_score": 0.5450048126222571, "test_score": 0.520674486803519}