{"0": {"precision": 0.68, "recall": 1.0, "f1-score": 0.8095238095238095, "support": 17.0}, "1": {"precision": 1.0, "recall": 0.38461538461538464, "f1-score": 0.5555555555555556, "support": 13.0}, "accuracy": 0.7333333333333333, "macro avg": {"precision": 0.8400000000000001, "recall": 0.6923076923076923, "f1-score": 0.6825396825396826, "support": 30.0}, "weighted avg": {"precision": 0.8186666666666668, "recall": 0.7333333333333333, "f1-score": 0.6994708994708995, "support": 30.0}}