{"best_estimator": "BernoulliNB()", "best_score": 0.5366584529947004, "test_score": 0.6086784854108264}