{"best_estimator": "BernoulliNB()", "best_score": 0.5581939291642816, "test_score": 0.3786816269284713}