{"best_estimator": "BernoulliNB()", "best_score": 0.5768901062814822, "test_score": 0.41872232764073364}