{"best_estimator": "BernoulliNB()", "best_score": 0.5530621578652494, "test_score": 0.5252102499309038}