{"best_estimator": "HistGradientBoostingClassifier(learning_rate=0.01)", "best_score": 0.726982700376745, "test_score": 0.7379739671760045}