{"best_estimator": "HistGradientBoostingClassifier(learning_rate=0.01)", "best_score": 0.7430778639498083, "test_score": 0.7718340243368051}