{"best_estimator": "KNeighborsClassifier(n_neighbors=25, p=1)", "best_score": 0.734869000457301, "test_score": 0.6451612903225806}