{"best_estimator": "KNeighborsClassifier(n_neighbors=25, p=1)", "best_score": 0.7146613843682486, "test_score": 0.8338945005611672}