{"best_estimator": "RandomForestClassifier(max_depth=2, n_estimators=200)", "best_score": 0.7720124824946586, "test_score": 0.7741935483870968}