{"best_estimator": "BernoulliNB()", "best_score": 0.5860504064023977, "test_score": 0.4742587161942}