{"best_estimator": "BernoulliNB()", "best_score": 0.5401125296142015, "test_score": 0.6860739575137688}