{"best_estimator": "HistGradientBoostingClassifier(learning_rate=0.01)", "best_score": 0.7152311383631031, "test_score": 0.8695891921698373}