{"best_estimator": "HistGradientBoostingClassifier(learning_rate=0.01)", "best_score": 0.737943239873213, "test_score": 0.6925969447708578}