{"best_estimator": "HistGradientBoostingClassifier()", "best_score": 0.7103818638379109, "test_score": 0.8380269670592251}