{"best_estimator": "HistGradientBoostingClassifier(learning_rate=0.01)", "best_score": 0.7206184395407782, "test_score": 0.807258064516129}