{"best_estimator": "HistGradientBoostingClassifier(learning_rate=0.01)", "best_score": 0.762563158796515, "test_score": 0.7751493428912785}