{"best_estimator": "KNeighborsClassifier(n_neighbors=15)", "best_score": 0.6735529104275708, "test_score": 0.7077942458587619}