{"best_estimator": "KNeighborsClassifier(n_neighbors=15, weights='distance')", "best_score": 0.6791324151707341, "test_score": 0.6131868131868131}