{"best_estimator": "KNeighborsClassifier(n_neighbors=20, weights='distance')", "best_score": 0.6622501967276164, "test_score": 0.7419354838709677}