{"best_estimator": "KNeighborsClassifier(n_neighbors=20, weights='distance')", "best_score": 0.6671007311363775, "test_score": 0.6794524261317431}