{"0": {"precision": 0.6086956521739131, "recall": 0.8235294117647058, "f1-score": 0.7, "support": 17.0}, "1": {"precision": 0.625, "recall": 0.35714285714285715, "f1-score": 0.45454545454545453, "support": 14.0}, "accuracy": 0.6129032258064516, "macro avg": {"precision": 0.6168478260869565, "recall": 0.5903361344537815, "f1-score": 0.5772727272727273, "support": 31.0}, "weighted avg": {"precision": 0.6160589060308556, "recall": 0.6129032258064516, "f1-score": 0.589149560117302, "support": 31.0}}