{"best_estimator": "RandomForestClassifier(max_depth=2, n_estimators=150)", "best_score": 0.7355591516942519, "test_score": 0.7751493428912785}