{"best_estimator": "RandomForestClassifier(max_depth=2, n_estimators=300)", "best_score": 0.7459160550375261, "test_score": 0.6451612903225806}