{"best_estimator": "RandomForestClassifier(max_depth=2)", "best_score": 0.7585955337630186, "test_score": 0.7708902147166886}