{"best_estimator": "RandomForestClassifier(max_depth=2)", "best_score": 0.7398157475733403, "test_score": 0.8043837882547561}