{"0": {"precision": 0.6666666666666666, "recall": 0.4, "f1-score": 0.5, "support": 20.0}, "1": {"precision": 0.42857142857142855, "recall": 0.6923076923076923, "f1-score": 0.5294117647058824, "support": 13.0}, "accuracy": 0.5151515151515151, "macro avg": {"precision": 0.5476190476190476, "recall": 0.5461538461538462, "f1-score": 0.5147058823529411, "support": 33.0}, "weighted avg": {"precision": 0.5728715728715729, "recall": 0.5151515151515151, "f1-score": 0.5115864527629234, "support": 33.0}}