{"best_estimator": "BernoulliNB()", "best_score": 0.5915372114002568, "test_score": 0.6336898395721926}