{"best_estimator": "BernoulliNB()", "best_score": 0.578087644235461, "test_score": 0.5713838838838838}