{"best_estimator": "BernoulliNB()", "best_score": 0.5889551410757015, "test_score": 0.5115864527629234}