{"best_estimator": "BernoulliNB()", "best_score": 0.5599569348320503, "test_score": 0.5379136992040218}