{"0": {"precision": 0.7272727272727273, "recall": 0.4, "f1-score": 0.5161290322580645, "support": 20.0}, "1": {"precision": 0.45454545454545453, "recall": 0.7692307692307693, "f1-score": 0.5714285714285714, "support": 13.0}, "accuracy": 0.5454545454545454, "macro avg": {"precision": 0.5909090909090909, "recall": 0.5846153846153846, "f1-score": 0.543778801843318, "support": 33.0}, "weighted avg": {"precision": 0.6198347107438017, "recall": 0.5454545454545454, "f1-score": 0.5379136992040218, "support": 33.0}}