{"best_estimator": "HistGradientBoostingClassifier()", "best_score": 0.6756002411974231, "test_score": 0.5941109783374698}