{"0": {"precision": 0.6, "recall": 0.631578947368421, "f1-score": 0.6153846153846154, "support": 19.0}, "1": {"precision": 0.4166666666666667, "recall": 0.38461538461538464, "f1-score": 0.4, "support": 13.0}, "accuracy": 0.53125, "macro avg": {"precision": 0.5083333333333333, "recall": 0.5080971659919028, "f1-score": 0.5076923076923077, "support": 32.0}, "weighted avg": {"precision": 0.5255208333333333, "recall": 0.53125, "f1-score": 0.5278846153846154, "support": 32.0}}