{"0": {"precision": 0.7777777777777778, "recall": 0.7, "f1-score": 0.7368421052631579, "support": 20.0}, "1": {"precision": 0.6, "recall": 0.6923076923076923, "f1-score": 0.6428571428571429, "support": 13.0}, "accuracy": 0.696969696969697, "macro avg": {"precision": 0.6888888888888889, "recall": 0.6961538461538461, "f1-score": 0.6898496240601504, "support": 33.0}, "weighted avg": {"precision": 0.7077441077441077, "recall": 0.696969696969697, "f1-score": 0.6998177261335156, "support": 33.0}}