{"best_estimator": "HistGradientBoostingClassifier(learning_rate=0.001)", "best_score": 0.6401731057913838, "test_score": 0.6104662656386795}