{"0": {"precision": 0.8, "recall": 0.42105263157894735, "f1-score": 0.5517241379310345, "support": 19.0}, "1": {"precision": 0.5, "recall": 0.8461538461538461, "f1-score": 0.6285714285714286, "support": 13.0}, "accuracy": 0.59375, "macro avg": {"precision": 0.65, "recall": 0.6336032388663968, "f1-score": 0.5901477832512315, "support": 32.0}, "weighted avg": {"precision": 0.6781250000000001, "recall": 0.59375, "f1-score": 0.5829433497536946, "support": 32.0}}