{"0": {"precision": 0.7894736842105263, "recall": 0.75, "f1-score": 0.7692307692307693, "support": 20.0}, "1": {"precision": 0.6428571428571429, "recall": 0.6923076923076923, "f1-score": 0.6666666666666666, "support": 13.0}, "accuracy": 0.7272727272727273, "macro avg": {"precision": 0.7161654135338347, "recall": 0.7211538461538461, "f1-score": 0.717948717948718, "support": 33.0}, "weighted avg": {"precision": 0.7317156527682844, "recall": 0.7272727272727273, "f1-score": 0.7288267288267288, "support": 33.0}}