{"best_estimator": "KNeighborsClassifier(n_neighbors=20, p=3, weights='distance')", "best_score": 0.668376813048167, "test_score": 0.6464077412513256}