{"best_estimator": "RandomForestClassifier(criterion='entropy')", "best_score": 0.5628503903908568, "test_score": 0.6537820512820514}