{"best_estimator": "RandomForestClassifier()", "best_score": 0.5442849057944847, "test_score": 0.6298701298701298}