{"best_estimator": "RandomForestClassifier(criterion='entropy', n_estimators=300)", "best_score": 0.5304258829304263, "test_score": 0.7749867444326617}