{"best_estimator": "AdaBoostClassifier(algorithm='SAMME', learning_rate=0.001)", "best_score": 0.4802548262051293, "test_score": 0.7121212121212122}