{"0": {"precision": 0.0, "recall": 0.0, "f1-score": 0.0, "support": 47.0}, "1": {"precision": 0.3088235294117647, "recall": 1.0, "f1-score": 0.47191011235955055, "support": 21.0}, "accuracy": 0.3088235294117647, "macro avg": {"precision": 0.15441176470588236, "recall": 0.5, "f1-score": 0.23595505617977527, "support": 68.0}, "weighted avg": {"precision": 0.0953719723183391, "recall": 0.3088235294117647, "f1-score": 0.14573694646397883, "support": 68.0}}