{"0": {"precision": 0.0, "recall": 0.0, "f1-score": 0.0, "support": 25.0}, "1": {"precision": 0.4186046511627907, "recall": 1.0, "f1-score": 0.5901639344262295, "support": 18.0}, "accuracy": 0.4186046511627907, "macro avg": {"precision": 0.20930232558139536, "recall": 0.5, "f1-score": 0.29508196721311475, "support": 43.0}, "weighted avg": {"precision": 0.1752298539751217, "recall": 0.4186046511627907, "f1-score": 0.24704536789935186, "support": 43.0}}