{"0": {"precision": 0.7941176470588235, "recall": 0.574468085106383, "f1-score": 0.6666666666666666, "support": 47.0}, "1": {"precision": 0.4117647058823529, "recall": 0.6666666666666666, "f1-score": 0.509090909090909, "support": 21.0}, "accuracy": 0.6029411764705882, "macro avg": {"precision": 0.6029411764705882, "recall": 0.6205673758865249, "f1-score": 0.5878787878787879, "support": 68.0}, "weighted avg": {"precision": 0.676038062283737, "recall": 0.6029411764705882, "f1-score": 0.6180035650623886, "support": 68.0}}