{"0": {"precision": 0.7037037037037037, "recall": 0.59375, "f1-score": 0.6440677966101694, "support": 32.0}, "1": {"precision": 0.35, "recall": 0.4666666666666667, "f1-score": 0.4, "support": 15.0}, "accuracy": 0.5531914893617021, "macro avg": {"precision": 0.5268518518518519, "recall": 0.5302083333333334, "f1-score": 0.5220338983050847, "support": 47.0}, "weighted avg": {"precision": 0.5908195429472025, "recall": 0.5531914893617021, "f1-score": 0.566173818968626, "support": 47.0}}