{"best_estimator": "HistGradientBoostingClassifier(learning_rate=0.05)", "best_score": 0.5000858313807993, "test_score": 0.5209235209235209}