{"0": {"precision": 0.5185185185185185, "recall": 0.6086956521739131, "f1-score": 0.56, "support": 23.0}, "1": {"precision": 0.55, "recall": 0.4583333333333333, "f1-score": 0.5, "support": 24.0}, "accuracy": 0.5319148936170213, "macro avg": {"precision": 0.5342592592592592, "recall": 0.5335144927536232, "f1-score": 0.53, "support": 47.0}, "weighted avg": {"precision": 0.5345941686367218, "recall": 0.5319148936170213, "f1-score": 0.5293617021276597, "support": 47.0}}