{"0": {"precision": 0.72, "recall": 0.3829787234042553, "f1-score": 0.5, "support": 47.0}, "1": {"precision": 0.32558139534883723, "recall": 0.6666666666666666, "f1-score": 0.4375, "support": 21.0}, "accuracy": 0.47058823529411764, "macro avg": {"precision": 0.5227906976744185, "recall": 0.524822695035461, "f1-score": 0.46875, "support": 68.0}, "weighted avg": {"precision": 0.5981942544459644, "recall": 0.47058823529411764, "f1-score": 0.4806985294117647, "support": 68.0}}