{"best_estimator": "KNeighborsClassifier(p=1, weights='distance')", "best_score": 0.4311945620166429, "test_score": 0.3408579417581668}