{"best_estimator": "RandomForestClassifier(criterion='entropy', n_estimators=200)", "best_score": 0.5118134973069555, "test_score": 0.5534855403348553}