{"best_estimator": "RandomForestClassifier(criterion='entropy', n_estimators=300)", "best_score": 0.4646872371302745, "test_score": 0.6757164404223228}