{"best_estimator": "RandomForestClassifier(criterion='log_loss')", "best_score": 0.46219793142669763, "test_score": 0.3974551522736754}