{"0": {"precision": 0.42105263157894735, "recall": 0.3076923076923077, "f1-score": 0.35555555555555557, "support": 26.0}, "1": {"precision": 0.35714285714285715, "recall": 0.47619047619047616, "f1-score": 0.40816326530612246, "support": 21.0}, "accuracy": 0.3829787234042553, "macro avg": {"precision": 0.3890977443609023, "recall": 0.39194139194139194, "f1-score": 0.38185941043083904, "support": 47.0}, "weighted avg": {"precision": 0.3924972004479283, "recall": 0.3829787234042553, "f1-score": 0.37906112799729824, "support": 47.0}}