{"best_estimator": "AdaBoostClassifier(algorithm='SAMME', learning_rate=0.5, n_estimators=300)", "best_score": 0.5476845554702818, "test_score": 0.46974350791814584}