{"best_estimator": "BernoulliNB()", "best_score": 0.5721055293042371, "test_score": 0.6240492476060192}