{"best_estimator": "BernoulliNB()", "best_score": 0.543325162653608, "test_score": 0.5420541566720969}