{"best_estimator": "BernoulliNB()", "best_score": 0.5979954417298299, "test_score": 0.6369047619047619}