{"best_estimator": "BernoulliNB()", "best_score": 0.5115535263344938, "test_score": 0.33333333333333326}