{"best_estimator": "BernoulliNB()", "best_score": 0.5016569222283508, "test_score": 0.7021276595744681}