{"best_estimator": "HistGradientBoostingClassifier(learning_rate=0.01)", "best_score": 0.5650320733562411, "test_score": 0.6602870813397128}