{"best_estimator": "HistGradientBoostingClassifier()", "best_score": 0.6340840423983047, "test_score": 0.46633825944170765}