{"best_estimator": "HistGradientBoostingClassifier(learning_rate=0.5)", "best_score": 0.5819045807409594, "test_score": 0.7777777777777778}