{"0": {"precision": 0.4827586206896552, "recall": 0.7368421052631579, "f1-score": 0.5833333333333334, "support": 19.0}, "1": {"precision": 0.6428571428571429, "recall": 0.375, "f1-score": 0.47368421052631576, "support": 24.0}, "accuracy": 0.5348837209302325, "macro avg": {"precision": 0.562807881773399, "recall": 0.555921052631579, "f1-score": 0.5285087719298246, "support": 43.0}, "weighted avg": {"precision": 0.5721159353877879, "recall": 0.5348837209302325, "f1-score": 0.5221338229294166, "support": 43.0}}