{"0": {"precision": 0.48484848484848486, "recall": 0.64, "f1-score": 0.5517241379310345, "support": 25.0}, "1": {"precision": 0.47058823529411764, "recall": 0.32, "f1-score": 0.38095238095238093, "support": 25.0}, "accuracy": 0.48, "macro avg": {"precision": 0.47771836007130125, "recall": 0.48, "f1-score": 0.4663382594417077, "support": 50.0}, "weighted avg": {"precision": 0.4777183600713012, "recall": 0.48, "f1-score": 0.46633825944170765, "support": 50.0}}