{"best_estimator": "HistGradientBoostingClassifier()", "best_score": 0.5689165594697105, "test_score": 0.7185185185185186}