{"best_estimator": "HistGradientBoostingClassifier()", "best_score": 0.6211372286181496, "test_score": 0.4478106691335183}