{"best_estimator": "KNeighborsClassifier(n_neighbors=25, weights='distance')", "best_score": 0.5092047340952892, "test_score": 0.5333333333333333}