{"best_estimator": "KNeighborsClassifier(weights='distance')", "best_score": 0.49758276467846496, "test_score": 0.6770662287903667}