{"0": {"precision": 0.7428571428571429, "recall": 0.7878787878787878, "f1-score": 0.7647058823529411, "support": 33.0}, "1": {"precision": 0.4166666666666667, "recall": 0.35714285714285715, "f1-score": 0.38461538461538464, "support": 14.0}, "accuracy": 0.6595744680851063, "macro avg": {"precision": 0.5797619047619048, "recall": 0.5725108225108225, "f1-score": 0.5746606334841629, "support": 47.0}, "weighted avg": {"precision": 0.645694022289767, "recall": 0.6595744680851063, "f1-score": 0.6514874362183499, "support": 47.0}}