{"0": {"precision": 0.6363636363636364, "recall": 0.5384615384615384, "f1-score": 0.5833333333333334, "support": 26.0}, "1": {"precision": 0.52, "recall": 0.6190476190476191, "f1-score": 0.5652173913043478, "support": 21.0}, "accuracy": 0.574468085106383, "macro avg": {"precision": 0.5781818181818181, "recall": 0.5787545787545787, "f1-score": 0.5742753623188406, "support": 47.0}, "weighted avg": {"precision": 0.5843713733075436, "recall": 0.574468085106383, "f1-score": 0.5752389762565525, "support": 47.0}}