{"best_estimator": "RandomForestClassifier(max_depth=6)", "best_score": 0.6184560708667455, "test_score": 0.65296853625171}