{"0": {"precision": 0.5714285714285714, "recall": 0.96, "f1-score": 0.7164179104477612, "support": 25.0}, "1": {"precision": 0.875, "recall": 0.28, "f1-score": 0.42424242424242425, "support": 25.0}, "accuracy": 0.62, "macro avg": {"precision": 0.7232142857142857, "recall": 0.62, "f1-score": 0.5703301673450927, "support": 50.0}, "weighted avg": {"precision": 0.7232142857142857, "recall": 0.62, "f1-score": 0.5703301673450927, "support": 50.0}}