{"best_estimator": "RandomForestClassifier(criterion='log_loss', n_estimators=150)", "best_score": 0.6136347515532322, "test_score": 0.5404411764705883}