{"best_estimator": "AdaBoostClassifier(algorithm='SAMME', learning_rate=0.01)", "best_score": 0.4920535081952841, "test_score": 0.5957832832832832}