{"0": {"precision": 0.55, "recall": 0.5789473684210527, "f1-score": 0.5641025641025641, "support": 19.0}, "1": {"precision": 0.3333333333333333, "recall": 0.3076923076923077, "f1-score": 0.32, "support": 13.0}, "accuracy": 0.46875, "macro avg": {"precision": 0.44166666666666665, "recall": 0.4433198380566802, "f1-score": 0.4420512820512821, "support": 32.0}, "weighted avg": {"precision": 0.4619791666666667, "recall": 0.46875, "f1-score": 0.4649358974358974, "support": 32.0}}