{"best_estimator": "AdaBoostClassifier(algorithm='SAMME', learning_rate=0.01)", "best_score": 0.5101612299485168, "test_score": 0.5278846153846154}