{"best_estimator": "BernoulliNB()", "best_score": 0.35263036158688327, "test_score": 0.22266139657444003}