{"best_estimator": "BernoulliNB()", "best_score": 0.360523191476347, "test_score": 0.2347222222222222}