{"best_estimator": "BernoulliNB()", "best_score": 0.3463758537122714, "test_score": 0.2994318181818182}