{"best_estimator": "HistGradientBoostingClassifier()", "best_score": 0.5369038867281871, "test_score": 0.5278846153846154}