{"best_estimator": "KNeighborsClassifier(n_neighbors=25, p=3, weights='distance')", "best_score": 0.4679912641681857, "test_score": 0.503921568627451}