{"best_estimator": "KNeighborsClassifier(n_neighbors=25, p=1, weights='distance')", "best_score": 0.43818883432870354, "test_score": 0.4651148582600195}