{"best_estimator": "KNeighborsClassifier(weights='distance')", "best_score": 0.4372735332208412, "test_score": 0.503968253968254}