{"best_estimator": "KNeighborsClassifier(p=3, weights='distance')", "best_score": 0.41019114407457885, "test_score": 0.5505379988138609}