{"best_estimator": "KNeighborsClassifier(n_neighbors=7, p=3, weights='distance')", "best_score": 0.46406100935643135, "test_score": 0.4419642857142857}