{"0": {"precision": 0.6, "recall": 0.47368421052631576, "f1-score": 0.5294117647058824, "support": 19.0}, "1": {"precision": 0.4117647058823529, "recall": 0.5384615384615384, "f1-score": 0.4666666666666667, "support": 13.0}, "accuracy": 0.5, "macro avg": {"precision": 0.5058823529411764, "recall": 0.5060728744939271, "f1-score": 0.4980392156862745, "support": 32.0}, "weighted avg": {"precision": 0.5235294117647059, "recall": 0.5, "f1-score": 0.503921568627451, "support": 32.0}}