{"0": {"precision": 0.65, "recall": 0.65, "f1-score": 0.65, "support": 20.0}, "1": {"precision": 0.46153846153846156, "recall": 0.46153846153846156, "f1-score": 0.46153846153846156, "support": 13.0}, "accuracy": 0.5757575757575758, "macro avg": {"precision": 0.5557692307692308, "recall": 0.5557692307692308, "f1-score": 0.5557692307692308, "support": 33.0}, "weighted avg": {"precision": 0.5757575757575758, "recall": 0.5757575757575758, "f1-score": 0.5757575757575758, "support": 33.0}}