{"0": {"precision": 0.5294117647058824, "recall": 0.47368421052631576, "f1-score": 0.5, "support": 19.0}, "1": {"precision": 0.3333333333333333, "recall": 0.38461538461538464, "f1-score": 0.35714285714285715, "support": 13.0}, "accuracy": 0.4375, "macro avg": {"precision": 0.43137254901960786, "recall": 0.4291497975708502, "f1-score": 0.4285714285714286, "support": 32.0}, "weighted avg": {"precision": 0.44975490196078427, "recall": 0.4375, "f1-score": 0.4419642857142857, "support": 32.0}}