{"best_estimator": "RandomForestClassifier()", "best_score": 0.4976191145732455, "test_score": 0.5564738292011019}