{"best_estimator": "RandomForestClassifier(n_estimators=400)", "best_score": 0.4990656077967085, "test_score": 0.5278846153846154}