{"0": {"precision": 0.71875, "recall": 0.8518518518518519, "f1-score": 0.7796610169491526, "support": 27.0}, "1": {"precision": 0.5, "recall": 0.3076923076923077, "f1-score": 0.38095238095238093, "support": 13.0}, "accuracy": 0.675, "macro avg": {"precision": 0.609375, "recall": 0.5797720797720798, "f1-score": 0.5803066989507668, "support": 40.0}, "weighted avg": {"precision": 0.64765625, "recall": 0.675, "f1-score": 0.6500807102502019, "support": 40.0}}