{"best_estimator": "BernoulliNB()", "best_score": 0.6002264217105734, "test_score": 0.6474358974358975}