{"best_estimator": "BernoulliNB()", "best_score": 0.6095534218848132, "test_score": 0.5833333333333334}