{"best_estimator": "BernoulliNB()", "best_score": 0.6063749567434871, "test_score": 0.56796875}