{"best_estimator": "BernoulliNB()", "best_score": 0.6123869090286831, "test_score": 0.5369175627240143}