{"best_estimator": "BernoulliNB()", "best_score": 0.5948610901412189, "test_score": 0.6380266075388027}