{"best_estimator": "BernoulliNB()", "best_score": 0.6045710823292448, "test_score": 0.5833333333333334}