{"best_estimator": "BernoulliNB()", "best_score": 0.6028656005015394, "test_score": 0.6380266075388027}