{"best_estimator": "HistGradientBoostingClassifier(learning_rate=0.05)", "best_score": 0.704070308578425, "test_score": 0.7286949080017115}