{"best_estimator": "HistGradientBoostingClassifier(learning_rate=0.05)", "best_score": 0.7591475503353738, "test_score": 0.6779524807826695}