{"best_estimator": "HistGradientBoostingClassifier()", "best_score": 0.7165910427540961, "test_score": 0.7725454545454545}