{"0": {"precision": 0.8076923076923077, "recall": 0.75, "f1-score": 0.7777777777777778, "support": 28.0}, "1": {"precision": 0.5333333333333333, "recall": 0.6153846153846154, "f1-score": 0.5714285714285714, "support": 13.0}, "accuracy": 0.7073170731707317, "macro avg": {"precision": 0.6705128205128206, "recall": 0.6826923076923077, "f1-score": 0.6746031746031746, "support": 41.0}, "weighted avg": {"precision": 0.7207004377736086, "recall": 0.7073170731707317, "f1-score": 0.7123499806426635, "support": 41.0}}