{"best_estimator": "KNeighborsClassifier(p=3)", "best_score": 0.7220237082174676, "test_score": 0.7143020594965674}