{"best_estimator": "KNeighborsClassifier(p=3)", "best_score": 0.7234760249330034, "test_score": 0.5599999999999999}