{"best_estimator": "KNeighborsClassifier(p=3)", "best_score": 0.7340927091901109, "test_score": 0.7577481840193704}