{"0": {"precision": 0.7567567567567568, "recall": 1.0, "f1-score": 0.8615384615384616, "support": 28.0}, "1": {"precision": 1.0, "recall": 0.3076923076923077, "f1-score": 0.47058823529411764, "support": 13.0}, "accuracy": 0.7804878048780488, "macro avg": {"precision": 0.8783783783783784, "recall": 0.6538461538461539, "f1-score": 0.6660633484162897, "support": 41.0}, "weighted avg": {"precision": 0.8338826631509559, "recall": 0.7804878048780488, "f1-score": 0.7375786337048891, "support": 41.0}}