{"best_estimator": "RandomForestClassifier(criterion='log_loss', n_estimators=150)", "best_score": 0.6508423652755474, "test_score": 0.7039144471347861}