{"0": {"precision": 0.8888888888888888, "recall": 0.4444444444444444, "f1-score": 0.5925925925925926, "support": 18.0}, "1": {"precision": 0.5454545454545454, "recall": 0.9230769230769231, "f1-score": 0.6857142857142857, "support": 13.0}, "accuracy": 0.6451612903225806, "macro avg": {"precision": 0.7171717171717171, "recall": 0.6837606837606838, "f1-score": 0.6391534391534391, "support": 31.0}, "weighted avg": {"precision": 0.7448680351906158, "recall": 0.6451612903225806, "f1-score": 0.6316436251920123, "support": 31.0}}