{"best_estimator": "BernoulliNB()", "best_score": 0.5507654484643665, "test_score": 0.587688098495212}