{"best_estimator": "BernoulliNB()", "best_score": 0.5154096760315531, "test_score": 0.5498479883128676}