{"best_estimator": "HistGradientBoostingClassifier(learning_rate=0.05)", "best_score": 0.6657425262742827, "test_score": 0.5806451612903226}