{"best_estimator": "HistGradientBoostingClassifier()", "best_score": 0.6749948960831056, "test_score": 0.7751493428912785}