{"best_estimator": "KNeighborsClassifier(n_neighbors=15, p=3)", "best_score": 0.6842585867727535, "test_score": 0.5859703020993343}