{"best_estimator": "KNeighborsClassifier(weights='distance')", "best_score": 0.6991600443017455, "test_score": 0.4838709677419355}