{"best_estimator": "KNeighborsClassifier(n_neighbors=15, p=3)", "best_score": 0.6598926729638781, "test_score": 0.7109062980030721}