{"best_estimator": "RandomForestClassifier(criterion='entropy', n_estimators=150)", "best_score": 0.6062262034349909, "test_score": 0.5483870967741935}