{"0": {"precision": 0.625, "recall": 0.8333333333333334, "f1-score": 0.7142857142857143, "support": 18.0}, "1": {"precision": 0.5, "recall": 0.25, "f1-score": 0.3333333333333333, "support": 12.0}, "accuracy": 0.6, "macro avg": {"precision": 0.5625, "recall": 0.5416666666666667, "f1-score": 0.5238095238095238, "support": 30.0}, "weighted avg": {"precision": 0.575, "recall": 0.6, "f1-score": 0.5619047619047619, "support": 30.0}}