{"0": {"precision": 0.7272727272727273, "recall": 0.5714285714285714, "f1-score": 0.64, "support": 28.0}, "1": {"precision": 0.625, "recall": 0.7692307692307693, "f1-score": 0.6896551724137931, "support": 26.0}, "accuracy": 0.6666666666666666, "macro avg": {"precision": 0.6761363636363636, "recall": 0.6703296703296704, "f1-score": 0.6648275862068966, "support": 54.0}, "weighted avg": {"precision": 0.678030303030303, "recall": 0.6666666666666666, "f1-score": 0.6639080459770115, "support": 54.0}}