{"0": {"precision": 1.0, "recall": 0.5833333333333334, "f1-score": 0.7368421052631579, "support": 12.0}, "1": {"precision": 0.5454545454545454, "recall": 1.0, "f1-score": 0.7058823529411765, "support": 6.0}, "accuracy": 0.7222222222222222, "macro avg": {"precision": 0.7727272727272727, "recall": 0.7916666666666667, "f1-score": 0.7213622291021672, "support": 18.0}, "weighted avg": {"precision": 0.8484848484848485, "recall": 0.7222222222222222, "f1-score": 0.7265221878224973, "support": 18.0}}