{"best_estimator": "BernoulliNB()", "best_score": 0.5934248399140899, "test_score": 0.5313852394424421}