{"best_estimator": "BernoulliNB()", "best_score": 0.4959575489598923, "test_score": 0.6071428571428571}