{"0": {"precision": 0.5483870967741935, "recall": 0.6296296296296297, "f1-score": 0.5862068965517241, "support": 27.0}, "1": {"precision": 0.5238095238095238, "recall": 0.44, "f1-score": 0.4782608695652174, "support": 25.0}, "accuracy": 0.5384615384615384, "macro avg": {"precision": 0.5360983102918586, "recall": 0.5348148148148149, "f1-score": 0.5322338830584707, "support": 52.0}, "weighted avg": {"precision": 0.5365709559257946, "recall": 0.5384615384615384, "f1-score": 0.5343097681928266, "support": 52.0}}