{"0": {"precision": 0.7777777777777778, "recall": 0.5384615384615384, "f1-score": 0.6363636363636364, "support": 13.0}, "1": {"precision": 0.45454545454545453, "recall": 0.7142857142857143, "f1-score": 0.5555555555555556, "support": 7.0}, "accuracy": 0.6, "macro avg": {"precision": 0.6161616161616161, "recall": 0.6263736263736264, "f1-score": 0.595959595959596, "support": 20.0}, "weighted avg": {"precision": 0.6646464646464646, "recall": 0.6, "f1-score": 0.6080808080808081, "support": 20.0}}