{"best_estimator": "BernoulliNB()", "best_score": 0.5165299858037926, "test_score": 0.6080808080808081}