{"best_estimator": "BernoulliNB()", "best_score": 0.5571075192249075, "test_score": 0.6363636363636364}