{"0": {"precision": 0.5, "recall": 0.25, "f1-score": 0.3333333333333333, "support": 8.0}, "1": {"precision": 0.6666666666666666, "recall": 0.8571428571428571, "f1-score": 0.75, "support": 14.0}, "accuracy": 0.6363636363636364, "macro avg": {"precision": 0.5833333333333333, "recall": 0.5535714285714286, "f1-score": 0.5416666666666666, "support": 22.0}, "weighted avg": {"precision": 0.606060606060606, "recall": 0.6363636363636364, "f1-score": 0.5984848484848485, "support": 22.0}}