{"0": {"precision": 0.7619047619047619, "recall": 0.5714285714285714, "f1-score": 0.6530612244897959, "support": 28.0}, "1": {"precision": 0.6363636363636364, "recall": 0.8076923076923077, "f1-score": 0.711864406779661, "support": 26.0}, "accuracy": 0.6851851851851852, "macro avg": {"precision": 0.699134199134199, "recall": 0.6895604395604396, "f1-score": 0.6824628156347284, "support": 54.0}, "weighted avg": {"precision": 0.701459034792368, "recall": 0.6851851851851852, "f1-score": 0.6813738678145458, "support": 54.0}}