{"0": {"precision": 0.8305084745762712, "recall": 0.7205882352941176, "f1-score": 0.7716535433070866, "support": 68.0}, "1": {"precision": 0.45714285714285713, "recall": 0.6153846153846154, "f1-score": 0.5245901639344263, "support": 26.0}, "accuracy": 0.6914893617021277, "macro avg": {"precision": 0.6438256658595641, "recall": 0.6679864253393666, "f1-score": 0.6481218536207565, "support": 94.0}, "weighted avg": {"precision": 0.7272371335840504, "recall": 0.6914893617021277, "f1-score": 0.7033168639061381, "support": 94.0}}