{"best_estimator": "HistGradientBoostingClassifier(learning_rate=0.01)", "best_score": 0.7089340874439127, "test_score": 0.6984936831875608}