{"best_estimator": "HistGradientBoostingClassifier(learning_rate=0.01)", "best_score": 0.6400236592043862, "test_score": 0.6222222222222222}