{"best_estimator": "KNeighborsClassifier(weights='distance')", "best_score": 0.6538156403816295, "test_score": 0.6749999999999999}