{"0": {"precision": 0.5789473684210527, "recall": 0.4074074074074074, "f1-score": 0.4782608695652174, "support": 27.0}, "1": {"precision": 0.5151515151515151, "recall": 0.68, "f1-score": 0.5862068965517241, "support": 25.0}, "accuracy": 0.5384615384615384, "macro avg": {"precision": 0.5470494417862839, "recall": 0.5437037037037037, "f1-score": 0.5322338830584707, "support": 52.0}, "weighted avg": {"precision": 0.5482762851183904, "recall": 0.5384615384615384, "f1-score": 0.5301579979241148, "support": 52.0}}