{"best_estimator": "KNeighborsClassifier(n_neighbors=7, weights='distance')", "best_score": 0.6559344483522872, "test_score": 0.7690700104493208}