{"0": {"precision": 0.8113207547169812, "recall": 0.6323529411764706, "f1-score": 0.7107438016528925, "support": 68.0}, "1": {"precision": 0.3902439024390244, "recall": 0.6153846153846154, "f1-score": 0.47761194029850745, "support": 26.0}, "accuracy": 0.6276595744680851, "macro avg": {"precision": 0.6007823285780027, "recall": 0.623868778280543, "f1-score": 0.5941778709757, "support": 94.0}, "weighted avg": {"precision": 0.6948526891932909, "recall": 0.6276595744680851, "f1-score": 0.6462605208527434, "support": 94.0}}