{"0": {"precision": 0.847457627118644, "recall": 0.7352941176470589, "f1-score": 0.7874015748031497, "support": 68.0}, "1": {"precision": 0.4857142857142857, "recall": 0.6538461538461539, "f1-score": 0.5573770491803278, "support": 26.0}, "accuracy": 0.7127659574468085, "macro avg": {"precision": 0.6665859564164649, "recall": 0.6945701357466063, "f1-score": 0.6723893119917388, "support": 94.0}, "weighted avg": {"precision": 0.7474009582195662, "recall": 0.7127659574468085, "f1-score": 0.7237777698436457, "support": 94.0}}