{"best_estimator": "RandomForestClassifier(max_depth=6)", "best_score": 0.7135361692485629, "test_score": 0.6741916519694298}