{"0": {"precision": 0.7777777777777778, "recall": 0.5833333333333334, "f1-score": 0.6666666666666666, "support": 12.0}, "1": {"precision": 0.5, "recall": 0.7142857142857143, "f1-score": 0.5882352941176471, "support": 7.0}, "accuracy": 0.631578947368421, "macro avg": {"precision": 0.6388888888888888, "recall": 0.6488095238095238, "f1-score": 0.6274509803921569, "support": 19.0}, "weighted avg": {"precision": 0.6754385964912281, "recall": 0.631578947368421, "f1-score": 0.6377708978328173, "support": 19.0}}