{"0": {"precision": 0.7727272727272727, "recall": 0.6296296296296297, "f1-score": 0.6938775510204082, "support": 27.0}, "1": {"precision": 0.6666666666666666, "recall": 0.8, "f1-score": 0.7272727272727273, "support": 25.0}, "accuracy": 0.7115384615384616, "macro avg": {"precision": 0.7196969696969697, "recall": 0.7148148148148148, "f1-score": 0.7105751391465678, "support": 52.0}, "weighted avg": {"precision": 0.7217365967365967, "recall": 0.7115384615384616, "f1-score": 0.7099329242186385, "support": 52.0}}