{"0": {"precision": 0.625, "recall": 0.45454545454545453, "f1-score": 0.5263157894736842, "support": 22.0}, "1": {"precision": 0.6, "recall": 0.75, "f1-score": 0.6666666666666666, "support": 24.0}, "accuracy": 0.6086956521739131, "macro avg": {"precision": 0.6125, "recall": 0.6022727272727273, "f1-score": 0.5964912280701754, "support": 46.0}, "weighted avg": {"precision": 0.6119565217391304, "recall": 0.6086956521739131, "f1-score": 0.5995423340961098, "support": 46.0}}