{"best_estimator": "BernoulliNB()", "best_score": 0.6072614997798635, "test_score": 0.7301587301587301}