{"best_estimator": "BernoulliNB()", "best_score": 0.6314746615931478, "test_score": 0.40241909120627656}