{"0": {"precision": 0.8, "recall": 0.5517241379310345, "f1-score": 0.6530612244897959, "support": 29.0}, "1": {"precision": 0.4090909090909091, "recall": 0.6923076923076923, "f1-score": 0.5142857142857142, "support": 13.0}, "accuracy": 0.5952380952380952, "macro avg": {"precision": 0.6045454545454546, "recall": 0.6220159151193634, "f1-score": 0.583673469387755, "support": 42.0}, "weighted avg": {"precision": 0.6790043290043292, "recall": 0.5952380952380952, "f1-score": 0.6101068999028182, "support": 42.0}}