{"best_estimator": "KNeighborsClassifier(p=3, weights='distance')", "best_score": 0.7214743132731336, "test_score": 0.6560846560846562}