{"best_estimator": "KNeighborsClassifier(p=3, weights='distance')", "best_score": 0.725298797916081, "test_score": 0.5731815932706581}