{"best_estimator": "RandomForestClassifier(max_depth=6, n_estimators=150)", "best_score": 0.6625123989061052, "test_score": 0.7380453951458404}