{"best_estimator": "AdaBoostClassifier(algorithm='SAMME', learning_rate=0.05)", "best_score": 0.7253441117730627, "test_score": 0.5919799498746867}