{"best_estimator": "BernoulliNB()", "best_score": 0.612144434025062, "test_score": 0.56796875}