{"best_estimator": "BernoulliNB()", "best_score": 0.5942356756080729, "test_score": 0.5210957722174288}