{"best_estimator": "BernoulliNB()", "best_score": 0.6103769273826861, "test_score": 0.5192307692307693}