{"best_estimator": "BernoulliNB()", "best_score": 0.6045232581075679, "test_score": 0.5173688100517368}