{"0": {"precision": 0.6578947368421053, "recall": 0.8928571428571429, "f1-score": 0.7575757575757576, "support": 28.0}, "1": {"precision": 0.0, "recall": 0.0, "f1-score": 0.0, "support": 13.0}, "accuracy": 0.6097560975609756, "macro avg": {"precision": 0.32894736842105265, "recall": 0.44642857142857145, "f1-score": 0.3787878787878788, "support": 41.0}, "weighted avg": {"precision": 0.4492939666238768, "recall": 0.6097560975609756, "f1-score": 0.5173688100517368, "support": 41.0}}