{"0": {"precision": 0.7105263157894737, "recall": 0.9642857142857143, "f1-score": 0.8181818181818182, "support": 28.0}, "1": {"precision": 0.6666666666666666, "recall": 0.15384615384615385, "f1-score": 0.25, "support": 13.0}, "accuracy": 0.7073170731707317, "macro avg": {"precision": 0.6885964912280702, "recall": 0.5590659340659341, "f1-score": 0.5340909090909092, "support": 41.0}, "weighted avg": {"precision": 0.6966195977749252, "recall": 0.7073170731707317, "f1-score": 0.6380266075388027, "support": 41.0}}