{"best_estimator": "BernoulliNB()", "best_score": 0.5994029178698926, "test_score": 0.6296875}