{"best_estimator": "HistGradientBoostingClassifier()", "best_score": 0.7369043167353473, "test_score": 0.7220000000000001}