{"best_estimator": "HistGradientBoostingClassifier(learning_rate=0.05)", "best_score": 0.7255191939646879, "test_score": 0.6830721003134796}