{"best_estimator": "HistGradientBoostingClassifier(learning_rate=0.05)", "best_score": 0.7153649547961874, "test_score": 0.7780231065468549}