{"0": {"precision": 0.7058823529411765, "recall": 0.8888888888888888, "f1-score": 0.7868852459016393, "support": 27.0}, "1": {"precision": 0.5, "recall": 0.23076923076923078, "f1-score": 0.3157894736842105, "support": 13.0}, "accuracy": 0.675, "macro avg": {"precision": 0.6029411764705883, "recall": 0.5598290598290598, "f1-score": 0.551337359792925, "support": 40.0}, "weighted avg": {"precision": 0.6389705882352941, "recall": 0.675, "f1-score": 0.6337791199309749, "support": 40.0}}