{"best_estimator": "HistGradientBoostingClassifier(learning_rate=0.5)", "best_score": 0.7002702593679769, "test_score": 0.6337791199309749}