{"best_estimator": "HistGradientBoostingClassifier()", "best_score": 0.7190635945929917, "test_score": 0.8181922196796337}