{"best_estimator": "HistGradientBoostingClassifier(learning_rate=0.05)", "best_score": 0.7118673245255174, "test_score": 0.7358934169278997}