{"best_estimator": "KNeighborsClassifier(p=3)", "best_score": 0.7263140151807238, "test_score": 0.7541208791208791}