{"0": {"precision": 0.7241379310344828, "recall": 0.7777777777777778, "f1-score": 0.75, "support": 27.0}, "1": {"precision": 0.45454545454545453, "recall": 0.38461538461538464, "f1-score": 0.4166666666666667, "support": 13.0}, "accuracy": 0.65, "macro avg": {"precision": 0.5893416927899686, "recall": 0.5811965811965812, "f1-score": 0.5833333333333334, "support": 40.0}, "weighted avg": {"precision": 0.6365203761755487, "recall": 0.65, "f1-score": 0.6416666666666667, "support": 40.0}}