{"best_estimator": "KNeighborsClassifier(n_neighbors=7, p=3)", "best_score": 0.7359167730912191, "test_score": 0.6195876844545896}