{"best_estimator": "KNeighborsClassifier(p=3)", "best_score": 0.7130770491304651, "test_score": 0.6416666666666667}