{"best_estimator": "KNeighborsClassifier(n_neighbors=15, p=3, weights='distance')", "best_score": 0.7133375809367946, "test_score": 0.7887147335423197}