{"best_estimator": "RandomForestClassifier(criterion='entropy', n_estimators=200)", "best_score": 0.6557552699385287, "test_score": 0.7105734767025089}