{"0": {"precision": 0.7647058823529411, "recall": 0.9285714285714286, "f1-score": 0.8387096774193549, "support": 28.0}, "1": {"precision": 0.7142857142857143, "recall": 0.38461538461538464, "f1-score": 0.5, "support": 13.0}, "accuracy": 0.7560975609756098, "macro avg": {"precision": 0.7394957983193278, "recall": 0.6565934065934066, "f1-score": 0.6693548387096775, "support": 41.0}, "weighted avg": {"precision": 0.74871899979504, "recall": 0.7560975609756098, "f1-score": 0.7313139260424862, "support": 41.0}}