{"0": {"precision": 0.7105263157894737, "recall": 1.0, "f1-score": 0.8307692307692308, "support": 27.0}, "1": {"precision": 1.0, "recall": 0.15384615384615385, "f1-score": 0.26666666666666666, "support": 13.0}, "accuracy": 0.725, "macro avg": {"precision": 0.8552631578947368, "recall": 0.5769230769230769, "f1-score": 0.5487179487179488, "support": 40.0}, "weighted avg": {"precision": 0.8046052631578947, "recall": 0.725, "f1-score": 0.6474358974358975, "support": 40.0}}