{"0": {"precision": 0.7142857142857143, "recall": 0.7954545454545454, "f1-score": 0.7526881720430108, "support": 44.0}, "1": {"precision": 0.5, "recall": 0.391304347826087, "f1-score": 0.43902439024390244, "support": 23.0}, "accuracy": 0.6567164179104478, "macro avg": {"precision": 0.6071428571428572, "recall": 0.5933794466403162, "f1-score": 0.5958562811434566, "support": 67.0}, "weighted avg": {"precision": 0.6407249466950959, "recall": 0.6567164179104478, "f1-score": 0.6450125454552572, "support": 67.0}}