{"0": {"precision": 0.4523809523809524, "recall": 0.95, "f1-score": 0.6129032258064516, "support": 20.0}, "1": {"precision": 0.6666666666666666, "recall": 0.08, "f1-score": 0.14285714285714285, "support": 25.0}, "accuracy": 0.4666666666666667, "macro avg": {"precision": 0.5595238095238095, "recall": 0.515, "f1-score": 0.37788018433179726, "support": 45.0}, "weighted avg": {"precision": 0.5714285714285714, "recall": 0.4666666666666667, "f1-score": 0.35176651305683565, "support": 45.0}}