{"best_estimator": "BernoulliNB()", "best_score": 0.5320296966278355, "test_score": 0.4882558720639679}