{"best_estimator": "BernoulliNB()", "best_score": 0.4903112601825482, "test_score": 0.6450125454552572}