{"best_estimator": "HistGradientBoostingClassifier()", "best_score": 0.7030192997599027, "test_score": 0.7909538737124945}