{"best_estimator": "KNeighborsClassifier(p=1, weights='distance')", "best_score": 0.6576471903321136, "test_score": 0.6606935457109673}