{"best_estimator": "RandomForestClassifier(max_depth=2)", "best_score": 0.7345436881963023, "test_score": 0.6708333333333333}