{"best_estimator": "RandomForestClassifier(max_depth=3, n_estimators=200)", "best_score": 0.7422453448147183, "test_score": 0.7111111111111111}