{"0": {"precision": 1.0, "recall": 0.3684210526315789, "f1-score": 0.5384615384615384, "support": 19.0}, "1": {"precision": 0.52, "recall": 1.0, "f1-score": 0.6842105263157895, "support": 13.0}, "accuracy": 0.625, "macro avg": {"precision": 0.76, "recall": 0.6842105263157895, "f1-score": 0.611336032388664, "support": 32.0}, "weighted avg": {"precision": 0.8049999999999999, "recall": 0.625, "f1-score": 0.5976720647773279, "support": 32.0}}