{"best_estimator": "BernoulliNB()", "best_score": 0.5688728165772581, "test_score": 0.5899065209410038}