{"best_estimator": "BernoulliNB()", "best_score": 0.60305052182415, "test_score": 0.6279411764705882}