{"0": {"precision": 0.7142857142857143, "recall": 0.5, "f1-score": 0.5882352941176471, "support": 20.0}, "1": {"precision": 0.47368421052631576, "recall": 0.6923076923076923, "f1-score": 0.5625, "support": 13.0}, "accuracy": 0.5757575757575758, "macro avg": {"precision": 0.5939849624060151, "recall": 0.5961538461538461, "f1-score": 0.5753676470588236, "support": 33.0}, "weighted avg": {"precision": 0.61950330371383, "recall": 0.5757575757575758, "f1-score": 0.5780971479500892, "support": 33.0}}