{"best_estimator": "BernoulliNB()", "best_score": 0.5820427903931338, "test_score": 0.4635627530364373}