{"best_estimator": "BernoulliNB()", "best_score": 0.5156641267108126, "test_score": 0.4191666666666667}