{"best_estimator": "BernoulliNB()", "best_score": 0.5827045783200667, "test_score": 0.5780971479500892}