{"best_estimator": "HistGradientBoostingClassifier(learning_rate=0.001)", "best_score": 0.6917922891135975, "test_score": 0.6915584415584415}