{"best_estimator": "HistGradientBoostingClassifier(learning_rate=0.05)", "best_score": 0.650019779934695, "test_score": 0.6579301075268817}