{"best_estimator": "KNeighborsClassifier(n_neighbors=20, p=3, weights='distance')", "best_score": 0.6321913797481692, "test_score": 0.7557932263814617}