{"best_estimator": "KNeighborsClassifier(n_neighbors=20, p=3, weights='distance')", "best_score": 0.6420785691144683, "test_score": 0.6947415329768272}