{"0": {"precision": 0.64, "recall": 0.8421052631578947, "f1-score": 0.7272727272727273, "support": 19.0}, "1": {"precision": 0.5714285714285714, "recall": 0.3076923076923077, "f1-score": 0.4, "support": 13.0}, "accuracy": 0.625, "macro avg": {"precision": 0.6057142857142856, "recall": 0.5748987854251012, "f1-score": 0.5636363636363637, "support": 32.0}, "weighted avg": {"precision": 0.6121428571428571, "recall": 0.625, "f1-score": 0.5943181818181819, "support": 32.0}}