{"best_estimator": "RandomForestClassifier(criterion='entropy')", "best_score": 0.5298084063375963, "test_score": 0.7796794871794872}