{"best_estimator": "HistGradientBoostingClassifier()", "best_score": 0.5474881139769084, "test_score": 0.5299120234604107}