{"best_estimator": "HistGradientBoostingClassifier(learning_rate=0.5)", "best_score": 0.5247787088584779, "test_score": 0.6036199095022624}