{"best_estimator": "KNeighborsClassifier(p=1, weights='distance')", "best_score": 0.4427520472822343, "test_score": 0.541454442558008}