{"best_estimator": "KNeighborsClassifier(n_neighbors=25, p=3, weights='distance')", "best_score": 0.45271353500547445, "test_score": 0.5833653007846556}