{"best_estimator": "KNeighborsClassifier(n_neighbors=25, weights='distance')", "best_score": 0.48391423131472866, "test_score": 0.5483870967741935}