{"0": {"precision": 0.8, "recall": 0.42105263157894735, "f1-score": 0.5517241379310345, "support": 19.0}, "1": {"precision": 0.47619047619047616, "recall": 0.8333333333333334, "f1-score": 0.6060606060606061, "support": 12.0}, "accuracy": 0.5806451612903226, "macro avg": {"precision": 0.638095238095238, "recall": 0.6271929824561404, "f1-score": 0.5788923719958203, "support": 31.0}, "weighted avg": {"precision": 0.6746543778801843, "recall": 0.5806451612903226, "f1-score": 0.5727576094650622, "support": 31.0}}