{"best_estimator": "KNeighborsClassifier(p=1, weights='distance')", "best_score": 0.38269801240104895, "test_score": 0.5727576094650622}