{"best_estimator": "RandomForestClassifier(max_depth=2)", "best_score": 0.5063590825890558, "test_score": 0.3909394276468804}