{"best_estimator": "RandomForestClassifier(n_estimators=400)", "best_score": 0.5179231572345467, "test_score": 0.5483870967741935}