{"best_estimator": "RandomForestClassifier(criterion='entropy')", "best_score": 0.4809522502105902, "test_score": 0.48059383266869354}