{"0": {"precision": 0.8070175438596491, "recall": 0.6666666666666666, "f1-score": 0.7301587301587301, "support": 69.0}, "1": {"precision": 0.39473684210526316, "recall": 0.5769230769230769, "f1-score": 0.46875, "support": 26.0}, "accuracy": 0.6421052631578947, "macro avg": {"precision": 0.6008771929824561, "recall": 0.6217948717948718, "f1-score": 0.5994543650793651, "support": 95.0}, "weighted avg": {"precision": 0.6941828254847645, "recall": 0.6421052631578947, "f1-score": 0.6586152882205514, "support": 95.0}}