{"best_estimator": "BernoulliNB()", "best_score": 0.3959914768193893, "test_score": 0.312962962962963}