{"best_estimator": "HistGradientBoostingClassifier()", "best_score": 0.6026003182227564, "test_score": 0.6629732225300092}