{"0": {"precision": 0.796875, "recall": 0.7391304347826086, "f1-score": 0.7669172932330827, "support": 69.0}, "1": {"precision": 0.41935483870967744, "recall": 0.5, "f1-score": 0.45614035087719296, "support": 26.0}, "accuracy": 0.6736842105263158, "macro avg": {"precision": 0.6081149193548387, "recall": 0.6195652173913043, "f1-score": 0.6115288220551378, "support": 95.0}, "weighted avg": {"precision": 0.6935536926994907, "recall": 0.6736842105263158, "f1-score": 0.6818625511146286, "support": 95.0}}