{"best_estimator": "KNeighborsClassifier(weights='distance')", "best_score": 0.5186172653868614, "test_score": 0.557504873294347}