{"0": {"precision": 0.6923076923076923, "recall": 0.75, "f1-score": 0.72, "support": 12.0}, "1": {"precision": 0.5, "recall": 0.42857142857142855, "f1-score": 0.46153846153846156, "support": 7.0}, "accuracy": 0.631578947368421, "macro avg": {"precision": 0.5961538461538461, "recall": 0.5892857142857143, "f1-score": 0.5907692307692307, "support": 19.0}, "weighted avg": {"precision": 0.6214574898785424, "recall": 0.631578947368421, "f1-score": 0.6247773279352227, "support": 19.0}}