{"best_estimator": "KNeighborsClassifier(p=3, weights='distance')", "best_score": 0.4908407422878575, "test_score": 0.6247773279352227}