{"0": {"precision": 0.6086956521739131, "recall": 0.4375, "f1-score": 0.509090909090909, "support": 32.0}, "1": {"precision": 0.47058823529411764, "recall": 0.64, "f1-score": 0.5423728813559322, "support": 25.0}, "accuracy": 0.5263157894736842, "macro avg": {"precision": 0.5396419437340154, "recall": 0.5387500000000001, "f1-score": 0.5257318952234207, "support": 57.0}, "weighted avg": {"precision": 0.5481222237178625, "recall": 0.5263157894736842, "f1-score": 0.5236882653474981, "support": 57.0}}