{"best_estimator": "KNeighborsClassifier(p=3, weights='distance')", "best_score": 0.4853771815504941, "test_score": 0.6988636363636364}