{"0": {"precision": 0.6428571428571429, "recall": 0.6, "f1-score": 0.6206896551724138, "support": 15.0}, "1": {"precision": 0.14285714285714285, "recall": 0.16666666666666666, "f1-score": 0.15384615384615385, "support": 6.0}, "accuracy": 0.47619047619047616, "macro avg": {"precision": 0.3928571428571429, "recall": 0.3833333333333333, "f1-score": 0.38726790450928383, "support": 21.0}, "weighted avg": {"precision": 0.5000000000000001, "recall": 0.47619047619047616, "f1-score": 0.4873057976506252, "support": 21.0}}