{"0": {"precision": 0.5897435897435898, "recall": 0.6764705882352942, "f1-score": 0.6301369863013698, "support": 34.0}, "1": {"precision": 0.3888888888888889, "recall": 0.30434782608695654, "f1-score": 0.34146341463414637, "support": 23.0}, "accuracy": 0.5263157894736842, "macro avg": {"precision": 0.48931623931623935, "recall": 0.49040920716112535, "f1-score": 0.48580020046775807, "support": 57.0}, "weighted avg": {"precision": 0.5086969560653771, "recall": 0.5263157894736842, "f1-score": 0.5136546679093323, "support": 57.0}}