{"0": {"precision": 0.7222222222222222, "recall": 1.0, "f1-score": 0.8387096774193549, "support": 13.0}, "1": {"precision": 1.0, "recall": 0.2857142857142857, "f1-score": 0.4444444444444444, "support": 7.0}, "accuracy": 0.75, "macro avg": {"precision": 0.8611111111111112, "recall": 0.6428571428571428, "f1-score": 0.6415770609318996, "support": 20.0}, "weighted avg": {"precision": 0.8194444444444444, "recall": 0.75, "f1-score": 0.7007168458781362, "support": 20.0}}