{"0": {"precision": 1.0, "recall": 0.875, "f1-score": 0.9333333333333333, "support": 8.0}, "1": {"precision": 0.9333333333333333, "recall": 1.0, "f1-score": 0.9655172413793104, "support": 14.0}, "accuracy": 0.9545454545454546, "macro avg": {"precision": 0.9666666666666667, "recall": 0.9375, "f1-score": 0.9494252873563218, "support": 22.0}, "weighted avg": {"precision": 0.9575757575757575, "recall": 0.9545454545454546, "f1-score": 0.9538140020898641, "support": 22.0}}