{"best_estimator": "RandomForestClassifier(criterion='log_loss', n_estimators=400)", "best_score": 0.5734709048389781, "test_score": 0.5705931495405179}