{"best_estimator": "RandomForestClassifier(criterion='log_loss', n_estimators=150)", "best_score": 0.5723063211662975, "test_score": 0.5610002016535591}