{"precision": 0.6222515511574479, "recall": 0.5414811544864615, "f1": 0.5130582314425637}