{"best_estimator": "BernoulliNB()", "best_score": 0.5081373692504633, "test_score": 0.6050911592707258}