{"best_estimator": "BernoulliNB()", "best_score": 0.5414917289599624, "test_score": 0.5714285714285714}