{"best_estimator": "BernoulliNB()", "best_score": 0.5281066177499125, "test_score": 0.4882558720639679}