{"0": {"precision": 0.65, "recall": 0.6842105263157895, "f1-score": 0.6666666666666666, "support": 19.0}, "1": {"precision": 0.7391304347826086, "recall": 0.7083333333333334, "f1-score": 0.723404255319149, "support": 24.0}, "accuracy": 0.6976744186046512, "macro avg": {"precision": 0.6945652173913044, "recall": 0.6962719298245614, "f1-score": 0.6950354609929078, "support": 43.0}, "weighted avg": {"precision": 0.6997472194135491, "recall": 0.6976744186046512, "f1-score": 0.698334158007587, "support": 43.0}}