{"best_estimator": "HistGradientBoostingClassifier()", "best_score": 0.7084224906579107, "test_score": 0.7111111111111111}