{"best_estimator": "HistGradientBoostingClassifier(learning_rate=0.01)", "best_score": 0.7744635387183181, "test_score": 0.6527777777777778}