{"best_estimator": "KNeighborsClassifier(p=3, weights='distance')", "best_score": 0.701421187815498, "test_score": 0.8902777777777777}