{"0": {"precision": 0.6818181818181818, "recall": 0.75, "f1-score": 0.7142857142857143, "support": 20.0}, "1": {"precision": 0.782608695652174, "recall": 0.72, "f1-score": 0.75, "support": 25.0}, "accuracy": 0.7333333333333333, "macro avg": {"precision": 0.7322134387351779, "recall": 0.735, "f1-score": 0.7321428571428572, "support": 45.0}, "weighted avg": {"precision": 0.7378129117259552, "recall": 0.7333333333333333, "f1-score": 0.7341269841269841, "support": 45.0}}