{"best_estimator": "RandomForestClassifier(criterion='log_loss', n_estimators=400)", "best_score": 0.7606707429326367, "test_score": 0.9435154217762913}