{"best_estimator": "RandomForestClassifier(max_depth=2)", "best_score": 0.7712243524083955, "test_score": 0.8678571428571428}