{"best_estimator": "BernoulliNB()", "best_score": 0.5554081190286123, "test_score": 0.5713667508113957}