{"best_estimator": "BernoulliNB()", "best_score": 0.5270442245761232, "test_score": 0.6515837104072398}