{"best_estimator": "BernoulliNB()", "best_score": 0.5948583812924555, "test_score": 0.533373603141045}