{"best_estimator": "BernoulliNB()", "best_score": 0.578360372564102, "test_score": 0.6131669925289068}