{"0": {"precision": 0.7307692307692307, "recall": 0.5757575757575758, "f1-score": 0.6440677966101694, "support": 33.0}, "1": {"precision": 0.3333333333333333, "recall": 0.5, "f1-score": 0.4, "support": 14.0}, "accuracy": 0.5531914893617021, "macro avg": {"precision": 0.532051282051282, "recall": 0.5378787878787878, "f1-score": 0.5220338983050847, "support": 47.0}, "weighted avg": {"precision": 0.6123840698308782, "recall": 0.5531914893617021, "f1-score": 0.5713667508113957, "support": 47.0}}