{"best_estimator": "HistGradientBoostingClassifier(learning_rate=0.5)", "best_score": 0.5630091874457247, "test_score": 0.8678571428571428}