{"best_estimator": "HistGradientBoostingClassifier()", "best_score": 0.5876704773873438, "test_score": 0.4192428896246361}