{"best_estimator": "HistGradientBoostingClassifier(learning_rate=0.01)", "best_score": 0.6221582213915569, "test_score": 0.5833172613307618}