{"best_estimator": "HistGradientBoostingClassifier()", "best_score": 0.5596646605987162, "test_score": 0.6286032944406315}