{"best_estimator": "HistGradientBoostingClassifier(learning_rate=0.5)", "best_score": 0.5852787583954889, "test_score": 0.4074074074074074}