{"best_estimator": "KNeighborsClassifier(n_neighbors=10, p=3, weights='distance')", "best_score": 0.5708476546942762, "test_score": 0.6666666666666666}