{"0": {"precision": 0.45454545454545453, "recall": 0.5263157894736842, "f1-score": 0.4878048780487805, "support": 19.0}, "1": {"precision": 0.5714285714285714, "recall": 0.5, "f1-score": 0.5333333333333333, "support": 24.0}, "accuracy": 0.5116279069767442, "macro avg": {"precision": 0.512987012987013, "recall": 0.513157894736842, "f1-score": 0.5105691056910568, "support": 43.0}, "weighted avg": {"precision": 0.5197825430383569, "recall": 0.5116279069767442, "f1-score": 0.5132161089052751, "support": 43.0}}