{"0": {"precision": 0.5, "recall": 0.6363636363636364, "f1-score": 0.56, "support": 11.0}, "1": {"precision": 0.0, "recall": 0.0, "f1-score": 0.0, "support": 7.0}, "accuracy": 0.3888888888888889, "macro avg": {"precision": 0.25, "recall": 0.3181818181818182, "f1-score": 0.28, "support": 18.0}, "weighted avg": {"precision": 0.3055555555555556, "recall": 0.3888888888888889, "f1-score": 0.3422222222222222, "support": 18.0}}