{"0": {"precision": 0.7916666666666666, "recall": 0.4222222222222222, "f1-score": 0.5507246376811594, "support": 45.0}, "1": {"precision": 0.4090909090909091, "recall": 0.782608695652174, "f1-score": 0.5373134328358209, "support": 23.0}, "accuracy": 0.5441176470588235, "macro avg": {"precision": 0.6003787878787878, "recall": 0.6024154589371981, "f1-score": 0.5440190352584902, "support": 68.0}, "weighted avg": {"precision": 0.6622660427807486, "recall": 0.5441176470588235, "f1-score": 0.5461884948658244, "support": 68.0}}