{"best_estimator": "RandomForestClassifier(criterion='entropy', n_estimators=150)", "best_score": 0.6554517443136854, "test_score": 0.5115308864763125}