{"best_estimator": "RandomForestClassifier(n_estimators=150)", "best_score": 0.646768817823568, "test_score": 0.4701853344077357}