{"0": {"precision": 0.64, "recall": 0.6153846153846154, "f1-score": 0.6274509803921569, "support": 26.0}, "1": {"precision": 0.5454545454545454, "recall": 0.5714285714285714, "f1-score": 0.5581395348837209, "support": 21.0}, "accuracy": 0.5957446808510638, "macro avg": {"precision": 0.5927272727272728, "recall": 0.5934065934065934, "f1-score": 0.5927952576379389, "support": 47.0}, "weighted avg": {"precision": 0.5977562862669246, "recall": 0.5957446808510638, "f1-score": 0.5964820366543451, "support": 47.0}}