{"best_estimator": "RandomForestClassifier(n_estimators=200)", "best_score": 0.6400178668001035, "test_score": 0.4761904761904762}