{"best_estimator": "BernoulliNB()", "best_score": 0.6208806017398898, "test_score": 0.5345217883418224}