{"best_estimator": "BernoulliNB()", "best_score": 0.5962715867259478, "test_score": 0.657624633431085}