{"best_estimator": "BernoulliNB()", "best_score": 0.5440445189524142, "test_score": 0.794574780058651}