{"best_estimator": "HistGradientBoostingClassifier(learning_rate=0.01)", "best_score": 0.7002880451408849, "test_score": 0.7653333333333333}