{"best_estimator": "HistGradientBoostingClassifier(learning_rate=0.01)", "best_score": 0.6890011597713103, "test_score": 0.8064516129032258}