{"best_estimator": "KNeighborsClassifier(n_neighbors=15, p=1, weights='distance')", "best_score": 0.7330310753802648, "test_score": 0.6754032258064516}