{"best_estimator": "RandomForestClassifier(max_depth=2, n_estimators=150)", "best_score": 0.7575715624117741, "test_score": 0.710284154110628}