{"0": {"precision": 0.9090909090909091, "recall": 0.5882352941176471, "f1-score": 0.7142857142857143, "support": 17.0}, "1": {"precision": 0.631578947368421, "recall": 0.9230769230769231, "f1-score": 0.75, "support": 13.0}, "accuracy": 0.7333333333333333, "macro avg": {"precision": 0.770334928229665, "recall": 0.755656108597285, "f1-score": 0.7321428571428572, "support": 30.0}, "weighted avg": {"precision": 0.7888357256778309, "recall": 0.7333333333333333, "f1-score": 0.7297619047619047, "support": 30.0}}