{"precision": 0.6545427482887294, "recall": 0.6150956797155627, "f1": 0.6093511727388701}