{"best_estimator": "BernoulliNB()", "best_score": 0.5132471229956274, "test_score": 0.5147727272727273}