{"best_estimator": "BernoulliNB()", "best_score": 0.4154761904761905, "test_score": 0.2347222222222222}