{"best_estimator": "HistGradientBoostingClassifier()", "best_score": 0.5688750304800128, "test_score": 0.6279761904761905}