{"best_estimator": "HistGradientBoostingClassifier()", "best_score": 0.5857573333789947, "test_score": 0.6204453441295547}