{"0": {"precision": 0.7333333333333333, "recall": 0.5789473684210527, "f1-score": 0.6470588235294118, "support": 19.0}, "1": {"precision": 0.5555555555555556, "recall": 0.7142857142857143, "f1-score": 0.625, "support": 14.0}, "accuracy": 0.6363636363636364, "macro avg": {"precision": 0.6444444444444444, "recall": 0.6466165413533835, "f1-score": 0.6360294117647058, "support": 33.0}, "weighted avg": {"precision": 0.6579124579124578, "recall": 0.6363636363636364, "f1-score": 0.6377005347593584, "support": 33.0}}