{"best_estimator": "HistGradientBoostingClassifier()", "best_score": 0.5790548553994003, "test_score": 0.7801551551551551}