{"0": {"precision": 0.7619047619047619, "recall": 0.8421052631578947, "f1-score": 0.8, "support": 19.0}, "1": {"precision": 0.75, "recall": 0.6428571428571429, "f1-score": 0.6923076923076923, "support": 14.0}, "accuracy": 0.7575757575757576, "macro avg": {"precision": 0.7559523809523809, "recall": 0.7424812030075187, "f1-score": 0.7461538461538462, "support": 33.0}, "weighted avg": {"precision": 0.7568542568542568, "recall": 0.7575757575757576, "f1-score": 0.7543123543123543, "support": 33.0}}