{"best_estimator": "HistGradientBoostingClassifier()", "best_score": 0.550367696736252, "test_score": 0.788669547290237}