{"best_estimator": "KNeighborsClassifier(p=3, weights='distance')", "best_score": 0.5156255073822645, "test_score": 0.5479166666666667}