{"0": {"precision": 0.625, "recall": 0.5263157894736842, "f1-score": 0.5714285714285714, "support": 19.0}, "1": {"precision": 0.47058823529411764, "recall": 0.5714285714285714, "f1-score": 0.5161290322580645, "support": 14.0}, "accuracy": 0.5454545454545454, "macro avg": {"precision": 0.5477941176470589, "recall": 0.5488721804511278, "f1-score": 0.543778801843318, "support": 33.0}, "weighted avg": {"precision": 0.5594919786096256, "recall": 0.5454545454545454, "f1-score": 0.5479681608713866, "support": 33.0}}