{"best_estimator": "KNeighborsClassifier(p=3, weights='distance')", "best_score": 0.5078836492162389, "test_score": 0.6986531986531986}