{"best_estimator": "KNeighborsClassifier(p=3, weights='distance')", "best_score": 0.5423154571286519, "test_score": 0.6187499999999999}