{"0": {"precision": 0.7857142857142857, "recall": 0.6111111111111112, "f1-score": 0.6875, "support": 18.0}, "1": {"precision": 0.6111111111111112, "recall": 0.7857142857142857, "f1-score": 0.6875, "support": 14.0}, "accuracy": 0.6875, "macro avg": {"precision": 0.6984126984126984, "recall": 0.6984126984126984, "f1-score": 0.6875, "support": 32.0}, "weighted avg": {"precision": 0.7093253968253969, "recall": 0.6875, "f1-score": 0.6875, "support": 32.0}}