{"best_estimator": "KNeighborsClassifier(weights='distance')", "best_score": 0.5237298987403538, "test_score": 0.7831896551724138}