{"best_estimator": "RandomForestClassifier(criterion='log_loss')", "best_score": 0.5869178496633402, "test_score": 0.6087662337662337}