{"best_estimator": "RandomForestClassifier(criterion='entropy')", "best_score": 0.6060846547392764, "test_score": 0.6837044534412955}