{"0": {"precision": 0.8, "recall": 0.631578947368421, "f1-score": 0.7058823529411765, "support": 19.0}, "1": {"precision": 0.6111111111111112, "recall": 0.7857142857142857, "f1-score": 0.6875, "support": 14.0}, "accuracy": 0.696969696969697, "macro avg": {"precision": 0.7055555555555556, "recall": 0.7086466165413534, "f1-score": 0.6966911764705883, "support": 33.0}, "weighted avg": {"precision": 0.71986531986532, "recall": 0.696969696969697, "f1-score": 0.6980837789661319, "support": 33.0}}