{"best_estimator": "RandomForestClassifier(criterion='log_loss', n_estimators=150)", "best_score": 0.6148222325264928, "test_score": 0.6075291592532972}