{"best_estimator": "BernoulliNB()", "best_score": 0.5983050422053664, "test_score": 0.5923252017566045}