{"best_estimator": "BernoulliNB()", "best_score": 0.6217748048405114, "test_score": 0.6666666666666666}