{"0": {"precision": 0.9090909090909091, "recall": 0.37037037037037035, "f1-score": 0.5263157894736842, "support": 27.0}, "1": {"precision": 0.5, "recall": 0.9444444444444444, "f1-score": 0.6538461538461539, "support": 18.0}, "accuracy": 0.6, "macro avg": {"precision": 0.7045454545454546, "recall": 0.6574074074074074, "f1-score": 0.590080971659919, "support": 45.0}, "weighted avg": {"precision": 0.7454545454545455, "recall": 0.6, "f1-score": 0.577327935222672, "support": 45.0}}