{"0": {"precision": 0.8076923076923077, "recall": 0.44680851063829785, "f1-score": 0.5753424657534246, "support": 47.0}, "1": {"precision": 0.36585365853658536, "recall": 0.75, "f1-score": 0.4918032786885246, "support": 20.0}, "accuracy": 0.5373134328358209, "macro avg": {"precision": 0.5867729831144466, "recall": 0.5984042553191489, "f1-score": 0.5335728722209746, "support": 67.0}, "weighted avg": {"precision": 0.6758001736159727, "recall": 0.5373134328358209, "f1-score": 0.5504053949877828, "support": 67.0}}