{"best_estimator": "BernoulliNB()", "best_score": 0.6194463609227041, "test_score": 0.5581395348837209}