{"0": {"precision": 0.8666666666666667, "recall": 0.5909090909090909, "f1-score": 0.7027027027027027, "support": 22.0}, "1": {"precision": 0.7096774193548387, "recall": 0.9166666666666666, "f1-score": 0.8, "support": 24.0}, "accuracy": 0.7608695652173914, "macro avg": {"precision": 0.7881720430107527, "recall": 0.7537878787878788, "f1-score": 0.7513513513513514, "support": 46.0}, "weighted avg": {"precision": 0.7847592332865824, "recall": 0.7608695652173914, "f1-score": 0.7534665099882492, "support": 46.0}}