{"best_estimator": "HistGradientBoostingClassifier()", "best_score": 0.6599315136498195, "test_score": 0.5422647527910686}