{"0": {"precision": 0.7777777777777778, "recall": 0.84, "f1-score": 0.8076923076923077, "support": 25.0}, "1": {"precision": 0.75, "recall": 0.6666666666666666, "f1-score": 0.7058823529411765, "support": 18.0}, "accuracy": 0.7674418604651163, "macro avg": {"precision": 0.7638888888888888, "recall": 0.7533333333333333, "f1-score": 0.7567873303167421, "support": 43.0}, "weighted avg": {"precision": 0.7661498708010336, "recall": 0.7674418604651163, "f1-score": 0.7650741870988109, "support": 43.0}}