{"best_estimator": "KNeighborsClassifier(weights='distance')", "best_score": 0.6484902111741822, "test_score": 0.7426843269580803}