{"best_estimator": "KNeighborsClassifier(n_neighbors=20, p=3)", "best_score": 0.6897700300398049, "test_score": 0.6012121212121212}