{"0": {"precision": 0.8181818181818182, "recall": 0.3333333333333333, "f1-score": 0.47368421052631576, "support": 27.0}, "1": {"precision": 0.47058823529411764, "recall": 0.8888888888888888, "f1-score": 0.6153846153846154, "support": 18.0}, "accuracy": 0.5555555555555556, "macro avg": {"precision": 0.6443850267379679, "recall": 0.611111111111111, "f1-score": 0.5445344129554656, "support": 45.0}, "weighted avg": {"precision": 0.679144385026738, "recall": 0.5555555555555556, "f1-score": 0.5303643724696355, "support": 45.0}}