{"best_estimator": "RandomForestClassifier(criterion='entropy')", "best_score": 0.6770777248883898, "test_score": 0.5815987933634992}