{"best_estimator": "RandomForestClassifier(criterion='entropy', n_estimators=300)", "best_score": 0.6662660680545776, "test_score": 0.7053552115200395}