{"0": {"precision": 0.7307692307692307, "recall": 0.76, "f1-score": 0.7450980392156863, "support": 25.0}, "1": {"precision": 0.6470588235294118, "recall": 0.6111111111111112, "f1-score": 0.6285714285714286, "support": 18.0}, "accuracy": 0.6976744186046512, "macro avg": {"precision": 0.6889140271493213, "recall": 0.6855555555555556, "f1-score": 0.6868347338935574, "support": 43.0}, "weighted avg": {"precision": 0.6957276649479112, "recall": 0.6976744186046512, "f1-score": 0.6963194580157644, "support": 43.0}}