{"best_estimator": "RandomForestClassifier(criterion='entropy')", "best_score": 0.6290547701704263, "test_score": 0.651589789520824}