{"precision": 0.7802131938036657, "recall": 0.7154233667889262, "f1": 0.7229665117573868}