{"0": {"precision": 0.8275862068965517, "recall": 0.8888888888888888, "f1-score": 0.8571428571428571, "support": 27.0}, "1": {"precision": 0.7, "recall": 0.5833333333333334, "f1-score": 0.6363636363636364, "support": 12.0}, "accuracy": 0.7948717948717948, "macro avg": {"precision": 0.7637931034482759, "recall": 0.7361111111111112, "f1-score": 0.7467532467532467, "support": 39.0}, "weighted avg": {"precision": 0.7883289124668434, "recall": 0.7948717948717948, "f1-score": 0.7892107892107892, "support": 39.0}}