{"0": {"precision": 0.76, "recall": 0.7037037037037037, "f1-score": 0.7307692307692307, "support": 27.0}, "1": {"precision": 0.42857142857142855, "recall": 0.5, "f1-score": 0.46153846153846156, "support": 12.0}, "accuracy": 0.6410256410256411, "macro avg": {"precision": 0.5942857142857143, "recall": 0.6018518518518519, "f1-score": 0.5961538461538461, "support": 39.0}, "weighted avg": {"precision": 0.658021978021978, "recall": 0.6410256410256411, "f1-score": 0.6479289940828402, "support": 39.0}}