{"best_estimator": "BernoulliNB()", "best_score": 0.605593347132741, "test_score": 0.7518796992481201}