{"best_estimator": "BernoulliNB()", "best_score": 0.6262886539384032, "test_score": 0.5419479267116682}