{"best_estimator": "BernoulliNB()", "best_score": 0.6324916048993486, "test_score": 0.531328320802005}