{"best_estimator": "HistGradientBoostingClassifier()", "best_score": 0.6979626942565614, "test_score": 0.8176676986584108}