{"best_estimator": "HistGradientBoostingClassifier()", "best_score": 0.7491875180964234, "test_score": 0.8176676986584108}