{"0": {"precision": 0.88, "recall": 0.8461538461538461, "f1-score": 0.8627450980392157, "support": 26.0}, "1": {"precision": 0.6923076923076923, "recall": 0.75, "f1-score": 0.72, "support": 12.0}, "accuracy": 0.8157894736842105, "macro avg": {"precision": 0.7861538461538462, "recall": 0.7980769230769231, "f1-score": 0.7913725490196079, "support": 38.0}, "weighted avg": {"precision": 0.8207287449392712, "recall": 0.8157894736842105, "f1-score": 0.8176676986584108, "support": 38.0}}