{"0": {"precision": 1.0, "recall": 0.8888888888888888, "f1-score": 0.9411764705882353, "support": 27.0}, "1": {"precision": 0.8, "recall": 1.0, "f1-score": 0.8888888888888888, "support": 12.0}, "accuracy": 0.9230769230769231, "macro avg": {"precision": 0.9, "recall": 0.9444444444444444, "f1-score": 0.9150326797385621, "support": 39.0}, "weighted avg": {"precision": 0.9384615384615385, "recall": 0.9230769230769231, "f1-score": 0.9250879839115134, "support": 39.0}}