{"best_estimator": "HistGradientBoostingClassifier(learning_rate=0.5)", "best_score": 0.7345192247734984, "test_score": 0.8182426269382791}