{"best_estimator": "HistGradientBoostingClassifier(learning_rate=0.05)", "best_score": 0.7295529832730226, "test_score": 0.6753812636165577}