{"best_estimator": "HistGradientBoostingClassifier(learning_rate=0.5)", "best_score": 0.7261696665583522, "test_score": 0.9250879839115134}