{"best_estimator": "KNeighborsClassifier(p=1, weights='distance')", "best_score": 0.7088763964365571, "test_score": 0.670188679245283}