{"best_estimator": "RandomForestClassifier(criterion='entropy', n_estimators=150)", "best_score": 0.751610080115148, "test_score": 0.6624505928853756}