{"0": {"precision": 0.8125, "recall": 1.0, "f1-score": 0.896551724137931, "support": 26.0}, "1": {"precision": 1.0, "recall": 0.5384615384615384, "f1-score": 0.7, "support": 13.0}, "accuracy": 0.8461538461538461, "macro avg": {"precision": 0.90625, "recall": 0.7692307692307692, "f1-score": 0.7982758620689655, "support": 39.0}, "weighted avg": {"precision": 0.875, "recall": 0.8461538461538461, "f1-score": 0.8310344827586207, "support": 39.0}}