{"best_estimator": "RandomForestClassifier(criterion='log_loss')", "best_score": 0.7338332853983175, "test_score": 0.7996306555863342}