{"best_estimator": "BernoulliNB()", "best_score": 0.5570413472432049, "test_score": 0.6708211143695015}