{"best_estimator": "BernoulliNB()", "best_score": 0.5375381205076206, "test_score": 0.4563464235624123}