{"best_estimator": "BernoulliNB()", "best_score": 0.523539767707301, "test_score": 0.5483870967741935}