{"best_estimator": "HistGradientBoostingClassifier(learning_rate=0.05)", "best_score": 0.6949533681706868, "test_score": 0.6153225806451613}