{"best_estimator": "HistGradientBoostingClassifier(learning_rate=0.05)", "best_score": 0.675997524145336, "test_score": 0.6774193548387096}