{"best_estimator": "HistGradientBoostingClassifier()", "best_score": 0.6273946102692196, "test_score": 0.5498479883128676}