{"best_estimator": "KNeighborsClassifier(n_neighbors=15, p=3)", "best_score": 0.6473403300183449, "test_score": 0.7419354838709677}