{"best_estimator": "KNeighborsClassifier(n_neighbors=25, p=1)", "best_score": 0.6391052417693006, "test_score": 0.7419354838709677}