{"best_estimator": "KNeighborsClassifier(n_neighbors=25, p=1)", "best_score": 0.6798173657842876, "test_score": 0.6419966195562269}