{"best_estimator": "KNeighborsClassifier(p=3)", "best_score": 0.6727764949106653, "test_score": 0.5118135721221276}