{"best_estimator": "RandomForestClassifier(max_depth=6)", "best_score": 0.6435281718445063, "test_score": 0.549789621318373}