{"0": {"precision": 0.5925925925925926, "recall": 0.8421052631578947, "f1-score": 0.6956521739130435, "support": 19.0}, "1": {"precision": 0.25, "recall": 0.08333333333333333, "f1-score": 0.125, "support": 12.0}, "accuracy": 0.5483870967741935, "macro avg": {"precision": 0.4212962962962963, "recall": 0.46271929824561403, "f1-score": 0.41032608695652173, "support": 31.0}, "weighted avg": {"precision": 0.45997610513739545, "recall": 0.5483870967741935, "f1-score": 0.4747545582047686, "support": 31.0}}