{"best_estimator": "RandomForestClassifier(criterion='entropy', n_estimators=300)", "best_score": 0.6749002526536774, "test_score": 0.7070881432732766}