{"0": {"precision": 0.7209302325581395, "recall": 0.96875, "f1-score": 0.8266666666666667, "support": 32.0}, "1": {"precision": 0.75, "recall": 0.2, "f1-score": 0.3157894736842105, "support": 15.0}, "accuracy": 0.723404255319149, "macro avg": {"precision": 0.7354651162790697, "recall": 0.584375, "f1-score": 0.5712280701754386, "support": 47.0}, "weighted avg": {"precision": 0.7302078179119248, "recall": 0.723404255319149, "f1-score": 0.6636207540126913, "support": 47.0}}