{"0": {"precision": 0.6176470588235294, "recall": 0.84, "f1-score": 0.711864406779661, "support": 25.0}, "1": {"precision": 0.5555555555555556, "recall": 0.2777777777777778, "f1-score": 0.37037037037037035, "support": 18.0}, "accuracy": 0.6046511627906976, "macro avg": {"precision": 0.5866013071895425, "recall": 0.5588888888888889, "f1-score": 0.5411173885750157, "support": 43.0}, "weighted avg": {"precision": 0.591655266757866, "recall": 0.6046511627906976, "f1-score": 0.5689134147943766, "support": 43.0}}