{"best_estimator": "BernoulliNB()", "best_score": 0.5061211181400134, "test_score": 0.48479999999999995}