{"best_estimator": "BernoulliNB()", "best_score": 0.5131929655518715, "test_score": 0.4414715719063545}