{"0": {"precision": 0.6875, "recall": 0.9361702127659575, "f1-score": 0.7927927927927928, "support": 47.0}, "1": {"precision": 0.25, "recall": 0.047619047619047616, "f1-score": 0.08, "support": 21.0}, "accuracy": 0.6617647058823529, "macro avg": {"precision": 0.46875, "recall": 0.49189463019250257, "f1-score": 0.4363963963963964, "support": 68.0}, "weighted avg": {"precision": 0.5523897058823529, "recall": 0.6617647058823529, "f1-score": 0.5726656067832538, "support": 68.0}}