{"best_estimator": "BernoulliNB()", "best_score": 0.5190043051711177, "test_score": 0.47619047619047616}