{"0": {"precision": 0.6333333333333333, "recall": 0.76, "f1-score": 0.6909090909090909, "support": 25.0}, "1": {"precision": 0.5384615384615384, "recall": 0.3888888888888889, "f1-score": 0.45161290322580644, "support": 18.0}, "accuracy": 0.6046511627906976, "macro avg": {"precision": 0.5858974358974358, "recall": 0.5744444444444444, "f1-score": 0.5712609970674487, "support": 43.0}, "weighted avg": {"precision": 0.5936195587358377, "recall": 0.6046511627906976, "f1-score": 0.5907385937393439, "support": 43.0}}