{"best_estimator": "HistGradientBoostingClassifier(learning_rate=0.01)", "best_score": 0.5460834719061257, "test_score": 0.5057471264367815}