{"best_estimator": "KNeighborsClassifier(p=1)", "best_score": 0.5647503820834201, "test_score": 0.463768115942029}