{"best_estimator": "RandomForestClassifier(criterion='entropy', n_estimators=200)", "best_score": 0.5606188724244824, "test_score": 0.5185185185185185}