{"0": {"precision": 0.8888888888888888, "recall": 0.9411764705882353, "f1-score": 0.9142857142857143, "support": 17.0}, "1": {"precision": 0.9230769230769231, "recall": 0.8571428571428571, "f1-score": 0.8888888888888888, "support": 14.0}, "accuracy": 0.9032258064516129, "macro avg": {"precision": 0.905982905982906, "recall": 0.8991596638655461, "f1-score": 0.9015873015873015, "support": 31.0}, "weighted avg": {"precision": 0.9043286462641301, "recall": 0.9032258064516129, "f1-score": 0.9028161802355351, "support": 31.0}}