{"0": {"precision": 0.6521739130434783, "recall": 0.8823529411764706, "f1-score": 0.75, "support": 17.0}, "1": {"precision": 0.7142857142857143, "recall": 0.38461538461538464, "f1-score": 0.5, "support": 13.0}, "accuracy": 0.6666666666666666, "macro avg": {"precision": 0.6832298136645962, "recall": 0.6334841628959276, "f1-score": 0.625, "support": 30.0}, "weighted avg": {"precision": 0.6790890269151139, "recall": 0.6666666666666666, "f1-score": 0.6416666666666667, "support": 30.0}}