{"best_estimator": "BernoulliNB()", "best_score": 0.5721836998336585, "test_score": 0.549364613880743}