{"best_estimator": "BernoulliNB()", "best_score": 0.5951199526128206, "test_score": 0.5435621725944307}