{"best_estimator": "BernoulliNB()", "best_score": 0.5525784932993425, "test_score": 0.5345217883418224}