{"best_estimator": "HistGradientBoostingClassifier(learning_rate=0.01)", "best_score": 0.7726806202105936, "test_score": 0.6760752688172043}