{"best_estimator": "HistGradientBoostingClassifier(learning_rate=0.05)", "best_score": 0.7396642438086629, "test_score": 0.7040278988666085}