{"0": {"precision": 0.8947368421052632, "recall": 0.9444444444444444, "f1-score": 0.918918918918919, "support": 18.0}, "1": {"precision": 0.9166666666666666, "recall": 0.8461538461538461, "f1-score": 0.88, "support": 13.0}, "accuracy": 0.9032258064516129, "macro avg": {"precision": 0.9057017543859649, "recall": 0.8952991452991452, "f1-score": 0.8994594594594595, "support": 31.0}, "weighted avg": {"precision": 0.9039332201471421, "recall": 0.9032258064516129, "f1-score": 0.9025980819529206, "support": 31.0}}