{"best_estimator": "KNeighborsClassifier(n_neighbors=25, p=1)", "best_score": 0.7104337200515515, "test_score": 0.7732377538829153}