{"best_estimator": "KNeighborsClassifier(n_neighbors=25, p=1)", "best_score": 0.7365567509739007, "test_score": 0.6692870696665764}