{"0": {"precision": 0.9, "recall": 0.5, "f1-score": 0.6428571428571429, "support": 18.0}, "1": {"precision": 0.5714285714285714, "recall": 0.9230769230769231, "f1-score": 0.7058823529411765, "support": 13.0}, "accuracy": 0.6774193548387096, "macro avg": {"precision": 0.7357142857142858, "recall": 0.7115384615384616, "f1-score": 0.6743697478991597, "support": 31.0}, "weighted avg": {"precision": 0.7622119815668202, "recall": 0.6774193548387096, "f1-score": 0.6692870696665764, "support": 31.0}}