{"best_estimator": "RandomForestClassifier(criterion='entropy', n_estimators=300)", "best_score": 0.7865016293649336, "test_score": 0.7741935483870968}