{"0": {"precision": 0.6428571428571429, "recall": 0.72, "f1-score": 0.6792452830188679, "support": 25.0}, "1": {"precision": 0.5333333333333333, "recall": 0.4444444444444444, "f1-score": 0.48484848484848486, "support": 18.0}, "accuracy": 0.6046511627906976, "macro avg": {"precision": 0.5880952380952381, "recall": 0.5822222222222222, "f1-score": 0.5820468839336763, "support": 43.0}, "weighted avg": {"precision": 0.5970099667774086, "recall": 0.6046511627906976, "f1-score": 0.5978698791335912, "support": 43.0}}