{"0": {"precision": 0.6071428571428571, "recall": 0.68, "f1-score": 0.6415094339622641, "support": 25.0}, "1": {"precision": 0.4666666666666667, "recall": 0.3888888888888889, "f1-score": 0.42424242424242425, "support": 18.0}, "accuracy": 0.5581395348837209, "macro avg": {"precision": 0.5369047619047619, "recall": 0.5344444444444445, "f1-score": 0.5328759291023442, "support": 43.0}, "weighted avg": {"precision": 0.5483388704318937, "recall": 0.5581395348837209, "f1-score": 0.5505604531493079, "support": 43.0}}