{"best_estimator": "KNeighborsClassifier(n_neighbors=15, p=3)", "best_score": 0.636999702050789, "test_score": 0.6541526328760371}