{"best_estimator": "KNeighborsClassifier(p=3, weights='distance')", "best_score": 0.666013146825518, "test_score": 0.60749914000688}