{"best_estimator": "RandomForestClassifier(criterion='entropy', max_depth=6)", "best_score": 0.6480384180312309, "test_score": 0.6521739130434783}