{"best_estimator": "RandomForestClassifier(criterion='entropy', n_estimators=150)", "best_score": 0.6565430422674169, "test_score": 0.7084275591738278}