{"best_estimator": "RandomForestClassifier()", "best_score": 0.6773810372201183, "test_score": 0.6077638053581192}