{"best_estimator": "AdaBoostClassifier(algorithm='SAMME', learning_rate=0.05, n_estimators=200)", "best_score": 0.7384069565399904, "test_score": 0.7424731182795699}