{"best_estimator": "AdaBoostClassifier(algorithm='SAMME', learning_rate=0.001, n_estimators=300)", "best_score": 0.7325034090602851, "test_score": 0.6436593275302952}