{"best_estimator": "BernoulliNB()", "best_score": 0.5076637586553117, "test_score": 0.6163126147390506}