{"best_estimator": "BernoulliNB()", "best_score": 0.5119761390342283, "test_score": 0.5465512719643326}