{"best_estimator": "HistGradientBoostingClassifier(learning_rate=0.5)", "best_score": 0.6687890073866454, "test_score": 0.638256320836966}