{"best_estimator": "HistGradientBoostingClassifier()", "best_score": 0.6664303810912898, "test_score": 0.8376634699215345}