{"best_estimator": "HistGradientBoostingClassifier()", "best_score": 0.6743812689366909, "test_score": 0.7653333333333333}