{"best_estimator": "HistGradientBoostingClassifier(learning_rate=0.01)", "best_score": 0.65201031199257, "test_score": 0.7435619409053944}