{"best_estimator": "HistGradientBoostingClassifier(learning_rate=0.5)", "best_score": 0.6541878999662064, "test_score": 0.6794524261317431}