{"best_estimator": "KNeighborsClassifier(n_neighbors=25, p=1)", "best_score": 0.6446809256446755, "test_score": 0.7435619409053944}