{"best_estimator": "KNeighborsClassifier(n_neighbors=15, p=1, weights='distance')", "best_score": 0.6619084110792086, "test_score": 0.657624633431085}