{"best_estimator": "KNeighborsClassifier(n_neighbors=20, p=1)", "best_score": 0.6747558537333432, "test_score": 0.49455173157837956}