{"best_estimator": "KNeighborsClassifier(n_neighbors=20, p=1)", "best_score": 0.6827985380386974, "test_score": 0.601018675721562}