{"precision": 0.5905161728945274, "recall": 0.6420116032925165, "f1": 0.5757102776496663}