{"0": {"precision": 0.8333333333333334, "recall": 0.5882352941176471, "f1-score": 0.6896551724137931, "support": 17.0}, "1": {"precision": 0.631578947368421, "recall": 0.8571428571428571, "f1-score": 0.7272727272727273, "support": 14.0}, "accuracy": 0.7096774193548387, "macro avg": {"precision": 0.7324561403508771, "recall": 0.7226890756302521, "f1-score": 0.7084639498432602, "support": 31.0}, "weighted avg": {"precision": 0.7422184493491794, "recall": 0.7096774193548387, "f1-score": 0.7066437455758924, "support": 31.0}}