{"best_estimator": "BernoulliNB()", "best_score": 0.5866367357254163, "test_score": 0.6129032258064516}