{"best_estimator": "BernoulliNB()", "best_score": 0.5528075085732669, "test_score": 0.6436251920122887}