{"best_estimator": "BernoulliNB()", "best_score": 0.5418852540554054, "test_score": 0.6356672780235193}