{"best_estimator": "BernoulliNB()", "best_score": 0.5697991130878143, "test_score": 0.5345217883418224}