{"best_estimator": "BernoulliNB()", "best_score": 0.5622815330192326, "test_score": 0.5824884792626728}