{"best_estimator": "HistGradientBoostingClassifier(learning_rate=0.01)", "best_score": 0.6907149188572239, "test_score": 0.7419354838709677}