{"best_estimator": "HistGradientBoostingClassifier(learning_rate=0.01)", "best_score": 0.6816048883737768, "test_score": 0.6675155631013016}