{"0": {"precision": 0.65, "recall": 0.7647058823529411, "f1-score": 0.7027027027027027, "support": 17.0}, "1": {"precision": 0.6, "recall": 0.46153846153846156, "f1-score": 0.5217391304347826, "support": 13.0}, "accuracy": 0.6333333333333333, "macro avg": {"precision": 0.625, "recall": 0.6131221719457014, "f1-score": 0.6122209165687427, "support": 30.0}, "weighted avg": {"precision": 0.6283333333333334, "recall": 0.6333333333333333, "f1-score": 0.6242851547199374, "support": 30.0}}