{"0": {"precision": 0.6818181818181818, "recall": 0.8823529411764706, "f1-score": 0.7692307692307693, "support": 17.0}, "1": {"precision": 0.75, "recall": 0.46153846153846156, "f1-score": 0.5714285714285714, "support": 13.0}, "accuracy": 0.7, "macro avg": {"precision": 0.7159090909090908, "recall": 0.6719457013574661, "f1-score": 0.6703296703296704, "support": 30.0}, "weighted avg": {"precision": 0.7113636363636363, "recall": 0.7, "f1-score": 0.6835164835164835, "support": 30.0}}