{"best_estimator": "KNeighborsClassifier(n_neighbors=7, p=1, weights='distance')", "best_score": 0.6893846348012918, "test_score": 0.6774193548387096}