{"best_estimator": "KNeighborsClassifier(n_neighbors=20, p=1, weights='distance')", "best_score": 0.6739381863950337, "test_score": 0.8064516129032258}