{"best_estimator": "KNeighborsClassifier(n_neighbors=25, p=3)", "best_score": 0.5826023657438535, "test_score": 0.6121848739495798}