{"best_estimator": "KNeighborsClassifier(p=1, weights='distance')", "best_score": 0.5759950905049009, "test_score": 0.5424132364810331}