{"best_estimator": "KNeighborsClassifier(n_neighbors=20)", "best_score": 0.5767873480339956, "test_score": 0.6077064972330396}