{"0": {"precision": 0.6756756756756757, "recall": 0.9259259259259259, "f1-score": 0.78125, "support": 27.0}, "1": {"precision": 0.3333333333333333, "recall": 0.07692307692307693, "f1-score": 0.125, "support": 13.0}, "accuracy": 0.65, "macro avg": {"precision": 0.5045045045045045, "recall": 0.5014245014245015, "f1-score": 0.453125, "support": 40.0}, "weighted avg": {"precision": 0.5644144144144143, "recall": 0.65, "f1-score": 0.56796875, "support": 40.0}}