{"0": {"precision": 0.8548387096774194, "recall": 0.7794117647058824, "f1-score": 0.8153846153846154, "support": 68.0}, "1": {"precision": 0.53125, "recall": 0.6538461538461539, "f1-score": 0.5862068965517241, "support": 26.0}, "accuracy": 0.7446808510638298, "macro avg": {"precision": 0.6930443548387097, "recall": 0.7166289592760181, "f1-score": 0.7007957559681697, "support": 94.0}, "weighted avg": {"precision": 0.7653354495538778, "recall": 0.7446808510638298, "f1-score": 0.7519950335797732, "support": 94.0}}