{"0": {"precision": 1.0, "recall": 0.4166666666666667, "f1-score": 0.5882352941176471, "support": 12.0}, "1": {"precision": 0.46153846153846156, "recall": 1.0, "f1-score": 0.631578947368421, "support": 6.0}, "accuracy": 0.6111111111111112, "macro avg": {"precision": 0.7307692307692308, "recall": 0.7083333333333334, "f1-score": 0.609907120743034, "support": 18.0}, "weighted avg": {"precision": 0.8205128205128206, "recall": 0.6111111111111112, "f1-score": 0.6026831785345717, "support": 18.0}}