{"best_estimator": "BernoulliNB()", "best_score": 0.3333423655331255, "test_score": 0.14479638009049772}