{"best_estimator": "HistGradientBoostingClassifier(learning_rate=0.05)", "best_score": 0.6889300794380034, "test_score": 0.49195402298850577}