{"0": {"precision": 0.8125, "recall": 0.7647058823529411, "f1-score": 0.7878787878787878, "support": 68.0}, "1": {"precision": 0.4666666666666667, "recall": 0.5384615384615384, "f1-score": 0.5, "support": 26.0}, "accuracy": 0.7021276595744681, "macro avg": {"precision": 0.6395833333333334, "recall": 0.6515837104072397, "f1-score": 0.6439393939393939, "support": 94.0}, "weighted avg": {"precision": 0.7168439716312056, "recall": 0.7021276595744681, "f1-score": 0.7082527401676336, "support": 94.0}}