{"best_estimator": "HistGradientBoostingClassifier(learning_rate=0.01)", "best_score": 0.6720397870031161, "test_score": 0.7835497835497836}