{"best_estimator": "HistGradientBoostingClassifier(learning_rate=0.01)", "best_score": 0.6758829005403312, "test_score": 0.6083333333333333}