{"best_estimator": "KNeighborsClassifier(p=1, weights='distance')", "best_score": 0.5495532259954523, "test_score": 0.7575005639521769}