{"0": {"precision": 0.75, "recall": 0.5, "f1-score": 0.6, "support": 12.0}, "1": {"precision": 0.45454545454545453, "recall": 0.7142857142857143, "f1-score": 0.5555555555555556, "support": 7.0}, "accuracy": 0.5789473684210527, "macro avg": {"precision": 0.6022727272727273, "recall": 0.6071428571428572, "f1-score": 0.5777777777777777, "support": 19.0}, "weighted avg": {"precision": 0.6411483253588517, "recall": 0.5789473684210527, "f1-score": 0.583625730994152, "support": 19.0}}