{"0": {"precision": 0.7857142857142857, "recall": 0.6111111111111112, "f1-score": 0.6875, "support": 36.0}, "1": {"precision": 0.4166666666666667, "recall": 0.625, "f1-score": 0.5, "support": 16.0}, "accuracy": 0.6153846153846154, "macro avg": {"precision": 0.6011904761904762, "recall": 0.6180555555555556, "f1-score": 0.59375, "support": 52.0}, "weighted avg": {"precision": 0.6721611721611721, "recall": 0.6153846153846154, "f1-score": 0.6298076923076923, "support": 52.0}}