{"best_estimator": "KNeighborsClassifier(n_neighbors=20, p=1, weights='distance')", "best_score": 0.6604835579572417, "test_score": 0.5665834526630593}