{"0": {"precision": 0.8636363636363636, "recall": 0.7037037037037037, "f1-score": 0.7755102040816326, "support": 27.0}, "1": {"precision": 0.7333333333333333, "recall": 0.88, "f1-score": 0.8, "support": 25.0}, "accuracy": 0.7884615384615384, "macro avg": {"precision": 0.7984848484848485, "recall": 0.7918518518518518, "f1-score": 0.7877551020408163, "support": 52.0}, "weighted avg": {"precision": 0.8009906759906761, "recall": 0.7884615384615384, "f1-score": 0.7872841444270016, "support": 52.0}}