{"best_estimator": "KNeighborsClassifier(n_neighbors=20, p=1, weights='distance')", "best_score": 0.609424124731894, "test_score": 0.6298076923076923}