{"0": {"precision": 0.7083333333333334, "recall": 0.6296296296296297, "f1-score": 0.6666666666666666, "support": 27.0}, "1": {"precision": 0.6428571428571429, "recall": 0.72, "f1-score": 0.6792452830188679, "support": 25.0}, "accuracy": 0.6730769230769231, "macro avg": {"precision": 0.6755952380952381, "recall": 0.6748148148148148, "f1-score": 0.6729559748427673, "support": 52.0}, "weighted avg": {"precision": 0.6768543956043955, "recall": 0.6730769230769231, "f1-score": 0.6727140783744557, "support": 52.0}}