{"best_estimator": "RandomForestClassifier(max_depth=2)", "best_score": 0.7342931474123787, "test_score": 0.711645180568599}