{"0": {"precision": 0.75, "recall": 0.6923076923076923, "f1-score": 0.72, "support": 13.0}, "1": {"precision": 0.5, "recall": 0.5714285714285714, "f1-score": 0.5333333333333333, "support": 7.0}, "accuracy": 0.65, "macro avg": {"precision": 0.625, "recall": 0.6318681318681318, "f1-score": 0.6266666666666667, "support": 20.0}, "weighted avg": {"precision": 0.6625, "recall": 0.65, "f1-score": 0.6546666666666667, "support": 20.0}}