{"0": {"precision": 0.7222222222222222, "recall": 0.65, "f1-score": 0.6842105263157895, "support": 20.0}, "1": {"precision": 0.5333333333333333, "recall": 0.6153846153846154, "f1-score": 0.5714285714285714, "support": 13.0}, "accuracy": 0.6363636363636364, "macro avg": {"precision": 0.6277777777777778, "recall": 0.6326923076923077, "f1-score": 0.6278195488721805, "support": 33.0}, "weighted avg": {"precision": 0.6478114478114478, "recall": 0.6363636363636364, "f1-score": 0.6397812713602188, "support": 33.0}}