{"best_estimator": "BernoulliNB()", "best_score": 0.5431259421343865, "test_score": 0.490391156462585}