{"best_estimator": "BernoulliNB()", "best_score": 0.523339863212179, "test_score": 0.546875}