{"best_estimator": "BernoulliNB()", "best_score": 0.5323258534951847, "test_score": 0.6223958333333333}