{"best_estimator": "BernoulliNB()", "best_score": 0.5229089066389294, "test_score": 0.546875}