{"best_estimator": "HistGradientBoostingClassifier(learning_rate=0.01)", "best_score": 0.632748570520717, "test_score": 0.7099567099567099}