{"best_estimator": "HistGradientBoostingClassifier()", "best_score": 0.6317892172216854, "test_score": 0.6915584415584415}