{"best_estimator": "KNeighborsClassifier(p=3)", "best_score": 0.706052254652828, "test_score": 0.3996354522670312}