{"best_estimator": "KNeighborsClassifier(p=3, weights='distance')", "best_score": 0.6718011119610621, "test_score": 0.6565554432086282}