{"best_estimator": "KNeighborsClassifier(p=3, weights='distance')", "best_score": 0.6873473453420849, "test_score": 0.6279411764705882}