{"best_estimator": "RandomForestClassifier(criterion='entropy', n_estimators=400)", "best_score": 0.6250952366429459, "test_score": 0.6619318181818181}