{"0": {"precision": 0.6956521739130435, "recall": 0.8, "f1-score": 0.7441860465116279, "support": 20.0}, "1": {"precision": 0.6, "recall": 0.46153846153846156, "f1-score": 0.5217391304347826, "support": 13.0}, "accuracy": 0.6666666666666666, "macro avg": {"precision": 0.6478260869565218, "recall": 0.6307692307692307, "f1-score": 0.6329625884732053, "support": 33.0}, "weighted avg": {"precision": 0.6579710144927535, "recall": 0.6666666666666666, "f1-score": 0.6565554432086282, "support": 33.0}}