{"best_estimator": "RandomForestClassifier(n_estimators=200)", "best_score": 0.6362615162588773, "test_score": 0.45909090909090905}