{"best_estimator": "RandomForestClassifier(criterion='entropy', n_estimators=300)", "best_score": 0.5988898494138595, "test_score": 0.5505116959064327}