{"0": {"precision": 0.6785714285714286, "recall": 0.95, "f1-score": 0.7916666666666666, "support": 20.0}, "1": {"precision": 0.8, "recall": 0.3076923076923077, "f1-score": 0.4444444444444444, "support": 13.0}, "accuracy": 0.696969696969697, "macro avg": {"precision": 0.7392857142857143, "recall": 0.6288461538461538, "f1-score": 0.6180555555555556, "support": 33.0}, "weighted avg": {"precision": 0.7264069264069265, "recall": 0.696969696969697, "f1-score": 0.6548821548821548, "support": 33.0}}