{"best_estimator": "RandomForestClassifier(max_depth=3, n_estimators=150)", "best_score": 0.5998826068123695, "test_score": 0.481359649122807}