{"0": {"precision": 0.47368421052631576, "recall": 0.4090909090909091, "f1-score": 0.43902439024390244, "support": 22.0}, "1": {"precision": 0.5185185185185185, "recall": 0.5833333333333334, "f1-score": 0.5490196078431373, "support": 24.0}, "accuracy": 0.5, "macro avg": {"precision": 0.49610136452241715, "recall": 0.4962121212121212, "f1-score": 0.49402199904351984, "support": 46.0}, "weighted avg": {"precision": 0.4970760233918128, "recall": 0.5, "f1-score": 0.49641319942611195, "support": 46.0}}