{"0": {"precision": 0.0, "recall": 0.0, "f1-score": 0.0, "support": 29.0}, "1": {"precision": 0.30952380952380953, "recall": 1.0, "f1-score": 0.4727272727272727, "support": 13.0}, "accuracy": 0.30952380952380953, "macro avg": {"precision": 0.15476190476190477, "recall": 0.5, "f1-score": 0.23636363636363636, "support": 42.0}, "weighted avg": {"precision": 0.09580498866213152, "recall": 0.30952380952380953, "f1-score": 0.14632034632034632, "support": 42.0}}