{"best_estimator": "BernoulliNB()", "best_score": 0.3333333333333333, "test_score": 0.16666666666666666}