{"best_estimator": "HistGradientBoostingClassifier(learning_rate=0.5)", "best_score": 0.5220072911426208, "test_score": 0.47491638795986624}