{"0": {"precision": 0.5, "recall": 0.5, "f1-score": 0.5, "support": 22.0}, "1": {"precision": 0.5416666666666666, "recall": 0.5416666666666666, "f1-score": 0.5416666666666666, "support": 24.0}, "accuracy": 0.5217391304347826, "macro avg": {"precision": 0.5208333333333333, "recall": 0.5208333333333333, "f1-score": 0.5208333333333333, "support": 46.0}, "weighted avg": {"precision": 0.5217391304347826, "recall": 0.5217391304347826, "f1-score": 0.5217391304347826, "support": 46.0}}