{"best_estimator": "HistGradientBoostingClassifier(learning_rate=0.5)", "best_score": 0.4556765902303802, "test_score": 0.6190476190476191}