{"0": {"precision": 0.5806451612903226, "recall": 0.6666666666666666, "f1-score": 0.6206896551724138, "support": 27.0}, "1": {"precision": 0.35714285714285715, "recall": 0.2777777777777778, "f1-score": 0.3125, "support": 18.0}, "accuracy": 0.5111111111111111, "macro avg": {"precision": 0.46889400921658986, "recall": 0.4722222222222222, "f1-score": 0.4665948275862069, "support": 45.0}, "weighted avg": {"precision": 0.4912442396313364, "recall": 0.5111111111111111, "f1-score": 0.4974137931034483, "support": 45.0}}