{"best_estimator": "HistGradientBoostingClassifier()", "best_score": 0.539974820252598, "test_score": 0.4974137931034483}