{"best_estimator": "HistGradientBoostingClassifier(learning_rate=0.5)", "best_score": 0.5192638697136394, "test_score": 0.6560846560846562}