{"best_estimator": "KNeighborsClassifier(p=1, weights='distance')", "best_score": 0.48459782413096625, "test_score": 0.4363636363636364}