{"0": {"precision": 0.5862068965517241, "recall": 0.6296296296296297, "f1-score": 0.6071428571428571, "support": 27.0}, "1": {"precision": 0.375, "recall": 0.3333333333333333, "f1-score": 0.35294117647058826, "support": 18.0}, "accuracy": 0.5111111111111111, "macro avg": {"precision": 0.48060344827586204, "recall": 0.4814814814814815, "f1-score": 0.48004201680672265, "support": 45.0}, "weighted avg": {"precision": 0.5017241379310344, "recall": 0.5111111111111111, "f1-score": 0.5054621848739497, "support": 45.0}}