{"best_estimator": "KNeighborsClassifier(p=1, weights='distance')", "best_score": 0.49840718435145687, "test_score": 0.4114728682170542}