{"0": {"precision": 0.782608695652174, "recall": 0.3829787234042553, "f1-score": 0.5142857142857142, "support": 47.0}, "1": {"precision": 0.3409090909090909, "recall": 0.75, "f1-score": 0.46875, "support": 20.0}, "accuracy": 0.4925373134328358, "macro avg": {"precision": 0.5617588932806324, "recall": 0.5664893617021276, "f1-score": 0.4915178571428571, "support": 67.0}, "weighted avg": {"precision": 0.6507580673706566, "recall": 0.4925373134328358, "f1-score": 0.5006929637526653, "support": 67.0}}