{"best_estimator": "RandomForestClassifier(criterion='log_loss', n_estimators=400)", "best_score": 0.5659165564805597, "test_score": 0.49928808732795443}