{"best_estimator": "RandomForestClassifier(criterion='entropy', n_estimators=200)", "best_score": 0.5375317766070502, "test_score": 0.5561592078691941}