{"best_estimator": "AdaBoostClassifier(algorithm='SAMME', learning_rate=0.5)", "best_score": 0.7004578835036178, "test_score": 0.6830721003134796}