{"best_estimator": "BernoulliNB()", "best_score": 0.5838199487285631, "test_score": 0.6792627745281978}