{"best_estimator": "BernoulliNB()", "best_score": 0.5885466736351022, "test_score": 0.56796875}