{"best_estimator": "BernoulliNB()", "best_score": 0.5946014160521352, "test_score": 0.50625}