{"best_estimator": "HistGradientBoostingClassifier()", "best_score": 0.7123032438629953, "test_score": 0.7220000000000001}