{"best_estimator": "HistGradientBoostingClassifier()", "best_score": 0.709860375798848, "test_score": 0.6928571428571428}