{"0": {"precision": 0.7, "recall": 0.75, "f1-score": 0.7241379310344828, "support": 28.0}, "1": {"precision": 0.36363636363636365, "recall": 0.3076923076923077, "f1-score": 0.3333333333333333, "support": 13.0}, "accuracy": 0.6097560975609756, "macro avg": {"precision": 0.5318181818181817, "recall": 0.5288461538461539, "f1-score": 0.5287356321839081, "support": 41.0}, "weighted avg": {"precision": 0.5933481152993347, "recall": 0.6097560975609756, "f1-score": 0.6002242781048499, "support": 41.0}}