{"best_estimator": "HistGradientBoostingClassifier()", "best_score": 0.7008275673498672, "test_score": 0.7577481840193704}