{"best_estimator": "KNeighborsClassifier(p=3, weights='distance')", "best_score": 0.7241499077139815, "test_score": 0.6928571428571428}