{"best_estimator": "KNeighborsClassifier(n_neighbors=10, p=3)", "best_score": 0.7322210816542434, "test_score": 0.6928571428571428}