{"best_estimator": "RandomForestClassifier(criterion='entropy')", "best_score": 0.5947546419323861, "test_score": 0.6238394964594807}