{"best_estimator": "RandomForestClassifier(criterion='entropy', n_estimators=400)", "best_score": 0.6464751625792371, "test_score": 0.6605691056910569}