{"best_estimator": "BernoulliNB()", "best_score": 0.5905850289273168, "test_score": 0.6112903225806451}