{"0": {"precision": 0.5555555555555556, "recall": 0.2777777777777778, "f1-score": 0.37037037037037035, "support": 18.0}, "1": {"precision": 0.4090909090909091, "recall": 0.6923076923076923, "f1-score": 0.5142857142857142, "support": 13.0}, "accuracy": 0.45161290322580644, "macro avg": {"precision": 0.4823232323232324, "recall": 0.48504273504273504, "f1-score": 0.4423280423280423, "support": 31.0}, "weighted avg": {"precision": 0.4941348973607038, "recall": 0.45161290322580644, "f1-score": 0.43072196620583714, "support": 31.0}}