{"best_estimator": "BernoulliNB()", "best_score": 0.5371027291291124, "test_score": 0.6414534668149796}