{"best_estimator": "BernoulliNB()", "best_score": 0.5397710710037039, "test_score": 0.43072196620583714}