{"best_estimator": "HistGradientBoostingClassifier()", "best_score": 0.697488966583631, "test_score": 0.8064516129032258}