{"best_estimator": "HistGradientBoostingClassifier()", "best_score": 0.7032403539107308, "test_score": 0.7741935483870968}