{"best_estimator": "KNeighborsClassifier(n_neighbors=20, weights='distance')", "best_score": 0.6988413898281676, "test_score": 0.5370018975332068}