{"best_estimator": "KNeighborsClassifier(n_neighbors=25, weights='distance')", "best_score": 0.6861600039296963, "test_score": 0.7077942458587619}