{"best_estimator": "KNeighborsClassifier(n_neighbors=7, weights='distance')", "best_score": 0.7134651854061613, "test_score": 0.4838709677419355}