{"0": {"precision": 0.9230769230769231, "recall": 0.7058823529411765, "f1-score": 0.8, "support": 17.0}, "1": {"precision": 0.7058823529411765, "recall": 0.9230769230769231, "f1-score": 0.8, "support": 13.0}, "accuracy": 0.8, "macro avg": {"precision": 0.8144796380090498, "recall": 0.8144796380090498, "f1-score": 0.8, "support": 30.0}, "weighted avg": {"precision": 0.8289592760180997, "recall": 0.8, "f1-score": 0.8, "support": 30.0}}