{"best_estimator": "RandomForestClassifier()", "best_score": 0.7488567768044921, "test_score": 0.7732377538829153}