{"0": {"precision": 0.5777777777777777, "recall": 0.8125, "f1-score": 0.6753246753246753, "support": 32.0}, "1": {"precision": 0.45454545454545453, "recall": 0.20833333333333334, "f1-score": 0.2857142857142857, "support": 24.0}, "accuracy": 0.5535714285714286, "macro avg": {"precision": 0.5161616161616162, "recall": 0.5104166666666666, "f1-score": 0.4805194805194805, "support": 56.0}, "weighted avg": {"precision": 0.5249639249639249, "recall": 0.5535714285714286, "f1-score": 0.5083487940630798, "support": 56.0}}