{"best_estimator": "BernoulliNB()", "best_score": 0.6161937201261563, "test_score": 0.7069147069147069}