{"best_estimator": "BernoulliNB()", "best_score": 0.6310398065489838, "test_score": 0.6068376068376069}