{"best_estimator": "BernoulliNB()", "best_score": 0.6282344910442201, "test_score": 0.48148148148148145}