{"0": {"precision": 0.7619047619047619, "recall": 1.0, "f1-score": 0.8648648648648649, "support": 16.0}, "1": {"precision": 1.0, "recall": 0.16666666666666666, "f1-score": 0.2857142857142857, "support": 6.0}, "accuracy": 0.7727272727272727, "macro avg": {"precision": 0.8809523809523809, "recall": 0.5833333333333334, "f1-score": 0.5752895752895753, "support": 22.0}, "weighted avg": {"precision": 0.8268398268398268, "recall": 0.7727272727272727, "f1-score": 0.7069147069147069, "support": 22.0}}