{"best_estimator": "HistGradientBoostingClassifier()", "best_score": 0.7433724547701954, "test_score": 0.7666666666666666}