{"best_estimator": "HistGradientBoostingClassifier()", "best_score": 0.7178236334134704, "test_score": 0.7124183006535947}