{"best_estimator": "HistGradientBoostingClassifier(learning_rate=0.5)", "best_score": 0.7637539769498881, "test_score": 0.6023668639053255}