{"0": {"precision": 0.896551724137931, "recall": 0.6666666666666666, "f1-score": 0.7647058823529411, "support": 39.0}, "1": {"precision": 0.43478260869565216, "recall": 0.7692307692307693, "f1-score": 0.5555555555555556, "support": 13.0}, "accuracy": 0.6923076923076923, "macro avg": {"precision": 0.6656671664167916, "recall": 0.717948717948718, "f1-score": 0.6601307189542484, "support": 52.0}, "weighted avg": {"precision": 0.7811094452773613, "recall": 0.6923076923076923, "f1-score": 0.7124183006535947, "support": 52.0}}