{"0": {"precision": 0.8985507246376812, "recall": 0.8378378378378378, "f1-score": 0.8671328671328671, "support": 74.0}, "1": {"precision": 0.52, "recall": 0.65, "f1-score": 0.5777777777777777, "support": 20.0}, "accuracy": 0.7978723404255319, "macro avg": {"precision": 0.7092753623188406, "recall": 0.7439189189189189, "f1-score": 0.7224553224553224, "support": 94.0}, "weighted avg": {"precision": 0.8180080172679618, "recall": 0.7978723404255319, "f1-score": 0.8055679545041247, "support": 94.0}}