{"best_estimator": "KNeighborsClassifier(n_neighbors=20, p=3, weights='distance')", "best_score": 0.7419482185767292, "test_score": 0.5644970414201184}