{"0": {"precision": 0.9142857142857143, "recall": 0.8888888888888888, "f1-score": 0.9014084507042254, "support": 36.0}, "1": {"precision": 0.7894736842105263, "recall": 0.8333333333333334, "f1-score": 0.8108108108108109, "support": 18.0}, "accuracy": 0.8703703703703703, "macro avg": {"precision": 0.8518796992481203, "recall": 0.8611111111111112, "f1-score": 0.8561096307575181, "support": 54.0}, "weighted avg": {"precision": 0.8726817042606515, "recall": 0.8703703703703703, "f1-score": 0.8712092374064205, "support": 54.0}}