{"best_estimator": "RandomForestClassifier(criterion='entropy', max_depth=6)", "best_score": 0.7724701985511393, "test_score": 0.6123151014791881}