{"best_estimator": "RandomForestClassifier(criterion='log_loss', n_estimators=200)", "best_score": 0.7343698570616646, "test_score": 0.8421052631578947}