{"best_estimator": "AdaBoostClassifier(algorithm='SAMME', learning_rate=0.001)", "best_score": 0.6471554757231213, "test_score": 0.5187692307692308}