{"0": {"precision": 0.5714285714285714, "recall": 0.34782608695652173, "f1-score": 0.43243243243243246, "support": 23.0}, "1": {"precision": 0.5454545454545454, "recall": 0.75, "f1-score": 0.631578947368421, "support": 24.0}, "accuracy": 0.5531914893617021, "macro avg": {"precision": 0.5584415584415584, "recall": 0.5489130434782609, "f1-score": 0.5320056899004267, "support": 47.0}, "weighted avg": {"precision": 0.5581652390163028, "recall": 0.5531914893617021, "f1-score": 0.5341242698465544, "support": 47.0}}