{"0": {"precision": 0.5833333333333334, "recall": 0.7241379310344828, "f1-score": 0.6461538461538462, "support": 29.0}, "1": {"precision": 0.42857142857142855, "recall": 0.2857142857142857, "f1-score": 0.34285714285714286, "support": 21.0}, "accuracy": 0.54, "macro avg": {"precision": 0.5059523809523809, "recall": 0.5049261083743842, "f1-score": 0.4945054945054945, "support": 50.0}, "weighted avg": {"precision": 0.5183333333333333, "recall": 0.54, "f1-score": 0.5187692307692308, "support": 50.0}}