{"0": {"precision": 0.5833333333333334, "recall": 0.56, "f1-score": 0.5714285714285714, "support": 25.0}, "1": {"precision": 0.42105263157894735, "recall": 0.4444444444444444, "f1-score": 0.43243243243243246, "support": 18.0}, "accuracy": 0.5116279069767442, "macro avg": {"precision": 0.5021929824561404, "recall": 0.5022222222222222, "f1-score": 0.5019305019305019, "support": 43.0}, "weighted avg": {"precision": 0.5154018767849857, "recall": 0.5116279069767442, "f1-score": 0.5132441411511178, "support": 43.0}}