{"0": {"precision": 0.7692307692307693, "recall": 0.425531914893617, "f1-score": 0.547945205479452, "support": 47.0}, "1": {"precision": 0.35714285714285715, "recall": 0.7142857142857143, "f1-score": 0.47619047619047616, "support": 21.0}, "accuracy": 0.5147058823529411, "macro avg": {"precision": 0.5631868131868132, "recall": 0.5699088145896657, "f1-score": 0.5120678408349641, "support": 68.0}, "weighted avg": {"precision": 0.6419683257918551, "recall": 0.5147058823529411, "f1-score": 0.5257856567284448, "support": 68.0}}