{"best_estimator": "BernoulliNB()", "best_score": 0.38694635597388277, "test_score": 0.37229437229437223}