{"best_estimator": "BernoulliNB()", "best_score": 0.36555450482765706, "test_score": 0.2958855098389982}