{"0": {"precision": 1.0, "recall": 0.04, "f1-score": 0.07692307692307693, "support": 25.0}, "1": {"precision": 0.42857142857142855, "recall": 1.0, "f1-score": 0.6, "support": 18.0}, "accuracy": 0.4418604651162791, "macro avg": {"precision": 0.7142857142857143, "recall": 0.52, "f1-score": 0.3384615384615385, "support": 43.0}, "weighted avg": {"precision": 0.760797342192691, "recall": 0.4418604651162791, "f1-score": 0.2958855098389982, "support": 43.0}}