{"best_estimator": "BernoulliNB()", "best_score": 0.413670632848061, "test_score": 0.28089761570827493}