{"best_estimator": "BernoulliNB()", "best_score": 0.3783173590040421, "test_score": 0.3163772723567294}