{"0": {"precision": 1.0, "recall": 0.125, "f1-score": 0.2222222222222222, "support": 32.0}, "1": {"precision": 0.3488372093023256, "recall": 1.0, "f1-score": 0.5172413793103449, "support": 15.0}, "accuracy": 0.40425531914893614, "macro avg": {"precision": 0.6744186046511628, "recall": 0.5625, "f1-score": 0.36973180076628354, "support": 47.0}, "weighted avg": {"precision": 0.7921820880752104, "recall": 0.40425531914893614, "f1-score": 0.3163772723567294, "support": 47.0}}