{"best_estimator": "HistGradientBoostingClassifier(learning_rate=0.05)", "best_score": 0.433402303807771, "test_score": 0.5853149770546516}