{"best_estimator": "HistGradientBoostingClassifier(learning_rate=0.01)", "best_score": 0.4775474917897021, "test_score": 0.416289592760181}