{"best_estimator": "HistGradientBoostingClassifier(learning_rate=0.001)", "best_score": 0.4739501352419634, "test_score": 0.47619047619047616}