{"best_estimator": "HistGradientBoostingClassifier()", "best_score": 0.49224208083630233, "test_score": 0.5655890003716091}