{"best_estimator": "HistGradientBoostingClassifier(learning_rate=0.5)", "best_score": 0.5064715161752829, "test_score": 0.5132441411511178}