{"best_estimator": "KNeighborsClassifier(p=1, weights='distance')", "best_score": 0.4703975359126618, "test_score": 0.5072552376294123}