{"best_estimator": "KNeighborsClassifier(n_neighbors=25, p=1)", "best_score": 0.36811406899329935, "test_score": 0.6041792180613248}