{"best_estimator": "KNeighborsClassifier(p=1, weights='distance')", "best_score": 0.4339680731775367, "test_score": 0.6123151014791881}