{"0": {"precision": 0.7241379310344828, "recall": 0.65625, "f1-score": 0.6885245901639344, "support": 32.0}, "1": {"precision": 0.3888888888888889, "recall": 0.4666666666666667, "f1-score": 0.42424242424242425, "support": 15.0}, "accuracy": 0.5957446808510638, "macro avg": {"precision": 0.5565134099616859, "recall": 0.5614583333333334, "f1-score": 0.5563835072031793, "support": 47.0}, "weighted avg": {"precision": 0.6171435558816336, "recall": 0.5957446808510638, "f1-score": 0.6041792180613248, "support": 47.0}}