{"best_estimator": "RandomForestClassifier(n_estimators=400)", "best_score": 0.48171147784456136, "test_score": 0.5681818181818182}