{"best_estimator": "RandomForestClassifier(criterion='entropy', n_estimators=200)", "best_score": 0.44278856230028296, "test_score": 0.48148148148148145}