{"best_estimator": "RandomForestClassifier(criterion='entropy', max_depth=2)", "best_score": 0.5121657468057275, "test_score": 0.5509362279511533}