{"0": {"precision": 0.5217391304347826, "recall": 0.5454545454545454, "f1-score": 0.5333333333333333, "support": 22.0}, "1": {"precision": 0.5652173913043478, "recall": 0.5416666666666666, "f1-score": 0.5531914893617021, "support": 24.0}, "accuracy": 0.5434782608695652, "macro avg": {"precision": 0.5434782608695652, "recall": 0.543560606060606, "f1-score": 0.5432624113475177, "support": 46.0}, "weighted avg": {"precision": 0.5444234404536862, "recall": 0.5434782608695652, "f1-score": 0.5436941103916126, "support": 46.0}}