{"best_estimator": "BernoulliNB()", "best_score": 0.3508012918017417, "test_score": 0.5784236711180938}