{"best_estimator": "BernoulliNB()", "best_score": 0.3896056015119125, "test_score": 0.3333333333333333}