{"0": {"precision": 0.7014925373134329, "recall": 1.0, "f1-score": 0.8245614035087719, "support": 47.0}, "1": {"precision": 0.0, "recall": 0.0, "f1-score": 0.0, "support": 20.0}, "accuracy": 0.7014925373134329, "macro avg": {"precision": 0.35074626865671643, "recall": 0.5, "f1-score": 0.41228070175438597, "support": 67.0}, "weighted avg": {"precision": 0.49209177990643793, "recall": 0.7014925373134329, "f1-score": 0.5784236711180938, "support": 67.0}}