{"best_estimator": "BernoulliNB()", "best_score": 0.3653902631337058, "test_score": 0.35776397515527947}