{"best_estimator": "BernoulliNB()", "best_score": 0.3641435792769316, "test_score": 0.27350427350427353}