{"best_estimator": "HistGradientBoostingClassifier(learning_rate=0.05)", "best_score": 0.5695491675903874, "test_score": 0.5602484472049689}