{"best_estimator": "HistGradientBoostingClassifier()", "best_score": 0.5373017037879683, "test_score": 0.5836903304773562}