{"best_estimator": "HistGradientBoostingClassifier(learning_rate=0.5)", "best_score": 0.5644036476788339, "test_score": 0.6071428571428572}