{"best_estimator": "KNeighborsClassifier(n_neighbors=25, p=1, weights='distance')", "best_score": 0.4854308510005783, "test_score": 0.48623376623376624}