{"best_estimator": "KNeighborsClassifier(n_neighbors=7, p=3, weights='distance')", "best_score": 0.4439067332089488, "test_score": 0.5555555555555556}