{"0": {"precision": 0.4, "recall": 0.36363636363636365, "f1-score": 0.38095238095238093, "support": 22.0}, "1": {"precision": 0.46153846153846156, "recall": 0.5, "f1-score": 0.48, "support": 24.0}, "accuracy": 0.43478260869565216, "macro avg": {"precision": 0.4307692307692308, "recall": 0.4318181818181818, "f1-score": 0.43047619047619046, "support": 46.0}, "weighted avg": {"precision": 0.43210702341137125, "recall": 0.43478260869565216, "f1-score": 0.4326293995859213, "support": 46.0}}