{"best_estimator": "KNeighborsClassifier(n_neighbors=7, p=3, weights='distance')", "best_score": 0.43685167277488723, "test_score": 0.4943783068783068}