{"best_estimator": "RandomForestClassifier(n_estimators=200)", "best_score": 0.5589527560079821, "test_score": 0.4474247811531824}