{"best_estimator": "BernoulliNB()", "best_score": 0.5185325532969657, "test_score": 0.525224339664521}