{"best_estimator": "BernoulliNB()", "best_score": 0.48516208833405416, "test_score": 0.6429612357913145}