{"best_estimator": "BernoulliNB()", "best_score": 0.5039681433674497, "test_score": 0.36571258199165174}