{"best_estimator": "HistGradientBoostingClassifier(learning_rate=0.5)", "best_score": 0.5921427617190025, "test_score": 0.5610173636585962}