{"best_estimator": "HistGradientBoostingClassifier()", "best_score": 0.6061000028234628, "test_score": 0.7200000000000001}