{"best_estimator": "HistGradientBoostingClassifier(learning_rate=0.5)", "best_score": 0.5921590430624472, "test_score": 0.2448884948509855}