{"best_estimator": "HistGradientBoostingClassifier(learning_rate=0.5)", "best_score": 0.6052292386561833, "test_score": 0.6725907384230287}