{"0": {"precision": 0.3611111111111111, "recall": 0.6842105263157895, "f1-score": 0.4727272727272727, "support": 19.0}, "1": {"precision": 0.14285714285714285, "recall": 0.041666666666666664, "f1-score": 0.06451612903225806, "support": 24.0}, "accuracy": 0.32558139534883723, "macro avg": {"precision": 0.251984126984127, "recall": 0.36293859649122806, "f1-score": 0.2686217008797654, "support": 43.0}, "weighted avg": {"precision": 0.23929494278331487, "recall": 0.32558139534883723, "f1-score": 0.2448884948509855, "support": 43.0}}