{"best_estimator": "HistGradientBoostingClassifier(learning_rate=0.05)", "best_score": 0.5936093376647623, "test_score": 0.6369047619047619}