{"best_estimator": "HistGradientBoostingClassifier(learning_rate=0.5)", "best_score": 0.53277874656339, "test_score": 0.7086675579322638}