{"0": {"precision": 0.375, "recall": 0.631578947368421, "f1-score": 0.47058823529411764, "support": 19.0}, "1": {"precision": 0.36363636363636365, "recall": 0.16666666666666666, "f1-score": 0.22857142857142856, "support": 24.0}, "accuracy": 0.37209302325581395, "macro avg": {"precision": 0.3693181818181818, "recall": 0.3991228070175438, "f1-score": 0.3495798319327731, "support": 43.0}, "weighted avg": {"precision": 0.36865750528541225, "recall": 0.37209302325581395, "f1-score": 0.3355090873558726, "support": 43.0}}