{"0": {"precision": 0.7222222222222222, "recall": 1.0, "f1-score": 0.8387096774193549, "support": 13.0}, "1": {"precision": 0.0, "recall": 0.0, "f1-score": 0.0, "support": 5.0}, "accuracy": 0.7222222222222222, "macro avg": {"precision": 0.3611111111111111, "recall": 0.5, "f1-score": 0.41935483870967744, "support": 18.0}, "weighted avg": {"precision": 0.5216049382716049, "recall": 0.7222222222222222, "f1-score": 0.6057347670250897, "support": 18.0}}