{"best_estimator": "KNeighborsClassifier(n_neighbors=15, p=1)", "best_score": 0.5829633267723935, "test_score": 0.4977256052824652}