{"best_estimator": "RandomForestClassifier(n_estimators=400)", "best_score": 0.6169304982907102, "test_score": 0.6595744680851063}