{"best_estimator": "RandomForestClassifier(criterion='log_loss')", "best_score": 0.5312215467641352, "test_score": 0.6124185978096626}