{"0": {"precision": 0.75, "recall": 0.6666666666666666, "f1-score": 0.7058823529411765, "support": 18.0}, "1": {"precision": 0.6, "recall": 0.6923076923076923, "f1-score": 0.6428571428571429, "support": 13.0}, "accuracy": 0.6774193548387096, "macro avg": {"precision": 0.675, "recall": 0.6794871794871795, "f1-score": 0.6743697478991597, "support": 31.0}, "weighted avg": {"precision": 0.6870967741935484, "recall": 0.6774193548387096, "f1-score": 0.6794524261317431, "support": 31.0}}