{"best_estimator": "BernoulliNB()", "best_score": 0.5647119129818907, "test_score": 0.5619448340345955}