{"best_estimator": "BernoulliNB()", "best_score": 0.5852107179394885, "test_score": 0.5435621725944307}