{"best_estimator": "HistGradientBoostingClassifier(learning_rate=0.01)", "best_score": 0.7400140213266211, "test_score": 0.5191627060370109}