{"best_estimator": "HistGradientBoostingClassifier()", "best_score": 0.6882104384471586, "test_score": 0.7077942458587619}