{"best_estimator": "HistGradientBoostingClassifier(learning_rate=0.01)", "best_score": 0.6893525592684979, "test_score": 0.710284154110628}