{"best_estimator": "HistGradientBoostingClassifier()", "best_score": 0.6695703672682292, "test_score": 0.7408602150537634}