{"best_estimator": "KNeighborsClassifier(n_neighbors=10, p=1, weights='distance')", "best_score": 0.6992891477771791, "test_score": 0.6112903225806451}