{"best_estimator": "KNeighborsClassifier(n_neighbors=10, p=1)", "best_score": 0.6901046284806075, "test_score": 0.679827851699767}