{"best_estimator": "KNeighborsClassifier(p=1, weights='distance')", "best_score": 0.6902832985765552, "test_score": 0.7727288578901482}