{"0": {"precision": 0.631578947368421, "recall": 0.7058823529411765, "f1-score": 0.6666666666666666, "support": 17.0}, "1": {"precision": 0.5454545454545454, "recall": 0.46153846153846156, "f1-score": 0.5, "support": 13.0}, "accuracy": 0.6, "macro avg": {"precision": 0.5885167464114832, "recall": 0.583710407239819, "f1-score": 0.5833333333333333, "support": 30.0}, "weighted avg": {"precision": 0.5942583732057416, "recall": 0.6, "f1-score": 0.5944444444444444, "support": 30.0}}