{"best_estimator": "KNeighborsClassifier(p=3)", "best_score": 0.6864305374843772, "test_score": 0.5944444444444444}