{"0": {"precision": 1.0, "recall": 0.5714285714285714, "f1-score": 0.7272727272727273, "support": 7.0}, "1": {"precision": 0.7857142857142857, "recall": 1.0, "f1-score": 0.88, "support": 11.0}, "accuracy": 0.8333333333333334, "macro avg": {"precision": 0.8928571428571428, "recall": 0.7857142857142857, "f1-score": 0.8036363636363637, "support": 18.0}, "weighted avg": {"precision": 0.8690476190476191, "recall": 0.8333333333333334, "f1-score": 0.8206060606060606, "support": 18.0}}