{"best_estimator": "AdaBoostClassifier(algorithm='SAMME', learning_rate=0.05, n_estimators=300)", "best_score": 0.7545432045987353, "test_score": 0.6567164179104478}