{"best_estimator": "BernoulliNB()", "best_score": 0.6060365919411118, "test_score": 0.5440515036599348}