{"best_estimator": "BernoulliNB()", "best_score": 0.5648900438502491, "test_score": 0.46591970121381887}