{"0": {"precision": 0.5757575757575758, "recall": 0.76, "f1-score": 0.6551724137931034, "support": 25.0}, "1": {"precision": 0.5384615384615384, "recall": 0.3333333333333333, "f1-score": 0.4117647058823529, "support": 21.0}, "accuracy": 0.5652173913043478, "macro avg": {"precision": 0.5571095571095571, "recall": 0.5466666666666666, "f1-score": 0.5334685598377282, "support": 46.0}, "weighted avg": {"precision": 0.5587311239485152, "recall": 0.5652173913043478, "f1-score": 0.5440515036599348, "support": 46.0}}