{"best_estimator": "BernoulliNB()", "best_score": 0.5561557954099843, "test_score": 0.6256410256410256}