{"best_estimator": "BernoulliNB()", "best_score": 0.5520929412633585, "test_score": 0.8666666666666667}