{"best_estimator": "HistGradientBoostingClassifier(learning_rate=0.01)", "best_score": 0.6997618504354124, "test_score": 0.6295085539936799}