{"0": {"precision": 0.5333333333333333, "recall": 0.42105263157894735, "f1-score": 0.47058823529411764, "support": 19.0}, "1": {"precision": 0.6071428571428571, "recall": 0.7083333333333334, "f1-score": 0.6538461538461539, "support": 24.0}, "accuracy": 0.5813953488372093, "macro avg": {"precision": 0.5702380952380952, "recall": 0.5646929824561404, "f1-score": 0.5622171945701357, "support": 43.0}, "weighted avg": {"precision": 0.5745293466223699, "recall": 0.5813953488372093, "f1-score": 0.57287172471851, "support": 43.0}}