{"best_estimator": "HistGradientBoostingClassifier(learning_rate=0.01)", "best_score": 0.7013880187875126, "test_score": 0.6148148148148148}