{"best_estimator": "HistGradientBoostingClassifier(learning_rate=0.001)", "best_score": 0.7365097531077558, "test_score": 0.57287172471851}