{"best_estimator": "KNeighborsClassifier(n_neighbors=20, weights='distance')", "best_score": 0.7207818494042653, "test_score": 0.7020626432391138}