{"best_estimator": "KNeighborsClassifier(n_neighbors=7, p=1, weights='distance')", "best_score": 0.7238415153943193, "test_score": 0.6148148148148148}