{"best_estimator": "KNeighborsClassifier(n_neighbors=25, p=1)", "best_score": 0.7488919612245883, "test_score": 0.6230386528893992}