{"precision": 0.7009512023510373, "recall": 0.6835668333988603, "f1": 0.679898673762757}