{"0": {"precision": 0.8888888888888888, "recall": 0.5714285714285714, "f1-score": 0.6956521739130435, "support": 42.0}, "1": {"precision": 0.4, "recall": 0.8, "f1-score": 0.5333333333333333, "support": 15.0}, "accuracy": 0.631578947368421, "macro avg": {"precision": 0.6444444444444444, "recall": 0.6857142857142857, "f1-score": 0.6144927536231883, "support": 57.0}, "weighted avg": {"precision": 0.7602339181286549, "recall": 0.631578947368421, "f1-score": 0.6529366895499619, "support": 57.0}}