{"0": {"precision": 0.76, "recall": 0.5277777777777778, "f1-score": 0.6229508196721312, "support": 36.0}, "1": {"precision": 0.46875, "recall": 0.7142857142857143, "f1-score": 0.5660377358490566, "support": 21.0}, "accuracy": 0.5964912280701754, "macro avg": {"precision": 0.614375, "recall": 0.621031746031746, "f1-score": 0.5944942777605939, "support": 57.0}, "weighted avg": {"precision": 0.6526973684210526, "recall": 0.5964912280701754, "f1-score": 0.6019828414215248, "support": 57.0}}