{"best_estimator": "BernoulliNB()", "best_score": 0.6958045717633903, "test_score": 0.5362573099415204}