{"0": {"precision": 0.7777777777777778, "recall": 0.3888888888888889, "f1-score": 0.5185185185185185, "support": 36.0}, "1": {"precision": 0.4358974358974359, "recall": 0.8095238095238095, "f1-score": 0.5666666666666667, "support": 21.0}, "accuracy": 0.543859649122807, "macro avg": {"precision": 0.6068376068376069, "recall": 0.5992063492063492, "f1-score": 0.5425925925925925, "support": 57.0}, "weighted avg": {"precision": 0.6518218623481782, "recall": 0.543859649122807, "f1-score": 0.5362573099415204, "support": 57.0}}