{"best_estimator": "HistGradientBoostingClassifier()", "best_score": 0.7521405253422522, "test_score": 0.8929425837320574}