{"best_estimator": "HistGradientBoostingClassifier(learning_rate=0.05)", "best_score": 0.7558441448369685, "test_score": 0.6137566137566137}