{"best_estimator": "HistGradientBoostingClassifier(learning_rate=0.5)", "best_score": 0.7966336434173833, "test_score": 0.4935611219335598}