{"0": {"precision": 0.7777777777777778, "recall": 0.6363636363636364, "f1-score": 0.7, "support": 33.0}, "1": {"precision": 0.6, "recall": 0.75, "f1-score": 0.6666666666666666, "support": 24.0}, "accuracy": 0.6842105263157895, "macro avg": {"precision": 0.6888888888888889, "recall": 0.6931818181818181, "f1-score": 0.6833333333333333, "support": 57.0}, "weighted avg": {"precision": 0.7029239766081871, "recall": 0.6842105263157895, "f1-score": 0.6859649122807017, "support": 57.0}}