{"best_estimator": "KNeighborsClassifier(n_neighbors=10, p=3)", "best_score": 0.746719495555163, "test_score": 0.6865378316410089}