{"0": {"precision": 0.7, "recall": 0.3888888888888889, "f1-score": 0.5, "support": 36.0}, "1": {"precision": 0.40540540540540543, "recall": 0.7142857142857143, "f1-score": 0.5172413793103449, "support": 21.0}, "accuracy": 0.5087719298245614, "macro avg": {"precision": 0.5527027027027027, "recall": 0.5515873015873016, "f1-score": 0.5086206896551724, "support": 57.0}, "weighted avg": {"precision": 0.5914651493598861, "recall": 0.5087719298245614, "f1-score": 0.5063520871143375, "support": 57.0}}