{"0": {"precision": 0.9473684210526315, "recall": 0.7297297297297297, "f1-score": 0.8244274809160306, "support": 74.0}, "1": {"precision": 0.47368421052631576, "recall": 0.8571428571428571, "f1-score": 0.6101694915254238, "support": 21.0}, "accuracy": 0.7578947368421053, "macro avg": {"precision": 0.7105263157894737, "recall": 0.7934362934362934, "f1-score": 0.7172984862207272, "support": 95.0}, "weighted avg": {"precision": 0.8426592797783934, "recall": 0.7578947368421053, "f1-score": 0.7770651885244226, "support": 95.0}}