{"best_estimator": "RandomForestClassifier(criterion='log_loss', n_estimators=150)", "best_score": 0.6325621130146795, "test_score": 0.6836734693877551}