{"0": {"precision": 0.8676470588235294, "recall": 0.7972972972972973, "f1-score": 0.8309859154929577, "support": 74.0}, "1": {"precision": 0.4444444444444444, "recall": 0.5714285714285714, "f1-score": 0.5, "support": 21.0}, "accuracy": 0.7473684210526316, "macro avg": {"precision": 0.6560457516339869, "recall": 0.6843629343629343, "f1-score": 0.6654929577464789, "support": 95.0}, "weighted avg": {"precision": 0.7740970072239421, "recall": 0.7473684210526316, "f1-score": 0.7578206078576725, "support": 95.0}}