{"best_estimator": "RandomForestClassifier(criterion='entropy', n_estimators=150)", "best_score": 0.6173501799109103, "test_score": 0.8118706942236356}