{"best_estimator": "RandomForestClassifier()", "best_score": 0.6437356462357903, "test_score": 0.6253869969040248}