{"precision": 0.7306699492746466, "recall": 0.7015411065323283, "f1": 0.7037202406230687}