{"best_estimator": "BernoulliNB()", "best_score": 0.5863842798117471, "test_score": 0.5192307692307693}