{"best_estimator": "BernoulliNB()", "best_score": 0.5724701292063348, "test_score": 0.6983555062823356}