{"0": {"precision": 0.6470588235294118, "recall": 0.7857142857142857, "f1-score": 0.7096774193548387, "support": 28.0}, "1": {"precision": 0.14285714285714285, "recall": 0.07692307692307693, "f1-score": 0.1, "support": 13.0}, "accuracy": 0.5609756097560976, "macro avg": {"precision": 0.39495798319327735, "recall": 0.43131868131868134, "f1-score": 0.40483870967741936, "support": 41.0}, "weighted avg": {"precision": 0.4871899979503997, "recall": 0.5609756097560976, "f1-score": 0.5163650668764752, "support": 41.0}}