{"best_estimator": "BernoulliNB()", "best_score": 0.5775934287879914, "test_score": 0.5163650668764752}