{"best_estimator": "HistGradientBoostingClassifier(learning_rate=0.01)", "best_score": 0.5938696997766822, "test_score": 0.5599999999999999}