{"best_estimator": "HistGradientBoostingClassifier(learning_rate=0.5)", "best_score": 0.5813009515237291, "test_score": 0.5392857142857144}