{"best_estimator": "HistGradientBoostingClassifier(learning_rate=0.01)", "best_score": 0.5711018054902108, "test_score": 0.5440298507462686}