{"best_estimator": "KNeighborsClassifier(n_neighbors=15, weights='distance')", "best_score": 0.5570095198223977, "test_score": 0.6104118993135011}