{"best_estimator": "KNeighborsClassifier(n_neighbors=25)", "best_score": 0.6013596403431909, "test_score": 0.5423242467718795}