{"best_estimator": "KNeighborsClassifier(n_neighbors=15, weights='distance')", "best_score": 0.5860720824785746, "test_score": 0.5774374460742019}