{"best_estimator": "AdaBoostClassifier(algorithm='SAMME', learning_rate=0.01, n_estimators=300)", "best_score": 0.6921287662685655, "test_score": 0.6557610241820768}