{"0": {"precision": 0.0, "recall": 0.0, "f1-score": 0.0, "support": 24.0}, "1": {"precision": 0.38461538461538464, "recall": 1.0, "f1-score": 0.5555555555555556, "support": 15.0}, "accuracy": 0.38461538461538464, "macro avg": {"precision": 0.19230769230769232, "recall": 0.5, "f1-score": 0.2777777777777778, "support": 39.0}, "weighted avg": {"precision": 0.14792899408284024, "recall": 0.38461538461538464, "f1-score": 0.2136752136752137, "support": 39.0}}