{"best_estimator": "BernoulliNB()", "best_score": 0.39518250579801817, "test_score": 0.4130116959064328}