{"best_estimator": "BernoulliNB()", "best_score": 0.34216324020660516, "test_score": 0.2136752136752137}