{"best_estimator": "BernoulliNB()", "best_score": 0.35822561892738813, "test_score": 0.2136752136752137}