{"best_estimator": "BernoulliNB()", "best_score": 0.35411097290647264, "test_score": 0.2649572649572649}