{"best_estimator": "HistGradientBoostingClassifier(learning_rate=0.01)", "best_score": 0.696040011415918, "test_score": 0.7894736842105263}