{"0": {"precision": 0.8421052631578947, "recall": 0.6956521739130435, "f1-score": 0.7619047619047619, "support": 23.0}, "1": {"precision": 0.631578947368421, "recall": 0.8, "f1-score": 0.7058823529411765, "support": 15.0}, "accuracy": 0.7368421052631579, "macro avg": {"precision": 0.7368421052631579, "recall": 0.7478260869565218, "f1-score": 0.7338935574229692, "support": 38.0}, "weighted avg": {"precision": 0.7590027700831025, "recall": 0.7368421052631579, "f1-score": 0.7397906531033466, "support": 38.0}}