{"best_estimator": "KNeighborsClassifier(p=1, weights='distance')", "best_score": 0.6008168304797554, "test_score": 0.634718899521531}