{"best_estimator": "RandomForestClassifier(max_depth=2, n_estimators=400)", "best_score": 0.7122061897868732, "test_score": 0.7390350877192983}