{"0": {"precision": 0.8823529411764706, "recall": 0.6521739130434783, "f1-score": 0.75, "support": 23.0}, "1": {"precision": 0.6190476190476191, "recall": 0.8666666666666667, "f1-score": 0.7222222222222222, "support": 15.0}, "accuracy": 0.7368421052631579, "macro avg": {"precision": 0.7507002801120448, "recall": 0.7594202898550725, "f1-score": 0.7361111111111112, "support": 38.0}, "weighted avg": {"precision": 0.7784166298098187, "recall": 0.7368421052631579, "f1-score": 0.7390350877192983, "support": 38.0}}