{"best_estimator": "RandomForestClassifier(criterion='log_loss')", "best_score": 0.7134475157889637, "test_score": 0.670940170940171}