{"best_estimator": "RandomForestClassifier(max_depth=2, n_estimators=400)", "best_score": 0.7287185435977583, "test_score": 0.7213675213675214}