{"0": {"precision": 0.6666666666666666, "recall": 0.5925925925925926, "f1-score": 0.6274509803921569, "support": 27.0}, "1": {"precision": 0.3125, "recall": 0.38461538461538464, "f1-score": 0.3448275862068966, "support": 13.0}, "accuracy": 0.525, "macro avg": {"precision": 0.4895833333333333, "recall": 0.48860398860398857, "f1-score": 0.4861392832995267, "support": 40.0}, "weighted avg": {"precision": 0.5515625, "recall": 0.525, "f1-score": 0.5355983772819473, "support": 40.0}}