{"best_estimator": "BernoulliNB()", "best_score": 0.38238134145421304, "test_score": 0.15943396226415094}