{"best_estimator": "BernoulliNB()", "best_score": 0.35435040765060744, "test_score": 0.15266485998193313}