{"best_estimator": "BernoulliNB()", "best_score": 0.3638690601409751, "test_score": 0.21071428571428572}