{"0": {"precision": 0.5, "recall": 0.07407407407407407, "f1-score": 0.12903225806451613, "support": 27.0}, "1": {"precision": 0.3055555555555556, "recall": 0.8461538461538461, "f1-score": 0.4489795918367347, "support": 13.0}, "accuracy": 0.325, "macro avg": {"precision": 0.4027777777777778, "recall": 0.4601139601139601, "f1-score": 0.2890059249506254, "support": 40.0}, "weighted avg": {"precision": 0.43680555555555556, "recall": 0.325, "f1-score": 0.23301514154048716, "support": 40.0}}