{"best_estimator": "BernoulliNB()", "best_score": 0.3615261177522554, "test_score": 0.15943396226415094}