{"best_estimator": "HistGradientBoostingClassifier(learning_rate=0.5)", "best_score": 0.5612809908426956, "test_score": 0.5609756097560976}