{"best_estimator": "HistGradientBoostingClassifier(learning_rate=0.5)", "best_score": 0.5592907866121946, "test_score": 0.6337791199309749}