{"best_estimator": "HistGradientBoostingClassifier()", "best_score": 0.5300499856865032, "test_score": 0.6388765705838877}