{"best_estimator": "HistGradientBoostingClassifier(learning_rate=0.05)", "best_score": 0.5850368534787849, "test_score": 0.6209090909090909}