{"best_estimator": "KNeighborsClassifier(n_neighbors=15, p=1, weights='distance')", "best_score": 0.4646287135643633, "test_score": 0.5385714285714285}