{"best_estimator": "KNeighborsClassifier(p=1, weights='distance')", "best_score": 0.46235932001996155, "test_score": 0.5884268214055448}