{"best_estimator": "KNeighborsClassifier(p=1, weights='distance')", "best_score": 0.471714364031617, "test_score": 0.5685249709639952}