{"best_estimator": "KNeighborsClassifier(p=1, weights='distance')", "best_score": 0.5348553922979001, "test_score": 0.6779524807826695}