{"best_estimator": "RandomForestClassifier()", "best_score": 0.5369701845706987, "test_score": 0.5774374460742019}