{"0": {"precision": 0.6875, "recall": 0.8148148148148148, "f1-score": 0.7457627118644068, "support": 27.0}, "1": {"precision": 0.375, "recall": 0.23076923076923078, "f1-score": 0.2857142857142857, "support": 13.0}, "accuracy": 0.625, "macro avg": {"precision": 0.53125, "recall": 0.5227920227920227, "f1-score": 0.5157384987893463, "support": 40.0}, "weighted avg": {"precision": 0.5859375, "recall": 0.625, "f1-score": 0.5962469733656175, "support": 40.0}}