{"best_estimator": "RandomForestClassifier(criterion='log_loss', n_estimators=150)", "best_score": 0.5108482519546109, "test_score": 0.7210309686000324}