{"best_estimator": "RandomForestClassifier(n_estimators=200)", "best_score": 0.5662616798608446, "test_score": 0.6500807102502019}