{"best_estimator": "RandomForestClassifier(n_estimators=150)", "best_score": 0.5377126016897096, "test_score": 0.6209090909090909}