{"precision": 0.7474820814867574, "recall": 0.7245696501842465, "f1": 0.7263349422944422}