{"best_estimator": "AdaBoostClassifier(algorithm='SAMME', learning_rate=0.1)", "best_score": 0.5260029706560803, "test_score": 0.43643263757115747}