{"best_estimator": "BernoulliNB()", "best_score": 0.4643012189705565, "test_score": 0.5211129296235679}