{"best_estimator": "BernoulliNB()", "best_score": 0.4780229630478227, "test_score": 0.3953328757721345}