{"best_estimator": "BernoulliNB()", "best_score": 0.4798033277423815, "test_score": 0.4265964450296248}