{"best_estimator": "HistGradientBoostingClassifier(learning_rate=0.01)", "best_score": 0.5410860045717676, "test_score": 0.4433179723502304}