{"0": {"precision": 0.6, "recall": 0.631578947368421, "f1-score": 0.6153846153846154, "support": 19.0}, "1": {"precision": 0.36363636363636365, "recall": 0.3333333333333333, "f1-score": 0.34782608695652173, "support": 12.0}, "accuracy": 0.5161290322580645, "macro avg": {"precision": 0.4818181818181818, "recall": 0.48245614035087714, "f1-score": 0.4816053511705686, "support": 31.0}, "weighted avg": {"precision": 0.5085043988269795, "recall": 0.5161290322580645, "f1-score": 0.5118135721221276, "support": 31.0}}