{"best_estimator": "HistGradientBoostingClassifier()", "best_score": 0.565075767585958, "test_score": 0.6419966195562269}