{"best_estimator": "HistGradientBoostingClassifier(learning_rate=0.05)", "best_score": 0.5408400794366603, "test_score": 0.6191021439570419}