{"best_estimator": "RandomForestClassifier(max_depth=6, n_estimators=400)", "best_score": 0.5350025020924075, "test_score": 0.7070881432732766}