{"best_estimator": "RandomForestClassifier(max_depth=6, n_estimators=400)", "best_score": 0.5535640135240698, "test_score": 0.6086784854108264}