{"best_estimator": "BernoulliNB()", "best_score": 0.530070001329105, "test_score": 0.46687766015497106}