{"best_estimator": "BernoulliNB()", "best_score": 0.5349214941610615, "test_score": 0.5092857142857142}