{"best_estimator": "BernoulliNB()", "best_score": 0.5329218379619218, "test_score": 0.5092857142857142}