{"best_estimator": "BernoulliNB()", "best_score": 0.5132395217487418, "test_score": 0.546875}