{"best_estimator": "BernoulliNB()", "best_score": 0.5359275705744379, "test_score": 0.5092857142857142}