{"best_estimator": "BernoulliNB()", "best_score": 0.5179724083127568, "test_score": 0.4955716176320879}