{"best_estimator": "BernoulliNB()", "best_score": 0.5230778533456242, "test_score": 0.5981695869837297}