{"best_estimator": "HistGradientBoostingClassifier(learning_rate=0.5)", "best_score": 0.555004177277201, "test_score": 0.5690060908084165}