{"best_estimator": "HistGradientBoostingClassifier(learning_rate=0.01)", "best_score": 0.5605744755929261, "test_score": 0.4122076023391813}