{"0": {"precision": 0.6428571428571429, "recall": 0.9473684210526315, "f1-score": 0.7659574468085106, "support": 19.0}, "1": {"precision": 0.75, "recall": 0.23076923076923078, "f1-score": 0.35294117647058826, "support": 13.0}, "accuracy": 0.65625, "macro avg": {"precision": 0.6964285714285714, "recall": 0.5890688259109311, "f1-score": 0.5594493116395495, "support": 32.0}, "weighted avg": {"precision": 0.6863839285714286, "recall": 0.65625, "f1-score": 0.5981695869837297, "support": 32.0}}