{"best_estimator": "KNeighborsClassifier(n_neighbors=15)", "best_score": 0.5355942915617111, "test_score": 0.5981695869837297}