{"best_estimator": "KNeighborsClassifier(n_neighbors=15)", "best_score": 0.5461602682393771, "test_score": 0.6196637426900584}