{"best_estimator": "KNeighborsClassifier(n_neighbors=10, weights='distance')", "best_score": 0.5665500369124752, "test_score": 0.5033212560386473}