{"0": {"precision": 0.6666666666666666, "recall": 0.8, "f1-score": 0.7272727272727273, "support": 20.0}, "1": {"precision": 0.5555555555555556, "recall": 0.38461538461538464, "f1-score": 0.45454545454545453, "support": 13.0}, "accuracy": 0.6363636363636364, "macro avg": {"precision": 0.6111111111111112, "recall": 0.5923076923076923, "f1-score": 0.5909090909090909, "support": 33.0}, "weighted avg": {"precision": 0.6228956228956228, "recall": 0.6363636363636364, "f1-score": 0.6198347107438017, "support": 33.0}}