{"best_estimator": "RandomForestClassifier(criterion='log_loss', n_estimators=400)", "best_score": 0.5313959755585325, "test_score": 0.5943181818181819}