{"0": {"precision": 0.48, "recall": 0.631578947368421, "f1-score": 0.5454545454545454, "support": 19.0}, "1": {"precision": 0.6111111111111112, "recall": 0.4583333333333333, "f1-score": 0.5238095238095238, "support": 24.0}, "accuracy": 0.5348837209302325, "macro avg": {"precision": 0.5455555555555556, "recall": 0.5449561403508771, "f1-score": 0.5346320346320346, "support": 43.0}, "weighted avg": {"precision": 0.5531782945736434, "recall": 0.5348837209302325, "f1-score": 0.533373603141045, "support": 43.0}}