{"best_estimator": "BernoulliNB()", "best_score": 0.546001284421186, "test_score": 0.6064862130027827}