{"best_estimator": "BernoulliNB()", "best_score": 0.5432188770797997, "test_score": 0.5681818181818182}