{"best_estimator": "BernoulliNB()", "best_score": 0.5701354709008417, "test_score": 0.6050911592707258}