{"0": {"precision": 0.5, "recall": 0.9, "f1-score": 0.6428571428571429, "support": 20.0}, "1": {"precision": 0.7777777777777778, "recall": 0.28, "f1-score": 0.4117647058823529, "support": 25.0}, "accuracy": 0.5555555555555556, "macro avg": {"precision": 0.6388888888888888, "recall": 0.5900000000000001, "f1-score": 0.5273109243697479, "support": 45.0}, "weighted avg": {"precision": 0.654320987654321, "recall": 0.5555555555555556, "f1-score": 0.5144724556489262, "support": 45.0}}