{"best_estimator": "BernoulliNB()", "best_score": 0.6228822459937524, "test_score": 0.5144724556489262}