{"best_estimator": "HistGradientBoostingClassifier(learning_rate=0.01)", "best_score": 0.7100432994943129, "test_score": 0.7333333333333333}