{"best_estimator": "HistGradientBoostingClassifier(learning_rate=0.5)", "best_score": 0.699450130179135, "test_score": 0.6046079524340394}