{"best_estimator": "HistGradientBoostingClassifier()", "best_score": 0.6731462135197183, "test_score": 0.8151675485008818}