{"best_estimator": "HistGradientBoostingClassifier(learning_rate=0.001)", "best_score": 0.7358646599589831, "test_score": 0.6666666666666666}