{"best_estimator": "HistGradientBoostingClassifier(learning_rate=0.01)", "best_score": 0.7124995332064066, "test_score": 0.6744186046511628}