{"best_estimator": "KNeighborsClassifier(n_neighbors=15, p=1, weights='distance')", "best_score": 0.6678391413170444, "test_score": 0.5333333333333333}