{"best_estimator": "KNeighborsClassifier(n_neighbors=10, weights='distance')", "best_score": 0.6598292895358965, "test_score": 0.6508118746924717}