{"best_estimator": "KNeighborsClassifier(p=1, weights='distance')", "best_score": 0.6764046804171132, "test_score": 0.5375565610859728}