{"0": {"precision": 0.6875, "recall": 0.5789473684210527, "f1-score": 0.6285714285714286, "support": 19.0}, "1": {"precision": 0.7037037037037037, "recall": 0.7916666666666666, "f1-score": 0.7450980392156863, "support": 24.0}, "accuracy": 0.6976744186046512, "macro avg": {"precision": 0.6956018518518519, "recall": 0.6853070175438596, "f1-score": 0.6868347338935574, "support": 43.0}, "weighted avg": {"precision": 0.6965439276485789, "recall": 0.6976744186046512, "f1-score": 0.693609536837991, "support": 43.0}}