{"best_estimator": "AdaBoostClassifier(algorithm='SAMME', learning_rate=0.5, n_estimators=400)", "best_score": 0.5101658328174986, "test_score": 0.47379317859867054}