{"0": {"precision": 0.7714285714285715, "recall": 0.6428571428571429, "f1-score": 0.7012987012987013, "support": 42.0}, "1": {"precision": 0.3181818181818182, "recall": 0.4666666666666667, "f1-score": 0.3783783783783784, "support": 15.0}, "accuracy": 0.5964912280701754, "macro avg": {"precision": 0.5448051948051948, "recall": 0.5547619047619048, "f1-score": 0.5398385398385399, "support": 57.0}, "weighted avg": {"precision": 0.6521531100478469, "recall": 0.5964912280701754, "f1-score": 0.6163196689512479, "support": 57.0}}