{"best_estimator": "HistGradientBoostingClassifier(learning_rate=0.05)", "best_score": 0.534522583591014, "test_score": 0.47278911564625853}