{"0": {"precision": 0.6222222222222222, "recall": 0.8484848484848485, "f1-score": 0.717948717948718, "support": 33.0}, "1": {"precision": 0.5833333333333334, "recall": 0.2916666666666667, "f1-score": 0.3888888888888889, "support": 24.0}, "accuracy": 0.6140350877192983, "macro avg": {"precision": 0.6027777777777779, "recall": 0.5700757575757576, "f1-score": 0.5534188034188035, "support": 57.0}, "weighted avg": {"precision": 0.6058479532163742, "recall": 0.6140350877192983, "f1-score": 0.5793972109761584, "support": 57.0}}