{"best_estimator": "KNeighborsClassifier(p=1, weights='distance')", "best_score": 0.4810461764790652, "test_score": 0.6296152351340847}