{"0": {"precision": 0.6808510638297872, "recall": 0.8888888888888888, "f1-score": 0.7710843373493976, "support": 36.0}, "1": {"precision": 0.6, "recall": 0.2857142857142857, "f1-score": 0.3870967741935484, "support": 21.0}, "accuracy": 0.6666666666666666, "macro avg": {"precision": 0.6404255319148936, "recall": 0.5873015873015872, "f1-score": 0.579090555771473, "support": 57.0}, "weighted avg": {"precision": 0.6510638297872341, "recall": 0.6666666666666666, "f1-score": 0.6296152351340847, "support": 57.0}}