{"best_estimator": "KNeighborsClassifier(p=1, weights='distance')", "best_score": 0.467455893479209, "test_score": 0.5788521937755783}