{"best_estimator": "KNeighborsClassifier(n_neighbors=10, p=3, weights='distance')", "best_score": 0.4854395275526061, "test_score": 0.6106951871657753}