{"best_estimator": "RandomForestClassifier(criterion='entropy', n_estimators=200)", "best_score": 0.5722762326774701, "test_score": 0.5415020697811945}