{"0": {"precision": 0.625, "recall": 0.5555555555555556, "f1-score": 0.5882352941176471, "support": 9.0}, "1": {"precision": 0.6363636363636364, "recall": 0.7, "f1-score": 0.6666666666666666, "support": 10.0}, "accuracy": 0.631578947368421, "macro avg": {"precision": 0.6306818181818181, "recall": 0.6277777777777778, "f1-score": 0.6274509803921569, "support": 19.0}, "weighted avg": {"precision": 0.6309808612440191, "recall": 0.631578947368421, "f1-score": 0.6295149638802889, "support": 19.0}}