{"best_estimator": "RandomForestClassifier(criterion='entropy')", "best_score": 0.5611765746689591, "test_score": 0.47139965297860037}