{"precision": 0.7694571757254003, "recall": 0.7523015270159227, "f1": 0.7543818890353042}