{"precision": 0.6060063507889412, "recall": 0.5440489327169681, "f1": 0.5467657702474787}