{"0": {"precision": 0.6521739130434783, "recall": 0.8333333333333334, "f1-score": 0.7317073170731707, "support": 36.0}, "1": {"precision": 0.25, "recall": 0.1111111111111111, "f1-score": 0.15384615384615385, "support": 18.0}, "accuracy": 0.5925925925925926, "macro avg": {"precision": 0.45108695652173914, "recall": 0.4722222222222222, "f1-score": 0.4427767354596623, "support": 54.0}, "weighted avg": {"precision": 0.5181159420289855, "recall": 0.5925925925925926, "f1-score": 0.5390869293308318, "support": 54.0}}