{"0": {"precision": 0.7777777777777778, "recall": 0.8333333333333334, "f1-score": 0.8045977011494253, "support": 42.0}, "1": {"precision": 0.4166666666666667, "recall": 0.3333333333333333, "f1-score": 0.37037037037037035, "support": 15.0}, "accuracy": 0.7017543859649122, "macro avg": {"precision": 0.5972222222222222, "recall": 0.5833333333333334, "f1-score": 0.5874840357598978, "support": 57.0}, "weighted avg": {"precision": 0.6827485380116959, "recall": 0.7017543859649122, "f1-score": 0.6903273509444109, "support": 57.0}}