{"best_estimator": "BernoulliNB()", "best_score": 0.5928289429873133, "test_score": 0.2889983579638752}