{"best_estimator": "BernoulliNB()", "best_score": 0.5654555321790686, "test_score": 0.7084625259208057}