{"best_estimator": "HistGradientBoostingClassifier(learning_rate=0.5)", "best_score": 0.5529130173242607, "test_score": 0.5726529612223534}