{"0": {"precision": 0.6122448979591837, "recall": 0.9090909090909091, "f1-score": 0.7317073170731707, "support": 33.0}, "1": {"precision": 0.625, "recall": 0.20833333333333334, "f1-score": 0.3125, "support": 24.0}, "accuracy": 0.6140350877192983, "macro avg": {"precision": 0.6186224489795918, "recall": 0.5587121212121212, "f1-score": 0.5221036585365854, "support": 57.0}, "weighted avg": {"precision": 0.6176154672395273, "recall": 0.6140350877192983, "f1-score": 0.555198973042362, "support": 57.0}}