{"best_estimator": "HistGradientBoostingClassifier(learning_rate=0.5)", "best_score": 0.5830665706086008, "test_score": 0.6362007168458781}