{"0": {"precision": 0.6923076923076923, "recall": 0.75, "f1-score": 0.72, "support": 36.0}, "1": {"precision": 0.4, "recall": 0.3333333333333333, "f1-score": 0.36363636363636365, "support": 18.0}, "accuracy": 0.6111111111111112, "macro avg": {"precision": 0.5461538461538462, "recall": 0.5416666666666666, "f1-score": 0.5418181818181818, "support": 54.0}, "weighted avg": {"precision": 0.5948717948717949, "recall": 0.6111111111111112, "f1-score": 0.6012121212121211, "support": 54.0}}