{"best_estimator": "KNeighborsClassifier(p=1, weights='distance')", "best_score": 0.5906718432574996, "test_score": 0.5896805896805897}