{"0": {"precision": 0.4, "recall": 0.2222222222222222, "f1-score": 0.2857142857142857, "support": 9.0}, "1": {"precision": 0.5, "recall": 0.7, "f1-score": 0.5833333333333334, "support": 10.0}, "accuracy": 0.47368421052631576, "macro avg": {"precision": 0.45, "recall": 0.4611111111111111, "f1-score": 0.43452380952380953, "support": 19.0}, "weighted avg": {"precision": 0.4526315789473684, "recall": 0.47368421052631576, "f1-score": 0.4423558897243108, "support": 19.0}}