{"0": {"precision": 0.5714285714285714, "recall": 0.9696969696969697, "f1-score": 0.7191011235955056, "support": 33.0}, "1": {"precision": 0.0, "recall": 0.0, "f1-score": 0.0, "support": 24.0}, "accuracy": 0.5614035087719298, "macro avg": {"precision": 0.2857142857142857, "recall": 0.48484848484848486, "f1-score": 0.3595505617977528, "support": 57.0}, "weighted avg": {"precision": 0.3308270676691729, "recall": 0.5614035087719298, "f1-score": 0.4163217031342401, "support": 57.0}}