{"best_estimator": "KNeighborsClassifier(n_neighbors=15, weights='distance')", "best_score": 0.5993606908935764, "test_score": 0.5178665727864813}