{"best_estimator": "RandomForestClassifier(criterion='entropy')", "best_score": 0.569248369259128, "test_score": 0.6428571428571428}