{"0": {"precision": 0.7916666666666666, "recall": 0.4523809523809524, "f1-score": 0.5757575757575758, "support": 42.0}, "1": {"precision": 0.30303030303030304, "recall": 0.6666666666666666, "f1-score": 0.4166666666666667, "support": 15.0}, "accuracy": 0.5087719298245614, "macro avg": {"precision": 0.5473484848484849, "recall": 0.5595238095238095, "f1-score": 0.4962121212121212, "support": 57.0}, "weighted avg": {"precision": 0.6630781499202552, "recall": 0.5087719298245614, "f1-score": 0.5338915470494419, "support": 57.0}}