{"0": {"precision": 0.625, "recall": 0.45454545454545453, "f1-score": 0.5263157894736842, "support": 33.0}, "1": {"precision": 0.45454545454545453, "recall": 0.625, "f1-score": 0.5263157894736842, "support": 24.0}, "accuracy": 0.5263157894736842, "macro avg": {"precision": 0.5397727272727273, "recall": 0.5397727272727273, "f1-score": 0.5263157894736842, "support": 57.0}, "weighted avg": {"precision": 0.5532296650717703, "recall": 0.5263157894736842, "f1-score": 0.5263157894736842, "support": 57.0}}