{"0": {"precision": 0.5, "recall": 0.3333333333333333, "f1-score": 0.4, "support": 9.0}, "1": {"precision": 0.5384615384615384, "recall": 0.7, "f1-score": 0.6086956521739131, "support": 10.0}, "accuracy": 0.5263157894736842, "macro avg": {"precision": 0.5192307692307692, "recall": 0.5166666666666666, "f1-score": 0.5043478260869565, "support": 19.0}, "weighted avg": {"precision": 0.520242914979757, "recall": 0.5263157894736842, "f1-score": 0.5098398169336384, "support": 19.0}}