{"0": {"precision": 1.0, "recall": 0.1111111111111111, "f1-score": 0.2, "support": 9.0}, "1": {"precision": 0.5555555555555556, "recall": 1.0, "f1-score": 0.7142857142857143, "support": 10.0}, "accuracy": 0.5789473684210527, "macro avg": {"precision": 0.7777777777777778, "recall": 0.5555555555555556, "f1-score": 0.4571428571428572, "support": 19.0}, "weighted avg": {"precision": 0.7660818713450293, "recall": 0.5789473684210527, "f1-score": 0.4706766917293233, "support": 19.0}}