{"best_estimator": "BernoulliNB()", "best_score": 0.34710525459997105, "test_score": 0.16666666666666666}