{"best_estimator": "HistGradientBoostingClassifier(learning_rate=0.5)", "best_score": 0.5496254154591338, "test_score": 0.7069147069147069}