{"0": {"precision": 0.5, "recall": 0.7272727272727273, "f1-score": 0.5925925925925926, "support": 11.0}, "1": {"precision": 0.4, "recall": 0.2, "f1-score": 0.26666666666666666, "support": 10.0}, "accuracy": 0.47619047619047616, "macro avg": {"precision": 0.45, "recall": 0.4636363636363636, "f1-score": 0.4296296296296296, "support": 21.0}, "weighted avg": {"precision": 0.4523809523809524, "recall": 0.47619047619047616, "f1-score": 0.43738977072310403, "support": 21.0}}