{"best_estimator": "KNeighborsClassifier(p=3, weights='distance')", "best_score": 0.5211585460116778, "test_score": 0.41137536354254617}