{"best_estimator": "KNeighborsClassifier(p=1, weights='distance')", "best_score": 0.5028756974274604, "test_score": 0.6936813186813188}