{"0": {"precision": 0.7857142857142857, "recall": 0.2972972972972973, "f1-score": 0.43137254901960786, "support": 74.0}, "1": {"precision": 0.22388059701492538, "recall": 0.7142857142857143, "f1-score": 0.3409090909090909, "support": 21.0}, "accuracy": 0.3894736842105263, "macro avg": {"precision": 0.5047974413646056, "recall": 0.5057915057915058, "f1-score": 0.38614081996434935, "support": 95.0}, "weighted avg": {"precision": 0.661519470317585, "recall": 0.3894736842105263, "f1-score": 0.41137536354254617, "support": 95.0}}