{"best_estimator": "KNeighborsClassifier(p=1, weights='distance')", "best_score": 0.42308473012729164, "test_score": 0.5541702569152583}