{"best_estimator": "RandomForestClassifier(criterion='log_loss')", "best_score": 0.5366748066610272, "test_score": 0.5077680939749906}