{"0": {"precision": 0.8, "recall": 0.8, "f1-score": 0.8, "support": 15.0}, "1": {"precision": 0.4, "recall": 0.4, "f1-score": 0.4, "support": 5.0}, "accuracy": 0.7, "macro avg": {"precision": 0.6000000000000001, "recall": 0.6000000000000001, "f1-score": 0.6000000000000001, "support": 20.0}, "weighted avg": {"precision": 0.7, "recall": 0.7, "f1-score": 0.7, "support": 20.0}}