{"best_estimator": "RandomForestClassifier()", "best_score": 0.5167571756016442, "test_score": 0.492156862745098}