{"best_estimator": "RandomForestClassifier(n_estimators=150)", "best_score": 0.5200636470176029, "test_score": 0.5909090909090909}