{"0": {"precision": 0.6875, "recall": 0.5238095238095238, "f1-score": 0.5945945945945946, "support": 42.0}, "1": {"precision": 0.2, "recall": 0.3333333333333333, "f1-score": 0.25, "support": 15.0}, "accuracy": 0.47368421052631576, "macro avg": {"precision": 0.44375, "recall": 0.4285714285714286, "f1-score": 0.4222972972972973, "support": 57.0}, "weighted avg": {"precision": 0.5592105263157895, "recall": 0.47368421052631576, "f1-score": 0.5039118065433855, "support": 57.0}}