{"0": {"precision": 0.75, "recall": 0.6, "f1-score": 0.6666666666666666, "support": 20.0}, "1": {"precision": 0.5294117647058824, "recall": 0.6923076923076923, "f1-score": 0.6, "support": 13.0}, "accuracy": 0.6363636363636364, "macro avg": {"precision": 0.6397058823529411, "recall": 0.6461538461538461, "f1-score": 0.6333333333333333, "support": 33.0}, "weighted avg": {"precision": 0.6631016042780749, "recall": 0.6363636363636364, "f1-score": 0.6404040404040404, "support": 33.0}}