{"best_estimator": "BernoulliNB()", "best_score": 0.6432344825103847, "test_score": 0.505442942942943}