{"best_estimator": "BernoulliNB()", "best_score": 0.5725402833459146, "test_score": 0.7303227992883166}