{"best_estimator": "BernoulliNB()", "best_score": 0.5677057566573127, "test_score": 0.5713838838838838}