{"best_estimator": "BernoulliNB()", "best_score": 0.524903561452652, "test_score": 0.46414369034994696}