{"best_estimator": "HistGradientBoostingClassifier(learning_rate=0.01)", "best_score": 0.6818259611188915, "test_score": 0.6096913838849323}