{"best_estimator": "HistGradientBoostingClassifier(learning_rate=0.01)", "best_score": 0.645729801752115, "test_score": 0.6899801587301587}