{"best_estimator": "HistGradientBoostingClassifier(learning_rate=0.01)", "best_score": 0.6398769781141947, "test_score": 0.5957355816226784}