{"0": {"precision": 0.7142857142857143, "recall": 0.5263157894736842, "f1-score": 0.6060606060606061, "support": 19.0}, "1": {"precision": 0.5, "recall": 0.6923076923076923, "f1-score": 0.5806451612903226, "support": 13.0}, "accuracy": 0.59375, "macro avg": {"precision": 0.6071428571428572, "recall": 0.6093117408906883, "f1-score": 0.5933528836754643, "support": 32.0}, "weighted avg": {"precision": 0.6272321428571428, "recall": 0.59375, "f1-score": 0.5957355816226784, "support": 32.0}}