{"0": {"precision": 0.9230769230769231, "recall": 0.6, "f1-score": 0.7272727272727273, "support": 20.0}, "1": {"precision": 0.6, "recall": 0.9230769230769231, "f1-score": 0.7272727272727273, "support": 13.0}, "accuracy": 0.7272727272727273, "macro avg": {"precision": 0.7615384615384615, "recall": 0.7615384615384615, "f1-score": 0.7272727272727273, "support": 33.0}, "weighted avg": {"precision": 0.7958041958041959, "recall": 0.7272727272727273, "f1-score": 0.7272727272727273, "support": 33.0}}