{"best_estimator": "HistGradientBoostingClassifier(learning_rate=0.01)", "best_score": 0.626640595470554, "test_score": 0.7272727272727273}