{"best_estimator": "RandomForestClassifier(criterion='entropy', n_estimators=150)", "best_score": 0.5319530299870328, "test_score": 0.537960638800975}