{"best_estimator": "RandomForestClassifier(criterion='entropy')", "best_score": 0.49643654295731043, "test_score": 0.6397812713602188}