{"best_estimator": "RandomForestClassifier(criterion='entropy', max_depth=6)", "best_score": 0.5633998480448705, "test_score": 0.5973522167487685}