{"0": {"precision": 0.7619047619047619, "recall": 0.8, "f1-score": 0.7804878048780488, "support": 20.0}, "1": {"precision": 0.6666666666666666, "recall": 0.6153846153846154, "f1-score": 0.64, "support": 13.0}, "accuracy": 0.7272727272727273, "macro avg": {"precision": 0.7142857142857142, "recall": 0.7076923076923077, "f1-score": 0.7102439024390244, "support": 33.0}, "weighted avg": {"precision": 0.7243867243867244, "recall": 0.7272727272727273, "f1-score": 0.7251441241685144, "support": 33.0}}