{"best_estimator": "RandomForestClassifier(criterion='entropy', n_estimators=400)", "best_score": 0.5407539120102932, "test_score": 0.5335960960960962}