{"best_estimator": "BernoulliNB()", "best_score": 0.6630751333822975, "test_score": 0.5824202082266597}