{"best_estimator": "BernoulliNB()", "best_score": 0.638960814574357, "test_score": 0.43072196620583714}