{"best_estimator": "BernoulliNB()", "best_score": 0.644317843482457, "test_score": 0.7115605928509154}