{"best_estimator": "HistGradientBoostingClassifier(learning_rate=0.5)", "best_score": 0.659660620458619, "test_score": 0.6928178037540744}