{"best_estimator": "HistGradientBoostingClassifier(learning_rate=0.001)", "best_score": 0.704676854453625, "test_score": 0.5824202082266597}