{"best_estimator": "HistGradientBoostingClassifier(learning_rate=0.5)", "best_score": 0.6701618193637894, "test_score": 0.669683257918552}