{"best_estimator": "HistGradientBoostingClassifier(learning_rate=0.01)", "best_score": 0.6945171724748322, "test_score": 0.6007047980482515}