{"best_estimator": "KNeighborsClassifier(weights='distance')", "best_score": 0.7063233522879384, "test_score": 0.7770609318996415}