{"best_estimator": "RandomForestClassifier(n_estimators=200)", "best_score": 0.7298656446517077, "test_score": 0.6428596338273758}