{"0": {"precision": 0.6285714285714286, "recall": 0.8461538461538461, "f1-score": 0.7213114754098361, "support": 26.0}, "1": {"precision": 0.3333333333333333, "recall": 0.13333333333333333, "f1-score": 0.19047619047619047, "support": 15.0}, "accuracy": 0.5853658536585366, "macro avg": {"precision": 0.4809523809523809, "recall": 0.4897435897435897, "f1-score": 0.4558938329430133, "support": 41.0}, "weighted avg": {"precision": 0.5205574912891986, "recall": 0.5853658536585366, "f1-score": 0.5271034443365511, "support": 41.0}}