{"best_estimator": "BernoulliNB()", "best_score": 0.5444630906866503, "test_score": 0.5672043010752688}