{"best_estimator": "BernoulliNB()", "best_score": 0.5428431202076656, "test_score": 0.516260162601626}