{"best_estimator": "BernoulliNB()", "best_score": 0.547910022196702, "test_score": 0.584045584045584}