{"best_estimator": "BernoulliNB()", "best_score": 0.5453495829069384, "test_score": 0.5453621581670363}