{"best_estimator": "HistGradientBoostingClassifier()", "best_score": 0.5714102851670517, "test_score": 0.6045454545454546}