{"best_estimator": "HistGradientBoostingClassifier()", "best_score": 0.5721631771319784, "test_score": 0.6188234814678973}