{"0": {"precision": 0.625, "recall": 0.8, "f1-score": 0.7017543859649122, "support": 25.0}, "1": {"precision": 0.375, "recall": 0.2, "f1-score": 0.2608695652173913, "support": 15.0}, "accuracy": 0.575, "macro avg": {"precision": 0.5, "recall": 0.5, "f1-score": 0.4813119755911518, "support": 40.0}, "weighted avg": {"precision": 0.53125, "recall": 0.575, "f1-score": 0.5364225781845919, "support": 40.0}}