{"0": {"precision": 0.6388888888888888, "recall": 0.8846153846153846, "f1-score": 0.7419354838709677, "support": 26.0}, "1": {"precision": 0.4, "recall": 0.13333333333333333, "f1-score": 0.2, "support": 15.0}, "accuracy": 0.6097560975609756, "macro avg": {"precision": 0.5194444444444444, "recall": 0.5089743589743589, "f1-score": 0.47096774193548385, "support": 41.0}, "weighted avg": {"precision": 0.551490514905149, "recall": 0.6097560975609756, "f1-score": 0.5436664044059795, "support": 41.0}}