{"0": {"precision": 0.6756756756756757, "recall": 0.9615384615384616, "f1-score": 0.7936507936507936, "support": 26.0}, "1": {"precision": 0.75, "recall": 0.2, "f1-score": 0.3157894736842105, "support": 15.0}, "accuracy": 0.6829268292682927, "macro avg": {"precision": 0.7128378378378378, "recall": 0.5807692307692308, "f1-score": 0.5547201336675021, "support": 41.0}, "weighted avg": {"precision": 0.7028675016479895, "recall": 0.6829268292682927, "f1-score": 0.6188234814678973, "support": 41.0}}