{"0": {"precision": 0.6774193548387096, "recall": 0.84, "f1-score": 0.75, "support": 25.0}, "1": {"precision": 0.5555555555555556, "recall": 0.3333333333333333, "f1-score": 0.4166666666666667, "support": 15.0}, "accuracy": 0.65, "macro avg": {"precision": 0.6164874551971327, "recall": 0.5866666666666667, "f1-score": 0.5833333333333334, "support": 40.0}, "weighted avg": {"precision": 0.6317204301075268, "recall": 0.65, "f1-score": 0.625, "support": 40.0}}