{"0": {"precision": 0.6410256410256411, "recall": 0.9615384615384616, "f1-score": 0.7692307692307693, "support": 26.0}, "1": {"precision": 0.5, "recall": 0.06666666666666667, "f1-score": 0.11764705882352941, "support": 15.0}, "accuracy": 0.6341463414634146, "macro avg": {"precision": 0.5705128205128205, "recall": 0.5141025641025642, "f1-score": 0.44343891402714936, "support": 41.0}, "weighted avg": {"precision": 0.5894308943089431, "recall": 0.6341463414634146, "f1-score": 0.5308464849354376, "support": 41.0}}