{"best_estimator": "RandomForestClassifier(criterion='entropy', n_estimators=150)", "best_score": 0.5665736427032689, "test_score": 0.6661442006269592}