{"best_estimator": "RandomForestClassifier()", "best_score": 0.564942192772545, "test_score": 0.6526648599819331}