{"0": {"precision": 0.7391304347826086, "recall": 0.4927536231884058, "f1-score": 0.591304347826087, "support": 69.0}, "1": {"precision": 0.2857142857142857, "recall": 0.5384615384615384, "f1-score": 0.37333333333333335, "support": 26.0}, "accuracy": 0.5052631578947369, "macro avg": {"precision": 0.5124223602484472, "recall": 0.5156075808249722, "f1-score": 0.4823188405797102, "support": 95.0}, "weighted avg": {"precision": 0.6150375939849624, "recall": 0.5052631578947369, "f1-score": 0.5316491228070176, "support": 95.0}}