{"0": {"precision": 0.5454545454545454, "recall": 0.75, "f1-score": 0.631578947368421, "support": 8.0}, "1": {"precision": 0.8181818181818182, "recall": 0.6428571428571429, "f1-score": 0.72, "support": 14.0}, "accuracy": 0.6818181818181818, "macro avg": {"precision": 0.6818181818181819, "recall": 0.6964285714285714, "f1-score": 0.6757894736842105, "support": 22.0}, "weighted avg": {"precision": 0.71900826446281, "recall": 0.6818181818181818, "f1-score": 0.6878468899521532, "support": 22.0}}