{"0": {"precision": 0.5769230769230769, "recall": 0.5357142857142857, "f1-score": 0.5555555555555556, "support": 28.0}, "1": {"precision": 0.5357142857142857, "recall": 0.5769230769230769, "f1-score": 0.5555555555555556, "support": 26.0}, "accuracy": 0.5555555555555556, "macro avg": {"precision": 0.5563186813186813, "recall": 0.5563186813186813, "f1-score": 0.5555555555555556, "support": 54.0}, "weighted avg": {"precision": 0.5570818070818071, "recall": 0.5555555555555556, "f1-score": 0.5555555555555556, "support": 54.0}}