{"0": {"precision": 0.6, "recall": 0.65625, "f1-score": 0.6268656716417911, "support": 32.0}, "1": {"precision": 0.5, "recall": 0.44, "f1-score": 0.46808510638297873, "support": 25.0}, "accuracy": 0.5614035087719298, "macro avg": {"precision": 0.55, "recall": 0.548125, "f1-score": 0.5474753890123849, "support": 57.0}, "weighted avg": {"precision": 0.5561403508771929, "recall": 0.5614035087719298, "f1-score": 0.5572250728440664, "support": 57.0}}