{"0": {"precision": 0.48, "recall": 0.42857142857142855, "f1-score": 0.4528301886792453, "support": 28.0}, "1": {"precision": 0.4482758620689655, "recall": 0.5, "f1-score": 0.4727272727272727, "support": 26.0}, "accuracy": 0.46296296296296297, "macro avg": {"precision": 0.46413793103448275, "recall": 0.4642857142857143, "f1-score": 0.46277873070325903, "support": 54.0}, "weighted avg": {"precision": 0.4647254150702426, "recall": 0.46296296296296297, "f1-score": 0.4624102661838511, "support": 54.0}}