{"best_estimator": "BernoulliNB()", "best_score": 0.5378964480540104, "test_score": 0.427765064836003}