{"0": {"precision": 0.6923076923076923, "recall": 0.6, "f1-score": 0.6428571428571429, "support": 15.0}, "1": {"precision": 0.25, "recall": 0.3333333333333333, "f1-score": 0.2857142857142857, "support": 6.0}, "accuracy": 0.5238095238095238, "macro avg": {"precision": 0.47115384615384615, "recall": 0.4666666666666667, "f1-score": 0.4642857142857143, "support": 21.0}, "weighted avg": {"precision": 0.5659340659340659, "recall": 0.5238095238095238, "f1-score": 0.5408163265306123, "support": 21.0}}