{"best_estimator": "HistGradientBoostingClassifier(learning_rate=0.5)", "best_score": 0.6226529962433929, "test_score": 0.5835387683095719}