{"best_estimator": "HistGradientBoostingClassifier(learning_rate=0.05)", "best_score": 0.578852834721905, "test_score": 0.5648174490279754}