{"best_estimator": "HistGradientBoostingClassifier(learning_rate=0.5)", "best_score": 0.567841863187653, "test_score": 0.6112445206784829}