{"0": {"precision": 0.8076923076923077, "recall": 0.5121951219512195, "f1-score": 0.6268656716417911, "support": 41.0}, "1": {"precision": 0.3548387096774194, "recall": 0.6875, "f1-score": 0.46808510638297873, "support": 16.0}, "accuracy": 0.5614035087719298, "macro avg": {"precision": 0.5812655086848635, "recall": 0.5998475609756098, "f1-score": 0.5474753890123849, "support": 57.0}, "weighted avg": {"precision": 0.6805755082495321, "recall": 0.5614035087719298, "f1-score": 0.5822956884112472, "support": 57.0}}