{"best_estimator": "KNeighborsClassifier(p=3, weights='distance')", "best_score": 0.5172546550471655, "test_score": 0.5175708502024291}