{"0": {"precision": 1.0, "recall": 0.3076923076923077, "f1-score": 0.47058823529411764, "support": 13.0}, "1": {"precision": 0.4375, "recall": 1.0, "f1-score": 0.6086956521739131, "support": 7.0}, "accuracy": 0.55, "macro avg": {"precision": 0.71875, "recall": 0.6538461538461539, "f1-score": 0.5396419437340154, "support": 20.0}, "weighted avg": {"precision": 0.803125, "recall": 0.55, "f1-score": 0.5189258312020459, "support": 20.0}}