{"best_estimator": "RandomForestClassifier(criterion='entropy')", "best_score": 0.5490273180403415, "test_score": 0.5610002016535591}