{"best_estimator": "RandomForestClassifier()", "best_score": 0.5745047175096789, "test_score": 0.5402882205513784}