{"best_estimator": "AdaBoostClassifier(algorithm='SAMME', learning_rate=0.001)", "best_score": 0.7746537053045374, "test_score": 0.5161290322580645}