{"best_estimator": "BernoulliNB()", "best_score": 0.5097447341231475, "test_score": 0.48788142981691374}