{"best_estimator": "HistGradientBoostingClassifier(learning_rate=0.001)", "best_score": 0.714524223000904, "test_score": 0.7732377538829153}