{"best_estimator": "HistGradientBoostingClassifier(learning_rate=0.001)", "best_score": 0.7220901580791615, "test_score": 0.8076714556790457}