{"best_estimator": "HistGradientBoostingClassifier(learning_rate=0.001)", "best_score": 0.7159879180143279, "test_score": 0.7732377538829153}