{"best_estimator": "HistGradientBoostingClassifier(learning_rate=0.01)", "best_score": 0.7619288914042188, "test_score": 0.710284154110628}