{"best_estimator": "HistGradientBoostingClassifier(learning_rate=0.01)", "best_score": 0.7300634723222051, "test_score": 0.7674523007856341}