{"best_estimator": "HistGradientBoostingClassifier()", "best_score": 0.7351752032185772, "test_score": 0.6112903225806451}