{"best_estimator": "KNeighborsClassifier(n_neighbors=7, weights='distance')", "best_score": 0.7329880863725569, "test_score": 0.7379739671760045}