{"0": {"precision": 0.5757575757575758, "recall": 0.76, "f1-score": 0.6551724137931034, "support": 25.0}, "1": {"precision": 0.6470588235294118, "recall": 0.44, "f1-score": 0.5238095238095238, "support": 25.0}, "accuracy": 0.6, "macro avg": {"precision": 0.6114081996434938, "recall": 0.6, "f1-score": 0.5894909688013137, "support": 50.0}, "weighted avg": {"precision": 0.6114081996434938, "recall": 0.6, "f1-score": 0.5894909688013137, "support": 50.0}}