{"best_estimator": "BernoulliNB()", "best_score": 0.5803787432010524, "test_score": 0.5350162279120086}