{"best_estimator": "BernoulliNB()", "best_score": 0.5630842744657215, "test_score": 0.6369047619047619}