{"best_estimator": "BernoulliNB()", "best_score": 0.5258830543512927, "test_score": 0.6050911592707258}