{"best_estimator": "BernoulliNB()", "best_score": 0.5298189475630906, "test_score": 0.9320574162679426}