{"best_estimator": "BernoulliNB()", "best_score": 0.5432823675130849, "test_score": 0.17097608274078863}