{"0": {"precision": 0.0, "recall": 0.0, "f1-score": 0.0, "support": 45.0}, "1": {"precision": 0.3382352941176471, "recall": 1.0, "f1-score": 0.5054945054945055, "support": 23.0}, "accuracy": 0.3382352941176471, "macro avg": {"precision": 0.16911764705882354, "recall": 0.5, "f1-score": 0.25274725274725274, "support": 68.0}, "weighted avg": {"precision": 0.11440311418685123, "recall": 0.3382352941176471, "f1-score": 0.17097608274078863, "support": 68.0}}