{"best_estimator": "BernoulliNB()", "best_score": 0.5163371184099327, "test_score": 0.7021276595744681}