{"best_estimator": "HistGradientBoostingClassifier(learning_rate=0.05)", "best_score": 0.5537061813376845, "test_score": 0.7010101010101011}