{"best_estimator": "HistGradientBoostingClassifier()", "best_score": 0.566944606735057, "test_score": 0.6417517918618433}