{"best_estimator": "HistGradientBoostingClassifier(learning_rate=0.05)", "best_score": 0.592702945085396, "test_score": 0.6662872045369873}