{"best_estimator": "HistGradientBoostingClassifier(learning_rate=0.5)", "best_score": 0.5994180655601382, "test_score": 0.7685185185185186}