{"best_estimator": "KNeighborsClassifier(p=1, weights='distance')", "best_score": 0.5357292327495224, "test_score": 0.6827797858555548}