{"best_estimator": "KNeighborsClassifier(n_neighbors=7, p=1, weights='distance')", "best_score": 0.47751331799351693, "test_score": 0.5722587088768499}