{"best_estimator": "KNeighborsClassifier(p=3, weights='distance')", "best_score": 0.5323881296176148, "test_score": 0.4666666666666667}