{"0": {"precision": 0.68, "recall": 0.6538461538461539, "f1-score": 0.6666666666666666, "support": 26.0}, "1": {"precision": 0.5909090909090909, "recall": 0.6190476190476191, "f1-score": 0.6046511627906976, "support": 21.0}, "accuracy": 0.6382978723404256, "macro avg": {"precision": 0.6354545454545455, "recall": 0.6364468864468864, "f1-score": 0.6356589147286822, "support": 47.0}, "weighted avg": {"precision": 0.640193423597679, "recall": 0.6382978723404256, "f1-score": 0.6389576117433614, "support": 47.0}}