{"best_estimator": "RandomForestClassifier(criterion='log_loss', n_estimators=400)", "best_score": 0.6576375327099544, "test_score": 0.5543672014260249}