{"best_estimator": "RandomForestClassifier(n_estimators=300)", "best_score": 0.5772278816907741, "test_score": 0.6369047619047619}