{"best_estimator": "BernoulliNB()", "best_score": 0.35329359816043965, "test_score": 0.20454545454545453}