{"best_estimator": "HistGradientBoostingClassifier()", "best_score": 0.5313284522378143, "test_score": 0.8236984448951995}