{"best_estimator": "HistGradientBoostingClassifier()", "best_score": 0.567785405399394, "test_score": 0.622210953346856}