{"best_estimator": "HistGradientBoostingClassifier()", "best_score": 0.5514074904818236, "test_score": 0.7742793791574278}