{"best_estimator": "HistGradientBoostingClassifier(learning_rate=0.05)", "best_score": 0.5588919653364302, "test_score": 0.688034188034188}