{"best_estimator": "KNeighborsClassifier(p=3, weights='distance')", "best_score": 0.4907470775061805, "test_score": 0.49540703199239783}