{"best_estimator": "KNeighborsClassifier(p=3, weights='distance')", "best_score": 0.46684626253986733, "test_score": 0.6887093187041294}