{"best_estimator": "KNeighborsClassifier(weights='distance')", "best_score": 0.4847318404340598, "test_score": 0.7045454545454546}