{"0": {"precision": 0.6666666666666666, "recall": 0.48, "f1-score": 0.5581395348837209, "support": 25.0}, "1": {"precision": 0.4090909090909091, "recall": 0.6, "f1-score": 0.4864864864864865, "support": 15.0}, "accuracy": 0.525, "macro avg": {"precision": 0.5378787878787878, "recall": 0.54, "f1-score": 0.5223130106851037, "support": 40.0}, "weighted avg": {"precision": 0.5700757575757576, "recall": 0.525, "f1-score": 0.531269641734758, "support": 40.0}}