{"best_estimator": "RandomForestClassifier(criterion='log_loss', n_estimators=300)", "best_score": 0.5682974305342375, "test_score": 0.6454996186117467}