{"0": {"precision": 0.7, "recall": 0.7, "f1-score": 0.7, "support": 20.0}, "1": {"precision": 0.5384615384615384, "recall": 0.5384615384615384, "f1-score": 0.5384615384615384, "support": 13.0}, "accuracy": 0.6363636363636364, "macro avg": {"precision": 0.6192307692307693, "recall": 0.6192307692307693, "f1-score": 0.6192307692307693, "support": 33.0}, "weighted avg": {"precision": 0.6363636363636364, "recall": 0.6363636363636364, "f1-score": 0.6363636363636364, "support": 33.0}}