{"best_estimator": "BernoulliNB()", "best_score": 0.3713302573639029, "test_score": 0.22266139657444003}