{"0": {"precision": 0.5, "recall": 0.05263157894736842, "f1-score": 0.09523809523809523, "support": 19.0}, "1": {"precision": 0.4, "recall": 0.9230769230769231, "f1-score": 0.5581395348837209, "support": 13.0}, "accuracy": 0.40625, "macro avg": {"precision": 0.45, "recall": 0.48785425101214575, "f1-score": 0.3266888150609081, "support": 32.0}, "weighted avg": {"precision": 0.459375, "recall": 0.40625, "f1-score": 0.28329180509413066, "support": 32.0}}