{"best_estimator": "BernoulliNB()", "best_score": 0.35745424342444, "test_score": 0.2347222222222222}