{"0": {"precision": 0.5, "recall": 0.1, "f1-score": 0.16666666666666666, "support": 20.0}, "1": {"precision": 0.3793103448275862, "recall": 0.8461538461538461, "f1-score": 0.5238095238095238, "support": 13.0}, "accuracy": 0.3939393939393939, "macro avg": {"precision": 0.4396551724137931, "recall": 0.47307692307692306, "f1-score": 0.34523809523809523, "support": 33.0}, "weighted avg": {"precision": 0.4524555903866248, "recall": 0.3939393939393939, "f1-score": 0.30735930735930733, "support": 33.0}}