{"best_estimator": "HistGradientBoostingClassifier(learning_rate=0.5)", "best_score": 0.4986497391497392, "test_score": 0.5435606060606061}