{"0": {"precision": 0.5789473684210527, "recall": 0.55, "f1-score": 0.5641025641025641, "support": 20.0}, "1": {"precision": 0.35714285714285715, "recall": 0.38461538461538464, "f1-score": 0.37037037037037035, "support": 13.0}, "accuracy": 0.48484848484848486, "macro avg": {"precision": 0.46804511278195493, "recall": 0.4673076923076923, "f1-score": 0.4672364672364672, "support": 33.0}, "weighted avg": {"precision": 0.4915698336750969, "recall": 0.48484848484848486, "f1-score": 0.48778382111715435, "support": 33.0}}