{"best_estimator": "HistGradientBoostingClassifier(learning_rate=0.5)", "best_score": 0.583143439465319, "test_score": 0.4131493506493506}