{"0": {"precision": 0.5333333333333333, "recall": 0.4, "f1-score": 0.45714285714285713, "support": 20.0}, "1": {"precision": 0.3333333333333333, "recall": 0.46153846153846156, "f1-score": 0.3870967741935484, "support": 13.0}, "accuracy": 0.42424242424242425, "macro avg": {"precision": 0.43333333333333335, "recall": 0.4307692307692308, "f1-score": 0.4221198156682028, "support": 33.0}, "weighted avg": {"precision": 0.45454545454545453, "recall": 0.42424242424242425, "f1-score": 0.4295489456779779, "support": 33.0}}