{"0": {"precision": 0.5454545454545454, "recall": 0.3, "f1-score": 0.3870967741935484, "support": 20.0}, "1": {"precision": 0.36363636363636365, "recall": 0.6153846153846154, "f1-score": 0.45714285714285713, "support": 13.0}, "accuracy": 0.42424242424242425, "macro avg": {"precision": 0.45454545454545453, "recall": 0.45769230769230773, "f1-score": 0.4221198156682028, "support": 33.0}, "weighted avg": {"precision": 0.4738292011019284, "recall": 0.42424242424242425, "f1-score": 0.4146906856584276, "support": 33.0}}