{"best_estimator": "KNeighborsClassifier(n_neighbors=25, p=1, weights='distance')", "best_score": 0.4675555560162138, "test_score": 0.4115147783251232}