{"best_estimator": "RandomForestClassifier()", "best_score": 0.4819492988054158, "test_score": 0.4740447957839262}