{"best_estimator": "RandomForestClassifier(n_estimators=150)", "best_score": 0.4722442369480405, "test_score": 0.6298701298701298}