{"0": {"precision": 0.6153846153846154, "recall": 0.8, "f1-score": 0.6956521739130435, "support": 20.0}, "1": {"precision": 0.42857142857142855, "recall": 0.23076923076923078, "f1-score": 0.3, "support": 13.0}, "accuracy": 0.5757575757575758, "macro avg": {"precision": 0.521978021978022, "recall": 0.5153846153846154, "f1-score": 0.49782608695652175, "support": 33.0}, "weighted avg": {"precision": 0.5417915417915418, "recall": 0.5757575757575758, "f1-score": 0.5397891963109355, "support": 33.0}}