{"best_estimator": "RandomForestClassifier(criterion='entropy', n_estimators=150)", "best_score": 0.47291748248784743, "test_score": 0.5659722222222223}