{"precision": 0.5003654922163732, "recall": 0.5319520955889091, "f1": 0.4712072431587962}