{"best_estimator": "BernoulliNB()", "best_score": 0.577795719233814, "test_score": 0.6248246844319776}