{"best_estimator": "BernoulliNB()", "best_score": 0.6089459924756458, "test_score": 0.41729581331503085}