{"best_estimator": "BernoulliNB()", "best_score": 0.6088452806475386, "test_score": 0.6086784854108264}