{"best_estimator": "BernoulliNB()", "best_score": 0.5992333526303751, "test_score": 0.6086784854108264}