{"best_estimator": "BernoulliNB()", "best_score": 0.5666876574644867, "test_score": 0.7419354838709677}