{"best_estimator": "KNeighborsClassifier(n_neighbors=15, p=3)", "best_score": 0.6698558518598567, "test_score": 0.7446925834022609}