{"best_estimator": "KNeighborsClassifier(n_neighbors=20, p=3)", "best_score": 0.6636405881637618, "test_score": 0.5299120234604107}