{"0": {"precision": 0.8, "recall": 0.6666666666666666, "f1-score": 0.7272727272727273, "support": 18.0}, "1": {"precision": 0.6, "recall": 0.75, "f1-score": 0.6666666666666666, "support": 12.0}, "accuracy": 0.7, "macro avg": {"precision": 0.7, "recall": 0.7083333333333333, "f1-score": 0.696969696969697, "support": 30.0}, "weighted avg": {"precision": 0.7200000000000001, "recall": 0.7, "f1-score": 0.7030303030303031, "support": 30.0}}