{"best_estimator": "RandomForestClassifier(criterion='entropy', n_estimators=200)", "best_score": 0.6585670294857422, "test_score": 0.6356672780235193}