{"best_estimator": "RandomForestClassifier(n_estimators=200)", "best_score": 0.6522363878303217, "test_score": 0.7576104552453904}