{"precision": 0.7611773732904781, "recall": 0.7434124683157577, "f1": 0.7405409890490193}