{"precision": 0.5779632229709761, "recall": 0.5547135624434368, "f1": 0.5612241461123616}