{"best_estimator": "AdaBoostClassifier(algorithm='SAMME', learning_rate=0.01, n_estimators=100)", "best_score": 0.7334215946317347, "test_score": 0.8370243030977179}