{"best_estimator": "BernoulliNB()", "best_score": 0.42535554534805575, "test_score": 0.3576437587657784}