{"best_estimator": "BernoulliNB()", "best_score": 0.4250518103866173, "test_score": 0.3576437587657784}