{"best_estimator": "BernoulliNB()", "best_score": 0.4173341060934721, "test_score": 0.4265964450296248}