{"best_estimator": "HistGradientBoostingClassifier(learning_rate=0.01)", "best_score": 0.7305920094398355, "test_score": 0.7419354838709677}