{"best_estimator": "HistGradientBoostingClassifier(learning_rate=0.01)", "best_score": 0.7066470970309051, "test_score": 0.7010752688172043}