{"best_estimator": "RandomForestClassifier(max_depth=2)", "best_score": 0.7665701454952962, "test_score": 0.7109062980030721}