{"best_estimator": "RandomForestClassifier(max_depth=3)", "best_score": 0.7712743003125884, "test_score": 0.7010101010101011}