{"best_estimator": "RandomForestClassifier(max_depth=2, n_estimators=150)", "best_score": 0.7652331415656943, "test_score": 0.7718340243368051}