{"0": {"precision": 0.6333333333333333, "recall": 0.6785714285714286, "f1-score": 0.6551724137931034, "support": 28.0}, "1": {"precision": 0.625, "recall": 0.5769230769230769, "f1-score": 0.6, "support": 26.0}, "accuracy": 0.6296296296296297, "macro avg": {"precision": 0.6291666666666667, "recall": 0.6277472527472527, "f1-score": 0.6275862068965516, "support": 54.0}, "weighted avg": {"precision": 0.629320987654321, "recall": 0.6296296296296297, "f1-score": 0.6286079182630907, "support": 54.0}}