{"best_estimator": "BernoulliNB()", "best_score": 0.44073487571281833, "test_score": 0.4037673614104045}