{"0": {"precision": 0.875, "recall": 0.10144927536231885, "f1-score": 0.18181818181818182, "support": 69.0}, "1": {"precision": 0.28735632183908044, "recall": 0.9615384615384616, "f1-score": 0.4424778761061947, "support": 26.0}, "accuracy": 0.3368421052631579, "macro avg": {"precision": 0.5811781609195402, "recall": 0.5314938684503903, "f1-score": 0.3121480289621883, "support": 95.0}, "weighted avg": {"precision": 0.7141712038717484, "recall": 0.3368421052631579, "f1-score": 0.25315662446542747, "support": 95.0}}