{"best_estimator": "BernoulliNB()", "best_score": 0.5174169743574559, "test_score": 0.5145338441890166}