{"best_estimator": "BernoulliNB()", "best_score": 0.4666637449604177, "test_score": 0.2536062378167641}