{"best_estimator": "HistGradientBoostingClassifier()", "best_score": 0.5822329242828175, "test_score": 0.6746232670283304}