{"0": {"precision": 0.8, "recall": 0.3902439024390244, "f1-score": 0.5245901639344263, "support": 41.0}, "1": {"precision": 0.32432432432432434, "recall": 0.75, "f1-score": 0.4528301886792453, "support": 16.0}, "accuracy": 0.49122807017543857, "macro avg": {"precision": 0.5621621621621622, "recall": 0.5701219512195121, "f1-score": 0.4887101763068358, "support": 57.0}, "weighted avg": {"precision": 0.6664770033191086, "recall": 0.49122807017543857, "f1-score": 0.5044470129856036, "support": 57.0}}