{"0": {"precision": 0.5555555555555556, "recall": 0.38461538461538464, "f1-score": 0.45454545454545453, "support": 13.0}, "1": {"precision": 0.2727272727272727, "recall": 0.42857142857142855, "f1-score": 0.3333333333333333, "support": 7.0}, "accuracy": 0.4, "macro avg": {"precision": 0.41414141414141414, "recall": 0.4065934065934066, "f1-score": 0.3939393939393939, "support": 20.0}, "weighted avg": {"precision": 0.45656565656565656, "recall": 0.4, "f1-score": 0.4121212121212121, "support": 20.0}}