{"best_estimator": "KNeighborsClassifier(p=3, weights='distance')", "best_score": 0.5055324655759585, "test_score": 0.6737400530503977}