{"best_estimator": "RandomForestClassifier(criterion='entropy')", "best_score": 0.5012368094326745, "test_score": 0.5119122257053292}