{"best_estimator": "RandomForestClassifier(criterion='log_loss', n_estimators=150)", "best_score": 0.543830519667001, "test_score": 0.43557168784029043}