{"0": {"precision": 0.55, "recall": 0.39285714285714285, "f1-score": 0.4583333333333333, "support": 28.0}, "1": {"precision": 0.5, "recall": 0.6538461538461539, "f1-score": 0.5666666666666667, "support": 26.0}, "accuracy": 0.5185185185185185, "macro avg": {"precision": 0.525, "recall": 0.5233516483516484, "f1-score": 0.5125, "support": 54.0}, "weighted avg": {"precision": 0.525925925925926, "recall": 0.5185185185185185, "f1-score": 0.5104938271604937, "support": 54.0}}