{"0": {"precision": 0.8, "recall": 0.6896551724137931, "f1-score": 0.7407407407407407, "support": 29.0}, "1": {"precision": 0.47058823529411764, "recall": 0.6153846153846154, "f1-score": 0.5333333333333333, "support": 13.0}, "accuracy": 0.6666666666666666, "macro avg": {"precision": 0.6352941176470588, "recall": 0.6525198938992043, "f1-score": 0.6370370370370371, "support": 42.0}, "weighted avg": {"precision": 0.6980392156862746, "recall": 0.6666666666666666, "f1-score": 0.6765432098765432, "support": 42.0}}