{"best_estimator": "BernoulliNB()", "best_score": 0.6251752907691134, "test_score": 0.6388869944758917}