{"best_estimator": "HistGradientBoostingClassifier(learning_rate=0.5)", "best_score": 0.669165116716329, "test_score": 0.6495993746335743}