{"best_estimator": "HistGradientBoostingClassifier()", "best_score": 0.6831318669036398, "test_score": 0.4666666666666667}