{"best_estimator": "KNeighborsClassifier(n_neighbors=20, p=3)", "best_score": 0.6743840791129803, "test_score": 0.6711038619383352}