{"best_estimator": "KNeighborsClassifier(n_neighbors=25, p=3)", "best_score": 0.6775109713912011, "test_score": 0.5476190476190477}