{"0": {"precision": 1.0, "recall": 0.4444444444444444, "f1-score": 0.6153846153846154, "support": 9.0}, "1": {"precision": 0.5454545454545454, "recall": 1.0, "f1-score": 0.7058823529411765, "support": 6.0}, "accuracy": 0.6666666666666666, "macro avg": {"precision": 0.7727272727272727, "recall": 0.7222222222222222, "f1-score": 0.660633484162896, "support": 15.0}, "weighted avg": {"precision": 0.8181818181818182, "recall": 0.6666666666666666, "f1-score": 0.6515837104072398, "support": 15.0}}