{"best_estimator": "BernoulliNB()", "best_score": 0.6313101781971445, "test_score": 0.4807017543859649}