{"best_estimator": "BernoulliNB()", "best_score": 0.5660957872181748, "test_score": 0.7248022015823873}