{"best_estimator": "HistGradientBoostingClassifier(learning_rate=0.01)", "best_score": 0.7181857166475976, "test_score": 0.7152478164790067}