{"best_estimator": "HistGradientBoostingClassifier(learning_rate=0.01)", "best_score": 0.7166370885595144, "test_score": 0.780952380952381}