{"0": {"precision": 0.75, "recall": 0.8571428571428571, "f1-score": 0.8, "support": 7.0}, "1": {"precision": 0.9, "recall": 0.8181818181818182, "f1-score": 0.8571428571428571, "support": 11.0}, "accuracy": 0.8333333333333334, "macro avg": {"precision": 0.825, "recall": 0.8376623376623377, "f1-score": 0.8285714285714285, "support": 18.0}, "weighted avg": {"precision": 0.8416666666666667, "recall": 0.8333333333333334, "f1-score": 0.834920634920635, "support": 18.0}}