{"best_estimator": "KNeighborsClassifier(n_neighbors=15, weights='distance')", "best_score": 0.713671343280124, "test_score": 0.8888888888888888}