{"best_estimator": "KNeighborsClassifier(n_neighbors=25, weights='distance')", "best_score": 0.716972569052394, "test_score": 0.7357142857142857}