{"0": {"precision": 0.7878787878787878, "recall": 0.5909090909090909, "f1-score": 0.6753246753246753, "support": 44.0}, "1": {"precision": 0.47058823529411764, "recall": 0.6956521739130435, "f1-score": 0.5614035087719298, "support": 23.0}, "accuracy": 0.6268656716417911, "macro avg": {"precision": 0.6292335115864527, "recall": 0.6432806324110671, "f1-score": 0.6183640920483026, "support": 67.0}, "weighted avg": {"precision": 0.6789581504243488, "recall": 0.6268656716417911, "f1-score": 0.6362174091946283, "support": 67.0}}