{"best_estimator": "KNeighborsClassifier(weights='distance')", "best_score": 0.7241627326490706, "test_score": 0.7396245059288538}