{"best_estimator": "RandomForestClassifier(criterion='entropy', max_depth=2)", "best_score": 0.7839457385600779, "test_score": 0.6527777777777778}