{"best_estimator": "RandomForestClassifier(max_depth=2, n_estimators=400)", "best_score": 0.7665314954897866, "test_score": 0.7656330749354006}