{"0": {"precision": 0.875, "recall": 0.6363636363636364, "f1-score": 0.7368421052631579, "support": 44.0}, "1": {"precision": 0.5428571428571428, "recall": 0.8260869565217391, "f1-score": 0.6551724137931034, "support": 23.0}, "accuracy": 0.7014925373134329, "macro avg": {"precision": 0.7089285714285714, "recall": 0.7312252964426877, "f1-score": 0.6960072595281306, "support": 67.0}, "weighted avg": {"precision": 0.7609808102345414, "recall": 0.7014925373134329, "f1-score": 0.708806241027169, "support": 67.0}}