{"best_estimator": "AdaBoostClassifier(algorithm='SAMME', learning_rate=0.5, n_estimators=300)", "best_score": 0.6759089155043425, "test_score": 0.34523809523809523}