{"0": {"precision": 0.5789473684210527, "recall": 0.5, "f1-score": 0.5365853658536586, "support": 22.0}, "1": {"precision": 0.5925925925925926, "recall": 0.6666666666666666, "f1-score": 0.6274509803921569, "support": 24.0}, "accuracy": 0.5869565217391305, "macro avg": {"precision": 0.5857699805068226, "recall": 0.5833333333333333, "f1-score": 0.5820181731229077, "support": 46.0}, "weighted avg": {"precision": 0.5860666158148995, "recall": 0.5869565217391305, "f1-score": 0.5839935125693968, "support": 46.0}}