{"best_estimator": "BernoulliNB()", "best_score": 0.6480950413368849, "test_score": 0.8888888888888888}