{"best_estimator": "BernoulliNB()", "best_score": 0.6637422325761704, "test_score": 0.5831971232428899}