{"best_estimator": "HistGradientBoostingClassifier(learning_rate=0.01)", "best_score": 0.6586330138032319, "test_score": 0.646338067390699}