{"0": {"precision": 0.8421052631578947, "recall": 0.64, "f1-score": 0.7272727272727273, "support": 25.0}, "1": {"precision": 0.625, "recall": 0.8333333333333334, "f1-score": 0.7142857142857143, "support": 18.0}, "accuracy": 0.7209302325581395, "macro avg": {"precision": 0.7335526315789473, "recall": 0.7366666666666667, "f1-score": 0.7207792207792207, "support": 43.0}, "weighted avg": {"precision": 0.7512239902080784, "recall": 0.7209302325581395, "f1-score": 0.7218363032316522, "support": 43.0}}