{"best_estimator": "HistGradientBoostingClassifier(learning_rate=0.5)", "best_score": 0.6733807284174281, "test_score": 0.611111111111111}