{"best_estimator": "HistGradientBoostingClassifier()", "best_score": 0.6636239047209678, "test_score": 0.6734487526051877}