{"0": {"precision": 0.7333333333333333, "recall": 0.9166666666666666, "f1-score": 0.8148148148148148, "support": 12.0}, "1": {"precision": 0.6666666666666666, "recall": 0.3333333333333333, "f1-score": 0.4444444444444444, "support": 6.0}, "accuracy": 0.7222222222222222, "macro avg": {"precision": 0.7, "recall": 0.625, "f1-score": 0.6296296296296295, "support": 18.0}, "weighted avg": {"precision": 0.711111111111111, "recall": 0.7222222222222222, "f1-score": 0.691358024691358, "support": 18.0}}