{"best_estimator": "KNeighborsClassifier(n_neighbors=15, weights='distance')", "best_score": 0.6615088366575416, "test_score": 0.6700686244647113}