{"best_estimator": "KNeighborsClassifier(n_neighbors=10, weights='distance')", "best_score": 0.6764598986509811, "test_score": 0.5871518141638401}