{"0": {"precision": 0.7727272727272727, "recall": 0.6296296296296297, "f1-score": 0.6938775510204082, "support": 27.0}, "1": {"precision": 0.5652173913043478, "recall": 0.7222222222222222, "f1-score": 0.6341463414634146, "support": 18.0}, "accuracy": 0.6666666666666666, "macro avg": {"precision": 0.6689723320158103, "recall": 0.6759259259259259, "f1-score": 0.6640119462419114, "support": 45.0}, "weighted avg": {"precision": 0.6897233201581028, "recall": 0.6666666666666666, "f1-score": 0.6699850671976108, "support": 45.0}}