{"best_estimator": "KNeighborsClassifier(p=3, weights='distance')", "best_score": 0.691336583803445, "test_score": 0.5771335367778596}