{"best_estimator": "RandomForestClassifier(criterion='log_loss', n_estimators=300)", "best_score": 0.6381018225597282, "test_score": 0.8317460317460318}