{"best_estimator": "RandomForestClassifier(criterion='log_loss', n_estimators=300)", "best_score": 0.6569778694791115, "test_score": 0.6441471571906354}