{"0": {"precision": 0.7931034482758621, "recall": 0.8214285714285714, "f1-score": 0.8070175438596491, "support": 28.0}, "1": {"precision": 0.5833333333333334, "recall": 0.5384615384615384, "f1-score": 0.56, "support": 13.0}, "accuracy": 0.7317073170731707, "macro avg": {"precision": 0.6882183908045978, "recall": 0.679945054945055, "f1-score": 0.6835087719298245, "support": 41.0}, "weighted avg": {"precision": 0.7265909728062798, "recall": 0.7317073170731707, "f1-score": 0.7286949080017115, "support": 41.0}}