{"0": {"precision": 0.8076923076923077, "recall": 0.7777777777777778, "f1-score": 0.7924528301886793, "support": 27.0}, "1": {"precision": 0.5714285714285714, "recall": 0.6153846153846154, "f1-score": 0.5925925925925926, "support": 13.0}, "accuracy": 0.725, "macro avg": {"precision": 0.6895604395604396, "recall": 0.6965811965811965, "f1-score": 0.6925227113906359, "support": 40.0}, "weighted avg": {"precision": 0.7309065934065934, "recall": 0.725, "f1-score": 0.7274982529699511, "support": 40.0}}