{"best_estimator": "BernoulliNB()", "best_score": 0.6037645540692227, "test_score": 0.6121848739495798}