{"best_estimator": "BernoulliNB()", "best_score": 0.6093529995833612, "test_score": 0.6296875}