{"0": {"precision": 0.7666666666666667, "recall": 0.8518518518518519, "f1-score": 0.8070175438596491, "support": 27.0}, "1": {"precision": 0.6, "recall": 0.46153846153846156, "f1-score": 0.5217391304347826, "support": 13.0}, "accuracy": 0.725, "macro avg": {"precision": 0.6833333333333333, "recall": 0.6566951566951567, "f1-score": 0.6643783371472158, "support": 40.0}, "weighted avg": {"precision": 0.7125000000000001, "recall": 0.725, "f1-score": 0.7143020594965674, "support": 40.0}}