{"best_estimator": "HistGradientBoostingClassifier(learning_rate=0.5)", "best_score": 0.7326482715425873, "test_score": 0.6830721003134796}