{"best_estimator": "HistGradientBoostingClassifier(learning_rate=0.01)", "best_score": 0.709235515371403, "test_score": 0.5774374460742019}