{"best_estimator": "HistGradientBoostingClassifier(learning_rate=0.05)", "best_score": 0.7232906098685934, "test_score": 0.7342366757000903}