{"best_estimator": "HistGradientBoostingClassifier(learning_rate=0.5)", "best_score": 0.7408592104273353, "test_score": 0.7143020594965674}