{"best_estimator": "KNeighborsClassifier(p=3)", "best_score": 0.7121875196259004, "test_score": 0.8464285714285715}