{"0": {"precision": 0.75, "recall": 1.0, "f1-score": 0.8571428571428571, "support": 27.0}, "1": {"precision": 1.0, "recall": 0.3076923076923077, "f1-score": 0.47058823529411764, "support": 13.0}, "accuracy": 0.775, "macro avg": {"precision": 0.875, "recall": 0.6538461538461539, "f1-score": 0.6638655462184874, "support": 40.0}, "weighted avg": {"precision": 0.83125, "recall": 0.775, "f1-score": 0.7315126050420168, "support": 40.0}}