{"best_estimator": "RandomForestClassifier(criterion='log_loss', n_estimators=200)", "best_score": 0.6532201413481178, "test_score": 0.8028041415012943}