{"best_estimator": "RandomForestClassifier(criterion='entropy', n_estimators=300)", "best_score": 0.6873029275902185, "test_score": 0.7105734767025089}