{"best_estimator": "RandomForestClassifier(criterion='log_loss', n_estimators=150)", "best_score": 0.6598405169195312, "test_score": 0.7105734767025089}