{"0": {"precision": 0.5666666666666667, "recall": 0.5, "f1-score": 0.53125, "support": 34.0}, "1": {"precision": 0.37037037037037035, "recall": 0.43478260869565216, "f1-score": 0.4, "support": 23.0}, "accuracy": 0.47368421052631576, "macro avg": {"precision": 0.4685185185185185, "recall": 0.46739130434782605, "f1-score": 0.465625, "support": 57.0}, "weighted avg": {"precision": 0.4874593892137752, "recall": 0.47368421052631576, "f1-score": 0.4782894736842106, "support": 57.0}}