{"best_estimator": "BernoulliNB()", "best_score": 0.46522090709841823, "test_score": 0.4247460757156048}