{"best_estimator": "BernoulliNB()", "best_score": 0.4658484716787251, "test_score": 0.28755889272782226}