{"0": {"precision": 0.7142857142857143, "recall": 0.14492753623188406, "f1-score": 0.24096385542168675, "support": 69.0}, "1": {"precision": 0.2716049382716049, "recall": 0.8461538461538461, "f1-score": 0.411214953271028, "support": 26.0}, "accuracy": 0.3368421052631579, "macro avg": {"precision": 0.4929453262786596, "recall": 0.4955406911928651, "f1-score": 0.32608940434635736, "support": 95.0}, "weighted avg": {"precision": 0.5931309755871159, "recall": 0.3368421052631579, "f1-score": 0.28755889272782226, "support": 95.0}}