{"best_estimator": "HistGradientBoostingClassifier(learning_rate=0.5)", "best_score": 0.6112851187468904, "test_score": 0.684323566063561}