{"best_estimator": "HistGradientBoostingClassifier(learning_rate=0.01)", "best_score": 0.5720522050837733, "test_score": 0.6203761755485893}