{"0": {"precision": 0.7241379310344828, "recall": 0.6176470588235294, "f1-score": 0.6666666666666666, "support": 34.0}, "1": {"precision": 0.5357142857142857, "recall": 0.6521739130434783, "f1-score": 0.5882352941176471, "support": 23.0}, "accuracy": 0.631578947368421, "macro avg": {"precision": 0.6299261083743842, "recall": 0.6349104859335039, "f1-score": 0.6274509803921569, "support": 57.0}, "weighted avg": {"precision": 0.6481073373087891, "recall": 0.631578947368421, "f1-score": 0.6350189198486412, "support": 57.0}}