{"0": {"precision": 0.6666666666666666, "recall": 0.3076923076923077, "f1-score": 0.42105263157894735, "support": 13.0}, "1": {"precision": 0.35714285714285715, "recall": 0.7142857142857143, "f1-score": 0.47619047619047616, "support": 7.0}, "accuracy": 0.45, "macro avg": {"precision": 0.5119047619047619, "recall": 0.510989010989011, "f1-score": 0.44862155388471175, "support": 20.0}, "weighted avg": {"precision": 0.5583333333333333, "recall": 0.45, "f1-score": 0.4403508771929824, "support": 20.0}}