{"best_estimator": "KNeighborsClassifier(p=3, weights='distance')", "best_score": 0.5088894252862656, "test_score": 0.37550239234449756}