{"0": {"precision": 0.6842105263157895, "recall": 0.3170731707317073, "f1-score": 0.43333333333333335, "support": 41.0}, "1": {"precision": 0.2631578947368421, "recall": 0.625, "f1-score": 0.37037037037037035, "support": 16.0}, "accuracy": 0.40350877192982454, "macro avg": {"precision": 0.4736842105263158, "recall": 0.4710365853658537, "f1-score": 0.40185185185185185, "support": 57.0}, "weighted avg": {"precision": 0.5660203139427517, "recall": 0.40350877192982454, "f1-score": 0.415659519168291, "support": 57.0}}