{"0": {"precision": 0.6666666666666666, "recall": 0.4375, "f1-score": 0.5283018867924528, "support": 32.0}, "1": {"precision": 0.5, "recall": 0.72, "f1-score": 0.5901639344262295, "support": 25.0}, "accuracy": 0.5614035087719298, "macro avg": {"precision": 0.5833333333333333, "recall": 0.57875, "f1-score": 0.5592329106093412, "support": 57.0}, "weighted avg": {"precision": 0.5935672514619882, "recall": 0.5614035087719298, "f1-score": 0.5554343638248109, "support": 57.0}}