{"best_estimator": "KNeighborsClassifier(p=3, weights='distance')", "best_score": 0.5765013046220281, "test_score": 0.533713200379867}