{"0": {"precision": 0.7435897435897436, "recall": 0.7073170731707317, "f1-score": 0.725, "support": 41.0}, "1": {"precision": 0.3333333333333333, "recall": 0.375, "f1-score": 0.35294117647058826, "support": 16.0}, "accuracy": 0.6140350877192983, "macro avg": {"precision": 0.5384615384615384, "recall": 0.5411585365853658, "f1-score": 0.5389705882352941, "support": 57.0}, "weighted avg": {"precision": 0.6284300494826811, "recall": 0.6140350877192983, "f1-score": 0.6205624355005159, "support": 57.0}}