{"best_estimator": "RandomForestClassifier(criterion='entropy', n_estimators=300)", "best_score": 0.5638724216334853, "test_score": 0.46315789473684205}