{"best_estimator": "RandomForestClassifier()", "best_score": 0.5513019483585, "test_score": 0.556786703601108}