{"0": {"precision": 0.7619047619047619, "recall": 0.463768115942029, "f1-score": 0.5765765765765766, "support": 69.0}, "1": {"precision": 0.3018867924528302, "recall": 0.6153846153846154, "f1-score": 0.4050632911392405, "support": 26.0}, "accuracy": 0.5052631578947369, "macro avg": {"precision": 0.531895777178796, "recall": 0.5395763656633222, "f1-score": 0.49081993385790856, "support": 95.0}, "weighted avg": {"precision": 0.6360051071073911, "recall": 0.5052631578947369, "f1-score": 0.5296360984568845, "support": 95.0}}