{"best_estimator": "RandomForestClassifier(criterion='log_loss')", "best_score": 0.5792152561586688, "test_score": 0.5876082611592272}