{"best_estimator": "BernoulliNB()", "best_score": 0.6010836859425843, "test_score": 0.3838157463754374}