{"best_estimator": "BernoulliNB()", "best_score": 0.5840848344638163, "test_score": 0.6936813186813188}