{"best_estimator": "BernoulliNB()", "best_score": 0.579760042210536, "test_score": 0.7276887871853547}