{"0": {"precision": 0.92, "recall": 0.6388888888888888, "f1-score": 0.7540983606557377, "support": 36.0}, "1": {"precision": 0.5517241379310345, "recall": 0.8888888888888888, "f1-score": 0.6808510638297872, "support": 18.0}, "accuracy": 0.7222222222222222, "macro avg": {"precision": 0.7358620689655173, "recall": 0.7638888888888888, "f1-score": 0.7174747122427625, "support": 54.0}, "weighted avg": {"precision": 0.7972413793103449, "recall": 0.7222222222222222, "f1-score": 0.7296825950470875, "support": 54.0}}