{"best_estimator": "KNeighborsClassifier(n_neighbors=25, p=3, weights='distance')", "best_score": 0.790974227215829, "test_score": 0.47595281306715065}