{"best_estimator": "KNeighborsClassifier(n_neighbors=20, p=3, weights='distance')", "best_score": 0.7199399796659233, "test_score": 0.7906432748538013}