{"best_estimator": "KNeighborsClassifier(n_neighbors=10, p=3)", "best_score": 0.7201086982407501, "test_score": 0.7296825950470875}