{"0": {"precision": 0.8888888888888888, "recall": 0.7272727272727273, "f1-score": 0.8, "support": 33.0}, "1": {"precision": 0.7, "recall": 0.875, "f1-score": 0.7777777777777778, "support": 24.0}, "accuracy": 0.7894736842105263, "macro avg": {"precision": 0.7944444444444444, "recall": 0.8011363636363636, "f1-score": 0.788888888888889, "support": 57.0}, "weighted avg": {"precision": 0.8093567251461987, "recall": 0.7894736842105263, "f1-score": 0.7906432748538013, "support": 57.0}}