{"best_estimator": "RandomForestClassifier(n_estimators=300)", "best_score": 0.6191611909815576, "test_score": 0.5782312925170068}