{"0": {"precision": 0.7948717948717948, "recall": 0.8611111111111112, "f1-score": 0.8266666666666667, "support": 36.0}, "1": {"precision": 0.6666666666666666, "recall": 0.5555555555555556, "f1-score": 0.6060606060606061, "support": 18.0}, "accuracy": 0.7592592592592593, "macro avg": {"precision": 0.7307692307692307, "recall": 0.7083333333333334, "f1-score": 0.7163636363636363, "support": 54.0}, "weighted avg": {"precision": 0.7521367521367521, "recall": 0.7592592592592593, "f1-score": 0.7531313131313132, "support": 54.0}}