{"best_estimator": "RandomForestClassifier(criterion='log_loss', n_estimators=200)", "best_score": 0.6144749233228272, "test_score": 0.7894736842105263}