{"best_estimator": "RandomForestClassifier(criterion='log_loss')", "best_score": 0.7312476012609734, "test_score": 0.47738119244471333}