{"best_estimator": "RandomForestClassifier(n_estimators=200)", "best_score": 0.6427864281087847, "test_score": 0.7634603750756201}