{"best_estimator": "RandomForestClassifier()", "best_score": 0.6238383447264495, "test_score": 0.6124401913875598}