{"0": {"precision": 0.7692307692307693, "recall": 0.7142857142857143, "f1-score": 0.7407407407407407, "support": 42.0}, "1": {"precision": 0.3333333333333333, "recall": 0.4, "f1-score": 0.36363636363636365, "support": 15.0}, "accuracy": 0.631578947368421, "macro avg": {"precision": 0.5512820512820513, "recall": 0.5571428571428572, "f1-score": 0.5521885521885521, "support": 57.0}, "weighted avg": {"precision": 0.6545209176788124, "recall": 0.631578947368421, "f1-score": 0.6415027467659047, "support": 57.0}}