{"0": {"precision": 0.7777777777777778, "recall": 0.21875, "f1-score": 0.34146341463414637, "support": 32.0}, "1": {"precision": 0.34210526315789475, "recall": 0.8666666666666667, "f1-score": 0.49056603773584906, "support": 15.0}, "accuracy": 0.425531914893617, "macro avg": {"precision": 0.5599415204678363, "recall": 0.5427083333333333, "f1-score": 0.4160147261849977, "support": 47.0}, "weighted avg": {"precision": 0.6387333582182406, "recall": 0.425531914893617, "f1-score": 0.38904935817724295, "support": 47.0}}