{"best_estimator": "BernoulliNB()", "best_score": 0.573488053861156, "test_score": 0.5634071810542398}