{"best_estimator": "BernoulliNB()", "best_score": 0.5773679938695568, "test_score": 0.5827544548474781}