{"best_estimator": "HistGradientBoostingClassifier(learning_rate=0.05)", "best_score": 0.6740587922201933, "test_score": 0.886002886002886}