{"best_estimator": "HistGradientBoostingClassifier(learning_rate=0.05)", "best_score": 0.6614698233140173, "test_score": 0.702076124567474}