{"0": {"precision": 0.8421052631578947, "recall": 0.6808510638297872, "f1-score": 0.7529411764705882, "support": 47.0}, "1": {"precision": 0.5, "recall": 0.7142857142857143, "f1-score": 0.5882352941176471, "support": 21.0}, "accuracy": 0.6911764705882353, "macro avg": {"precision": 0.6710526315789473, "recall": 0.6975683890577508, "f1-score": 0.6705882352941177, "support": 68.0}, "weighted avg": {"precision": 0.7364551083591331, "recall": 0.6911764705882353, "f1-score": 0.702076124567474, "support": 68.0}}