{"best_estimator": "HistGradientBoostingClassifier(learning_rate=0.01)", "best_score": 0.6441123539974163, "test_score": 0.6012121212121212}