{"0": {"precision": 0.8571428571428571, "recall": 0.5217391304347826, "f1-score": 0.6486486486486487, "support": 23.0}, "1": {"precision": 0.6666666666666666, "recall": 0.9166666666666666, "f1-score": 0.7719298245614035, "support": 24.0}, "accuracy": 0.723404255319149, "macro avg": {"precision": 0.7619047619047619, "recall": 0.7192028985507246, "f1-score": 0.7102892366050261, "support": 47.0}, "weighted avg": {"precision": 0.7598784194528874, "recall": 0.723404255319149, "f1-score": 0.7116007384764383, "support": 47.0}}