{"0": {"precision": 0.7666666666666667, "recall": 0.92, "f1-score": 0.8363636363636363, "support": 25.0}, "1": {"precision": 0.8461538461538461, "recall": 0.6111111111111112, "f1-score": 0.7096774193548387, "support": 18.0}, "accuracy": 0.7906976744186046, "macro avg": {"precision": 0.8064102564102564, "recall": 0.7655555555555555, "f1-score": 0.7730205278592375, "support": 43.0}, "weighted avg": {"precision": 0.7999403697078116, "recall": 0.7906976744186046, "f1-score": 0.783332196685535, "support": 43.0}}