{"best_estimator": "RandomForestClassifier(criterion='entropy', n_estimators=200)", "best_score": 0.5430835000042602, "test_score": 0.519779353821907}