{"best_estimator": "RandomForestClassifier(n_estimators=200)", "best_score": 0.5628426852335817, "test_score": 0.886002886002886}