{"0": {"precision": 0.5769230769230769, "recall": 0.6521739130434783, "f1-score": 0.6122448979591837, "support": 23.0}, "1": {"precision": 0.6190476190476191, "recall": 0.5416666666666666, "f1-score": 0.5777777777777777, "support": 24.0}, "accuracy": 0.5957446808510638, "macro avg": {"precision": 0.597985347985348, "recall": 0.5969202898550725, "f1-score": 0.5950113378684807, "support": 47.0}, "weighted avg": {"precision": 0.5984334814122049, "recall": 0.5957446808510638, "f1-score": 0.5946446663771892, "support": 47.0}}