{"0": {"precision": 0.7333333333333333, "recall": 0.6875, "f1-score": 0.7096774193548387, "support": 32.0}, "1": {"precision": 0.4117647058823529, "recall": 0.4666666666666667, "f1-score": 0.4375, "support": 15.0}, "accuracy": 0.6170212765957447, "macro avg": {"precision": 0.5725490196078431, "recall": 0.5770833333333334, "f1-score": 0.5735887096774194, "support": 47.0}, "weighted avg": {"precision": 0.6307050479766374, "recall": 0.6170212765957447, "f1-score": 0.6228122855181881, "support": 47.0}}