{"precision": 0.7653005515954916, "recall": 0.743394358661803, "f1": 0.7466155412202081}