{"0": {"precision": 0.7, "recall": 0.7368421052631579, "f1-score": 0.717948717948718, "support": 19.0}, "1": {"precision": 0.5833333333333334, "recall": 0.5384615384615384, "f1-score": 0.56, "support": 13.0}, "accuracy": 0.65625, "macro avg": {"precision": 0.6416666666666666, "recall": 0.6376518218623481, "f1-score": 0.6389743589743591, "support": 32.0}, "weighted avg": {"precision": 0.6526041666666667, "recall": 0.65625, "f1-score": 0.6537820512820514, "support": 32.0}}