{"best_estimator": "BernoulliNB()", "best_score": 0.5030394460075623, "test_score": 0.546875}