{"best_estimator": "BernoulliNB()", "best_score": 0.5499884634690351, "test_score": 0.7126923076923077}