{"best_estimator": "BernoulliNB()", "best_score": 0.5462914700617367, "test_score": 0.5435606060606061}