{"0": {"precision": 0.8888888888888888, "recall": 0.8421052631578947, "f1-score": 0.8648648648648649, "support": 19.0}, "1": {"precision": 0.7857142857142857, "recall": 0.8461538461538461, "f1-score": 0.8148148148148148, "support": 13.0}, "accuracy": 0.84375, "macro avg": {"precision": 0.8373015873015872, "recall": 0.8441295546558705, "f1-score": 0.8398398398398399, "support": 32.0}, "weighted avg": {"precision": 0.8469742063492063, "recall": 0.84375, "f1-score": 0.8445320320320321, "support": 32.0}}