{"best_estimator": "HistGradientBoostingClassifier(learning_rate=0.05)", "best_score": 0.5602525392809057, "test_score": 0.7208869179600886}