{"best_estimator": "HistGradientBoostingClassifier(learning_rate=0.05)", "best_score": 0.6114729222938656, "test_score": 0.6822916666666667}