{"best_estimator": "HistGradientBoostingClassifier()", "best_score": 0.5493921748413145, "test_score": 0.6822916666666667}