{"best_estimator": "HistGradientBoostingClassifier(learning_rate=0.5)", "best_score": 0.5139256153113707, "test_score": 0.8116883116883117}