{"best_estimator": "KNeighborsClassifier(p=3, weights='distance')", "best_score": 0.584536410503298, "test_score": 0.6464077412513256}