{"0": {"precision": 0.5, "recall": 0.5, "f1-score": 0.5, "support": 18.0}, "1": {"precision": 0.35714285714285715, "recall": 0.35714285714285715, "f1-score": 0.35714285714285715, "support": 14.0}, "accuracy": 0.4375, "macro avg": {"precision": 0.4285714285714286, "recall": 0.4285714285714286, "f1-score": 0.4285714285714286, "support": 32.0}, "weighted avg": {"precision": 0.4375, "recall": 0.4375, "f1-score": 0.4375, "support": 32.0}}