{"best_estimator": "KNeighborsClassifier(n_neighbors=15, p=1)", "best_score": 0.5622250028336144, "test_score": 0.503968253968254}