{"best_estimator": "KNeighborsClassifier(p=3, weights='distance')", "best_score": 0.5688315942010551, "test_score": 0.5178451178451179}