{"best_estimator": "RandomForestClassifier(criterion='entropy', n_estimators=300)", "best_score": 0.5577052557645767, "test_score": 0.6398462354188759}