{"best_estimator": "RandomForestClassifier(criterion='entropy', n_estimators=200)", "best_score": 0.5702347836749383, "test_score": 0.748917748917749}