{"best_estimator": "RandomForestClassifier(criterion='log_loss', n_estimators=200)", "best_score": 0.6209141959106033, "test_score": 0.6187499999999999}