{"best_estimator": "RandomForestClassifier(criterion='entropy', n_estimators=400)", "best_score": 0.5705298472636366, "test_score": 0.6928904428904429}