{"0": {"precision": 0.7894736842105263, "recall": 0.5769230769230769, "f1-score": 0.6666666666666666, "support": 26.0}, "1": {"precision": 0.45, "recall": 0.6923076923076923, "f1-score": 0.5454545454545454, "support": 13.0}, "accuracy": 0.6153846153846154, "macro avg": {"precision": 0.6197368421052631, "recall": 0.6346153846153846, "f1-score": 0.606060606060606, "support": 39.0}, "weighted avg": {"precision": 0.6763157894736843, "recall": 0.6153846153846154, "f1-score": 0.6262626262626262, "support": 39.0}}