{"best_estimator": "BernoulliNB()", "best_score": 0.3333398995370826, "test_score": 0.14479638009049772}