{"best_estimator": "BernoulliNB()", "best_score": 0.33334646574083193, "test_score": 0.16666666666666666}