{"0": {"precision": 0.7307692307692307, "recall": 0.7307692307692307, "f1-score": 0.7307692307692307, "support": 26.0}, "1": {"precision": 0.46153846153846156, "recall": 0.46153846153846156, "f1-score": 0.46153846153846156, "support": 13.0}, "accuracy": 0.6410256410256411, "macro avg": {"precision": 0.5961538461538461, "recall": 0.5961538461538461, "f1-score": 0.5961538461538461, "support": 39.0}, "weighted avg": {"precision": 0.6410256410256411, "recall": 0.6410256410256411, "f1-score": 0.6410256410256411, "support": 39.0}}