{"0": {"precision": 0.6296296296296297, "recall": 0.6538461538461539, "f1-score": 0.6415094339622641, "support": 26.0}, "1": {"precision": 0.25, "recall": 0.23076923076923078, "f1-score": 0.24, "support": 13.0}, "accuracy": 0.5128205128205128, "macro avg": {"precision": 0.4398148148148148, "recall": 0.4423076923076923, "f1-score": 0.44075471698113206, "support": 39.0}, "weighted avg": {"precision": 0.5030864197530864, "recall": 0.5128205128205128, "f1-score": 0.5076729559748429, "support": 39.0}}