{"best_estimator": "HistGradientBoostingClassifier(learning_rate=0.5)", "best_score": 0.6174680991451836, "test_score": 0.6410256410256411}