{"best_estimator": "HistGradientBoostingClassifier()", "best_score": 0.586558873496176, "test_score": 0.6691894814071129}