{"best_estimator": "HistGradientBoostingClassifier()", "best_score": 0.5996995760393368, "test_score": 0.6516290726817042}