{"best_estimator": "HistGradientBoostingClassifier(learning_rate=0.5)", "best_score": 0.6116767844856401, "test_score": 0.631578947368421}