{"best_estimator": "KNeighborsClassifier(p=1, weights='distance')", "best_score": 0.48612936589248806, "test_score": 0.7485207100591716}