{"best_estimator": "KNeighborsClassifier(n_neighbors=7, p=1, weights='distance')", "best_score": 0.47440977134225315, "test_score": 0.7516483516483518}