{"best_estimator": "KNeighborsClassifier(p=1, weights='distance')", "best_score": 0.4766575839959263, "test_score": 0.4973544973544974}