{"0": {"precision": 0.7142857142857143, "recall": 0.5769230769230769, "f1-score": 0.6382978723404256, "support": 26.0}, "1": {"precision": 0.35294117647058826, "recall": 0.5, "f1-score": 0.41379310344827586, "support": 12.0}, "accuracy": 0.5526315789473685, "macro avg": {"precision": 0.5336134453781513, "recall": 0.5384615384615384, "f1-score": 0.5260454878943507, "support": 38.0}, "weighted avg": {"precision": 0.6001769128704113, "recall": 0.5526315789473685, "f1-score": 0.5674016295323783, "support": 38.0}}