{"best_estimator": "RandomForestClassifier(n_estimators=200)", "best_score": 0.5802030904635609, "test_score": 0.7417004048582996}