{"best_estimator": "RandomForestClassifier(criterion='log_loss', n_estimators=400)", "best_score": 0.6608116670878305, "test_score": 0.6327160493827161}