{"best_estimator": "RandomForestClassifier(n_estimators=200)", "best_score": 0.6100785307823416, "test_score": 0.5637904284520825}