{"best_estimator": "RandomForestClassifier(criterion='log_loss', n_estimators=300)", "best_score": 0.5729452249515428, "test_score": 0.5991452991452992}