{"best_estimator": "RandomForestClassifier(n_estimators=150)", "best_score": 0.6073932076060972, "test_score": 0.6827237585489146}