{"best_estimator": "RandomForestClassifier(n_estimators=150)", "best_score": 0.6017005797814032, "test_score": 0.6540184453227932}