{"best_estimator": "RandomForestClassifier(criterion='entropy', n_estimators=300)", "best_score": 0.5987995391238986, "test_score": 0.670188679245283}