{"best_estimator": "BernoulliNB()", "best_score": 0.5436779646932809, "test_score": 0.6428571428571428}