{"best_estimator": "BernoulliNB()", "best_score": 0.5722133407522253, "test_score": 0.4155844155844156}