{"best_estimator": "HistGradientBoostingClassifier(learning_rate=0.5)", "best_score": 0.6554636321524399, "test_score": 0.5354235637779942}