{"0": {"precision": 0.4, "recall": 0.75, "f1-score": 0.5217391304347826, "support": 8.0}, "1": {"precision": 0.3333333333333333, "recall": 0.1, "f1-score": 0.15384615384615385, "support": 10.0}, "accuracy": 0.3888888888888889, "macro avg": {"precision": 0.3666666666666667, "recall": 0.425, "f1-score": 0.3377926421404682, "support": 18.0}, "weighted avg": {"precision": 0.36296296296296293, "recall": 0.3888888888888889, "f1-score": 0.31735414344109997, "support": 18.0}}