{"best_estimator": "HistGradientBoostingClassifier(learning_rate=0.05)", "best_score": 0.6125804428721489, "test_score": 0.6311967602290183}