{"0": {"precision": 0.7755102040816326, "recall": 0.9743589743589743, "f1-score": 0.8636363636363636, "support": 39.0}, "1": {"precision": 0.6666666666666666, "recall": 0.15384615384615385, "f1-score": 0.25, "support": 13.0}, "accuracy": 0.7692307692307693, "macro avg": {"precision": 0.7210884353741496, "recall": 0.5641025641025641, "f1-score": 0.5568181818181819, "support": 52.0}, "weighted avg": {"precision": 0.7482993197278911, "recall": 0.7692307692307693, "f1-score": 0.7102272727272727, "support": 52.0}}