{"0": {"precision": 0.6444444444444445, "recall": 0.8529411764705882, "f1-score": 0.7341772151898734, "support": 34.0}, "1": {"precision": 0.2857142857142857, "recall": 0.1111111111111111, "f1-score": 0.16, "support": 18.0}, "accuracy": 0.5961538461538461, "macro avg": {"precision": 0.4650793650793651, "recall": 0.4820261437908496, "f1-score": 0.44708860759493674, "support": 52.0}, "weighted avg": {"precision": 0.5202686202686203, "recall": 0.5961538461538461, "f1-score": 0.5354235637779942, "support": 52.0}}