{"best_estimator": "HistGradientBoostingClassifier(learning_rate=0.05)", "best_score": 0.6197215855943181, "test_score": 0.48290598290598297}