{"best_estimator": "HistGradientBoostingClassifier(learning_rate=0.05)", "best_score": 0.6522397003162634, "test_score": 0.31735414344109997}