{"best_estimator": "HistGradientBoostingClassifier(learning_rate=0.01)", "best_score": 0.6125427663063286, "test_score": 0.6124401913875598}