{"0": {"precision": 0.47058823529411764, "recall": 1.0, "f1-score": 0.64, "support": 8.0}, "1": {"precision": 1.0, "recall": 0.1, "f1-score": 0.18181818181818182, "support": 10.0}, "accuracy": 0.5, "macro avg": {"precision": 0.7352941176470589, "recall": 0.55, "f1-score": 0.4109090909090909, "support": 18.0}, "weighted avg": {"precision": 0.7647058823529412, "recall": 0.5, "f1-score": 0.3854545454545455, "support": 18.0}}