{"best_estimator": "KNeighborsClassifier(n_neighbors=10, p=3)", "best_score": 0.5918570149386356, "test_score": 0.6497152374811949}