{"0": {"precision": 0.7647058823529411, "recall": 1.0, "f1-score": 0.8666666666666667, "support": 39.0}, "1": {"precision": 1.0, "recall": 0.07692307692307693, "f1-score": 0.14285714285714285, "support": 13.0}, "accuracy": 0.7692307692307693, "macro avg": {"precision": 0.8823529411764706, "recall": 0.5384615384615384, "f1-score": 0.5047619047619047, "support": 52.0}, "weighted avg": {"precision": 0.8235294117647058, "recall": 0.7692307692307693, "f1-score": 0.6857142857142857, "support": 52.0}}