{"best_estimator": "KNeighborsClassifier(n_neighbors=10, p=3)", "best_score": 0.6326127719925196, "test_score": 0.516994633273703}