{"0": {"precision": 0.5641025641025641, "recall": 0.6875, "f1-score": 0.6197183098591549, "support": 32.0}, "1": {"precision": 0.4117647058823529, "recall": 0.2916666666666667, "f1-score": 0.34146341463414637, "support": 24.0}, "accuracy": 0.5178571428571429, "macro avg": {"precision": 0.4879336349924585, "recall": 0.48958333333333337, "f1-score": 0.4805908622466506, "support": 56.0}, "weighted avg": {"precision": 0.49881491057961647, "recall": 0.5178571428571429, "f1-score": 0.5004662119055798, "support": 56.0}}