{"best_estimator": "RandomForestClassifier(criterion='entropy', max_depth=3)", "best_score": 0.6512742069942188, "test_score": 0.5258400136448917}