{"0": {"precision": 0.8131868131868132, "recall": 1.0, "f1-score": 0.896969696969697, "support": 74.0}, "1": {"precision": 1.0, "recall": 0.15, "f1-score": 0.2608695652173913, "support": 20.0}, "accuracy": 0.8191489361702128, "macro avg": {"precision": 0.9065934065934066, "recall": 0.575, "f1-score": 0.5789196310935442, "support": 94.0}, "weighted avg": {"precision": 0.8529342997428103, "recall": 0.8191489361702128, "f1-score": 0.7616292434053766, "support": 94.0}}