{"best_estimator": "BernoulliNB()", "best_score": 0.46552219719647087, "test_score": 0.25925925925925924}