{"best_estimator": "HistGradientBoostingClassifier(learning_rate=0.05)", "best_score": 0.566199581776312, "test_score": 0.4011544011544011}