{"best_estimator": "HistGradientBoostingClassifier(learning_rate=0.5)", "best_score": 0.5367305140666533, "test_score": 0.6469622331691297}