{"best_estimator": "HistGradientBoostingClassifier()", "best_score": 0.5744837461462535, "test_score": 0.4283229813664596}