{"best_estimator": "HistGradientBoostingClassifier(learning_rate=0.01)", "best_score": 0.5783697903553151, "test_score": 0.4848484848484849}