{"best_estimator": "KNeighborsClassifier(n_neighbors=25, p=3)", "best_score": 0.5670354853962187, "test_score": 0.5555555555555556}