{"0": {"precision": 0.5853658536585366, "recall": 0.96, "f1-score": 0.7272727272727273, "support": 25.0}, "1": {"precision": 0.5, "recall": 0.05555555555555555, "f1-score": 0.1, "support": 18.0}, "accuracy": 0.5813953488372093, "macro avg": {"precision": 0.5426829268292683, "recall": 0.5077777777777778, "f1-score": 0.41363636363636364, "support": 43.0}, "weighted avg": {"precision": 0.549631310266591, "recall": 0.5813953488372093, "f1-score": 0.464693446088795, "support": 43.0}}