{"0": {"precision": 0.6666666666666666, "recall": 0.7586206896551724, "f1-score": 0.7096774193548387, "support": 29.0}, "1": {"precision": 0.2222222222222222, "recall": 0.15384615384615385, "f1-score": 0.18181818181818182, "support": 13.0}, "accuracy": 0.5714285714285714, "macro avg": {"precision": 0.4444444444444444, "recall": 0.4562334217506631, "f1-score": 0.4457478005865103, "support": 42.0}, "weighted avg": {"precision": 0.5291005291005291, "recall": 0.5714285714285714, "f1-score": 0.5462924172601592, "support": 42.0}}