{"best_estimator": "BernoulliNB()", "best_score": 0.5599807575851843, "test_score": 0.6666666666666666}