{"0": {"precision": 0.6923076923076923, "recall": 0.3103448275862069, "f1-score": 0.42857142857142855, "support": 29.0}, "1": {"precision": 0.4594594594594595, "recall": 0.8095238095238095, "f1-score": 0.5862068965517241, "support": 21.0}, "accuracy": 0.52, "macro avg": {"precision": 0.5758835758835759, "recall": 0.5599343185550082, "f1-score": 0.5073891625615763, "support": 50.0}, "weighted avg": {"precision": 0.5945114345114345, "recall": 0.52, "f1-score": 0.4947783251231527, "support": 50.0}}