{"best_estimator": "BernoulliNB()", "best_score": 0.5934280845752258, "test_score": 0.7835497835497836}