{"best_estimator": "BernoulliNB()", "best_score": 0.5939969110552552, "test_score": 0.44771080129231305}