{"best_estimator": "BernoulliNB()", "best_score": 0.5878867390965339, "test_score": 0.5294269045984901}