{"0": {"precision": 0.8148148148148148, "recall": 0.46808510638297873, "f1-score": 0.5945945945945946, "support": 47.0}, "1": {"precision": 0.3902439024390244, "recall": 0.7619047619047619, "f1-score": 0.5161290322580645, "support": 21.0}, "accuracy": 0.5588235294117647, "macro avg": {"precision": 0.6025293586269196, "recall": 0.6149949341438703, "f1-score": 0.5553618134263296, "support": 68.0}, "weighted avg": {"precision": 0.6836973271693502, "recall": 0.5588235294117647, "f1-score": 0.5703625826965486, "support": 68.0}}