{"best_estimator": "BernoulliNB()", "best_score": 0.621091590830436, "test_score": 0.5703625826965486}