{"0": {"precision": 0.6756756756756757, "recall": 0.8620689655172413, "f1-score": 0.7575757575757576, "support": 29.0}, "1": {"precision": 0.6923076923076923, "recall": 0.42857142857142855, "f1-score": 0.5294117647058824, "support": 21.0}, "accuracy": 0.68, "macro avg": {"precision": 0.683991683991684, "recall": 0.645320197044335, "f1-score": 0.64349376114082, "support": 50.0}, "weighted avg": {"precision": 0.6826611226611226, "recall": 0.68, "f1-score": 0.66174688057041, "support": 50.0}}