{"best_estimator": "HistGradientBoostingClassifier(learning_rate=0.01)", "best_score": 0.6463932643222268, "test_score": 0.8249721293199553}