{"0": {"precision": 0.75, "recall": 0.46875, "f1-score": 0.5769230769230769, "support": 32.0}, "1": {"precision": 0.37037037037037035, "recall": 0.6666666666666666, "f1-score": 0.47619047619047616, "support": 15.0}, "accuracy": 0.5319148936170213, "macro avg": {"precision": 0.5601851851851851, "recall": 0.5677083333333333, "f1-score": 0.5265567765567765, "support": 47.0}, "weighted avg": {"precision": 0.6288416075650118, "recall": 0.5319148936170213, "f1-score": 0.5447743745616086, "support": 47.0}}