{"best_estimator": "HistGradientBoostingClassifier(learning_rate=0.01)", "best_score": 0.6150491735230837, "test_score": 0.5447743745616086}