{"0": {"precision": 0.9166666666666666, "recall": 0.7021276595744681, "f1-score": 0.7951807228915663, "support": 47.0}, "1": {"precision": 0.5625, "recall": 0.8571428571428571, "f1-score": 0.6792452830188679, "support": 21.0}, "accuracy": 0.75, "macro avg": {"precision": 0.7395833333333333, "recall": 0.7796352583586625, "f1-score": 0.7372130029552171, "support": 68.0}, "weighted avg": {"precision": 0.8072916666666666, "recall": 0.75, "f1-score": 0.7593771311661741, "support": 68.0}}