{"0": {"precision": 0.8181818181818182, "recall": 0.5625, "f1-score": 0.6666666666666666, "support": 32.0}, "1": {"precision": 0.44, "recall": 0.7333333333333333, "f1-score": 0.55, "support": 15.0}, "accuracy": 0.6170212765957447, "macro avg": {"precision": 0.6290909090909091, "recall": 0.6479166666666667, "f1-score": 0.6083333333333334, "support": 47.0}, "weighted avg": {"precision": 0.6974854932301741, "recall": 0.6170212765957447, "f1-score": 0.6294326241134751, "support": 47.0}}