{"best_estimator": "RandomForestClassifier()", "best_score": 0.4918854976880258, "test_score": 0.7871075830707249}