{"best_estimator": "RandomForestClassifier(criterion='log_loss', n_estimators=200)", "best_score": 0.5249824894968322, "test_score": 0.8249721293199553}