{"best_estimator": "RandomForestClassifier(criterion='entropy', n_estimators=150)", "best_score": 0.5250681957249592, "test_score": 0.6406926406926406}