{"0": {"precision": 0.52, "recall": 0.5652173913043478, "f1-score": 0.5416666666666666, "support": 23.0}, "1": {"precision": 0.5454545454545454, "recall": 0.5, "f1-score": 0.5217391304347826, "support": 24.0}, "accuracy": 0.5319148936170213, "macro avg": {"precision": 0.5327272727272727, "recall": 0.5326086956521738, "f1-score": 0.5317028985507246, "support": 47.0}, "weighted avg": {"precision": 0.5329980657640232, "recall": 0.5319148936170213, "f1-score": 0.531490903484428, "support": 47.0}}