{"0": {"precision": 1.0, "recall": 0.05, "f1-score": 0.09523809523809523, "support": 20.0}, "1": {"precision": 0.40625, "recall": 1.0, "f1-score": 0.5777777777777777, "support": 13.0}, "accuracy": 0.42424242424242425, "macro avg": {"precision": 0.703125, "recall": 0.525, "f1-score": 0.3365079365079365, "support": 33.0}, "weighted avg": {"precision": 0.7660984848484849, "recall": 0.42424242424242425, "f1-score": 0.28532948532948527, "support": 33.0}}