{"0": {"precision": 0.0, "recall": 0.0, "f1-score": 0.0, "support": 20.0}, "1": {"precision": 0.3939393939393939, "recall": 1.0, "f1-score": 0.5652173913043478, "support": 13.0}, "accuracy": 0.3939393939393939, "macro avg": {"precision": 0.19696969696969696, "recall": 0.5, "f1-score": 0.2826086956521739, "support": 33.0}, "weighted avg": {"precision": 0.155188246097337, "recall": 0.3939393939393939, "f1-score": 0.22266139657444003, "support": 33.0}}