{"best_estimator": "HistGradientBoostingClassifier(learning_rate=0.001)", "best_score": 0.5290019076194492, "test_score": 0.5354064039408867}