{"best_estimator": "HistGradientBoostingClassifier(learning_rate=0.5)", "best_score": 0.47224206479704484, "test_score": 0.5973522167487685}