{"best_estimator": "HistGradientBoostingClassifier(learning_rate=0.001)", "best_score": 0.4908609730445871, "test_score": 0.6915584415584415}