{"0": {"precision": 0.5, "recall": 0.47368421052631576, "f1-score": 0.4864864864864865, "support": 19.0}, "1": {"precision": 0.2857142857142857, "recall": 0.3076923076923077, "f1-score": 0.2962962962962963, "support": 13.0}, "accuracy": 0.40625, "macro avg": {"precision": 0.39285714285714285, "recall": 0.3906882591093117, "f1-score": 0.3913913913913914, "support": 32.0}, "weighted avg": {"precision": 0.41294642857142855, "recall": 0.40625, "f1-score": 0.4092217217217217, "support": 32.0}}