{"best_estimator": "KNeighborsClassifier(n_neighbors=25, weights='distance')", "best_score": 0.48314607934054976, "test_score": 0.4092217217217217}