{"0": {"precision": 0.5833333333333334, "recall": 0.3684210526315789, "f1-score": 0.45161290322580644, "support": 19.0}, "1": {"precision": 0.4, "recall": 0.6153846153846154, "f1-score": 0.48484848484848486, "support": 13.0}, "accuracy": 0.46875, "macro avg": {"precision": 0.4916666666666667, "recall": 0.4919028340080972, "f1-score": 0.4682306940371457, "support": 32.0}, "weighted avg": {"precision": 0.5088541666666667, "recall": 0.46875, "f1-score": 0.4651148582600195, "support": 32.0}}