{"best_estimator": "RandomForestClassifier(criterion='log_loss', n_estimators=400)", "best_score": 0.5195285471990112, "test_score": 0.5178287380699894}