{"best_estimator": "RandomForestClassifier(n_estimators=200)", "best_score": 0.44077045258011555, "test_score": 0.6565554432086282}