{"best_estimator": "RandomForestClassifier(criterion='entropy')", "best_score": 0.44784789366518796, "test_score": 0.4808277900960828}