{"precision": 0.7325772182964762, "recall": 0.7038526450807152, "f1": 0.6997867571927764}