{"best_estimator": "BernoulliNB()", "best_score": 0.5674404027845626, "test_score": 0.6022397018508897}