{"best_estimator": "BernoulliNB()", "best_score": 0.585017122800646, "test_score": 0.5160447511221277}