{"best_estimator": "HistGradientBoostingClassifier(learning_rate=0.5)", "best_score": 0.6972165955395908, "test_score": 0.7357142857142857}