{"best_estimator": "HistGradientBoostingClassifier()", "best_score": 0.7118742137209828, "test_score": 0.5581395348837209}