{"best_estimator": "KNeighborsClassifier(n_neighbors=25)", "best_score": 0.7269605316901978, "test_score": 0.9339366515837104}