{"best_estimator": "KNeighborsClassifier(n_neighbors=25, p=1)", "best_score": 0.729027146018374, "test_score": 0.5970149253731343}