{"0": {"precision": 1.0, "recall": 0.8888888888888888, "f1-score": 0.9411764705882353, "support": 9.0}, "1": {"precision": 0.8571428571428571, "recall": 1.0, "f1-score": 0.9230769230769231, "support": 6.0}, "accuracy": 0.9333333333333333, "macro avg": {"precision": 0.9285714285714286, "recall": 0.9444444444444444, "f1-score": 0.9321266968325792, "support": 15.0}, "weighted avg": {"precision": 0.9428571428571428, "recall": 0.9333333333333333, "f1-score": 0.9339366515837104, "support": 15.0}}