{"best_estimator": "RandomForestClassifier(max_depth=3)", "best_score": 0.7335285134896825, "test_score": 0.9339366515837104}