{"best_estimator": "AdaBoostClassifier(algorithm='SAMME', learning_rate=0.01, n_estimators=100)", "best_score": 0.7060770873976682, "test_score": 0.7894736842105263}