{"best_estimator": "AdaBoostClassifier(algorithm='SAMME', learning_rate=0.5)", "best_score": 0.6878159312847959, "test_score": 0.8690813054140727}