{"best_estimator": "BernoulliNB()", "best_score": 0.4984549751125103, "test_score": 0.5572649572649573}