{"best_estimator": "BernoulliNB()", "best_score": 0.46107166720907006, "test_score": 0.5747348119575699}