{"best_estimator": "BernoulliNB()", "best_score": 0.4987791469454124, "test_score": 0.5572649572649573}