{"0": {"precision": 0.5945945945945946, "recall": 0.9565217391304348, "f1-score": 0.7333333333333333, "support": 23.0}, "1": {"precision": 0.0, "recall": 0.0, "f1-score": 0.0, "support": 15.0}, "accuracy": 0.5789473684210527, "macro avg": {"precision": 0.2972972972972973, "recall": 0.4782608695652174, "f1-score": 0.36666666666666664, "support": 38.0}, "weighted avg": {"precision": 0.3598862019914652, "recall": 0.5789473684210527, "f1-score": 0.443859649122807, "support": 38.0}}