{"best_estimator": "BernoulliNB()", "best_score": 0.5167241227231625, "test_score": 0.46886446886446886}