{"0": {"precision": 0.5945945945945946, "recall": 0.9166666666666666, "f1-score": 0.7213114754098361, "support": 24.0}, "1": {"precision": 0.0, "recall": 0.0, "f1-score": 0.0, "support": 15.0}, "accuracy": 0.5641025641025641, "macro avg": {"precision": 0.2972972972972973, "recall": 0.4583333333333333, "f1-score": 0.36065573770491804, "support": 39.0}, "weighted avg": {"precision": 0.3659043659043659, "recall": 0.5641025641025641, "f1-score": 0.44388398486759145, "support": 39.0}}