{"best_estimator": "BernoulliNB()", "best_score": 0.504823851402562, "test_score": 0.5093093984125806}