{"best_estimator": "HistGradientBoostingClassifier(learning_rate=0.01)", "best_score": 0.6749238533017616, "test_score": 0.7329260651629073}