{"best_estimator": "HistGradientBoostingClassifier(learning_rate=0.5)", "best_score": 0.6981180213985391, "test_score": 0.6643209007741029}