{"best_estimator": "HistGradientBoostingClassifier(learning_rate=0.01)", "best_score": 0.6701765087028936, "test_score": 0.6929765886287625}