{"best_estimator": "HistGradientBoostingClassifier(learning_rate=0.05)", "best_score": 0.6380939243349995, "test_score": 0.8931704260651628}