{"best_estimator": "KNeighborsClassifier(n_neighbors=15, p=1, weights='distance')", "best_score": 0.6189952336356594, "test_score": 0.6795112781954886}