{"best_estimator": "RandomForestClassifier(max_depth=3, n_estimators=300)", "best_score": 0.6842395783918939, "test_score": 0.8675522261265783}