{"best_estimator": "RandomForestClassifier(max_depth=6)", "best_score": 0.7074731373561285, "test_score": 0.6353846153846154}