{"0": {"precision": 0.7142857142857143, "recall": 0.8333333333333334, "f1-score": 0.7692307692307693, "support": 24.0}, "1": {"precision": 0.6363636363636364, "recall": 0.4666666666666667, "f1-score": 0.5384615384615384, "support": 15.0}, "accuracy": 0.6923076923076923, "macro avg": {"precision": 0.6753246753246753, "recall": 0.65, "f1-score": 0.6538461538461539, "support": 39.0}, "weighted avg": {"precision": 0.6843156843156842, "recall": 0.6923076923076923, "f1-score": 0.6804733727810651, "support": 39.0}}