{"best_estimator": "AdaBoostClassifier(algorithm='SAMME', learning_rate=0.05)", "best_score": 0.7688580946536588, "test_score": 0.8393923877794844}