{"0": {"precision": 0.64, "recall": 0.9411764705882353, "f1-score": 0.7619047619047619, "support": 17.0}, "1": {"precision": 0.8333333333333334, "recall": 0.35714285714285715, "f1-score": 0.5, "support": 14.0}, "accuracy": 0.6774193548387096, "macro avg": {"precision": 0.7366666666666667, "recall": 0.6491596638655462, "f1-score": 0.6309523809523809, "support": 31.0}, "weighted avg": {"precision": 0.7273118279569892, "recall": 0.6774193548387096, "f1-score": 0.6436251920122887, "support": 31.0}}