{"best_estimator": "BernoulliNB()", "best_score": 0.542949044878428, "test_score": 0.6436251920122887}