{"best_estimator": "BernoulliNB()", "best_score": 0.5682924894168861, "test_score": 0.589149560117302}