{"best_estimator": "BernoulliNB()", "best_score": 0.5632122632352242, "test_score": 0.4973096215230278}