{"best_estimator": "BernoulliNB()", "best_score": 0.5521322274435759, "test_score": 0.5340112201963534}