{"best_estimator": "RandomForestClassifier(max_depth=3, n_estimators=150)", "best_score": 0.7464785675608602, "test_score": 0.7424731182795699}