{"best_estimator": "RandomForestClassifier(max_depth=2)", "best_score": 0.7564046720520918, "test_score": 0.7751493428912785}