{"best_estimator": "BernoulliNB()", "best_score": 0.3364861407249467, "test_score": 0.37364117364117366}