{"best_estimator": "HistGradientBoostingClassifier(learning_rate=0.001)", "best_score": 0.5824798172659051, "test_score": 0.486768900562004}