{"best_estimator": "HistGradientBoostingClassifier(learning_rate=0.5)", "best_score": 0.586047607487443, "test_score": 0.5957355816226784}