{"best_estimator": "HistGradientBoostingClassifier(learning_rate=0.5)", "best_score": 0.5714226160931242, "test_score": 0.7287808965228321}