{"0": {"precision": 0.5714285714285714, "recall": 0.4444444444444444, "f1-score": 0.5, "support": 18.0}, "1": {"precision": 0.4444444444444444, "recall": 0.5714285714285714, "f1-score": 0.5, "support": 14.0}, "accuracy": 0.5, "macro avg": {"precision": 0.5079365079365079, "recall": 0.5079365079365079, "f1-score": 0.5, "support": 32.0}, "weighted avg": {"precision": 0.5158730158730158, "recall": 0.5, "f1-score": 0.5, "support": 32.0}}