{"0": {"precision": 0.8125, "recall": 0.6842105263157895, "f1-score": 0.7428571428571429, "support": 19.0}, "1": {"precision": 0.6470588235294118, "recall": 0.7857142857142857, "f1-score": 0.7096774193548387, "support": 14.0}, "accuracy": 0.7272727272727273, "macro avg": {"precision": 0.7297794117647058, "recall": 0.7349624060150376, "f1-score": 0.7262672811059908, "support": 33.0}, "weighted avg": {"precision": 0.7423128342245989, "recall": 0.7272727272727273, "f1-score": 0.7287808965228321, "support": 33.0}}