{"0": {"precision": 0.5555555555555556, "recall": 0.5263157894736842, "f1-score": 0.5405405405405406, "support": 19.0}, "1": {"precision": 0.4, "recall": 0.42857142857142855, "f1-score": 0.41379310344827586, "support": 14.0}, "accuracy": 0.48484848484848486, "macro avg": {"precision": 0.4777777777777778, "recall": 0.47744360902255634, "f1-score": 0.4771668219944082, "support": 33.0}, "weighted avg": {"precision": 0.48956228956228953, "recall": 0.48484848484848486, "f1-score": 0.486768900562004, "support": 33.0}}