{"best_estimator": "KNeighborsClassifier(p=3, weights='distance')", "best_score": 0.54136511568534, "test_score": 0.6579704704704705}