{"0": {"precision": 0.5833333333333334, "recall": 0.3888888888888889, "f1-score": 0.4666666666666667, "support": 18.0}, "1": {"precision": 0.45, "recall": 0.6428571428571429, "f1-score": 0.5294117647058824, "support": 14.0}, "accuracy": 0.5, "macro avg": {"precision": 0.5166666666666667, "recall": 0.5158730158730159, "f1-score": 0.4980392156862745, "support": 32.0}, "weighted avg": {"precision": 0.525, "recall": 0.5, "f1-score": 0.49411764705882355, "support": 32.0}}