{"best_estimator": "KNeighborsClassifier(n_neighbors=20, p=1)", "best_score": 0.5161005258386554, "test_score": 0.4651148582600195}