{"best_estimator": "RandomForestClassifier(n_estimators=150)", "best_score": 0.5765328931534937, "test_score": 0.6861471861471862}