{"best_estimator": "RandomForestClassifier(criterion='log_loss', n_estimators=150)", "best_score": 0.5688558739013448, "test_score": 0.7575757575757576}