{"0": {"precision": 0.625, "recall": 0.5555555555555556, "f1-score": 0.5882352941176471, "support": 18.0}, "1": {"precision": 0.5, "recall": 0.5714285714285714, "f1-score": 0.5333333333333333, "support": 14.0}, "accuracy": 0.5625, "macro avg": {"precision": 0.5625, "recall": 0.5634920634920635, "f1-score": 0.5607843137254902, "support": 32.0}, "weighted avg": {"precision": 0.5703125, "recall": 0.5625, "f1-score": 0.5642156862745098, "support": 32.0}}