{"0": {"precision": 0.8333333333333334, "recall": 0.7894736842105263, "f1-score": 0.8108108108108109, "support": 19.0}, "1": {"precision": 0.7142857142857143, "recall": 0.7692307692307693, "f1-score": 0.7407407407407407, "support": 13.0}, "accuracy": 0.78125, "macro avg": {"precision": 0.7738095238095238, "recall": 0.7793522267206479, "f1-score": 0.7757757757757757, "support": 32.0}, "weighted avg": {"precision": 0.7849702380952381, "recall": 0.78125, "f1-score": 0.7823448448448449, "support": 32.0}}