{"0": {"precision": 0.5428571428571428, "recall": 0.76, "f1-score": 0.6333333333333333, "support": 25.0}, "1": {"precision": 0.6, "recall": 0.36, "f1-score": 0.45, "support": 25.0}, "accuracy": 0.56, "macro avg": {"precision": 0.5714285714285714, "recall": 0.56, "f1-score": 0.5416666666666666, "support": 50.0}, "weighted avg": {"precision": 0.5714285714285714, "recall": 0.56, "f1-score": 0.5416666666666666, "support": 50.0}}