{"best_estimator": "BernoulliNB()", "best_score": 0.49766980905446034, "test_score": 0.5593140939743547}