{"0": {"precision": 0.5945945945945946, "recall": 0.8461538461538461, "f1-score": 0.6984126984126984, "support": 26.0}, "1": {"precision": 0.6, "recall": 0.2857142857142857, "f1-score": 0.3870967741935484, "support": 21.0}, "accuracy": 0.5957446808510638, "macro avg": {"precision": 0.5972972972972973, "recall": 0.5659340659340659, "f1-score": 0.5427547363031233, "support": 47.0}, "weighted avg": {"precision": 0.59700977573318, "recall": 0.5957446808510638, "f1-score": 0.5593140939743547, "support": 47.0}}