{"best_estimator": "HistGradientBoostingClassifier(learning_rate=0.01)", "best_score": 0.5704373048505552, "test_score": 0.45631822386678994}