{"best_estimator": "HistGradientBoostingClassifier(learning_rate=0.05)", "best_score": 0.581876909713508, "test_score": 0.6046079524340394}