{"0": {"precision": 0.6666666666666666, "recall": 0.6153846153846154, "f1-score": 0.64, "support": 26.0}, "1": {"precision": 0.5652173913043478, "recall": 0.6190476190476191, "f1-score": 0.5909090909090909, "support": 21.0}, "accuracy": 0.6170212765957447, "macro avg": {"precision": 0.6159420289855072, "recall": 0.6172161172161172, "f1-score": 0.6154545454545455, "support": 47.0}, "weighted avg": {"precision": 0.6213382670366944, "recall": 0.6170212765957447, "f1-score": 0.6180657640232109, "support": 47.0}}