{"best_estimator": "RandomForestClassifier()", "best_score": 0.6079253250623637, "test_score": 0.5967078189300411}