{"0": {"precision": 0.7142857142857143, "recall": 0.7575757575757576, "f1-score": 0.7352941176470589, "support": 33.0}, "1": {"precision": 0.6363636363636364, "recall": 0.5833333333333334, "f1-score": 0.6086956521739131, "support": 24.0}, "accuracy": 0.6842105263157895, "macro avg": {"precision": 0.6753246753246753, "recall": 0.6704545454545454, "f1-score": 0.671994884910486, "support": 57.0}, "weighted avg": {"precision": 0.6814764183185237, "recall": 0.6842105263157895, "f1-score": 0.6819895006057343, "support": 57.0}}