{"0": {"precision": 0.9491525423728814, "recall": 0.7567567567567568, "f1-score": 0.8421052631578947, "support": 74.0}, "1": {"precision": 0.5, "recall": 0.8571428571428571, "f1-score": 0.631578947368421, "support": 21.0}, "accuracy": 0.7789473684210526, "macro avg": {"precision": 0.7245762711864407, "recall": 0.8069498069498069, "f1-score": 0.7368421052631579, "support": 95.0}, "weighted avg": {"precision": 0.8498661909009813, "recall": 0.7789473684210526, "f1-score": 0.7955678670360109, "support": 95.0}}