{"0": {"precision": 0.7027027027027027, "recall": 0.7222222222222222, "f1-score": 0.7123287671232876, "support": 36.0}, "1": {"precision": 0.5, "recall": 0.47619047619047616, "f1-score": 0.4878048780487805, "support": 21.0}, "accuracy": 0.631578947368421, "macro avg": {"precision": 0.6013513513513513, "recall": 0.5992063492063492, "f1-score": 0.600066822586034, "support": 57.0}, "weighted avg": {"precision": 0.628022759601707, "recall": 0.631578947368421, "f1-score": 0.6296094395695219, "support": 57.0}}