{"best_estimator": "BernoulliNB()", "best_score": 0.598425001799537, "test_score": 0.6640537513997761}