{"0": {"precision": 0.7912087912087912, "recall": 0.972972972972973, "f1-score": 0.8727272727272727, "support": 74.0}, "1": {"precision": 0.5, "recall": 0.09523809523809523, "f1-score": 0.16, "support": 21.0}, "accuracy": 0.7789473684210526, "macro avg": {"precision": 0.6456043956043955, "recall": 0.5341055341055341, "f1-score": 0.5163636363636364, "support": 95.0}, "weighted avg": {"precision": 0.7268363215731636, "recall": 0.7789473684210526, "f1-score": 0.7151770334928229, "support": 95.0}}