{"best_estimator": "HistGradientBoostingClassifier(learning_rate=0.01)", "best_score": 0.7157413531265276, "test_score": 0.6124401913875598}