{"0": {"precision": 0.6808510638297872, "recall": 0.9696969696969697, "f1-score": 0.8, "support": 33.0}, "1": {"precision": 0.9, "recall": 0.375, "f1-score": 0.5294117647058824, "support": 24.0}, "accuracy": 0.7192982456140351, "macro avg": {"precision": 0.7904255319148936, "recall": 0.6723484848484849, "f1-score": 0.6647058823529413, "support": 57.0}, "weighted avg": {"precision": 0.7731243001119821, "recall": 0.7192982456140351, "f1-score": 0.6860681114551084, "support": 57.0}}