{"best_estimator": "HistGradientBoostingClassifier(learning_rate=0.05)", "best_score": 0.7387483671327836, "test_score": 0.5741109530583214}