{"0": {"precision": 0.8157894736842105, "recall": 0.7380952380952381, "f1-score": 0.775, "support": 42.0}, "1": {"precision": 0.42105263157894735, "recall": 0.5333333333333333, "f1-score": 0.47058823529411764, "support": 15.0}, "accuracy": 0.6842105263157895, "macro avg": {"precision": 0.618421052631579, "recall": 0.6357142857142857, "f1-score": 0.6227941176470588, "support": 57.0}, "weighted avg": {"precision": 0.7119113573407203, "recall": 0.6842105263157895, "f1-score": 0.694891640866873, "support": 57.0}}