{"0": {"precision": 0.7843137254901961, "recall": 0.9523809523809523, "f1-score": 0.8602150537634409, "support": 42.0}, "1": {"precision": 0.6666666666666666, "recall": 0.26666666666666666, "f1-score": 0.38095238095238093, "support": 15.0}, "accuracy": 0.7719298245614035, "macro avg": {"precision": 0.7254901960784313, "recall": 0.6095238095238095, "f1-score": 0.620583717357911, "support": 57.0}, "weighted avg": {"precision": 0.7533539731682146, "recall": 0.7719298245614035, "f1-score": 0.7340932977605304, "support": 57.0}}