{"0": {"precision": 0.7608695652173914, "recall": 0.9722222222222222, "f1-score": 0.8536585365853658, "support": 36.0}, "1": {"precision": 0.875, "recall": 0.3888888888888889, "f1-score": 0.5384615384615384, "support": 18.0}, "accuracy": 0.7777777777777778, "macro avg": {"precision": 0.8179347826086957, "recall": 0.6805555555555556, "f1-score": 0.6960600375234521, "support": 54.0}, "weighted avg": {"precision": 0.798913043478261, "recall": 0.7777777777777778, "f1-score": 0.74859287054409, "support": 54.0}}