{"best_estimator": "RandomForestClassifier(criterion='log_loss')", "best_score": 0.6499497287612099, "test_score": 0.7077922077922079}