{"best_estimator": "RandomForestClassifier(criterion='log_loss', n_estimators=150)", "best_score": 0.6488306307811791, "test_score": 0.7040853882959146}