{"best_estimator": "RandomForestClassifier(criterion='entropy', n_estimators=150)", "best_score": 0.6810716737536447, "test_score": 0.4583158776707164}