{"precision": 0.6847961358716756, "recall": 0.6564931823921497, "f1": 0.6592711975933019}