{"best_estimator": "BernoulliNB()", "best_score": 0.5285980475601015, "test_score": 0.6452294685990339}