{"best_estimator": "BernoulliNB()", "best_score": 0.5345013216150538, "test_score": 0.490391156462585}