{"best_estimator": "BernoulliNB()", "best_score": 0.5367768914841362, "test_score": 0.5251095118898623}