{"best_estimator": "HistGradientBoostingClassifier()", "best_score": 0.6856279571633834, "test_score": 0.5957832832832832}