{"best_estimator": "HistGradientBoostingClassifier()", "best_score": 0.6259895447629816, "test_score": 0.5435606060606061}