{"0": {"precision": 0.8, "recall": 0.8, "f1-score": 0.8, "support": 20.0}, "1": {"precision": 0.6923076923076923, "recall": 0.6923076923076923, "f1-score": 0.6923076923076923, "support": 13.0}, "accuracy": 0.7575757575757576, "macro avg": {"precision": 0.7461538461538462, "recall": 0.7461538461538462, "f1-score": 0.7461538461538462, "support": 33.0}, "weighted avg": {"precision": 0.7575757575757576, "recall": 0.7575757575757576, "f1-score": 0.7575757575757576, "support": 33.0}}