{"best_estimator": "HistGradientBoostingClassifier(learning_rate=0.01)", "best_score": 0.6618224196741856, "test_score": 0.6565554432086282}