{"best_estimator": "KNeighborsClassifier(n_neighbors=7, p=3, weights='distance')", "best_score": 0.6959587647458364, "test_score": 0.6831955922865013}