{"0": {"precision": 0.7307692307692307, "recall": 0.95, "f1-score": 0.8260869565217391, "support": 20.0}, "1": {"precision": 0.8571428571428571, "recall": 0.46153846153846156, "f1-score": 0.6, "support": 13.0}, "accuracy": 0.7575757575757576, "macro avg": {"precision": 0.7939560439560439, "recall": 0.7057692307692307, "f1-score": 0.7130434782608696, "support": 33.0}, "weighted avg": {"precision": 0.7805527805527805, "recall": 0.7575757575757576, "f1-score": 0.7370223978919631, "support": 33.0}}