{"0": {"precision": 0.7142857142857143, "recall": 0.625, "f1-score": 0.6666666666666666, "support": 24.0}, "1": {"precision": 0.5, "recall": 0.6, "f1-score": 0.5454545454545454, "support": 15.0}, "accuracy": 0.6153846153846154, "macro avg": {"precision": 0.6071428571428572, "recall": 0.6125, "f1-score": 0.606060606060606, "support": 39.0}, "weighted avg": {"precision": 0.6318681318681318, "recall": 0.6153846153846154, "f1-score": 0.62004662004662, "support": 39.0}}