{"best_estimator": "AdaBoostClassifier(algorithm='SAMME', learning_rate=0.001, n_estimators=400)", "best_score": 0.6967842551803108, "test_score": 0.7337278106508877}