{"best_estimator": "BernoulliNB()", "best_score": 0.5237178769518838, "test_score": 0.43086529884032115}