{"best_estimator": "BernoulliNB()", "best_score": 0.5045911831696368, "test_score": 0.5468844525105867}