{"0": {"precision": 0.6388888888888888, "recall": 0.9583333333333334, "f1-score": 0.7666666666666667, "support": 24.0}, "1": {"precision": 0.6666666666666666, "recall": 0.13333333333333333, "f1-score": 0.2222222222222222, "support": 15.0}, "accuracy": 0.6410256410256411, "macro avg": {"precision": 0.6527777777777777, "recall": 0.5458333333333334, "f1-score": 0.49444444444444446, "support": 39.0}, "weighted avg": {"precision": 0.6495726495726496, "recall": 0.6410256410256411, "f1-score": 0.5572649572649573, "support": 39.0}}