{"0": {"precision": 0.6285714285714286, "recall": 0.9565217391304348, "f1-score": 0.7586206896551724, "support": 23.0}, "1": {"precision": 0.6666666666666666, "recall": 0.13333333333333333, "f1-score": 0.2222222222222222, "support": 15.0}, "accuracy": 0.631578947368421, "macro avg": {"precision": 0.6476190476190475, "recall": 0.5449275362318841, "f1-score": 0.4904214559386973, "support": 38.0}, "weighted avg": {"precision": 0.643609022556391, "recall": 0.631578947368421, "f1-score": 0.5468844525105867, "support": 38.0}}