{"best_estimator": "BernoulliNB()", "best_score": 0.5038164804502452, "test_score": 0.456575682382134}