{"best_estimator": "BernoulliNB()", "best_score": 0.5036677099356427, "test_score": 0.456575682382134}