{"best_estimator": "BernoulliNB()", "best_score": 0.4842681031275366, "test_score": 0.5572649572649573}