{"best_estimator": "HistGradientBoostingClassifier(learning_rate=0.01)", "best_score": 0.6845210195732274, "test_score": 0.7030478955007257}