{"best_estimator": "HistGradientBoostingClassifier(learning_rate=0.5)", "best_score": 0.6516725302061872, "test_score": 0.7570391872278666}