{"best_estimator": "HistGradientBoostingClassifier(learning_rate=0.01)", "best_score": 0.6819625659476988, "test_score": 0.6160968660968661}