{"0": {"precision": 0.6666666666666666, "recall": 0.8695652173913043, "f1-score": 0.7547169811320755, "support": 23.0}, "1": {"precision": 0.625, "recall": 0.3333333333333333, "f1-score": 0.43478260869565216, "support": 15.0}, "accuracy": 0.6578947368421053, "macro avg": {"precision": 0.6458333333333333, "recall": 0.6014492753623188, "f1-score": 0.5947497949138638, "support": 38.0}, "weighted avg": {"precision": 0.650219298245614, "recall": 0.6578947368421053, "f1-score": 0.6284270972755926, "support": 38.0}}