{"best_estimator": "RandomForestClassifier(max_depth=2)", "best_score": 0.66980768814243, "test_score": 0.7999222831483961}