{"best_estimator": "BernoulliNB()", "best_score": 0.6581792442489419, "test_score": 0.6560846560846562}