{"best_estimator": "BernoulliNB()", "best_score": 0.6997352516921236, "test_score": 0.5023809523809523}