{"0": {"precision": 0.7083333333333334, "recall": 0.68, "f1-score": 0.6938775510204082, "support": 25.0}, "1": {"precision": 0.5789473684210527, "recall": 0.6111111111111112, "f1-score": 0.5945945945945946, "support": 18.0}, "accuracy": 0.6511627906976745, "macro avg": {"precision": 0.6436403508771931, "recall": 0.6455555555555557, "f1-score": 0.6442360728075014, "support": 43.0}, "weighted avg": {"precision": 0.6541717666258671, "recall": 0.6511627906976745, "f1-score": 0.6523172436793699, "support": 43.0}}