{"best_estimator": "BernoulliNB()", "best_score": 0.6419577525127826, "test_score": 0.738095238095238}