{"best_estimator": "BernoulliNB()", "best_score": 0.6550204336614932, "test_score": 0.7835497835497836}