{"best_estimator": "BernoulliNB()", "best_score": 0.6485887752094648, "test_score": 0.6523172436793699}