{"0": {"precision": 0.5882352941176471, "recall": 0.45454545454545453, "f1-score": 0.5128205128205128, "support": 22.0}, "1": {"precision": 0.5862068965517241, "recall": 0.7083333333333334, "f1-score": 0.6415094339622641, "support": 24.0}, "accuracy": 0.5869565217391305, "macro avg": {"precision": 0.5872210953346856, "recall": 0.5814393939393939, "f1-score": 0.5771649733913884, "support": 46.0}, "weighted avg": {"precision": 0.5871769997354264, "recall": 0.5869565217391305, "f1-score": 0.5799625586336005, "support": 46.0}}