{"best_estimator": "BernoulliNB()", "best_score": 0.6484886976267231, "test_score": 0.7777777777777778}