{"best_estimator": "HistGradientBoostingClassifier(learning_rate=0.001)", "best_score": 0.7040531431841145, "test_score": 0.7699872729376374}