{"best_estimator": "HistGradientBoostingClassifier(learning_rate=0.001)", "best_score": 0.676552394099752, "test_score": 0.7209302325581395}