{"best_estimator": "HistGradientBoostingClassifier()", "best_score": 0.655167905847589, "test_score": 0.6461538461538462}