{"best_estimator": "HistGradientBoostingClassifier()", "best_score": 0.6645158035769821, "test_score": 0.6541526328760371}