{"best_estimator": "KNeighborsClassifier(n_neighbors=10, p=3)", "best_score": 0.7091320203532595, "test_score": 0.7230822153422773}