{"best_estimator": "KNeighborsClassifier(n_neighbors=15, p=1, weights='distance')", "best_score": 0.676936766224903, "test_score": 0.7568183180483126}