{"0": {"precision": 0.6470588235294118, "recall": 0.44, "f1-score": 0.5238095238095238, "support": 25.0}, "1": {"precision": 0.46153846153846156, "recall": 0.6666666666666666, "f1-score": 0.5454545454545454, "support": 18.0}, "accuracy": 0.5348837209302325, "macro avg": {"precision": 0.5542986425339367, "recall": 0.5533333333333333, "f1-score": 0.5346320346320346, "support": 43.0}, "weighted avg": {"precision": 0.5693991371145954, "recall": 0.5348837209302325, "f1-score": 0.5328702305446492, "support": 43.0}}