{"best_estimator": "KNeighborsClassifier(p=3, weights='distance')", "best_score": 0.7181807262740163, "test_score": 0.7121212121212122}