{"best_estimator": "RandomForestClassifier(n_estimators=300)", "best_score": 0.6947245330668557, "test_score": 0.5333333333333333}