{"best_estimator": "RandomForestClassifier(max_depth=2)", "best_score": 0.6618420272244516, "test_score": 0.5333333333333334}