{"best_estimator": "RandomForestClassifier(n_estimators=150)", "best_score": 0.6960922555553226, "test_score": 0.7124840911720468}