{"best_estimator": "BernoulliNB()", "best_score": 0.5470553088549558, "test_score": 0.4887218045112782}