{"best_estimator": "BernoulliNB()", "best_score": 0.5289402160407295, "test_score": 0.5928571428571429}