{"best_estimator": "BernoulliNB()", "best_score": 0.4966553485514288, "test_score": 0.6096304591265398}