{"0": {"precision": 0.8181818181818182, "recall": 0.782608695652174, "f1-score": 0.8, "support": 69.0}, "1": {"precision": 0.4827586206896552, "recall": 0.5384615384615384, "f1-score": 0.509090909090909, "support": 26.0}, "accuracy": 0.7157894736842105, "macro avg": {"precision": 0.6504702194357367, "recall": 0.6605351170568562, "f1-score": 0.6545454545454545, "support": 95.0}, "weighted avg": {"precision": 0.7263817851839631, "recall": 0.7157894736842105, "f1-score": 0.7203827751196172, "support": 95.0}}