{"best_estimator": "KNeighborsClassifier(p=1)", "best_score": 0.5778925604194037, "test_score": 0.6022988505747127}