{"0": {"precision": 0.7457627118644068, "recall": 0.6376811594202898, "f1-score": 0.6875, "support": 69.0}, "1": {"precision": 0.3055555555555556, "recall": 0.4230769230769231, "f1-score": 0.3548387096774194, "support": 26.0}, "accuracy": 0.5789473684210527, "macro avg": {"precision": 0.5256591337099812, "recall": 0.5303790412486065, "f1-score": 0.5211693548387097, "support": 95.0}, "weighted avg": {"precision": 0.6252849638219843, "recall": 0.5789473684210525, "f1-score": 0.596455857385399, "support": 95.0}}