{"best_estimator": "KNeighborsClassifier(n_neighbors=20, p=1)", "best_score": 0.5057251076788081, "test_score": 0.596455857385399}