{"best_estimator": "RandomForestClassifier(criterion='entropy', n_estimators=300)", "best_score": 0.5672422262859149, "test_score": 0.6596638655462185}