{"best_estimator": "RandomForestClassifier()", "best_score": 0.5195714769854952, "test_score": 0.5349316687946281}