{"best_estimator": "RandomForestClassifier(criterion='entropy', n_estimators=400)", "best_score": 0.5980432481716695, "test_score": 0.6416040100250626}