{"0": {"precision": 0.7222222222222222, "recall": 0.8666666666666667, "f1-score": 0.7878787878787878, "support": 15.0}, "1": {"precision": 0.3333333333333333, "recall": 0.16666666666666666, "f1-score": 0.2222222222222222, "support": 6.0}, "accuracy": 0.6666666666666666, "macro avg": {"precision": 0.5277777777777778, "recall": 0.5166666666666667, "f1-score": 0.505050505050505, "support": 21.0}, "weighted avg": {"precision": 0.6111111111111112, "recall": 0.6666666666666666, "f1-score": 0.6262626262626263, "support": 21.0}}