{"best_estimator": "RandomForestClassifier(criterion='entropy', n_estimators=150)", "best_score": 0.5995915618436858, "test_score": 0.46315789473684205}