{"best_estimator": "AdaBoostClassifier(algorithm='SAMME', learning_rate=0.001, n_estimators=400)", "best_score": 0.6730624900149985, "test_score": 0.752027315407597}