{"best_estimator": "BernoulliNB()", "best_score": 0.5051223503858189, "test_score": 0.19393939393939394}