{"best_estimator": "BernoulliNB()", "best_score": 0.4500040410532235, "test_score": 0.6589665653495441}