{"0": {"precision": 0.6666666666666666, "recall": 0.8333333333333334, "f1-score": 0.7407407407407407, "support": 36.0}, "1": {"precision": 0.14285714285714285, "recall": 0.0625, "f1-score": 0.08695652173913043, "support": 16.0}, "accuracy": 0.5961538461538461, "macro avg": {"precision": 0.40476190476190477, "recall": 0.4479166666666667, "f1-score": 0.41384863123993554, "support": 52.0}, "weighted avg": {"precision": 0.5054945054945055, "recall": 0.5961538461538461, "f1-score": 0.5395763656633221, "support": 52.0}}