{"best_estimator": "BernoulliNB()", "best_score": 0.517321516142285, "test_score": 0.40987654320987654}