{"0": {"precision": 0.52, "recall": 0.9629629629629629, "f1-score": 0.6753246753246753, "support": 27.0}, "1": {"precision": 0.5, "recall": 0.04, "f1-score": 0.07407407407407407, "support": 25.0}, "accuracy": 0.5192307692307693, "macro avg": {"precision": 0.51, "recall": 0.5014814814814814, "f1-score": 0.3746993746993747, "support": 52.0}, "weighted avg": {"precision": 0.5103846153846153, "recall": 0.5192307692307693, "f1-score": 0.38626188626188623, "support": 52.0}}