{"best_estimator": "BernoulliNB()", "best_score": 0.48407753156814515, "test_score": 0.5610002016535591}