{"0": {"precision": 0.7411764705882353, "recall": 0.9264705882352942, "f1-score": 0.8235294117647058, "support": 68.0}, "1": {"precision": 0.4444444444444444, "recall": 0.15384615384615385, "f1-score": 0.22857142857142856, "support": 26.0}, "accuracy": 0.7127659574468085, "macro avg": {"precision": 0.5928104575163399, "recall": 0.5401583710407241, "f1-score": 0.5260504201680672, "support": 94.0}, "weighted avg": {"precision": 0.6591016548463358, "recall": 0.7127659574468085, "f1-score": 0.6589665653495441, "support": 94.0}}