{"best_estimator": "HistGradientBoostingClassifier(learning_rate=0.01)", "best_score": 0.6641897229918182, "test_score": 0.764102564102564}