{"0": {"precision": 0.8125, "recall": 0.7222222222222222, "f1-score": 0.7647058823529411, "support": 36.0}, "1": {"precision": 0.5, "recall": 0.625, "f1-score": 0.5555555555555556, "support": 16.0}, "accuracy": 0.6923076923076923, "macro avg": {"precision": 0.65625, "recall": 0.6736111111111112, "f1-score": 0.6601307189542484, "support": 52.0}, "weighted avg": {"precision": 0.7163461538461539, "recall": 0.6923076923076923, "f1-score": 0.7003519356460532, "support": 52.0}}