{"best_estimator": "KNeighborsClassifier(p=1, weights='distance')", "best_score": 0.6418652078750917, "test_score": 0.5666666666666667}