{"best_estimator": "KNeighborsClassifier(weights='distance')", "best_score": 0.6471813563208118, "test_score": 0.6678571428571428}