{"0": {"precision": 0.5714285714285714, "recall": 1.0, "f1-score": 0.7272727272727273, "support": 8.0}, "1": {"precision": 1.0, "recall": 0.5714285714285714, "f1-score": 0.7272727272727273, "support": 14.0}, "accuracy": 0.7272727272727273, "macro avg": {"precision": 0.7857142857142857, "recall": 0.7857142857142857, "f1-score": 0.7272727272727273, "support": 22.0}, "weighted avg": {"precision": 0.8441558441558441, "recall": 0.7272727272727273, "f1-score": 0.7272727272727273, "support": 22.0}}