{"0": {"precision": 0.8055555555555556, "recall": 0.8787878787878788, "f1-score": 0.8405797101449275, "support": 33.0}, "1": {"precision": 0.8, "recall": 0.6956521739130435, "f1-score": 0.7441860465116279, "support": 23.0}, "accuracy": 0.8035714285714286, "macro avg": {"precision": 0.8027777777777778, "recall": 0.7872200263504612, "f1-score": 0.7923828783282777, "support": 56.0}, "weighted avg": {"precision": 0.8032738095238096, "recall": 0.8035714285714286, "f1-score": 0.8009894554383937, "support": 56.0}}