{"best_estimator": "RandomForestClassifier(max_depth=6, n_estimators=400)", "best_score": 0.7195024685979506, "test_score": 0.43636363636363645}