{"0": {"precision": 0.8153846153846154, "recall": 0.7794117647058824, "f1-score": 0.7969924812030075, "support": 68.0}, "1": {"precision": 0.4827586206896552, "recall": 0.5384615384615384, "f1-score": 0.509090909090909, "support": 26.0}, "accuracy": 0.7127659574468085, "macro avg": {"precision": 0.6490716180371353, "recall": 0.6589366515837104, "f1-score": 0.6530416951469582, "support": 94.0}, "weighted avg": {"precision": 0.723381680681754, "recall": 0.7127659574468085, "f1-score": 0.7173601314698739, "support": 94.0}}