{"best_estimator": "RandomForestClassifier(max_depth=2, n_estimators=200)", "best_score": 0.707256086340671, "test_score": 0.6932572074282232}