{"0": {"precision": 0.7872340425531915, "recall": 0.8222222222222222, "f1-score": 0.8043478260869565, "support": 45.0}, "1": {"precision": 0.6190476190476191, "recall": 0.5652173913043478, "f1-score": 0.5909090909090909, "support": 23.0}, "accuracy": 0.7352941176470589, "macro avg": {"precision": 0.7031408308004052, "recall": 0.693719806763285, "f1-score": 0.6976284584980237, "support": 68.0}, "weighted avg": {"precision": 0.7303474581321892, "recall": 0.7352941176470589, "f1-score": 0.7321553127179726, "support": 68.0}}