{"best_estimator": "HistGradientBoostingClassifier()", "best_score": 0.599486207919627, "test_score": 0.6532027743778049}