{"best_estimator": "HistGradientBoostingClassifier()", "best_score": 0.5987396146181108, "test_score": 0.8666666666666667}