{"best_estimator": "HistGradientBoostingClassifier(learning_rate=0.5)", "best_score": 0.6009332709677357, "test_score": 0.6369047619047619}