{"best_estimator": "HistGradientBoostingClassifier(learning_rate=0.05)", "best_score": 0.6112764055794875, "test_score": 0.5425985896310643}