{"best_estimator": "KNeighborsClassifier(p=3, weights='distance')", "best_score": 0.5379243628389223, "test_score": 0.5375565610859728}