{"best_estimator": "KNeighborsClassifier(n_neighbors=10, p=1, weights='distance')", "best_score": 0.5221434118410081, "test_score": 0.7029400386847194}