{"best_estimator": "KNeighborsClassifier(p=3, weights='distance')", "best_score": 0.44393613442515206, "test_score": 0.6773226068240359}