{"best_estimator": "KNeighborsClassifier(p=1, weights='distance')", "best_score": 0.56379449608813, "test_score": 0.7579365079365079}