{"0": {"precision": 0.75, "recall": 0.6923076923076923, "f1-score": 0.72, "support": 26.0}, "1": {"precision": 0.6521739130434783, "recall": 0.7142857142857143, "f1-score": 0.6818181818181818, "support": 21.0}, "accuracy": 0.7021276595744681, "macro avg": {"precision": 0.7010869565217391, "recall": 0.7032967032967032, "f1-score": 0.7009090909090909, "support": 47.0}, "weighted avg": {"precision": 0.706290471785384, "recall": 0.7021276595744681, "f1-score": 0.7029400386847194, "support": 47.0}}