{"0": {"precision": 0.6206896551724138, "recall": 0.4, "f1-score": 0.4864864864864865, "support": 45.0}, "1": {"precision": 0.3076923076923077, "recall": 0.5217391304347826, "f1-score": 0.3870967741935484, "support": 23.0}, "accuracy": 0.4411764705882353, "macro avg": {"precision": 0.46419098143236076, "recall": 0.4608695652173913, "f1-score": 0.43679163034001744, "support": 68.0}, "weighted avg": {"precision": 0.5148229052894367, "recall": 0.4411764705882353, "f1-score": 0.45286937791681625, "support": 68.0}}