{"best_estimator": "RandomForestClassifier(criterion='log_loss')", "best_score": 0.6240171090355175, "test_score": 0.7333333333333333}