{"0": {"precision": 0.46875, "recall": 0.7894736842105263, "f1-score": 0.5882352941176471, "support": 19.0}, "1": {"precision": 0.6363636363636364, "recall": 0.2916666666666667, "f1-score": 0.4, "support": 24.0}, "accuracy": 0.5116279069767442, "macro avg": {"precision": 0.5525568181818181, "recall": 0.5405701754385965, "f1-score": 0.49411764705882355, "support": 43.0}, "weighted avg": {"precision": 0.5623017970401691, "recall": 0.5116279069767442, "f1-score": 0.4831737346101232, "support": 43.0}}