{"0": {"precision": 0.8333333333333334, "recall": 0.6896551724137931, "f1-score": 0.7547169811320755, "support": 29.0}, "1": {"precision": 0.5, "recall": 0.6923076923076923, "f1-score": 0.5806451612903226, "support": 13.0}, "accuracy": 0.6904761904761905, "macro avg": {"precision": 0.6666666666666667, "recall": 0.6909814323607427, "f1-score": 0.6676810712111991, "support": 42.0}, "weighted avg": {"precision": 0.7301587301587302, "recall": 0.6904761904761905, "f1-score": 0.700837608323914, "support": 42.0}}