{"0": {"precision": 0.48717948717948717, "recall": 0.8636363636363636, "f1-score": 0.6229508196721312, "support": 22.0}, "1": {"precision": 0.5714285714285714, "recall": 0.16666666666666666, "f1-score": 0.25806451612903225, "support": 24.0}, "accuracy": 0.5, "macro avg": {"precision": 0.5293040293040293, "recall": 0.5151515151515151, "f1-score": 0.4405076679005817, "support": 46.0}, "weighted avg": {"precision": 0.5311355311355311, "recall": 0.5, "f1-score": 0.43257535695399263, "support": 46.0}}