{"best_estimator": "BernoulliNB()", "best_score": 0.49375334200244525, "test_score": 0.5209235209235209}