{"best_estimator": "BernoulliNB()", "best_score": 0.5139800642295882, "test_score": 0.43257535695399263}