{"best_estimator": "BernoulliNB()", "best_score": 0.5223527617795691, "test_score": 0.5032510271650246}