{"best_estimator": "BernoulliNB()", "best_score": 0.504712302799948, "test_score": 0.6045201343708807}