{"best_estimator": "HistGradientBoostingClassifier(learning_rate=0.05)", "best_score": 0.6868192481643375, "test_score": 0.4666666666666667}