{"best_estimator": "HistGradientBoostingClassifier()", "best_score": 0.6856498605914036, "test_score": 0.4909739928607853}