{"best_estimator": "HistGradientBoostingClassifier()", "best_score": 0.671352523629354, "test_score": 0.886002886002886}