{"0": {"precision": 0.6111111111111112, "recall": 0.5, "f1-score": 0.55, "support": 22.0}, "1": {"precision": 0.6071428571428571, "recall": 0.7083333333333334, "f1-score": 0.6538461538461539, "support": 24.0}, "accuracy": 0.6086956521739131, "macro avg": {"precision": 0.6091269841269842, "recall": 0.6041666666666667, "f1-score": 0.601923076923077, "support": 46.0}, "weighted avg": {"precision": 0.6090407177363699, "recall": 0.6086956521739131, "f1-score": 0.604180602006689, "support": 46.0}}