{"best_estimator": "KNeighborsClassifier(n_neighbors=15, p=3)", "best_score": 0.6154785269201805, "test_score": 0.5679012345679013}