{"0": {"precision": 0.5555555555555556, "recall": 0.6818181818181818, "f1-score": 0.6122448979591837, "support": 22.0}, "1": {"precision": 0.631578947368421, "recall": 0.5, "f1-score": 0.5581395348837209, "support": 24.0}, "accuracy": 0.5869565217391305, "macro avg": {"precision": 0.5935672514619883, "recall": 0.5909090909090908, "f1-score": 0.5851922164214522, "support": 46.0}, "weighted avg": {"precision": 0.5952199338927028, "recall": 0.5869565217391305, "f1-score": 0.5840160128763335, "support": 46.0}}