{"best_estimator": "RandomForestClassifier(max_depth=6)", "best_score": 0.6298369918549299, "test_score": 0.7777777777777778}