{"best_estimator": "RandomForestClassifier(criterion='log_loss', n_estimators=150)", "best_score": 0.6199022955943053, "test_score": 0.6934929917386058}