{"0": {"precision": 0.6451612903225806, "recall": 1.0, "f1-score": 0.7843137254901961, "support": 20.0}, "1": {"precision": 1.0, "recall": 0.15384615384615385, "f1-score": 0.26666666666666666, "support": 13.0}, "accuracy": 0.6666666666666666, "macro avg": {"precision": 0.8225806451612903, "recall": 0.5769230769230769, "f1-score": 0.5254901960784314, "support": 33.0}, "weighted avg": {"precision": 0.7849462365591398, "recall": 0.6666666666666666, "f1-score": 0.580392156862745, "support": 33.0}}