{"best_estimator": "BernoulliNB()", "best_score": 0.5223277130903382, "test_score": 0.4713541666666667}