{"best_estimator": "BernoulliNB()", "best_score": 0.5200817793994137, "test_score": 0.4424019607843137}