{"0": {"precision": 0.7272727272727273, "recall": 0.8, "f1-score": 0.7619047619047619, "support": 20.0}, "1": {"precision": 0.6363636363636364, "recall": 0.5384615384615384, "f1-score": 0.5833333333333334, "support": 13.0}, "accuracy": 0.696969696969697, "macro avg": {"precision": 0.6818181818181819, "recall": 0.6692307692307693, "f1-score": 0.6726190476190477, "support": 33.0}, "weighted avg": {"precision": 0.6914600550964188, "recall": 0.696969696969697, "f1-score": 0.6915584415584415, "support": 33.0}}