{"best_estimator": "HistGradientBoostingClassifier(learning_rate=0.01)", "best_score": 0.6620673863611003, "test_score": 0.6712779973649539}