{"best_estimator": "HistGradientBoostingClassifier(learning_rate=0.01)", "best_score": 0.6923580921999267, "test_score": 0.5821182396606575}