{"best_estimator": "HistGradientBoostingClassifier(learning_rate=0.01)", "best_score": 0.6546655598489475, "test_score": 0.6915584415584415}