{"best_estimator": "HistGradientBoostingClassifier(learning_rate=0.05)", "best_score": 0.6440726672412189, "test_score": 0.6822916666666667}