{"best_estimator": "HistGradientBoostingClassifier()", "best_score": 0.6368643669161316, "test_score": 0.5957832832832832}