{"best_estimator": "HistGradientBoostingClassifier(learning_rate=0.05)", "best_score": 0.6851230584327064, "test_score": 0.6363636363636364}