{"best_estimator": "KNeighborsClassifier(p=3)", "best_score": 0.6580352712936561, "test_score": 0.6537820512820514}