{"best_estimator": "KNeighborsClassifier(p=3)", "best_score": 0.6670461796958316, "test_score": 0.7465564738292011}