{"best_estimator": "RandomForestClassifier(criterion='log_loss', n_estimators=200)", "best_score": 0.5885506010805498, "test_score": 0.6300858529301978}