{"0": {"precision": 0.7692307692307693, "recall": 0.8333333333333334, "f1-score": 0.8, "support": 12.0}, "1": {"precision": 0.6666666666666666, "recall": 0.5714285714285714, "f1-score": 0.6153846153846154, "support": 7.0}, "accuracy": 0.7368421052631579, "macro avg": {"precision": 0.717948717948718, "recall": 0.7023809523809523, "f1-score": 0.7076923076923077, "support": 19.0}, "weighted avg": {"precision": 0.7314439946018894, "recall": 0.7368421052631579, "f1-score": 0.7319838056680164, "support": 19.0}}