{"best_estimator": "AdaBoostClassifier(algorithm='SAMME', learning_rate=0.05)", "best_score": 0.704812291610161, "test_score": 0.6828547796289731}