{"best_estimator": "BernoulliNB()", "best_score": 0.5091331373085779, "test_score": 0.19393939393939394}