{"best_estimator": "BernoulliNB()", "best_score": 0.4982020166561075, "test_score": 0.615625}