{"best_estimator": "BernoulliNB()", "best_score": 0.5110883420370801, "test_score": 0.4989547038327526}