{"0": {"precision": 0.5918367346938775, "recall": 0.8787878787878788, "f1-score": 0.7073170731707317, "support": 33.0}, "1": {"precision": 0.42857142857142855, "recall": 0.13043478260869565, "f1-score": 0.2, "support": 23.0}, "accuracy": 0.5714285714285714, "macro avg": {"precision": 0.5102040816326531, "recall": 0.5046113306982872, "f1-score": 0.4536585365853658, "support": 56.0}, "weighted avg": {"precision": 0.5247813411078717, "recall": 0.5714285714285714, "f1-score": 0.4989547038327526, "support": 56.0}}