{"best_estimator": "HistGradientBoostingClassifier(learning_rate=0.01)", "best_score": 0.641891797854643, "test_score": 0.6895906988358319}