{"best_estimator": "HistGradientBoostingClassifier()", "best_score": 0.6601778182761223, "test_score": 0.7990167727009833}