{"best_estimator": "KNeighborsClassifier(weights='distance')", "best_score": 0.6463861999734253, "test_score": 0.6678571428571428}