{"best_estimator": "KNeighborsClassifier(p=1, weights='distance')", "best_score": 0.7042727017219429, "test_score": 0.648268852042437}