{"best_estimator": "KNeighborsClassifier()", "best_score": 0.6569210848800338, "test_score": 0.6799808886765408}