{"best_estimator": "KNeighborsClassifier(p=1, weights='distance')", "best_score": 0.6366931955426733, "test_score": 0.6222222222222222}