{"best_estimator": "KNeighborsClassifier(n_neighbors=15, p=1)", "best_score": 0.657175477531867, "test_score": 0.7318181818181819}