{"0": {"precision": 0.5945945945945946, "recall": 0.8148148148148148, "f1-score": 0.6875, "support": 27.0}, "1": {"precision": 0.6666666666666666, "recall": 0.4, "f1-score": 0.5, "support": 25.0}, "accuracy": 0.6153846153846154, "macro avg": {"precision": 0.6306306306306306, "recall": 0.6074074074074074, "f1-score": 0.59375, "support": 52.0}, "weighted avg": {"precision": 0.6292446292446292, "recall": 0.6153846153846154, "f1-score": 0.5973557692307693, "support": 52.0}}