{"0": {"precision": 0.8059701492537313, "recall": 0.7941176470588235, "f1-score": 0.8, "support": 68.0}, "1": {"precision": 0.48148148148148145, "recall": 0.5, "f1-score": 0.49056603773584906, "support": 26.0}, "accuracy": 0.7127659574468085, "macro avg": {"precision": 0.6437258153676064, "recall": 0.6470588235294117, "f1-score": 0.6452830188679246, "support": 94.0}, "weighted avg": {"precision": 0.7162179645507686, "recall": 0.7127659574468085, "f1-score": 0.7144118827780008, "support": 94.0}}