{"best_estimator": "RandomForestClassifier(criterion='entropy', n_estimators=400)", "best_score": 0.7106733915702195, "test_score": 0.6857142857142857}