{"precision": 0.7361494613248999, "recall": 0.6522737820983434, "f1": 0.6576227414321697}