{"best_estimator": "BernoulliNB()", "best_score": 0.4501454327927192, "test_score": 0.46360153256704983}