{"best_estimator": "BernoulliNB()", "best_score": 0.513740786326699, "test_score": 0.1803087192323738}