{"best_estimator": "BernoulliNB()", "best_score": 0.35335563971100664, "test_score": 0.33333333333333326}