{"best_estimator": "BernoulliNB()", "best_score": 0.45674274699939066, "test_score": 0.5131782945736434}