{"best_estimator": "HistGradientBoostingClassifier(learning_rate=0.5)", "best_score": 0.6183536571636872, "test_score": 0.45319511696105846}