{"best_estimator": "KNeighborsClassifier(weights='distance')", "best_score": 0.5393281628353439, "test_score": 0.6838986398780971}