{"best_estimator": "KNeighborsClassifier(p=3, weights='distance')", "best_score": 0.5723444154827757, "test_score": 0.653815389537674}