{"best_estimator": "RandomForestClassifier(criterion='log_loss', n_estimators=200)", "best_score": 0.6441733956701132, "test_score": 0.5703301673450927}