{"best_estimator": "RandomForestClassifier(criterion='entropy', n_estimators=400)", "best_score": 0.6220449917090314, "test_score": 0.487510766580534}