{"0": {"precision": 0.8181818181818182, "recall": 0.8181818181818182, "f1-score": 0.8181818181818182, "support": 33.0}, "1": {"precision": 0.5714285714285714, "recall": 0.5714285714285714, "f1-score": 0.5714285714285714, "support": 14.0}, "accuracy": 0.7446808510638298, "macro avg": {"precision": 0.6948051948051948, "recall": 0.6948051948051948, "f1-score": 0.6948051948051948, "support": 47.0}, "weighted avg": {"precision": 0.7446808510638298, "recall": 0.7446808510638298, "f1-score": 0.7446808510638298, "support": 47.0}}