{"best_estimator": "RandomForestClassifier(n_estimators=200)", "best_score": 0.5891487154317957, "test_score": 0.7302023074157596}