{"0": {"precision": 0.6153846153846154, "recall": 0.6153846153846154, "f1-score": 0.6153846153846154, "support": 26.0}, "1": {"precision": 0.5238095238095238, "recall": 0.5238095238095238, "f1-score": 0.5238095238095238, "support": 21.0}, "accuracy": 0.574468085106383, "macro avg": {"precision": 0.5695970695970696, "recall": 0.5695970695970696, "f1-score": 0.5695970695970696, "support": 47.0}, "weighted avg": {"precision": 0.574468085106383, "recall": 0.574468085106383, "f1-score": 0.574468085106383, "support": 47.0}}