{"0": {"precision": 1.0, "recall": 0.574468085106383, "f1-score": 0.7297297297297297, "support": 47.0}, "1": {"precision": 0.5, "recall": 1.0, "f1-score": 0.6666666666666666, "support": 20.0}, "accuracy": 0.7014925373134329, "macro avg": {"precision": 0.75, "recall": 0.7872340425531915, "f1-score": 0.6981981981981982, "support": 67.0}, "weighted avg": {"precision": 0.8507462686567164, "recall": 0.7014925373134329, "f1-score": 0.7109049347855319, "support": 67.0}}