{"best_estimator": "BernoulliNB()", "best_score": 0.6122586525020972, "test_score": 0.5581395348837209}