{"best_estimator": "BernoulliNB()", "best_score": 0.6122388028274652, "test_score": 0.7301587301587301}