{"best_estimator": "BernoulliNB()", "best_score": 0.616101673123555, "test_score": 0.40241909120627656}