{"best_estimator": "HistGradientBoostingClassifier(learning_rate=0.01)", "best_score": 0.7228690895715305, "test_score": 0.6035714285714285}