{"best_estimator": "HistGradientBoostingClassifier(learning_rate=0.01)", "best_score": 0.6993157966681751, "test_score": 0.7567799666798345}