{"best_estimator": "HistGradientBoostingClassifier(learning_rate=0.01)", "best_score": 0.6728810538970947, "test_score": 0.47619047619047616}