{"0": {"precision": 0.967741935483871, "recall": 0.6382978723404256, "f1-score": 0.7692307692307693, "support": 47.0}, "1": {"precision": 0.5277777777777778, "recall": 0.95, "f1-score": 0.6785714285714286, "support": 20.0}, "accuracy": 0.7313432835820896, "macro avg": {"precision": 0.7477598566308243, "recall": 0.7941489361702128, "f1-score": 0.723901098901099, "support": 67.0}, "weighted avg": {"precision": 0.8364093510939924, "recall": 0.7313432835820896, "f1-score": 0.7421682794817124, "support": 67.0}}