{"best_estimator": "KNeighborsClassifier(n_neighbors=7, weights='distance')", "best_score": 0.6579476132267121, "test_score": 0.7421682794817124}