{"best_estimator": "KNeighborsClassifier(p=3, weights='distance')", "best_score": 0.6843892224835013, "test_score": 0.6507936507936508}