{"best_estimator": "KNeighborsClassifier(n_neighbors=20, weights='distance')", "best_score": 0.7077030440393071, "test_score": 0.886002886002886}