{"best_estimator": "KNeighborsClassifier(n_neighbors=15, p=3, weights='distance')", "best_score": 0.7146173507752096, "test_score": 0.6046511627906976}