{"best_estimator": "KNeighborsClassifier(n_neighbors=15, weights='distance')", "best_score": 0.7314654489996217, "test_score": 0.5668491786958686}