{"0": {"precision": 0.9375, "recall": 0.5172413793103449, "f1-score": 0.6666666666666666, "support": 29.0}, "1": {"precision": 0.46153846153846156, "recall": 0.9230769230769231, "f1-score": 0.6153846153846154, "support": 13.0}, "accuracy": 0.6428571428571429, "macro avg": {"precision": 0.6995192307692308, "recall": 0.720159151193634, "f1-score": 0.641025641025641, "support": 42.0}, "weighted avg": {"precision": 0.7901785714285714, "recall": 0.6428571428571429, "f1-score": 0.6507936507936508, "support": 42.0}}