{"best_estimator": "RandomForestClassifier(max_depth=6, n_estimators=400)", "best_score": 0.6850106017671018, "test_score": 0.7426843269580803}