{"0": {"precision": 0.6666666666666666, "recall": 0.5454545454545454, "f1-score": 0.6, "support": 22.0}, "1": {"precision": 0.6428571428571429, "recall": 0.75, "f1-score": 0.6923076923076923, "support": 24.0}, "accuracy": 0.6521739130434783, "macro avg": {"precision": 0.6547619047619048, "recall": 0.6477272727272727, "f1-score": 0.6461538461538461, "support": 46.0}, "weighted avg": {"precision": 0.6542443064182194, "recall": 0.6521739130434783, "f1-score": 0.6481605351170568, "support": 46.0}}