{"best_estimator": "RandomForestClassifier(n_estimators=150)", "best_score": 0.6722102678293245, "test_score": 0.7169889189244961}