{"0": {"precision": 0.8333333333333334, "recall": 0.8, "f1-score": 0.8163265306122449, "support": 25.0}, "1": {"precision": 0.7368421052631579, "recall": 0.7777777777777778, "f1-score": 0.7567567567567568, "support": 18.0}, "accuracy": 0.7906976744186046, "macro avg": {"precision": 0.7850877192982456, "recall": 0.788888888888889, "f1-score": 0.7865416436845009, "support": 43.0}, "weighted avg": {"precision": 0.7929416564667483, "recall": 0.7906976744186046, "f1-score": 0.7913903462076219, "support": 43.0}}