{"precision": 0.6987955983569039, "recall": 0.6860658097749052, "f1": 0.6842563957149748}