{"best_estimator": "AdaBoostClassifier(algorithm='SAMME', learning_rate=0.1, n_estimators=300)", "best_score": 0.49883838380777973, "test_score": 0.3629709948495527}