{"0": {"precision": 0.5, "recall": 0.5263157894736842, "f1-score": 0.5128205128205128, "support": 19.0}, "1": {"precision": 0.18181818181818182, "recall": 0.16666666666666666, "f1-score": 0.17391304347826086, "support": 12.0}, "accuracy": 0.3870967741935484, "macro avg": {"precision": 0.34090909090909094, "recall": 0.3464912280701754, "f1-score": 0.3433667781493868, "support": 31.0}, "weighted avg": {"precision": 0.37683284457478006, "recall": 0.3870967741935484, "f1-score": 0.38163052468802816, "support": 31.0}}