{"best_estimator": "BernoulliNB()", "best_score": 0.353034914150146, "test_score": 0.21605401350337583}