{"best_estimator": "BernoulliNB()", "best_score": 0.39836036218097576, "test_score": 0.40105719707237736}