{"best_estimator": "BernoulliNB()", "best_score": 0.40069393560972966, "test_score": 0.4708593114665221}