{"best_estimator": "BernoulliNB()", "best_score": 0.394982402675888, "test_score": 0.3883374689826303}