{"0": {"precision": 0.5, "recall": 0.2222222222222222, "f1-score": 0.3076923076923077, "support": 18.0}, "1": {"precision": 0.391304347826087, "recall": 0.6923076923076923, "f1-score": 0.5, "support": 13.0}, "accuracy": 0.41935483870967744, "macro avg": {"precision": 0.44565217391304346, "recall": 0.45726495726495725, "f1-score": 0.40384615384615385, "support": 31.0}, "weighted avg": {"precision": 0.4544179523141655, "recall": 0.41935483870967744, "f1-score": 0.3883374689826303, "support": 31.0}}