{"best_estimator": "HistGradientBoostingClassifier(learning_rate=0.5)", "best_score": 0.514990103109124, "test_score": 0.5299120234604107}