{"0": {"precision": 0.5, "recall": 0.42105263157894735, "f1-score": 0.45714285714285713, "support": 19.0}, "1": {"precision": 0.26666666666666666, "recall": 0.3333333333333333, "f1-score": 0.2962962962962963, "support": 12.0}, "accuracy": 0.3870967741935484, "macro avg": {"precision": 0.3833333333333333, "recall": 0.3771929824561403, "f1-score": 0.3767195767195767, "support": 31.0}, "weighted avg": {"precision": 0.4096774193548387, "recall": 0.3870967741935484, "f1-score": 0.3948796722990271, "support": 31.0}}