{"best_estimator": "HistGradientBoostingClassifier(learning_rate=0.05)", "best_score": 0.534220535036383, "test_score": 0.6995616499943801}