{"best_estimator": "HistGradientBoostingClassifier(learning_rate=0.5)", "best_score": 0.519268736232781, "test_score": 0.5129904097646034}