{"best_estimator": "HistGradientBoostingClassifier(learning_rate=0.001)", "best_score": 0.5536735147066993, "test_score": 0.5691428571428572}