{"best_estimator": "HistGradientBoostingClassifier(learning_rate=0.5)", "best_score": 0.5461677066497537, "test_score": 0.5512333965844401}