{"best_estimator": "KNeighborsClassifier(n_neighbors=25, p=3, weights='distance')", "best_score": 0.47945676465908643, "test_score": 0.5806451612903226}