{"0": {"precision": 0.5714285714285714, "recall": 0.6666666666666666, "f1-score": 0.6153846153846154, "support": 18.0}, "1": {"precision": 0.4, "recall": 0.3076923076923077, "f1-score": 0.34782608695652173, "support": 13.0}, "accuracy": 0.5161290322580645, "macro avg": {"precision": 0.4857142857142857, "recall": 0.48717948717948717, "f1-score": 0.4816053511705686, "support": 31.0}, "weighted avg": {"precision": 0.4995391705069124, "recall": 0.5161290322580645, "f1-score": 0.5031826518502535, "support": 31.0}}