{"best_estimator": "RandomForestClassifier(max_depth=2, n_estimators=150)", "best_score": 0.5641410511904116, "test_score": 0.5191627060370109}