{"0": {"precision": 0.5, "recall": 0.47368421052631576, "f1-score": 0.4864864864864865, "support": 19.0}, "1": {"precision": 0.23076923076923078, "recall": 0.25, "f1-score": 0.24, "support": 12.0}, "accuracy": 0.3870967741935484, "macro avg": {"precision": 0.3653846153846154, "recall": 0.36184210526315785, "f1-score": 0.36324324324324325, "support": 31.0}, "weighted avg": {"precision": 0.3957816377171216, "recall": 0.3870967741935484, "f1-score": 0.39107236268526596, "support": 31.0}}