{"best_estimator": "BernoulliNB()", "best_score": 0.6115067214706524, "test_score": 0.5900000000000001}