{"best_estimator": "BernoulliNB()", "best_score": 0.5623140284054768, "test_score": 0.6050911592707258}