{"best_estimator": "BernoulliNB()", "best_score": 0.5788923610567503, "test_score": 0.5185185185185185}