{"best_estimator": "BernoulliNB()", "best_score": 0.6146141834793653, "test_score": 0.533373603141045}