{"best_estimator": "BernoulliNB()", "best_score": 0.5709590768488871, "test_score": 0.9320574162679426}