{"0": {"precision": 0.6296296296296297, "recall": 0.85, "f1-score": 0.723404255319149, "support": 20.0}, "1": {"precision": 0.8333333333333334, "recall": 0.6, "f1-score": 0.6976744186046512, "support": 25.0}, "accuracy": 0.7111111111111111, "macro avg": {"precision": 0.7314814814814815, "recall": 0.725, "f1-score": 0.7105393369619001, "support": 45.0}, "weighted avg": {"precision": 0.7427983539094651, "recall": 0.7111111111111111, "f1-score": 0.7091099015888724, "support": 45.0}}