{"0": {"precision": 0.6, "recall": 0.631578947368421, "f1-score": 0.6153846153846154, "support": 19.0}, "1": {"precision": 0.6956521739130435, "recall": 0.6666666666666666, "f1-score": 0.6808510638297872, "support": 24.0}, "accuracy": 0.6511627906976745, "macro avg": {"precision": 0.6478260869565218, "recall": 0.6491228070175439, "f1-score": 0.6481178396072014, "support": 43.0}, "weighted avg": {"precision": 0.6533872598584429, "recall": 0.6511627906976745, "f1-score": 0.6519240284702927, "support": 43.0}}