{"best_estimator": "HistGradientBoostingClassifier(learning_rate=0.01)", "best_score": 0.7503651739685542, "test_score": 0.5390946502057612}