{"best_estimator": "HistGradientBoostingClassifier(learning_rate=0.05)", "best_score": 0.7048139062049315, "test_score": 0.6519240284702927}