{"best_estimator": "HistGradientBoostingClassifier(learning_rate=0.5)", "best_score": 0.7571662204281447, "test_score": 0.7091099015888724}