{"best_estimator": "HistGradientBoostingClassifier(learning_rate=0.01)", "best_score": 0.741953531057948, "test_score": 0.7248677248677248}