{"best_estimator": "KNeighborsClassifier(n_neighbors=15, p=1, weights='distance')", "best_score": 0.746454467106822, "test_score": 0.4618181818181818}