{"0": {"precision": 0.8275862068965517, "recall": 0.5454545454545454, "f1-score": 0.6575342465753424, "support": 44.0}, "1": {"precision": 0.47368421052631576, "recall": 0.782608695652174, "f1-score": 0.5901639344262295, "support": 23.0}, "accuracy": 0.6268656716417911, "macro avg": {"precision": 0.6506352087114338, "recall": 0.6640316205533596, "f1-score": 0.623849090500786, "support": 67.0}, "weighted avg": {"precision": 0.7060974618739334, "recall": 0.6268656716417911, "f1-score": 0.6344071244943036, "support": 67.0}}