{"best_estimator": "RandomForestClassifier()", "best_score": 0.7873077735944517, "test_score": 0.6482105601027123}