{"0": {"precision": 0.7037037037037037, "recall": 0.7037037037037037, "f1-score": 0.7037037037037037, "support": 27.0}, "1": {"precision": 0.68, "recall": 0.68, "f1-score": 0.68, "support": 25.0}, "accuracy": 0.6923076923076923, "macro avg": {"precision": 0.6918518518518519, "recall": 0.6918518518518519, "f1-score": 0.6918518518518519, "support": 52.0}, "weighted avg": {"precision": 0.6923076923076923, "recall": 0.6923076923076923, "f1-score": 0.6923076923076923, "support": 52.0}}