{"0": {"precision": 0.8666666666666667, "recall": 0.7222222222222222, "f1-score": 0.7878787878787878, "support": 36.0}, "1": {"precision": 0.5454545454545454, "recall": 0.75, "f1-score": 0.631578947368421, "support": 16.0}, "accuracy": 0.7307692307692307, "macro avg": {"precision": 0.706060606060606, "recall": 0.7361111111111112, "f1-score": 0.7097288676236044, "support": 52.0}, "weighted avg": {"precision": 0.7678321678321679, "recall": 0.7307692307692307, "f1-score": 0.7397865292602135, "support": 52.0}}