{"0": {"precision": 0.7894736842105263, "recall": 0.5357142857142857, "f1-score": 0.6382978723404256, "support": 28.0}, "1": {"precision": 0.6285714285714286, "recall": 0.8461538461538461, "f1-score": 0.7213114754098361, "support": 26.0}, "accuracy": 0.6851851851851852, "macro avg": {"precision": 0.7090225563909774, "recall": 0.6909340659340659, "f1-score": 0.6798046738751309, "support": 54.0}, "weighted avg": {"precision": 0.7120022277917015, "recall": 0.6851851851851852, "f1-score": 0.6782673849294011, "support": 54.0}}