{"best_estimator": "BernoulliNB()", "best_score": 0.3398028246321434, "test_score": 0.1198581560283688}