{"best_estimator": "HistGradientBoostingClassifier(learning_rate=0.05)", "best_score": 0.7454460548307728, "test_score": 0.7299679487179488}