{"0": {"precision": 0.7241379310344828, "recall": 0.7777777777777778, "f1-score": 0.75, "support": 27.0}, "1": {"precision": 0.7391304347826086, "recall": 0.68, "f1-score": 0.7083333333333334, "support": 25.0}, "accuracy": 0.7307692307692307, "macro avg": {"precision": 0.7316341829085458, "recall": 0.7288888888888889, "f1-score": 0.7291666666666667, "support": 52.0}, "weighted avg": {"precision": 0.731345865528774, "recall": 0.7307692307692307, "f1-score": 0.7299679487179488, "support": 52.0}}