{"best_estimator": "KNeighborsClassifier(p=3, weights='distance')", "best_score": 0.6470334910976772, "test_score": 0.5765596826541651}