{"best_estimator": "KNeighborsClassifier(p=1, weights='distance')", "best_score": 0.5726078998309576, "test_score": 0.62120232708468}