{"0": {"precision": 0.7352941176470589, "recall": 0.6944444444444444, "f1-score": 0.7142857142857143, "support": 36.0}, "1": {"precision": 0.3888888888888889, "recall": 0.4375, "f1-score": 0.4117647058823529, "support": 16.0}, "accuracy": 0.6153846153846154, "macro avg": {"precision": 0.5620915032679739, "recall": 0.5659722222222222, "f1-score": 0.5630252100840336, "support": 52.0}, "weighted avg": {"precision": 0.6287078934137759, "recall": 0.6153846153846154, "f1-score": 0.62120232708468, "support": 52.0}}