{"best_estimator": "RandomForestClassifier(criterion='entropy', n_estimators=400)", "best_score": 0.7586728253132282, "test_score": 0.7872771125850633}