{"best_estimator": "RandomForestClassifier(criterion='entropy', n_estimators=150)", "best_score": 0.7034572769540409, "test_score": 0.8290909090909091}