{"best_estimator": "RandomForestClassifier(criterion='log_loss', n_estimators=200)", "best_score": 0.7237216210349728, "test_score": 0.7329319616553659}