{"best_estimator": "RandomForestClassifier(max_depth=3, n_estimators=300)", "best_score": 0.7345783407479451, "test_score": 0.6377708978328173}