{"0": {"precision": 1.0, "recall": 0.43478260869565216, "f1-score": 0.6060606060606061, "support": 23.0}, "1": {"precision": 0.6486486486486487, "recall": 1.0, "f1-score": 0.7868852459016393, "support": 24.0}, "accuracy": 0.723404255319149, "macro avg": {"precision": 0.8243243243243243, "recall": 0.717391304347826, "f1-score": 0.6964729259811226, "support": 47.0}, "weighted avg": {"precision": 0.8205865439907992, "recall": 0.723404255319149, "f1-score": 0.6983965923624103, "support": 47.0}}