{"0": {"precision": 0.75, "recall": 0.3103448275862069, "f1-score": 0.43902439024390244, "support": 29.0}, "1": {"precision": 0.47368421052631576, "recall": 0.8571428571428571, "f1-score": 0.6101694915254238, "support": 21.0}, "accuracy": 0.54, "macro avg": {"precision": 0.6118421052631579, "recall": 0.583743842364532, "f1-score": 0.5245969408846631, "support": 50.0}, "weighted avg": {"precision": 0.6339473684210526, "recall": 0.54, "f1-score": 0.5109053327821413, "support": 50.0}}