{"best_estimator": "BernoulliNB()", "best_score": 0.5975401392058555, "test_score": 0.5916016350798959}