{"best_estimator": "BernoulliNB()", "best_score": 0.6259431162891452, "test_score": 0.5294269045984901}