{"best_estimator": "BernoulliNB()", "best_score": 0.5481501302616846, "test_score": 0.7301587301587301}