{"best_estimator": "BernoulliNB()", "best_score": 0.6078918796887768, "test_score": 0.38904935817724295}