{"0": {"precision": 0.6666666666666666, "recall": 0.2608695652173913, "f1-score": 0.375, "support": 23.0}, "1": {"precision": 0.5526315789473685, "recall": 0.875, "f1-score": 0.6774193548387096, "support": 24.0}, "accuracy": 0.574468085106383, "macro avg": {"precision": 0.6096491228070176, "recall": 0.5679347826086957, "f1-score": 0.5262096774193548, "support": 47.0}, "weighted avg": {"precision": 0.6084359835759612, "recall": 0.574468085106383, "f1-score": 0.5294269045984901, "support": 47.0}}