{"best_estimator": "BernoulliNB()", "best_score": 0.5563886845437942, "test_score": 0.5634071810542398}