{"best_estimator": "HistGradientBoostingClassifier(learning_rate=0.01)", "best_score": 0.6433948386437343, "test_score": 0.7082868821999256}