{"best_estimator": "HistGradientBoostingClassifier(learning_rate=0.01)", "best_score": 0.6562127402094033, "test_score": 0.567625458996328}