{"best_estimator": "HistGradientBoostingClassifier(learning_rate=0.001)", "best_score": 0.6629302513235764, "test_score": 0.6071428571428572}