{"best_estimator": "HistGradientBoostingClassifier(learning_rate=0.01)", "best_score": 0.6546332033405986, "test_score": 0.6074905981144711}