{"0": {"precision": 0.6, "recall": 0.5217391304347826, "f1-score": 0.5581395348837209, "support": 23.0}, "1": {"precision": 0.5925925925925926, "recall": 0.6666666666666666, "f1-score": 0.6274509803921569, "support": 24.0}, "accuracy": 0.5957446808510638, "macro avg": {"precision": 0.5962962962962963, "recall": 0.5942028985507246, "f1-score": 0.5927952576379389, "support": 47.0}, "weighted avg": {"precision": 0.5962174940898345, "recall": 0.5957446808510638, "f1-score": 0.5935326134412201, "support": 47.0}}