{"best_estimator": "KNeighborsClassifier(n_neighbors=7, p=3, weights='distance')", "best_score": 0.6477878033904212, "test_score": 0.8317460317460318}