{"0": {"precision": 0.7647058823529411, "recall": 0.5652173913043478, "f1-score": 0.65, "support": 23.0}, "1": {"precision": 0.6666666666666666, "recall": 0.8333333333333334, "f1-score": 0.7407407407407407, "support": 24.0}, "accuracy": 0.7021276595744681, "macro avg": {"precision": 0.7156862745098038, "recall": 0.6992753623188406, "f1-score": 0.6953703703703704, "support": 47.0}, "weighted avg": {"precision": 0.7146433041301626, "recall": 0.7021276595744681, "f1-score": 0.6963356973995273, "support": 47.0}}