{"0": {"precision": 0.8571428571428571, "recall": 0.75, "f1-score": 0.8, "support": 8.0}, "1": {"precision": 0.8181818181818182, "recall": 0.9, "f1-score": 0.8571428571428571, "support": 10.0}, "accuracy": 0.8333333333333334, "macro avg": {"precision": 0.8376623376623377, "recall": 0.825, "f1-score": 0.8285714285714285, "support": 18.0}, "weighted avg": {"precision": 0.8354978354978354, "recall": 0.8333333333333334, "f1-score": 0.8317460317460318, "support": 18.0}}