{"best_estimator": "RandomForestClassifier(n_estimators=150)", "best_score": 0.5503478977749822, "test_score": 0.5194374323837}