{"best_estimator": "RandomForestClassifier(criterion='log_loss')", "best_score": 0.5137120122409045, "test_score": 0.7196422428620571}