{"best_estimator": "RandomForestClassifier(criterion='log_loss', n_estimators=200)", "best_score": 0.610280571412235, "test_score": 0.44666666666666666}