{"0": {"precision": 0.6086956521739131, "recall": 0.5384615384615384, "f1-score": 0.5714285714285714, "support": 26.0}, "1": {"precision": 0.3333333333333333, "recall": 0.4, "f1-score": 0.36363636363636365, "support": 15.0}, "accuracy": 0.4878048780487805, "macro avg": {"precision": 0.47101449275362317, "recall": 0.46923076923076923, "f1-score": 0.4675324675324675, "support": 41.0}, "weighted avg": {"precision": 0.5079533404029694, "recall": 0.4878048780487805, "f1-score": 0.49540703199239783, "support": 41.0}}