{"best_estimator": "BernoulliNB()", "best_score": 0.4445665395415014, "test_score": 0.39300202839756593}