{"best_estimator": "BernoulliNB()", "best_score": 0.41612791456072007, "test_score": 0.25641025641025644}