{"best_estimator": "BernoulliNB()", "best_score": 0.47807283215327123, "test_score": 0.39761904761904765}