{"best_estimator": "BernoulliNB()", "best_score": 0.4504597181091789, "test_score": 0.2807496389863053}