{"best_estimator": "BernoulliNB()", "best_score": 0.4808597729841069, "test_score": 0.5278143515470705}