{"best_estimator": "BernoulliNB()", "best_score": 0.5051917809792531, "test_score": 0.4583333333333333}