{"best_estimator": "BernoulliNB()", "best_score": 0.4809503678870987, "test_score": 0.21113195747342092}