{"0": {"precision": 0.6666666666666666, "recall": 0.07692307692307693, "f1-score": 0.13793103448275862, "support": 26.0}, "1": {"precision": 0.3684210526315789, "recall": 0.9333333333333333, "f1-score": 0.5283018867924528, "support": 15.0}, "accuracy": 0.3902439024390244, "macro avg": {"precision": 0.5175438596491228, "recall": 0.5051282051282051, "f1-score": 0.3331164606376057, "support": 41.0}, "weighted avg": {"precision": 0.5575524176294394, "recall": 0.3902439024390244, "f1-score": 0.2807496389863053, "support": 41.0}}