{"best_estimator": "HistGradientBoostingClassifier(learning_rate=0.05)", "best_score": 0.5570897233643081, "test_score": 0.7229546991210277}