{"0": {"precision": 0.5769230769230769, "recall": 0.5769230769230769, "f1-score": 0.5769230769230769, "support": 26.0}, "1": {"precision": 0.26666666666666666, "recall": 0.26666666666666666, "f1-score": 0.26666666666666666, "support": 15.0}, "accuracy": 0.4634146341463415, "macro avg": {"precision": 0.42179487179487174, "recall": 0.42179487179487174, "f1-score": 0.42179487179487174, "support": 41.0}, "weighted avg": {"precision": 0.4634146341463415, "recall": 0.4634146341463415, "f1-score": 0.4634146341463415, "support": 41.0}}