{"best_estimator": "HistGradientBoostingClassifier()", "best_score": 0.5903609556435392, "test_score": 0.7022841656987998}