{"best_estimator": "KNeighborsClassifier(n_neighbors=10, p=3)", "best_score": 0.5262522930237745, "test_score": 0.6041666666666666}