{"0": {"precision": 0.6666666666666666, "recall": 0.4, "f1-score": 0.5, "support": 25.0}, "1": {"precision": 0.4, "recall": 0.6666666666666666, "f1-score": 0.5, "support": 15.0}, "accuracy": 0.5, "macro avg": {"precision": 0.5333333333333333, "recall": 0.5333333333333333, "f1-score": 0.5, "support": 40.0}, "weighted avg": {"precision": 0.5666666666666667, "recall": 0.5, "f1-score": 0.5, "support": 40.0}}