{"0": {"precision": 0.6785714285714286, "recall": 0.7307692307692307, "f1-score": 0.7037037037037037, "support": 26.0}, "1": {"precision": 0.46153846153846156, "recall": 0.4, "f1-score": 0.42857142857142855, "support": 15.0}, "accuracy": 0.6097560975609756, "macro avg": {"precision": 0.570054945054945, "recall": 0.5653846153846154, "f1-score": 0.5661375661375662, "support": 41.0}, "weighted avg": {"precision": 0.5991691235593675, "recall": 0.6097560975609756, "f1-score": 0.6030455542650665, "support": 41.0}}