{"best_estimator": "RandomForestClassifier(criterion='entropy')", "best_score": 0.5415346605954839, "test_score": 0.74002849002849}