{"best_estimator": "RandomForestClassifier(criterion='log_loss', n_estimators=400)", "best_score": 0.5306973795064245, "test_score": 0.7229546991210277}