{"best_estimator": "BernoulliNB()", "best_score": 0.558864677002201, "test_score": 0.6050911592707258}