{"best_estimator": "BernoulliNB()", "best_score": 0.5315340438103381, "test_score": 0.6869087974172721}