{"best_estimator": "BernoulliNB()", "best_score": 0.5692105322272409, "test_score": 0.5144724556489262}