{"best_estimator": "BernoulliNB()", "best_score": 0.6366227290022072, "test_score": 0.5160447511221277}