{"best_estimator": "HistGradientBoostingClassifier(learning_rate=0.001)", "best_score": 0.7521924180660957, "test_score": 0.7689594356261024}