{"best_estimator": "KNeighborsClassifier(n_neighbors=7, weights='distance')", "best_score": 0.7075441388401462, "test_score": 0.5952380952380952}