{"best_estimator": "KNeighborsClassifier(n_neighbors=20, weights='distance')", "best_score": 0.717564352110804, "test_score": 0.6562261268143621}