{"best_estimator": "KNeighborsClassifier(weights='distance')", "best_score": 0.7274465629948983, "test_score": 0.6071428571428572}