{"best_estimator": "RandomForestClassifier(max_depth=2)", "best_score": 0.7401439712961749, "test_score": 0.8888888888888888}