{"precision": 0.6892400313858135, "recall": 0.7107749733480728, "f1": 0.6857188930128465}