{"best_estimator": "AdaBoostClassifier(algorithm='SAMME', learning_rate=0.5, n_estimators=400)", "best_score": 0.5432969688123116, "test_score": 0.40111846143354024}