{"best_estimator": "BernoulliNB()", "best_score": 0.4921623002787293, "test_score": 0.658654399079931}