{"0": {"precision": 0.6896551724137931, "recall": 0.8888888888888888, "f1-score": 0.7766990291262136, "support": 45.0}, "1": {"precision": 0.5, "recall": 0.21739130434782608, "f1-score": 0.30303030303030304, "support": 23.0}, "accuracy": 0.6617647058823529, "macro avg": {"precision": 0.5948275862068966, "recall": 0.5531400966183575, "f1-score": 0.5398646660782583, "support": 68.0}, "weighted avg": {"precision": 0.6255070993914807, "recall": 0.6617647058823529, "f1-score": 0.6164875482408321, "support": 68.0}}