{"best_estimator": "BernoulliNB()", "best_score": 0.5181123771553843, "test_score": 0.5422958133150309}