{"best_estimator": "BernoulliNB()", "best_score": 0.5090224349994721, "test_score": 0.4365079365079365}