{"0": {"precision": 0.6451612903225806, "recall": 0.7692307692307693, "f1-score": 0.7017543859649122, "support": 26.0}, "1": {"precision": 0.625, "recall": 0.47619047619047616, "f1-score": 0.5405405405405406, "support": 21.0}, "accuracy": 0.6382978723404256, "macro avg": {"precision": 0.6350806451612903, "recall": 0.6227106227106227, "f1-score": 0.6211474632527264, "support": 47.0}, "weighted avg": {"precision": 0.636153054221002, "recall": 0.6382978723404256, "f1-score": 0.629722667796576, "support": 47.0}}