{"0": {"precision": 0.5789473684210527, "recall": 0.88, "f1-score": 0.6984126984126984, "support": 25.0}, "1": {"precision": 0.75, "recall": 0.36, "f1-score": 0.4864864864864865, "support": 25.0}, "accuracy": 0.62, "macro avg": {"precision": 0.6644736842105263, "recall": 0.62, "f1-score": 0.5924495924495925, "support": 50.0}, "weighted avg": {"precision": 0.6644736842105263, "recall": 0.62, "f1-score": 0.5924495924495925, "support": 50.0}}