{"best_estimator": "HistGradientBoostingClassifier()", "best_score": 0.5705827599110513, "test_score": 0.7777777777777778}