{"best_estimator": "KNeighborsClassifier(n_neighbors=25, p=1)", "best_score": 0.5673889032066266, "test_score": 0.35661764705882354}