{"best_estimator": "KNeighborsClassifier(n_neighbors=20, p=3)", "best_score": 0.5489518229719813, "test_score": 0.19444444444444445}