{"best_estimator": "KNeighborsClassifier(p=1)", "best_score": 0.5860463824191827, "test_score": 0.5880662319835278}