{"0": {"precision": 0.6428571428571429, "recall": 0.6923076923076923, "f1-score": 0.6666666666666666, "support": 26.0}, "1": {"precision": 0.5789473684210527, "recall": 0.5238095238095238, "f1-score": 0.55, "support": 21.0}, "accuracy": 0.6170212765957447, "macro avg": {"precision": 0.6109022556390977, "recall": 0.6080586080586081, "f1-score": 0.6083333333333334, "support": 47.0}, "weighted avg": {"precision": 0.6143017117261239, "recall": 0.6170212765957447, "f1-score": 0.6145390070921986, "support": 47.0}}