{"best_estimator": "RandomForestClassifier(n_estimators=300)", "best_score": 0.6296224169556924, "test_score": 0.5946284673605468}