{"best_estimator": "RandomForestClassifier(criterion='entropy', n_estimators=200)", "best_score": 0.5775299115813549, "test_score": 0.7961722488038276}