{"0": {"precision": 0.8, "recall": 0.5333333333333333, "f1-score": 0.64, "support": 45.0}, "1": {"precision": 0.4473684210526316, "recall": 0.7391304347826086, "f1-score": 0.5573770491803278, "support": 23.0}, "accuracy": 0.6029411764705882, "macro avg": {"precision": 0.6236842105263158, "recall": 0.636231884057971, "f1-score": 0.5986885245901639, "support": 68.0}, "weighted avg": {"precision": 0.6807275541795665, "recall": 0.6029411764705882, "f1-score": 0.6120540019286402, "support": 68.0}}