{"best_estimator": "RandomForestClassifier(n_estimators=200)", "best_score": 0.5398465211539764, "test_score": 0.6277890466531441}