{"best_estimator": "RandomForestClassifier()", "best_score": 0.6262913590027087, "test_score": 0.6238031914893617}