{"0": {"precision": 0.7368421052631579, "recall": 0.8484848484848485, "f1-score": 0.7887323943661971, "support": 33.0}, "1": {"precision": 0.4444444444444444, "recall": 0.2857142857142857, "f1-score": 0.34782608695652173, "support": 14.0}, "accuracy": 0.6808510638297872, "macro avg": {"precision": 0.5906432748538011, "recall": 0.5670995670995671, "f1-score": 0.5682792406613595, "support": 47.0}, "weighted avg": {"precision": 0.6497449297001369, "recall": 0.6808510638297872, "f1-score": 0.657398600669698, "support": 47.0}}