{"best_estimator": "RandomForestClassifier(n_estimators=200)", "best_score": 0.5668848579384346, "test_score": 0.41710963455149497}