{"precision": 0.618743505657561, "recall": 0.6066601689408707, "f1": 0.5826288118617923}