{"0": {"precision": 0.6666666666666666, "recall": 0.5454545454545454, "f1-score": 0.6, "support": 11.0}, "1": {"precision": 0.4444444444444444, "recall": 0.5714285714285714, "f1-score": 0.5, "support": 7.0}, "accuracy": 0.5555555555555556, "macro avg": {"precision": 0.5555555555555556, "recall": 0.5584415584415584, "f1-score": 0.55, "support": 18.0}, "weighted avg": {"precision": 0.5802469135802468, "recall": 0.5555555555555556, "f1-score": 0.5611111111111111, "support": 18.0}}