{"0": {"precision": 0.5161290322580645, "recall": 0.8, "f1-score": 0.6274509803921569, "support": 20.0}, "1": {"precision": 0.7142857142857143, "recall": 0.4, "f1-score": 0.5128205128205128, "support": 25.0}, "accuracy": 0.5777777777777777, "macro avg": {"precision": 0.6152073732718895, "recall": 0.6000000000000001, "f1-score": 0.5701357466063348, "support": 45.0}, "weighted avg": {"precision": 0.6262160778289811, "recall": 0.5777777777777777, "f1-score": 0.563767387296799, "support": 45.0}}