{"best_estimator": "BernoulliNB()", "best_score": 0.5560731940763523, "test_score": 0.5183673469387754}