{"best_estimator": "BernoulliNB()", "best_score": 0.5430005252391852, "test_score": 0.6527777777777778}