{"best_estimator": "BernoulliNB()", "best_score": 0.6080493480268623, "test_score": 0.5079221024768387}