{"best_estimator": "HistGradientBoostingClassifier(learning_rate=0.01)", "best_score": 0.668895798768508, "test_score": 0.830546265328874}