{"best_estimator": "HistGradientBoostingClassifier(learning_rate=0.01)", "best_score": 0.6819222290486296, "test_score": 0.8054298642533937}