{"best_estimator": "HistGradientBoostingClassifier(learning_rate=0.001)", "best_score": 0.7292431349477354, "test_score": 0.6268656716417911}