{"best_estimator": "HistGradientBoostingClassifier(learning_rate=0.01)", "best_score": 0.6845986871736935, "test_score": 0.6148148148148148}