{"0": {"precision": 0.85, "recall": 0.5862068965517241, "f1-score": 0.6938775510204082, "support": 29.0}, "1": {"precision": 0.45454545454545453, "recall": 0.7692307692307693, "f1-score": 0.5714285714285714, "support": 13.0}, "accuracy": 0.6428571428571429, "macro avg": {"precision": 0.6522727272727272, "recall": 0.6777188328912467, "f1-score": 0.6326530612244898, "support": 42.0}, "weighted avg": {"precision": 0.7275974025974026, "recall": 0.6428571428571429, "f1-score": 0.6559766763848396, "support": 42.0}}