{"best_estimator": "RandomForestClassifier(max_depth=2, n_estimators=150)", "best_score": 0.7226983557261933, "test_score": 0.9435154217762913}