{"best_estimator": "RandomForestClassifier(max_depth=2, n_estimators=200)", "best_score": 0.7527894272939161, "test_score": 0.6148148148148148}