{"precision": 0.7474950855101075, "recall": 0.7245832829954687, "f1": 0.7275215290215794}