{"best_estimator": "BernoulliNB()", "best_score": 0.5234688103798801, "test_score": 0.4274965800273598}