{"best_estimator": "BernoulliNB()", "best_score": 0.512706317847, "test_score": 0.4414715719063545}