{"best_estimator": "BernoulliNB()", "best_score": 0.520468190559646, "test_score": 0.4901543596161869}