{"0": {"precision": 0.5869565217391305, "recall": 0.9310344827586207, "f1-score": 0.72, "support": 29.0}, "1": {"precision": 0.5, "recall": 0.09523809523809523, "f1-score": 0.16, "support": 21.0}, "accuracy": 0.58, "macro avg": {"precision": 0.5434782608695652, "recall": 0.513136288998358, "f1-score": 0.44, "support": 50.0}, "weighted avg": {"precision": 0.5504347826086957, "recall": 0.58, "f1-score": 0.48479999999999995, "support": 50.0}}