{"best_estimator": "BernoulliNB()", "best_score": 0.5052829047656723, "test_score": 0.6263531168346398}