{"best_estimator": "BernoulliNB()", "best_score": 0.5325720942383751, "test_score": 0.5333333333333333}