{"0": {"precision": 0.7045454545454546, "recall": 0.96875, "f1-score": 0.8157894736842105, "support": 32.0}, "1": {"precision": 0.6666666666666666, "recall": 0.13333333333333333, "f1-score": 0.2222222222222222, "support": 15.0}, "accuracy": 0.7021276595744681, "macro avg": {"precision": 0.6856060606060606, "recall": 0.5510416666666667, "f1-score": 0.5190058479532164, "support": 47.0}, "weighted avg": {"precision": 0.6924564796905223, "recall": 0.7021276595744681, "f1-score": 0.6263531168346398, "support": 47.0}}