{"best_estimator": "HistGradientBoostingClassifier(learning_rate=0.05)", "best_score": 0.5616548623688186, "test_score": 0.4570799706529714}