{"best_estimator": "RandomForestClassifier()", "best_score": 0.5575623762292414, "test_score": 0.31666666666666665}