{"best_estimator": "RandomForestClassifier(criterion='entropy', max_depth=3)", "best_score": 0.5174237375436916, "test_score": 0.4274965800273598}