{"0": {"precision": 0.6595744680851063, "recall": 0.6595744680851063, "f1-score": 0.6595744680851063, "support": 47.0}, "1": {"precision": 0.23809523809523808, "recall": 0.23809523809523808, "f1-score": 0.23809523809523808, "support": 21.0}, "accuracy": 0.5294117647058824, "macro avg": {"precision": 0.44883485309017224, "recall": 0.44883485309017224, "f1-score": 0.44883485309017224, "support": 68.0}, "weighted avg": {"precision": 0.5294117647058824, "recall": 0.5294117647058824, "f1-score": 0.5294117647058824, "support": 68.0}}