{"best_estimator": "AdaBoostClassifier(algorithm='SAMME', learning_rate=0.001, n_estimators=400)", "best_score": 0.720481164201848, "test_score": 0.6473859844271413}