{"best_estimator": "BernoulliNB()", "best_score": 0.562413107718194, "test_score": 0.726099706744868}