{"best_estimator": "BernoulliNB()", "best_score": 0.6077536985327817, "test_score": 0.5619448340345955}