{"best_estimator": "BernoulliNB()", "best_score": 0.584061580627371, "test_score": 0.589149560117302}