{"0": {"precision": 0.56, "recall": 0.8235294117647058, "f1-score": 0.6666666666666666, "support": 17.0}, "1": {"precision": 0.5, "recall": 0.21428571428571427, "f1-score": 0.3, "support": 14.0}, "accuracy": 0.5483870967741935, "macro avg": {"precision": 0.53, "recall": 0.51890756302521, "f1-score": 0.4833333333333333, "support": 31.0}, "weighted avg": {"precision": 0.5329032258064517, "recall": 0.5483870967741935, "f1-score": 0.5010752688172042, "support": 31.0}}