{"0": {"precision": 0.5909090909090909, "recall": 0.7647058823529411, "f1-score": 0.6666666666666666, "support": 17.0}, "1": {"precision": 0.5555555555555556, "recall": 0.35714285714285715, "f1-score": 0.43478260869565216, "support": 14.0}, "accuracy": 0.5806451612903226, "macro avg": {"precision": 0.5732323232323233, "recall": 0.5609243697478992, "f1-score": 0.5507246376811594, "support": 31.0}, "weighted avg": {"precision": 0.5749429781687847, "recall": 0.5806451612903226, "f1-score": 0.5619448340345955, "support": 31.0}}