{"best_estimator": "HistGradientBoostingClassifier()", "best_score": 0.6953042693757091, "test_score": 0.7096774193548387}