{"best_estimator": "HistGradientBoostingClassifier(learning_rate=0.5)", "best_score": 0.6665234765234767, "test_score": 0.7391783843396746}