{"best_estimator": "HistGradientBoostingClassifier(learning_rate=0.01)", "best_score": 0.7136808305780804, "test_score": 0.6428596338273758}