{"best_estimator": "KNeighborsClassifier(n_neighbors=25, weights='distance')", "best_score": 0.6773987713554289, "test_score": 0.7732377538829153}