{"best_estimator": "KNeighborsClassifier(n_neighbors=20, weights='distance')", "best_score": 0.6951709399169552, "test_score": 0.6312380952380953}