{"best_estimator": "RandomForestClassifier(max_depth=6, n_estimators=200)", "best_score": 0.7620741129039438, "test_score": 0.7109062980030721}