{"best_estimator": "RandomForestClassifier(criterion='entropy', max_depth=2)", "best_score": 0.7361637265342944, "test_score": 0.8695891921698373}