{"0": {"precision": 0.4375, "recall": 0.6363636363636364, "f1-score": 0.5185185185185185, "support": 11.0}, "1": {"precision": 0.2, "recall": 0.1, "f1-score": 0.13333333333333333, "support": 10.0}, "accuracy": 0.38095238095238093, "macro avg": {"precision": 0.31875, "recall": 0.36818181818181817, "f1-score": 0.3259259259259259, "support": 21.0}, "weighted avg": {"precision": 0.3244047619047619, "recall": 0.38095238095238093, "f1-score": 0.3350970017636684, "support": 21.0}}