{"0": {"precision": 0.7222222222222222, "recall": 0.6190476190476191, "f1-score": 0.6666666666666666, "support": 42.0}, "1": {"precision": 0.23809523809523808, "recall": 0.3333333333333333, "f1-score": 0.2777777777777778, "support": 15.0}, "accuracy": 0.543859649122807, "macro avg": {"precision": 0.4801587301587301, "recall": 0.47619047619047616, "f1-score": 0.4722222222222222, "support": 57.0}, "weighted avg": {"precision": 0.5948203842940685, "recall": 0.543859649122807, "f1-score": 0.5643274853801169, "support": 57.0}}