{"0": {"precision": 0.8085106382978723, "recall": 0.5135135135135135, "f1-score": 0.628099173553719, "support": 74.0}, "1": {"precision": 0.25, "recall": 0.5714285714285714, "f1-score": 0.34782608695652173, "support": 21.0}, "accuracy": 0.5263157894736842, "macro avg": {"precision": 0.5292553191489362, "recall": 0.5424710424710424, "f1-score": 0.4879626302551204, "support": 95.0}, "weighted avg": {"precision": 0.68505039193729, "recall": 0.5263157894736842, "f1-score": 0.5661440702006544, "support": 95.0}}