{"0": {"precision": 0.7333333333333333, "recall": 0.5238095238095238, "f1-score": 0.6111111111111112, "support": 42.0}, "1": {"precision": 0.25925925925925924, "recall": 0.4666666666666667, "f1-score": 0.3333333333333333, "support": 15.0}, "accuracy": 0.5087719298245614, "macro avg": {"precision": 0.49629629629629624, "recall": 0.49523809523809526, "f1-score": 0.4722222222222222, "support": 57.0}, "weighted avg": {"precision": 0.6085769980506821, "recall": 0.5087719298245614, "f1-score": 0.5380116959064327, "support": 57.0}}