{"0": {"precision": 0.6153846153846154, "recall": 0.8888888888888888, "f1-score": 0.7272727272727273, "support": 36.0}, "1": {"precision": 0.2, "recall": 0.047619047619047616, "f1-score": 0.07692307692307693, "support": 21.0}, "accuracy": 0.5789473684210527, "macro avg": {"precision": 0.4076923076923077, "recall": 0.46825396825396826, "f1-score": 0.4020979020979021, "support": 57.0}, "weighted avg": {"precision": 0.4623481781376518, "recall": 0.5789473684210527, "f1-score": 0.48767022451232983, "support": 57.0}}