{"0": {"precision": 0.7818181818181819, "recall": 0.581081081081081, "f1-score": 0.6666666666666666, "support": 74.0}, "1": {"precision": 0.225, "recall": 0.42857142857142855, "f1-score": 0.29508196721311475, "support": 21.0}, "accuracy": 0.5473684210526316, "macro avg": {"precision": 0.5034090909090909, "recall": 0.5048262548262548, "f1-score": 0.4808743169398907, "support": 95.0}, "weighted avg": {"precision": 0.6587320574162681, "recall": 0.5473684210526315, "f1-score": 0.5845268909979867, "support": 95.0}}