{"best_estimator": "HistGradientBoostingClassifier(learning_rate=0.05)", "best_score": 0.5831988432977592, "test_score": 0.5845268909979867}