{"best_estimator": "HistGradientBoostingClassifier()", "best_score": 0.5712604785250794, "test_score": 0.5653322495427758}