{"0": {"precision": 1.0, "recall": 0.36363636363636365, "f1-score": 0.5333333333333333, "support": 11.0}, "1": {"precision": 0.5882352941176471, "recall": 1.0, "f1-score": 0.7407407407407407, "support": 10.0}, "accuracy": 0.6666666666666666, "macro avg": {"precision": 0.7941176470588236, "recall": 0.6818181818181819, "f1-score": 0.6370370370370371, "support": 21.0}, "weighted avg": {"precision": 0.803921568627451, "recall": 0.6666666666666666, "f1-score": 0.6320987654320986, "support": 21.0}}