{"0": {"precision": 0.7727272727272727, "recall": 0.22972972972972974, "f1-score": 0.3541666666666667, "support": 74.0}, "1": {"precision": 0.2191780821917808, "recall": 0.7619047619047619, "f1-score": 0.3404255319148936, "support": 21.0}, "accuracy": 0.3473684210526316, "macro avg": {"precision": 0.49595267745952676, "recall": 0.4958172458172458, "f1-score": 0.34729609929078015, "support": 95.0}, "weighted avg": {"precision": 0.650363767451006, "recall": 0.3473684210526316, "f1-score": 0.3511291526689063, "support": 95.0}}