{"0": {"precision": 1.0, "recall": 0.3888888888888889, "f1-score": 0.56, "support": 36.0}, "1": {"precision": 0.45, "recall": 1.0, "f1-score": 0.6206896551724138, "support": 18.0}, "accuracy": 0.5925925925925926, "macro avg": {"precision": 0.725, "recall": 0.6944444444444444, "f1-score": 0.5903448275862069, "support": 54.0}, "weighted avg": {"precision": 0.8166666666666667, "recall": 0.5925925925925926, "f1-score": 0.5802298850574713, "support": 54.0}}