{"best_estimator": "KNeighborsClassifier(p=1, weights='distance')", "best_score": 0.48503887516233446, "test_score": 0.4370015948963317}