{"best_estimator": "KNeighborsClassifier(n_neighbors=10, p=1, weights='distance')", "best_score": 0.4534588688989878, "test_score": 0.42857142857142855}