{"0": {"precision": 0.8028169014084507, "recall": 0.7702702702702703, "f1-score": 0.7862068965517242, "support": 74.0}, "1": {"precision": 0.2916666666666667, "recall": 0.3333333333333333, "f1-score": 0.3111111111111111, "support": 21.0}, "accuracy": 0.6736842105263158, "macro avg": {"precision": 0.5472417840375587, "recall": 0.5518018018018018, "f1-score": 0.5486590038314176, "support": 95.0}, "weighted avg": {"precision": 0.6898257968865826, "recall": 0.6736842105263158, "f1-score": 0.6811857229280096, "support": 95.0}}