{"0": {"precision": 0.6481481481481481, "recall": 0.9722222222222222, "f1-score": 0.7777777777777778, "support": 36.0}, "1": {"precision": 0.6666666666666666, "recall": 0.09523809523809523, "f1-score": 0.16666666666666666, "support": 21.0}, "accuracy": 0.6491228070175439, "macro avg": {"precision": 0.6574074074074074, "recall": 0.5337301587301587, "f1-score": 0.4722222222222222, "support": 57.0}, "weighted avg": {"precision": 0.6549707602339181, "recall": 0.6491228070175439, "f1-score": 0.5526315789473685, "support": 57.0}}