{"best_estimator": "RandomForestClassifier(n_estimators=200)", "best_score": 0.4820595511511233, "test_score": 0.5321969696969697}