{"best_estimator": "RandomForestClassifier(criterion='entropy', n_estimators=150)", "best_score": 0.5667533288897497, "test_score": 0.6124401913875598}