{"0": {"precision": 0.7560975609756098, "recall": 0.7380952380952381, "f1-score": 0.7469879518072289, "support": 42.0}, "1": {"precision": 0.3125, "recall": 0.3333333333333333, "f1-score": 0.3225806451612903, "support": 15.0}, "accuracy": 0.631578947368421, "macro avg": {"precision": 0.5342987804878049, "recall": 0.5357142857142857, "f1-score": 0.5347842984842596, "support": 57.0}, "weighted avg": {"precision": 0.6393613607188704, "recall": 0.631578947368421, "f1-score": 0.6353018184793503, "support": 57.0}}