{"best_estimator": "RandomForestClassifier(n_estimators=300)", "best_score": 0.5518322659562652, "test_score": 0.5428571428571428}