{"0": {"precision": 0.5, "recall": 0.8181818181818182, "f1-score": 0.6206896551724138, "support": 11.0}, "1": {"precision": 0.3333333333333333, "recall": 0.1, "f1-score": 0.15384615384615385, "support": 10.0}, "accuracy": 0.47619047619047616, "macro avg": {"precision": 0.41666666666666663, "recall": 0.4590909090909091, "f1-score": 0.38726790450928383, "support": 21.0}, "weighted avg": {"precision": 0.4206349206349206, "recall": 0.47619047619047616, "f1-score": 0.3983832259694329, "support": 21.0}}