{"0": {"precision": 0.631578947368421, "recall": 0.9230769230769231, "f1-score": 0.75, "support": 13.0}, "1": {"precision": 0.0, "recall": 0.0, "f1-score": 0.0, "support": 7.0}, "accuracy": 0.6, "macro avg": {"precision": 0.3157894736842105, "recall": 0.46153846153846156, "f1-score": 0.375, "support": 20.0}, "weighted avg": {"precision": 0.41052631578947363, "recall": 0.6, "f1-score": 0.4875, "support": 20.0}}