{"0": {"precision": 0.5192307692307693, "recall": 1.0, "f1-score": 0.6835443037974683, "support": 27.0}, "1": {"precision": 0.0, "recall": 0.0, "f1-score": 0.0, "support": 25.0}, "accuracy": 0.5192307692307693, "macro avg": {"precision": 0.25961538461538464, "recall": 0.5, "f1-score": 0.34177215189873417, "support": 52.0}, "weighted avg": {"precision": 0.26960059171597633, "recall": 0.5192307692307693, "f1-score": 0.3549172346640701, "support": 52.0}}