{"best_estimator": "HistGradientBoostingClassifier(learning_rate=0.05)", "best_score": 0.6541801613016374, "test_score": 0.8148148148148148}