{"0": {"precision": 0.6923076923076923, "recall": 0.8181818181818182, "f1-score": 0.75, "support": 33.0}, "1": {"precision": 0.6470588235294118, "recall": 0.4782608695652174, "f1-score": 0.55, "support": 23.0}, "accuracy": 0.6785714285714286, "macro avg": {"precision": 0.6696832579185521, "recall": 0.6482213438735178, "f1-score": 0.65, "support": 56.0}, "weighted avg": {"precision": 0.6737233354880414, "recall": 0.6785714285714286, "f1-score": 0.6678571428571428, "support": 56.0}}