{"0": {"precision": 0.7333333333333333, "recall": 0.9166666666666666, "f1-score": 0.8148148148148148, "support": 12.0}, "1": {"precision": 0.75, "recall": 0.42857142857142855, "f1-score": 0.5454545454545454, "support": 7.0}, "accuracy": 0.7368421052631579, "macro avg": {"precision": 0.7416666666666667, "recall": 0.6726190476190476, "f1-score": 0.6801346801346801, "support": 19.0}, "weighted avg": {"precision": 0.7394736842105263, "recall": 0.7368421052631579, "f1-score": 0.7155768208399786, "support": 19.0}}