{"best_estimator": "KNeighborsClassifier(n_neighbors=25, weights='distance')", "best_score": 0.687777124243483, "test_score": 0.5986602870813397}