{"0": {"precision": 0.5777777777777777, "recall": 0.9629629629629629, "f1-score": 0.7222222222222222, "support": 27.0}, "1": {"precision": 0.8571428571428571, "recall": 0.24, "f1-score": 0.375, "support": 25.0}, "accuracy": 0.6153846153846154, "macro avg": {"precision": 0.7174603174603174, "recall": 0.6014814814814815, "f1-score": 0.5486111111111112, "support": 52.0}, "weighted avg": {"precision": 0.712087912087912, "recall": 0.6153846153846154, "f1-score": 0.5552884615384616, "support": 52.0}}