{"best_estimator": "RandomForestClassifier(criterion='log_loss', n_estimators=300)", "best_score": 0.7350425153649223, "test_score": 0.5175708502024291}