{"best_estimator": "BernoulliNB()", "best_score": 0.5492355043879362, "test_score": 0.41652204095800066}