{"0": {"precision": 0.6046511627906976, "recall": 0.896551724137931, "f1-score": 0.7222222222222222, "support": 29.0}, "1": {"precision": 0.5714285714285714, "recall": 0.19047619047619047, "f1-score": 0.2857142857142857, "support": 21.0}, "accuracy": 0.6, "macro avg": {"precision": 0.5880398671096345, "recall": 0.5435139573070608, "f1-score": 0.503968253968254, "support": 50.0}, "weighted avg": {"precision": 0.5906976744186047, "recall": 0.6, "f1-score": 0.5388888888888889, "support": 50.0}}