{"best_estimator": "BernoulliNB()", "best_score": 0.559124723015598, "test_score": 0.4736695688011952}