{"best_estimator": "BernoulliNB()", "best_score": 0.5557820002933719, "test_score": 0.6949486000182408}