{"best_estimator": "BernoulliNB()", "best_score": 0.5436714601850159, "test_score": 0.6666666666666666}