{"best_estimator": "HistGradientBoostingClassifier(learning_rate=0.05)", "best_score": 0.6360197338686345, "test_score": 0.5228132387706856}