{"best_estimator": "KNeighborsClassifier(p=3, weights='distance')", "best_score": 0.6743554927727441, "test_score": 0.7097204839382562}