{"0": {"precision": 0.72, "recall": 0.7659574468085106, "f1-score": 0.7422680412371134, "support": 47.0}, "1": {"precision": 0.3888888888888889, "recall": 0.3333333333333333, "f1-score": 0.358974358974359, "support": 21.0}, "accuracy": 0.6323529411764706, "macro avg": {"precision": 0.5544444444444444, "recall": 0.549645390070922, "f1-score": 0.5506212001057362, "support": 68.0}, "weighted avg": {"precision": 0.6177450980392156, "recall": 0.6323529411764706, "f1-score": 0.6238979334794982, "support": 68.0}}