{"0": {"precision": 0.7352941176470589, "recall": 0.78125, "f1-score": 0.7575757575757576, "support": 32.0}, "1": {"precision": 0.46153846153846156, "recall": 0.4, "f1-score": 0.42857142857142855, "support": 15.0}, "accuracy": 0.6595744680851063, "macro avg": {"precision": 0.5984162895927603, "recall": 0.590625, "f1-score": 0.5930735930735931, "support": 47.0}, "weighted avg": {"precision": 0.6479252912294214, "recall": 0.6595744680851063, "f1-score": 0.6525743759786312, "support": 47.0}}