{"best_estimator": "BernoulliNB()", "best_score": 0.5291863743327088, "test_score": 0.6262626262626263}