{"0": {"precision": 0.7058823529411765, "recall": 0.8780487804878049, "f1-score": 0.782608695652174, "support": 41.0}, "1": {"precision": 0.16666666666666666, "recall": 0.0625, "f1-score": 0.09090909090909091, "support": 16.0}, "accuracy": 0.6491228070175439, "macro avg": {"precision": 0.4362745098039216, "recall": 0.47027439024390244, "f1-score": 0.43675889328063244, "support": 57.0}, "weighted avg": {"precision": 0.5545235638114895, "recall": 0.6491228070175439, "f1-score": 0.588447403092712, "support": 57.0}}