{"best_estimator": "BernoulliNB()", "best_score": 0.4799204640134961, "test_score": 0.7028474486737979}