{"best_estimator": "BernoulliNB()", "best_score": 0.5341622524390012, "test_score": 0.6700404858299596}