{"best_estimator": "BernoulliNB()", "best_score": 0.5450735161049647, "test_score": 0.5121212121212121}