{"best_estimator": "HistGradientBoostingClassifier(learning_rate=0.5)", "best_score": 0.5953990508073117, "test_score": 0.5714285714285714}