{"best_estimator": "HistGradientBoostingClassifier()", "best_score": 0.5225136489960541, "test_score": 0.7056406079922317}