{"0": {"precision": 0.7297297297297297, "recall": 0.6585365853658537, "f1-score": 0.6923076923076923, "support": 41.0}, "1": {"precision": 0.3, "recall": 0.375, "f1-score": 0.3333333333333333, "support": 16.0}, "accuracy": 0.5789473684210527, "macro avg": {"precision": 0.5148648648648648, "recall": 0.5167682926829269, "f1-score": 0.5128205128205128, "support": 57.0}, "weighted avg": {"precision": 0.609103840682788, "recall": 0.5789473684210527, "f1-score": 0.5915429599640125, "support": 57.0}}