{"best_estimator": "HistGradientBoostingClassifier()", "best_score": 0.5875288195281837, "test_score": 0.2854754440961338}