{"0": {"precision": 0.6136363636363636, "recall": 0.84375, "f1-score": 0.7105263157894737, "support": 32.0}, "1": {"precision": 0.6153846153846154, "recall": 0.32, "f1-score": 0.42105263157894735, "support": 25.0}, "accuracy": 0.6140350877192983, "macro avg": {"precision": 0.6145104895104896, "recall": 0.581875, "f1-score": 0.5657894736842105, "support": 57.0}, "weighted avg": {"precision": 0.6144031407189302, "recall": 0.6140350877192983, "f1-score": 0.5835641735918744, "support": 57.0}}