{"best_estimator": "HistGradientBoostingClassifier()", "best_score": 0.538738681154984, "test_score": 0.5718641505566445}