{"best_estimator": "KNeighborsClassifier(n_neighbors=10, p=3, weights='distance')", "best_score": 0.5565095303949548, "test_score": 0.6044662309368192}