{"best_estimator": "KNeighborsClassifier(p=3, weights='distance')", "best_score": 0.583775109557302, "test_score": 0.43557168784029043}