{"best_estimator": "RandomForestClassifier(criterion='entropy', n_estimators=400)", "best_score": 0.5619490586484901, "test_score": 0.5066045066045066}