{"0": {"precision": 0.5384615384615384, "recall": 0.75, "f1-score": 0.6268656716417911, "support": 28.0}, "1": {"precision": 0.5333333333333333, "recall": 0.3076923076923077, "f1-score": 0.3902439024390244, "support": 26.0}, "accuracy": 0.5370370370370371, "macro avg": {"precision": 0.5358974358974359, "recall": 0.5288461538461539, "f1-score": 0.5085547870404077, "support": 54.0}, "weighted avg": {"precision": 0.5359924026590693, "recall": 0.5370370370370371, "f1-score": 0.5129366716552738, "support": 54.0}}