{"0": {"precision": 0.6216216216216216, "recall": 0.6764705882352942, "f1-score": 0.647887323943662, "support": 34.0}, "1": {"precision": 0.45, "recall": 0.391304347826087, "f1-score": 0.4186046511627907, "support": 23.0}, "accuracy": 0.5614035087719298, "macro avg": {"precision": 0.5358108108108108, "recall": 0.5338874680306905, "f1-score": 0.5332459875532264, "support": 57.0}, "weighted avg": {"precision": 0.552370791844476, "recall": 0.5614035087719298, "f1-score": 0.5553697542250648, "support": 57.0}}