{"best_estimator": "RandomForestClassifier(criterion='entropy', n_estimators=400)", "best_score": 0.5618695570962297, "test_score": 0.6596638655462185}