{"0": {"precision": 0.5576923076923077, "recall": 0.90625, "f1-score": 0.6904761904761905, "support": 32.0}, "1": {"precision": 0.4, "recall": 0.08, "f1-score": 0.13333333333333333, "support": 25.0}, "accuracy": 0.543859649122807, "macro avg": {"precision": 0.47884615384615387, "recall": 0.493125, "f1-score": 0.4119047619047619, "support": 57.0}, "weighted avg": {"precision": 0.4885290148448043, "recall": 0.543859649122807, "f1-score": 0.44611528822055135, "support": 57.0}}