{"best_estimator": "HistGradientBoostingClassifier(learning_rate=0.01)", "best_score": 0.5627769922664925, "test_score": 0.6442307692307692}