{"best_estimator": "HistGradientBoostingClassifier()", "best_score": 0.5880563788208073, "test_score": 0.5178571428571429}