{"best_estimator": "HistGradientBoostingClassifier()", "best_score": 0.5825048737458772, "test_score": 0.6769256089532588}