{"best_estimator": "KNeighborsClassifier(p=3, weights='distance')", "best_score": 0.5004215810753329, "test_score": 0.48192960402262736}