{"best_estimator": "KNeighborsClassifier(p=3, weights='distance')", "best_score": 0.47008071214064484, "test_score": 0.7763331138907177}