{"best_estimator": "KNeighborsClassifier(p=3, weights='distance')", "best_score": 0.45082822327122785, "test_score": 0.6061381074168798}