{"best_estimator": "KNeighborsClassifier(p=3, weights='distance')", "best_score": 0.5035826637223058, "test_score": 0.6040100250626567}