{"0": {"precision": 0.7272727272727273, "recall": 0.8888888888888888, "f1-score": 0.8, "support": 27.0}, "1": {"precision": 0.5, "recall": 0.25, "f1-score": 0.3333333333333333, "support": 12.0}, "accuracy": 0.6923076923076923, "macro avg": {"precision": 0.6136363636363636, "recall": 0.5694444444444444, "f1-score": 0.5666666666666667, "support": 39.0}, "weighted avg": {"precision": 0.6573426573426574, "recall": 0.6923076923076923, "f1-score": 0.6564102564102564, "support": 39.0}}