{"0": {"precision": 0.75, "recall": 0.9230769230769231, "f1-score": 0.8275862068965517, "support": 26.0}, "1": {"precision": 0.6666666666666666, "recall": 0.3333333333333333, "f1-score": 0.4444444444444444, "support": 12.0}, "accuracy": 0.7368421052631579, "macro avg": {"precision": 0.7083333333333333, "recall": 0.6282051282051282, "f1-score": 0.6360153256704981, "support": 38.0}, "weighted avg": {"precision": 0.7236842105263158, "recall": 0.7368421052631579, "f1-score": 0.7065940713853599, "support": 38.0}}