{"best_estimator": "BernoulliNB()", "best_score": 0.5411157706478734, "test_score": 0.5664335664335665}