{"0": {"precision": 0.6578947368421053, "recall": 0.9615384615384616, "f1-score": 0.78125, "support": 26.0}, "1": {"precision": 0.0, "recall": 0.0, "f1-score": 0.0, "support": 13.0}, "accuracy": 0.6410256410256411, "macro avg": {"precision": 0.32894736842105265, "recall": 0.4807692307692308, "f1-score": 0.390625, "support": 39.0}, "weighted avg": {"precision": 0.43859649122807026, "recall": 0.6410256410256411, "f1-score": 0.5208333333333334, "support": 39.0}}