{"best_estimator": "BernoulliNB()", "best_score": 0.545694707225142, "test_score": 0.5664335664335665}