{"best_estimator": "BernoulliNB()", "best_score": 0.5522072925560922, "test_score": 0.5079365079365079}