{"best_estimator": "HistGradientBoostingClassifier(learning_rate=0.01)", "best_score": 0.6047049557474617, "test_score": 0.6841397849462366}