{"0": {"precision": 0.7297297297297297, "recall": 1.0, "f1-score": 0.84375, "support": 27.0}, "1": {"precision": 1.0, "recall": 0.16666666666666666, "f1-score": 0.2857142857142857, "support": 12.0}, "accuracy": 0.7435897435897436, "macro avg": {"precision": 0.8648648648648649, "recall": 0.5833333333333334, "f1-score": 0.5647321428571428, "support": 39.0}, "weighted avg": {"precision": 0.8128898128898129, "recall": 0.7435897435897436, "f1-score": 0.6720467032967032, "support": 39.0}}