{"best_estimator": "HistGradientBoostingClassifier(learning_rate=0.01)", "best_score": 0.6680989674312151, "test_score": 0.5577956989247311}