{"best_estimator": "HistGradientBoostingClassifier(learning_rate=0.01)", "best_score": 0.6126118548875565, "test_score": 0.6885964912280702}