{"best_estimator": "KNeighborsClassifier(n_neighbors=7)", "best_score": 0.5837933857254054, "test_score": 0.6620689655172414}