{"best_estimator": "KNeighborsClassifier(p=3, weights='distance')", "best_score": 0.5986284088976253, "test_score": 0.6681009602770636}