{"0": {"precision": 0.71875, "recall": 0.8846153846153846, "f1-score": 0.7931034482758621, "support": 26.0}, "1": {"precision": 0.5714285714285714, "recall": 0.3076923076923077, "f1-score": 0.4, "support": 13.0}, "accuracy": 0.6923076923076923, "macro avg": {"precision": 0.6450892857142857, "recall": 0.5961538461538461, "f1-score": 0.596551724137931, "support": 39.0}, "weighted avg": {"precision": 0.6696428571428571, "recall": 0.6923076923076923, "f1-score": 0.6620689655172414, "support": 39.0}}