{"0": {"precision": 0.78125, "recall": 0.9615384615384616, "f1-score": 0.8620689655172413, "support": 26.0}, "1": {"precision": 0.8571428571428571, "recall": 0.46153846153846156, "f1-score": 0.6, "support": 13.0}, "accuracy": 0.7948717948717948, "macro avg": {"precision": 0.8191964285714286, "recall": 0.7115384615384616, "f1-score": 0.7310344827586206, "support": 39.0}, "weighted avg": {"precision": 0.8065476190476191, "recall": 0.7948717948717948, "f1-score": 0.7747126436781608, "support": 39.0}}