{"0": {"precision": 0.7931034482758621, "recall": 0.5609756097560976, "f1-score": 0.6571428571428571, "support": 41.0}, "1": {"precision": 0.35714285714285715, "recall": 0.625, "f1-score": 0.45454545454545453, "support": 16.0}, "accuracy": 0.5789473684210527, "macro avg": {"precision": 0.5751231527093597, "recall": 0.5929878048780488, "f1-score": 0.5558441558441558, "support": 57.0}, "weighted avg": {"precision": 0.6707285455016854, "recall": 0.5789473684210527, "f1-score": 0.6002734107997266, "support": 57.0}}