{"best_estimator": "BernoulliNB()", "best_score": 0.42962034671691035, "test_score": 0.25315662446542747}