{"best_estimator": "BernoulliNB()", "best_score": 0.4196068588316786, "test_score": 0.45261984392419174}