{"best_estimator": "BernoulliNB()", "best_score": 0.48882012112249773, "test_score": 0.2536062378167641}