{"best_estimator": "BernoulliNB()", "best_score": 0.44989452115210204, "test_score": 0.4247460757156048}