{"0": {"precision": 0.5454545454545454, "recall": 0.21428571428571427, "f1-score": 0.3076923076923077, "support": 28.0}, "1": {"precision": 0.4883720930232558, "recall": 0.8076923076923077, "f1-score": 0.6086956521739131, "support": 26.0}, "accuracy": 0.5, "macro avg": {"precision": 0.5169133192389006, "recall": 0.510989010989011, "f1-score": 0.4581939799331104, "support": 54.0}, "weighted avg": {"precision": 0.5179704016913319, "recall": 0.5, "f1-score": 0.45261984392419174, "support": 54.0}}