{"best_estimator": "BernoulliNB()", "best_score": 0.4132398748877626, "test_score": 0.4727272727272727}