{"best_estimator": "BernoulliNB()", "best_score": 0.4263953142816779, "test_score": 0.24893435635123615}