{"0": {"precision": 0.5925925925925926, "recall": 0.5714285714285714, "f1-score": 0.5818181818181818, "support": 28.0}, "1": {"precision": 0.5555555555555556, "recall": 0.5769230769230769, "f1-score": 0.5660377358490566, "support": 26.0}, "accuracy": 0.5740740740740741, "macro avg": {"precision": 0.5740740740740741, "recall": 0.5741758241758241, "f1-score": 0.5739279588336192, "support": 54.0}, "weighted avg": {"precision": 0.5747599451303155, "recall": 0.5740740740740741, "f1-score": 0.5742201893145289, "support": 54.0}}