{"best_estimator": "HistGradientBoostingClassifier()", "best_score": 0.5696070147638342, "test_score": 0.6857142857142857}