{"0": {"precision": 0.8421052631578947, "recall": 0.6956521739130435, "f1-score": 0.7619047619047619, "support": 69.0}, "1": {"precision": 0.4473684210526316, "recall": 0.6538461538461539, "f1-score": 0.53125, "support": 26.0}, "accuracy": 0.6842105263157895, "macro avg": {"precision": 0.6447368421052632, "recall": 0.6747491638795986, "f1-score": 0.6465773809523809, "support": 95.0}, "weighted avg": {"precision": 0.7340720221606647, "recall": 0.6842105263157895, "f1-score": 0.6987781954887218, "support": 95.0}}