{"best_estimator": "HistGradientBoostingClassifier(learning_rate=0.05)", "best_score": 0.6130973492864571, "test_score": 0.6665274296853244}