{"best_estimator": "KNeighborsClassifier(n_neighbors=7, p=3, weights='distance')", "best_score": 0.4990234344558779, "test_score": 0.45454545454545453}