{"0": {"precision": 0.35714285714285715, "recall": 0.625, "f1-score": 0.45454545454545453, "support": 8.0}, "1": {"precision": 0.625, "recall": 0.35714285714285715, "f1-score": 0.45454545454545453, "support": 14.0}, "accuracy": 0.45454545454545453, "macro avg": {"precision": 0.4910714285714286, "recall": 0.4910714285714286, "f1-score": 0.45454545454545453, "support": 22.0}, "weighted avg": {"precision": 0.5275974025974026, "recall": 0.45454545454545453, "f1-score": 0.45454545454545453, "support": 22.0}}