{"best_estimator": "KNeighborsClassifier(p=3, weights='distance')", "best_score": 0.5698718913408387, "test_score": 0.43852303007232585}