{"0": {"precision": 0.6153846153846154, "recall": 0.5, "f1-score": 0.5517241379310345, "support": 32.0}, "1": {"precision": 0.4838709677419355, "recall": 0.6, "f1-score": 0.5357142857142857, "support": 25.0}, "accuracy": 0.543859649122807, "macro avg": {"precision": 0.5496277915632755, "recall": 0.55, "f1-score": 0.5437192118226601, "support": 57.0}, "weighted avg": {"precision": 0.5577031909799313, "recall": 0.543859649122807, "f1-score": 0.5447022729236886, "support": 57.0}}