{"0": {"precision": 0.6666666666666666, "recall": 0.29411764705882354, "f1-score": 0.40816326530612246, "support": 34.0}, "1": {"precision": 0.42857142857142855, "recall": 0.782608695652174, "f1-score": 0.5538461538461539, "support": 23.0}, "accuracy": 0.49122807017543857, "macro avg": {"precision": 0.5476190476190476, "recall": 0.5383631713554987, "f1-score": 0.48100470957613817, "support": 57.0}, "weighted avg": {"precision": 0.5705931495405179, "recall": 0.49122807017543857, "f1-score": 0.4669475887521, "support": 57.0}}