{"0": {"precision": 0.5833333333333334, "recall": 0.5384615384615384, "f1-score": 0.56, "support": 13.0}, "1": {"precision": 0.25, "recall": 0.2857142857142857, "f1-score": 0.26666666666666666, "support": 7.0}, "accuracy": 0.45, "macro avg": {"precision": 0.4166666666666667, "recall": 0.41208791208791207, "f1-score": 0.41333333333333333, "support": 20.0}, "weighted avg": {"precision": 0.4666666666666667, "recall": 0.45, "f1-score": 0.4573333333333334, "support": 20.0}}