{"best_estimator": "RandomForestClassifier(n_estimators=150)", "best_score": 0.5847590285205554, "test_score": 0.5663278791506409}