{"best_estimator": "RandomForestClassifier(criterion='entropy', n_estimators=400)", "best_score": 0.522593717692954, "test_score": 0.6262626262626263}