{"0": {"precision": 0.7714285714285715, "recall": 0.391304347826087, "f1-score": 0.5192307692307693, "support": 69.0}, "1": {"precision": 0.3, "recall": 0.6923076923076923, "f1-score": 0.4186046511627907, "support": 26.0}, "accuracy": 0.47368421052631576, "macro avg": {"precision": 0.5357142857142857, "recall": 0.5418060200668896, "f1-score": 0.46891771019677997, "support": 95.0}, "weighted avg": {"precision": 0.642406015037594, "recall": 0.47368421052631576, "f1-score": 0.4916909895490067, "support": 95.0}}