{"best_estimator": "RandomForestClassifier(criterion='entropy')", "best_score": 0.5740147871065011, "test_score": 0.5618163054695562}