{"0": {"precision": 0.6923076923076923, "recall": 0.6923076923076923, "f1-score": 0.6923076923076923, "support": 13.0}, "1": {"precision": 0.42857142857142855, "recall": 0.42857142857142855, "f1-score": 0.42857142857142855, "support": 7.0}, "accuracy": 0.6, "macro avg": {"precision": 0.5604395604395604, "recall": 0.5604395604395604, "f1-score": 0.5604395604395604, "support": 20.0}, "weighted avg": {"precision": 0.6, "recall": 0.6, "f1-score": 0.6, "support": 20.0}}