{"0": {"precision": 0.9375, "recall": 0.8333333333333334, "f1-score": 0.8823529411764706, "support": 18.0}, "1": {"precision": 0.8, "recall": 0.9230769230769231, "f1-score": 0.8571428571428571, "support": 13.0}, "accuracy": 0.8709677419354839, "macro avg": {"precision": 0.86875, "recall": 0.8782051282051282, "f1-score": 0.8697478991596639, "support": 31.0}, "weighted avg": {"precision": 0.8798387096774193, "recall": 0.8709677419354839, "f1-score": 0.8717809704526972, "support": 31.0}}