{"best_estimator": "BernoulliNB()", "best_score": 0.48587732000757866, "test_score": 0.6244705115672857}