{"best_estimator": "BernoulliNB()", "best_score": 0.5100597173987287, "test_score": 0.6350602802215705}