{"best_estimator": "BernoulliNB()", "best_score": 0.5087389621427828, "test_score": 0.3991528185076572}