{"0": {"precision": 0.6538461538461539, "recall": 1.0, "f1-score": 0.7906976744186046, "support": 17.0}, "1": {"precision": 1.0, "recall": 0.3076923076923077, "f1-score": 0.47058823529411764, "support": 13.0}, "accuracy": 0.7, "macro avg": {"precision": 0.8269230769230769, "recall": 0.6538461538461539, "f1-score": 0.6306429548563611, "support": 30.0}, "weighted avg": {"precision": 0.8038461538461538, "recall": 0.7, "f1-score": 0.651983584131327, "support": 30.0}}