{"0": {"precision": 0.6296296296296297, "recall": 0.9444444444444444, "f1-score": 0.7555555555555555, "support": 18.0}, "1": {"precision": 0.75, "recall": 0.23076923076923078, "f1-score": 0.35294117647058826, "support": 13.0}, "accuracy": 0.6451612903225806, "macro avg": {"precision": 0.6898148148148149, "recall": 0.5876068376068376, "f1-score": 0.5542483660130719, "support": 31.0}, "weighted avg": {"precision": 0.6801075268817205, "recall": 0.6451612903225806, "f1-score": 0.5867172675521821, "support": 31.0}}