{"best_estimator": "BernoulliNB()", "best_score": 0.5272417725912708, "test_score": 0.4663797528329451}