{"best_estimator": "HistGradientBoostingClassifier(learning_rate=0.01)", "best_score": 0.7119224382416037, "test_score": 0.9025980819529206}