{"0": {"precision": 0.7142857142857143, "recall": 0.8823529411764706, "f1-score": 0.7894736842105263, "support": 17.0}, "1": {"precision": 0.7777777777777778, "recall": 0.5384615384615384, "f1-score": 0.6363636363636364, "support": 13.0}, "accuracy": 0.7333333333333333, "macro avg": {"precision": 0.746031746031746, "recall": 0.7104072398190044, "f1-score": 0.7129186602870814, "support": 30.0}, "weighted avg": {"precision": 0.7417989417989418, "recall": 0.7333333333333333, "f1-score": 0.7231259968102073, "support": 30.0}}