{"best_estimator": "HistGradientBoostingClassifier(learning_rate=0.01)", "best_score": 0.7305112663424886, "test_score": 0.8370243030977179}