{"best_estimator": "KNeighborsClassifier(n_neighbors=25, p=1, weights='distance')", "best_score": 0.711015461700034, "test_score": 0.9025980819529206}