{"best_estimator": "KNeighborsClassifier(n_neighbors=20, weights='distance')", "best_score": 0.7093279107187177, "test_score": 0.8076714556790457}