{"0": {"precision": 0.6666666666666666, "recall": 0.8235294117647058, "f1-score": 0.7368421052631579, "support": 17.0}, "1": {"precision": 0.6666666666666666, "recall": 0.46153846153846156, "f1-score": 0.5454545454545454, "support": 13.0}, "accuracy": 0.6666666666666666, "macro avg": {"precision": 0.6666666666666666, "recall": 0.6425339366515836, "f1-score": 0.6411483253588517, "support": 30.0}, "weighted avg": {"precision": 0.6666666666666666, "recall": 0.6666666666666666, "f1-score": 0.653907496012759, "support": 30.0}}