{"best_estimator": "RandomForestClassifier(max_depth=2, n_estimators=150)", "best_score": 0.7617192378045167, "test_score": 0.7408602150537634}