{"best_estimator": "RandomForestClassifier(max_depth=2, n_estimators=150)", "best_score": 0.7594813349021557, "test_score": 0.7609087348217783}