{"best_estimator": "BernoulliNB()", "best_score": 0.6053197579386091, "test_score": 0.5646697388632872}