{"best_estimator": "BernoulliNB()", "best_score": 0.6374974020159373, "test_score": 0.4217741935483871}