{"best_estimator": "BernoulliNB()", "best_score": 0.5935770174689947, "test_score": 0.7435483870967741}