{"best_estimator": "BernoulliNB()", "best_score": 0.6161057120511535, "test_score": 0.5333333333333333}