{"best_estimator": "HistGradientBoostingClassifier(learning_rate=0.01)", "best_score": 0.6755765197918747, "test_score": 0.6354285714285715}