{"best_estimator": "HistGradientBoostingClassifier(learning_rate=0.001)", "best_score": 0.706746659890999, "test_score": 0.5502688172043011}