{"best_estimator": "HistGradientBoostingClassifier(learning_rate=0.05)", "best_score": 0.6908240932828715, "test_score": 0.7435619409053944}