{"best_estimator": "HistGradientBoostingClassifier(learning_rate=0.5)", "best_score": 0.6792199509050328, "test_score": 0.7379739671760045}