{"best_estimator": "KNeighborsClassifier(n_neighbors=15, weights='distance')", "best_score": 0.7071185052053306, "test_score": 0.6007047980482515}