{"best_estimator": "RandomForestClassifier(criterion='log_loss', n_estimators=150)", "best_score": 0.6486716970693641, "test_score": 0.6774193548387096}