{"0": {"precision": 0.9333333333333333, "recall": 0.7368421052631579, "f1-score": 0.8235294117647058, "support": 19.0}, "1": {"precision": 0.6875, "recall": 0.9166666666666666, "f1-score": 0.7857142857142857, "support": 12.0}, "accuracy": 0.8064516129032258, "macro avg": {"precision": 0.8104166666666667, "recall": 0.8267543859649122, "f1-score": 0.8046218487394958, "support": 31.0}, "weighted avg": {"precision": 0.8381720430107528, "recall": 0.8064516129032258, "f1-score": 0.8088912984548658, "support": 31.0}}