{"best_estimator": "RandomForestClassifier(n_estimators=400)", "best_score": 0.6689793659788823, "test_score": 0.646663253114866}