{"best_estimator": "AdaBoostClassifier(algorithm='SAMME', learning_rate=0.01)", "best_score": 0.7845880742971948, "test_score": 0.8046253469010175}