{"best_estimator": "AdaBoostClassifier(algorithm='SAMME', learning_rate=0.01)", "best_score": 0.7890312826714557, "test_score": 0.7447442875448814}