{"0": {"precision": 0.6111111111111112, "recall": 1.0, "f1-score": 0.7586206896551724, "support": 11.0}, "1": {"precision": 0.0, "recall": 0.0, "f1-score": 0.0, "support": 7.0}, "accuracy": 0.6111111111111112, "macro avg": {"precision": 0.3055555555555556, "recall": 0.5, "f1-score": 0.3793103448275862, "support": 18.0}, "weighted avg": {"precision": 0.37345679012345684, "recall": 0.6111111111111112, "f1-score": 0.46360153256704983, "support": 18.0}}