{"best_estimator": "BernoulliNB()", "best_score": 0.33334735956238165, "test_score": 0.5333333333333333}