{"best_estimator": "HistGradientBoostingClassifier(learning_rate=0.01)", "best_score": 0.7668460444989971, "test_score": 0.8046253469010175}