{"best_estimator": "HistGradientBoostingClassifier(learning_rate=0.01)", "best_score": 0.754549726101874, "test_score": 0.7407407407407407}