{"best_estimator": "KNeighborsClassifier(n_neighbors=15, weights='distance')", "best_score": 0.6892963157280543, "test_score": 0.8842592592592592}