{"best_estimator": "KNeighborsClassifier(n_neighbors=25, p=1, weights='distance')", "best_score": 0.6937438381698178, "test_score": 0.7777777777777778}