{"best_estimator": "KNeighborsClassifier(n_neighbors=7, p=1, weights='distance')", "best_score": 0.7197909123461047, "test_score": 0.49163879598662213}