{"best_estimator": "AdaBoostClassifier(algorithm='SAMME', learning_rate=0.05, n_estimators=300)", "best_score": 0.6880689024564093, "test_score": 0.7470176881941588}