{"0": {"precision": 0.8, "recall": 0.6956521739130435, "f1-score": 0.7441860465116279, "support": 23.0}, "1": {"precision": 0.6111111111111112, "recall": 0.7333333333333333, "f1-score": 0.6666666666666666, "support": 15.0}, "accuracy": 0.7105263157894737, "macro avg": {"precision": 0.7055555555555556, "recall": 0.7144927536231884, "f1-score": 0.7054263565891472, "support": 38.0}, "weighted avg": {"precision": 0.7254385964912281, "recall": 0.7105263157894737, "f1-score": 0.7135862913096694, "support": 38.0}}