{"best_estimator": "BernoulliNB()", "best_score": 0.3333415354330708, "test_score": 0.2234359483614697}