{"best_estimator": "HistGradientBoostingClassifier(learning_rate=0.05)", "best_score": 0.6650353809323881, "test_score": 0.7395604395604397}