{"best_estimator": "HistGradientBoostingClassifier(learning_rate=0.05)", "best_score": 0.6622857175289243, "test_score": 0.7643463497453311}