{"0": {"precision": 0.8, "recall": 0.8695652173913043, "f1-score": 0.8333333333333334, "support": 23.0}, "1": {"precision": 0.7692307692307693, "recall": 0.6666666666666666, "f1-score": 0.7142857142857143, "support": 15.0}, "accuracy": 0.7894736842105263, "macro avg": {"precision": 0.7846153846153847, "recall": 0.7681159420289855, "f1-score": 0.7738095238095238, "support": 38.0}, "weighted avg": {"precision": 0.7878542510121458, "recall": 0.7894736842105263, "f1-score": 0.7863408521303259, "support": 38.0}}