{"best_estimator": "KNeighborsClassifier(p=1, weights='distance')", "best_score": 0.5000600297574834, "test_score": 0.6710963455149502}