{"0": {"precision": 0.7368421052631579, "recall": 0.6086956521739131, "f1-score": 0.6666666666666666, "support": 23.0}, "1": {"precision": 0.5263157894736842, "recall": 0.6666666666666666, "f1-score": 0.5882352941176471, "support": 15.0}, "accuracy": 0.631578947368421, "macro avg": {"precision": 0.631578947368421, "recall": 0.6376811594202898, "f1-score": 0.6274509803921569, "support": 38.0}, "weighted avg": {"precision": 0.6537396121883656, "recall": 0.631578947368421, "f1-score": 0.6357069143446852, "support": 38.0}}