{"best_estimator": "KNeighborsClassifier(n_neighbors=15, p=1, weights='distance')", "best_score": 0.5892709823301013, "test_score": 0.6952341137123746}