{"0": {"precision": 0.782608695652174, "recall": 0.782608695652174, "f1-score": 0.782608695652174, "support": 23.0}, "1": {"precision": 0.6666666666666666, "recall": 0.6666666666666666, "f1-score": 0.6666666666666666, "support": 15.0}, "accuracy": 0.7368421052631579, "macro avg": {"precision": 0.7246376811594203, "recall": 0.7246376811594203, "f1-score": 0.7246376811594203, "support": 38.0}, "weighted avg": {"precision": 0.7368421052631579, "recall": 0.7368421052631579, "f1-score": 0.7368421052631579, "support": 38.0}}