{"0": {"precision": 0.75, "recall": 0.3333333333333333, "f1-score": 0.46153846153846156, "support": 9.0}, "1": {"precision": 0.6, "recall": 0.9, "f1-score": 0.72, "support": 10.0}, "accuracy": 0.631578947368421, "macro avg": {"precision": 0.675, "recall": 0.6166666666666667, "f1-score": 0.5907692307692307, "support": 19.0}, "weighted avg": {"precision": 0.6710526315789473, "recall": 0.631578947368421, "f1-score": 0.5975708502024291, "support": 19.0}}