{"0": {"precision": 0.5, "recall": 0.34375, "f1-score": 0.4074074074074074, "support": 32.0}, "1": {"precision": 0.38235294117647056, "recall": 0.5416666666666666, "f1-score": 0.4482758620689655, "support": 24.0}, "accuracy": 0.42857142857142855, "macro avg": {"precision": 0.4411764705882353, "recall": 0.4427083333333333, "f1-score": 0.4278416347381865, "support": 56.0}, "weighted avg": {"precision": 0.4495798319327731, "recall": 0.42857142857142855, "f1-score": 0.424922459405218, "support": 56.0}}