{"best_estimator": "BernoulliNB()", "best_score": 0.33334018499486123, "test_score": 0.2571428571428571}