{"0": {"precision": 0.8095238095238095, "recall": 0.6891891891891891, "f1-score": 0.7445255474452555, "support": 74.0}, "1": {"precision": 0.25806451612903225, "recall": 0.4, "f1-score": 0.3137254901960784, "support": 20.0}, "accuracy": 0.6276595744680851, "macro avg": {"precision": 0.5337941628264209, "recall": 0.5445945945945946, "f1-score": 0.5291255188206669, "support": 94.0}, "weighted avg": {"precision": 0.6921920449717293, "recall": 0.6276595744680851, "f1-score": 0.6528659607964944, "support": 94.0}}