{"best_estimator": "HistGradientBoostingClassifier()", "best_score": 0.5798505384290132, "test_score": 0.6742424242424243}