{"0": {"precision": 0.7575757575757576, "recall": 0.6410256410256411, "f1-score": 0.6944444444444444, "support": 39.0}, "1": {"precision": 0.2631578947368421, "recall": 0.38461538461538464, "f1-score": 0.3125, "support": 13.0}, "accuracy": 0.5769230769230769, "macro avg": {"precision": 0.5103668261562998, "recall": 0.5128205128205129, "f1-score": 0.5034722222222222, "support": 52.0}, "weighted avg": {"precision": 0.6339712918660287, "recall": 0.576923076923077, "f1-score": 0.5989583333333333, "support": 52.0}}