{"0": {"precision": 0.8571428571428571, "recall": 0.75, "f1-score": 0.8, "support": 16.0}, "1": {"precision": 0.5, "recall": 0.6666666666666666, "f1-score": 0.5714285714285714, "support": 6.0}, "accuracy": 0.7272727272727273, "macro avg": {"precision": 0.6785714285714286, "recall": 0.7083333333333333, "f1-score": 0.6857142857142857, "support": 22.0}, "weighted avg": {"precision": 0.7597402597402598, "recall": 0.7272727272727273, "f1-score": 0.7376623376623376, "support": 22.0}}