{"0": {"precision": 0.6808510638297872, "recall": 0.9411764705882353, "f1-score": 0.7901234567901234, "support": 34.0}, "1": {"precision": 0.6, "recall": 0.16666666666666666, "f1-score": 0.2608695652173913, "support": 18.0}, "accuracy": 0.6730769230769231, "macro avg": {"precision": 0.6404255319148936, "recall": 0.553921568627451, "f1-score": 0.5254965110037574, "support": 52.0}, "weighted avg": {"precision": 0.6528641571194762, "recall": 0.6730769230769231, "f1-score": 0.6069201866303315, "support": 52.0}}