{"best_estimator": "KNeighborsClassifier(p=1, weights='distance')", "best_score": 0.46038736953472625, "test_score": 0.6900584795321637}