{"0": {"precision": 0.9230769230769231, "recall": 0.6666666666666666, "f1-score": 0.7741935483870968, "support": 36.0}, "1": {"precision": 0.5714285714285714, "recall": 0.8888888888888888, "f1-score": 0.6956521739130435, "support": 18.0}, "accuracy": 0.7407407407407407, "macro avg": {"precision": 0.7472527472527473, "recall": 0.7777777777777777, "f1-score": 0.7349228611500701, "support": 54.0}, "weighted avg": {"precision": 0.8058608058608059, "recall": 0.7407407407407407, "f1-score": 0.748013090229079, "support": 54.0}}