{"best_estimator": "RandomForestClassifier(n_estimators=300)", "best_score": 0.5949211634618091, "test_score": 0.5896805896805897}