{"0": {"precision": 0.5806451612903226, "recall": 0.5625, "f1-score": 0.5714285714285714, "support": 32.0}, "1": {"precision": 0.44, "recall": 0.4583333333333333, "f1-score": 0.4489795918367347, "support": 24.0}, "accuracy": 0.5178571428571429, "macro avg": {"precision": 0.5103225806451613, "recall": 0.5104166666666666, "f1-score": 0.5102040816326531, "support": 56.0}, "weighted avg": {"precision": 0.5203686635944701, "recall": 0.5178571428571429, "f1-score": 0.5189504373177842, "support": 56.0}}