{"best_estimator": "RandomForestClassifier(n_estimators=400)", "best_score": 0.6116190501715991, "test_score": 0.6190476190476191}