{"best_estimator": "BernoulliNB()", "best_score": 0.5741676293569415, "test_score": 0.5335144927536232}