{"0": {"precision": 0.7, "recall": 0.6363636363636364, "f1-score": 0.6666666666666666, "support": 44.0}, "1": {"precision": 0.4074074074074074, "recall": 0.4782608695652174, "f1-score": 0.44, "support": 23.0}, "accuracy": 0.582089552238806, "macro avg": {"precision": 0.5537037037037037, "recall": 0.5573122529644269, "f1-score": 0.5533333333333333, "support": 67.0}, "weighted avg": {"precision": 0.5995577667219457, "recall": 0.582089552238806, "f1-score": 0.5888557213930348, "support": 67.0}}