{"best_estimator": "HistGradientBoostingClassifier(learning_rate=0.01)", "best_score": 0.6447539141631089, "test_score": 0.7177936897711562}