{"best_estimator": "HistGradientBoostingClassifier()", "best_score": 0.6918961932720635, "test_score": 0.5047619047619047}