{"best_estimator": "KNeighborsClassifier(n_neighbors=15, p=1, weights='distance')", "best_score": 0.6885479276173984, "test_score": 0.6730462519936203}