{"best_estimator": "KNeighborsClassifier(n_neighbors=10, p=1, weights='distance')", "best_score": 0.6647521809561783, "test_score": 0.7301587301587302}