{"best_estimator": "KNeighborsClassifier(n_neighbors=25, p=1)", "best_score": 0.688098330868317, "test_score": 0.8018099547511313}