{"0": {"precision": 0.6428571428571429, "recall": 0.9, "f1-score": 0.75, "support": 20.0}, "1": {"precision": 0.8823529411764706, "recall": 0.6, "f1-score": 0.7142857142857143, "support": 25.0}, "accuracy": 0.7333333333333333, "macro avg": {"precision": 0.7626050420168067, "recall": 0.75, "f1-score": 0.7321428571428572, "support": 45.0}, "weighted avg": {"precision": 0.7759103641456583, "recall": 0.7333333333333333, "f1-score": 0.7301587301587302, "support": 45.0}}