{"best_estimator": "RandomForestClassifier(max_depth=3, n_estimators=400)", "best_score": 0.7459772714923435, "test_score": 0.6879666227492314}