{"best_estimator": "RandomForestClassifier(max_depth=2, n_estimators=200)", "best_score": 0.7366149930852977, "test_score": 0.9339366515837104}