{"best_estimator": "AdaBoostClassifier(algorithm='SAMME', learning_rate=0.05, n_estimators=100)", "best_score": 0.7381833547291714, "test_score": 0.6666666666666666}