{"best_estimator": "AdaBoostClassifier(algorithm='SAMME', learning_rate=0.05, n_estimators=300)", "best_score": 0.7627892654240636, "test_score": 0.6129032258064516}