{"best_estimator": "BernoulliNB()", "best_score": 0.5951528260546743, "test_score": 0.6245550934772021}