{"best_estimator": "BernoulliNB()", "best_score": 0.6093302839809538, "test_score": 0.5970674486803519}