{"best_estimator": "BernoulliNB()", "best_score": 0.5809956294758868, "test_score": 0.5724847428073234}