{"best_estimator": "BernoulliNB()", "best_score": 0.6020172086751034, "test_score": 0.7077942458587619}