{"best_estimator": "HistGradientBoostingClassifier(learning_rate=0.01)", "best_score": 0.7350773883739289, "test_score": 0.8390467522836822}