{"best_estimator": "HistGradientBoostingClassifier(learning_rate=0.01)", "best_score": 0.7326478830637783, "test_score": 0.871505376344086}