{"best_estimator": "KNeighborsClassifier(n_neighbors=7, weights='distance')", "best_score": 0.6531228420125705, "test_score": 0.5831918505942276}