{"best_estimator": "KNeighborsClassifier(n_neighbors=10, p=1)", "best_score": 0.6718284564860528, "test_score": 0.7096774193548387}