{"best_estimator": "KNeighborsClassifier(n_neighbors=20, weights='distance')", "best_score": 0.6673001427970229, "test_score": 0.5806451612903226}