{"best_estimator": "RandomForestClassifier(max_depth=6)", "best_score": 0.7936099062451424, "test_score": 0.7424731182795699}