{"best_estimator": "RandomForestClassifier(n_estimators=400)", "best_score": 0.7739113150102516, "test_score": 0.8390467522836822}