{"best_estimator": "BernoulliNB()", "best_score": 0.546464740623704, "test_score": 0.6301514235675206}