{"best_estimator": "BernoulliNB()", "best_score": 0.5618958255096151, "test_score": 0.5212690951821387}