{"best_estimator": "BernoulliNB()", "best_score": 0.5983910973181515, "test_score": 0.4848484848484849}