{"best_estimator": "BernoulliNB()", "best_score": 0.5616154497714154, "test_score": 0.5425901930027962}