{"best_estimator": "BernoulliNB()", "best_score": 0.5189204945561492, "test_score": 0.738095238095238}