{"best_estimator": "BernoulliNB()", "best_score": 0.521215434845278, "test_score": 0.6071428571428572}