{"best_estimator": "BernoulliNB()", "best_score": 0.560191850447109, "test_score": 0.5333333333333333}