{"best_estimator": "HistGradientBoostingClassifier(learning_rate=0.05)", "best_score": 0.6941985210915115, "test_score": 0.7936507936507937}