{"0": {"precision": 0.9166666666666666, "recall": 0.7021276595744681, "f1-score": 0.7951807228915663, "support": 47.0}, "1": {"precision": 0.5483870967741935, "recall": 0.85, "f1-score": 0.6666666666666666, "support": 20.0}, "accuracy": 0.746268656716418, "macro avg": {"precision": 0.73252688172043, "recall": 0.776063829787234, "f1-score": 0.7309236947791165, "support": 67.0}, "weighted avg": {"precision": 0.8067324666987642, "recall": 0.746268656716418, "f1-score": 0.7568183180483126, "support": 67.0}}