{"0": {"precision": 0.7692307692307693, "recall": 0.7407407407407407, "f1-score": 0.7547169811320755, "support": 27.0}, "1": {"precision": 0.631578947368421, "recall": 0.6666666666666666, "f1-score": 0.6486486486486487, "support": 18.0}, "accuracy": 0.7111111111111111, "macro avg": {"precision": 0.7004048582995952, "recall": 0.7037037037037037, "f1-score": 0.7016828148903621, "support": 45.0}, "weighted avg": {"precision": 0.71417004048583, "recall": 0.7111111111111111, "f1-score": 0.7122896481387048, "support": 45.0}}