{"best_estimator": "KNeighborsClassifier(n_neighbors=7, p=3, weights='distance')", "best_score": 0.6553315030344952, "test_score": 0.6661283376399656}