{"best_estimator": "KNeighborsClassifier(n_neighbors=7, p=3, weights='distance')", "best_score": 0.6968939764997255, "test_score": 0.5795002549719531}