{"best_estimator": "RandomForestClassifier()", "best_score": 0.6630357859962395, "test_score": 0.6666666666666666}