{"best_estimator": "RandomForestClassifier(n_estimators=400)", "best_score": 0.6179666266748457, "test_score": 0.5333333333333334}