{"best_estimator": "RandomForestClassifier(max_depth=6)", "best_score": 0.6415542747063265, "test_score": 0.7230822153422773}