{"best_estimator": "RandomForestClassifier(criterion='entropy', n_estimators=400)", "best_score": 0.674287920322693, "test_score": 0.6299105766265803}