{"0": {"precision": 0.6, "recall": 0.46875, "f1-score": 0.5263157894736842, "support": 32.0}, "1": {"precision": 0.45161290322580644, "recall": 0.5833333333333334, "f1-score": 0.509090909090909, "support": 24.0}, "accuracy": 0.5178571428571429, "macro avg": {"precision": 0.5258064516129032, "recall": 0.5260416666666667, "f1-score": 0.5177033492822967, "support": 56.0}, "weighted avg": {"precision": 0.5364055299539171, "recall": 0.5178571428571429, "f1-score": 0.5189336978810662, "support": 56.0}}