{"0": {"precision": 0.7272727272727273, "recall": 0.5333333333333333, "f1-score": 0.6153846153846154, "support": 15.0}, "1": {"precision": 0.2222222222222222, "recall": 0.4, "f1-score": 0.2857142857142857, "support": 5.0}, "accuracy": 0.5, "macro avg": {"precision": 0.47474747474747475, "recall": 0.4666666666666667, "f1-score": 0.45054945054945056, "support": 20.0}, "weighted avg": {"precision": 0.601010101010101, "recall": 0.5, "f1-score": 0.5329670329670331, "support": 20.0}}