{"0": {"precision": 0.75, "recall": 0.6153846153846154, "f1-score": 0.676056338028169, "support": 39.0}, "1": {"precision": 0.25, "recall": 0.38461538461538464, "f1-score": 0.30303030303030304, "support": 13.0}, "accuracy": 0.5576923076923077, "macro avg": {"precision": 0.5, "recall": 0.5, "f1-score": 0.489543320529236, "support": 52.0}, "weighted avg": {"precision": 0.625, "recall": 0.5576923076923077, "f1-score": 0.5827998292787024, "support": 52.0}}