{"0": {"precision": 0.6176470588235294, "recall": 0.6176470588235294, "f1-score": 0.6176470588235294, "support": 34.0}, "1": {"precision": 0.2777777777777778, "recall": 0.2777777777777778, "f1-score": 0.2777777777777778, "support": 18.0}, "accuracy": 0.5, "macro avg": {"precision": 0.4477124183006536, "recall": 0.4477124183006536, "f1-score": 0.4477124183006536, "support": 52.0}, "weighted avg": {"precision": 0.5, "recall": 0.5, "f1-score": 0.5, "support": 52.0}}