{"best_estimator": "BernoulliNB()", "best_score": 0.3531947480805052, "test_score": 0.07465472191116088}