{"best_estimator": "BernoulliNB()", "best_score": 0.3965087011768418, "test_score": 0.178021978021978}