{"0": {"precision": 0.8571428571428571, "recall": 0.6666666666666666, "f1-score": 0.75, "support": 36.0}, "1": {"precision": 0.5384615384615384, "recall": 0.7777777777777778, "f1-score": 0.6363636363636364, "support": 18.0}, "accuracy": 0.7037037037037037, "macro avg": {"precision": 0.6978021978021978, "recall": 0.7222222222222222, "f1-score": 0.6931818181818181, "support": 54.0}, "weighted avg": {"precision": 0.7509157509157509, "recall": 0.7037037037037037, "f1-score": 0.712121212121212, "support": 54.0}}