{"0": {"precision": 0.6285714285714286, "recall": 0.6470588235294118, "f1-score": 0.6376811594202898, "support": 34.0}, "1": {"precision": 0.29411764705882354, "recall": 0.2777777777777778, "f1-score": 0.2857142857142857, "support": 18.0}, "accuracy": 0.5192307692307693, "macro avg": {"precision": 0.4613445378151261, "recall": 0.4624183006535948, "f1-score": 0.46169772256728775, "support": 52.0}, "weighted avg": {"precision": 0.5127989657401422, "recall": 0.5192307692307693, "f1-score": 0.5158464723682115, "support": 52.0}}