{"best_estimator": "HistGradientBoostingClassifier()", "best_score": 0.5903287792912164, "test_score": 0.5896805896805897}