{"best_estimator": "KNeighborsClassifier(p=1, weights='distance')", "best_score": 0.45593349030420105, "test_score": 0.6575979537263109}