{"best_estimator": "KNeighborsClassifier(p=1, weights='distance')", "best_score": 0.49122176784603405, "test_score": 0.40091533180778033}