{"best_estimator": "RandomForestClassifier(n_estimators=300)", "best_score": 0.5750908502301676, "test_score": 0.7032352989799798}