{"best_estimator": "RandomForestClassifier()", "best_score": 0.6531675033074975, "test_score": 0.4305555555555556}