{"best_estimator": "RandomForestClassifier(criterion='entropy')", "best_score": 0.634552641151869, "test_score": 0.41132242370632466}