{"best_estimator": "RandomForestClassifier(criterion='log_loss', n_estimators=150)", "best_score": 0.6802571891202044, "test_score": 0.5371698562153709}