{"best_estimator": "RandomForestClassifier(n_estimators=150)", "best_score": 0.5949907823869859, "test_score": 0.6616541353383459}