{"best_estimator": "RandomForestClassifier(n_estimators=200)", "best_score": 0.6238405951408404, "test_score": 0.7142857142857142}