{"0": {"precision": 0.8382352941176471, "recall": 0.7702702702702703, "f1-score": 0.8028169014084507, "support": 74.0}, "1": {"precision": 0.34615384615384615, "recall": 0.45, "f1-score": 0.391304347826087, "support": 20.0}, "accuracy": 0.7021276595744681, "macro avg": {"precision": 0.5921945701357466, "recall": 0.6101351351351352, "f1-score": 0.5970606246172688, "support": 94.0}, "weighted avg": {"precision": 0.7335371136998171, "recall": 0.7021276595744681, "f1-score": 0.715261038944118, "support": 94.0}}