{"best_estimator": "BernoulliNB()", "best_score": 0.6850657117640815, "test_score": 0.4585765488991295}