{"best_estimator": "BernoulliNB()", "best_score": 0.6563968777615145, "test_score": 0.6808657292528261}