{"best_estimator": "BernoulliNB()", "best_score": 0.6616776451170531, "test_score": 0.6177825969097316}