{"best_estimator": "HistGradientBoostingClassifier(learning_rate=0.5)", "best_score": 0.6383987918056023, "test_score": 0.6129032258064516}