{"best_estimator": "HistGradientBoostingClassifier()", "best_score": 0.6725329127592529, "test_score": 0.6129032258064516}