{"best_estimator": "HistGradientBoostingClassifier(learning_rate=0.01)", "best_score": 0.6017402905868584, "test_score": 0.8024926686217008}