{"best_estimator": "KNeighborsClassifier(p=3, weights='distance')", "best_score": 0.6878862744077232, "test_score": 0.5850271345265783}