{"best_estimator": "KNeighborsClassifier(p=3, weights='distance')", "best_score": 0.6405669914242293, "test_score": 0.6794524261317431}