{"0": {"precision": 0.9411764705882353, "recall": 0.8888888888888888, "f1-score": 0.9142857142857143, "support": 18.0}, "1": {"precision": 0.8461538461538461, "recall": 0.9166666666666666, "f1-score": 0.88, "support": 12.0}, "accuracy": 0.9, "macro avg": {"precision": 0.8936651583710407, "recall": 0.9027777777777777, "f1-score": 0.8971428571428571, "support": 30.0}, "weighted avg": {"precision": 0.9031674208144796, "recall": 0.9, "f1-score": 0.9005714285714286, "support": 30.0}}