{"best_estimator": "KNeighborsClassifier(n_neighbors=10, p=3, weights='distance')", "best_score": 0.6662898301805477, "test_score": 0.5859703020993343}