{"0": {"precision": 0.7083333333333334, "recall": 0.9444444444444444, "f1-score": 0.8095238095238095, "support": 18.0}, "1": {"precision": 0.8333333333333334, "recall": 0.4166666666666667, "f1-score": 0.5555555555555556, "support": 12.0}, "accuracy": 0.7333333333333333, "macro avg": {"precision": 0.7708333333333334, "recall": 0.6805555555555556, "f1-score": 0.6825396825396826, "support": 30.0}, "weighted avg": {"precision": 0.7583333333333333, "recall": 0.7333333333333333, "f1-score": 0.7079365079365079, "support": 30.0}}