{"best_estimator": "RandomForestClassifier(criterion='entropy')", "best_score": 0.6771909501774296, "test_score": 0.6327975722153534}