{"best_estimator": "AdaBoostClassifier(algorithm='SAMME', learning_rate=0.05, n_estimators=200)", "best_score": 0.7453388974195844, "test_score": 0.7010011123470523}