{"0": {"precision": 0.5357142857142857, "recall": 0.8823529411764706, "f1-score": 0.6666666666666666, "support": 17.0}, "1": {"precision": 0.3333333333333333, "recall": 0.07142857142857142, "f1-score": 0.11764705882352941, "support": 14.0}, "accuracy": 0.5161290322580645, "macro avg": {"precision": 0.43452380952380953, "recall": 0.476890756302521, "f1-score": 0.39215686274509803, "support": 31.0}, "weighted avg": {"precision": 0.44431643625192013, "recall": 0.5161290322580645, "f1-score": 0.41872232764073364, "support": 31.0}}