{"best_estimator": "BernoulliNB()", "best_score": 0.43470839559123214, "test_score": 0.3884408602150538}