{"best_estimator": "BernoulliNB()", "best_score": 0.4327757094951581, "test_score": 0.41872232764073364}