{"best_estimator": "BernoulliNB()", "best_score": 0.42408514350347043, "test_score": 0.4265964450296248}