{"best_estimator": "BernoulliNB()", "best_score": 0.4217117039707728, "test_score": 0.49622601728863586}