{"best_estimator": "HistGradientBoostingClassifier(learning_rate=0.05)", "best_score": 0.6682751649977323, "test_score": 0.8376634699215345}