{"0": {"precision": 0.7, "recall": 0.8235294117647058, "f1-score": 0.7567567567567568, "support": 17.0}, "1": {"precision": 0.7, "recall": 0.5384615384615384, "f1-score": 0.6086956521739131, "support": 13.0}, "accuracy": 0.7, "macro avg": {"precision": 0.7, "recall": 0.6809954751131222, "f1-score": 0.6827262044653349, "support": 30.0}, "weighted avg": {"precision": 0.7, "recall": 0.7, "f1-score": 0.6925969447708578, "support": 30.0}}