{"best_estimator": "KNeighborsClassifier(n_neighbors=25)", "best_score": 0.6921368484419275, "test_score": 0.7077942458587619}