{"best_estimator": "KNeighborsClassifier(n_neighbors=25)", "best_score": 0.7037644875186525, "test_score": 0.7084485407066052}