{"best_estimator": "RandomForestClassifier(max_depth=2, n_estimators=300)", "best_score": 0.7446314600201107, "test_score": 0.6153429113580916}