{"0": {"precision": 0.8125, "recall": 0.9629629629629629, "f1-score": 0.8813559322033898, "support": 27.0}, "1": {"precision": 0.8571428571428571, "recall": 0.5, "f1-score": 0.631578947368421, "support": 12.0}, "accuracy": 0.8205128205128205, "macro avg": {"precision": 0.8348214285714286, "recall": 0.7314814814814814, "f1-score": 0.7564674397859055, "support": 39.0}, "weighted avg": {"precision": 0.8262362637362637, "recall": 0.8205128205128205, "f1-score": 0.8045014753310917, "support": 39.0}}