{"best_estimator": "AdaBoostClassifier(algorithm='SAMME', learning_rate=0.001)", "best_score": 0.6608736007609742, "test_score": 0.7052245999614419}