{"0": {"precision": 0.7307692307692307, "recall": 0.7307692307692307, "f1-score": 0.7307692307692307, "support": 26.0}, "1": {"precision": 0.4166666666666667, "recall": 0.4166666666666667, "f1-score": 0.4166666666666667, "support": 12.0}, "accuracy": 0.631578947368421, "macro avg": {"precision": 0.5737179487179487, "recall": 0.5737179487179487, "f1-score": 0.5737179487179487, "support": 38.0}, "weighted avg": {"precision": 0.631578947368421, "recall": 0.631578947368421, "f1-score": 0.631578947368421, "support": 38.0}}