{"best_estimator": "BernoulliNB()", "best_score": 0.5479326332984249, "test_score": 0.555921052631579}