{"best_estimator": "HistGradientBoostingClassifier(learning_rate=0.01)", "best_score": 0.6492480102451352, "test_score": 0.5408653846153846}