{"best_estimator": "HistGradientBoostingClassifier(learning_rate=0.01)", "best_score": 0.5973338147309337, "test_score": 0.5968954644676207}