{"best_estimator": "HistGradientBoostingClassifier(learning_rate=0.01)", "best_score": 0.627498255378012, "test_score": 0.6479128856624319}