{"0": {"precision": 0.6666666666666666, "recall": 0.6923076923076923, "f1-score": 0.6792452830188679, "support": 26.0}, "1": {"precision": 0.3333333333333333, "recall": 0.3076923076923077, "f1-score": 0.32, "support": 13.0}, "accuracy": 0.5641025641025641, "macro avg": {"precision": 0.5, "recall": 0.5, "f1-score": 0.4996226415094339, "support": 39.0}, "weighted avg": {"precision": 0.5555555555555555, "recall": 0.5641025641025641, "f1-score": 0.5594968553459119, "support": 39.0}}