{"0": {"precision": 0.6486486486486487, "recall": 0.9230769230769231, "f1-score": 0.7619047619047619, "support": 26.0}, "1": {"precision": 0.0, "recall": 0.0, "f1-score": 0.0, "support": 13.0}, "accuracy": 0.6153846153846154, "macro avg": {"precision": 0.32432432432432434, "recall": 0.46153846153846156, "f1-score": 0.38095238095238093, "support": 39.0}, "weighted avg": {"precision": 0.43243243243243246, "recall": 0.6153846153846154, "f1-score": 0.5079365079365079, "support": 39.0}}