{"best_estimator": "KNeighborsClassifier(n_neighbors=25)", "best_score": 0.6126026181159999, "test_score": 0.5744416873449131}