{"0": {"precision": 0.7428571428571429, "recall": 1.0, "f1-score": 0.8524590163934426, "support": 26.0}, "1": {"precision": 1.0, "recall": 0.3076923076923077, "f1-score": 0.47058823529411764, "support": 13.0}, "accuracy": 0.7692307692307693, "macro avg": {"precision": 0.8714285714285714, "recall": 0.6538461538461539, "f1-score": 0.6615236258437801, "support": 39.0}, "weighted avg": {"precision": 0.8285714285714286, "recall": 0.7692307692307693, "f1-score": 0.7251687560270009, "support": 39.0}}