{"best_estimator": "KNeighborsClassifier(n_neighbors=20, weights='distance')", "best_score": 0.6159523793056988, "test_score": 0.5079365079365079}