{"best_estimator": "KNeighborsClassifier(n_neighbors=25)", "best_score": 0.5947860077199217, "test_score": 0.6209677419354838}