{"best_estimator": "RandomForestClassifier(max_depth=3)", "best_score": 0.6239735804837012, "test_score": 0.639153439153439}