{"0": {"precision": 0.6944444444444444, "recall": 0.9615384615384616, "f1-score": 0.8064516129032258, "support": 26.0}, "1": {"precision": 0.6666666666666666, "recall": 0.15384615384615385, "f1-score": 0.25, "support": 13.0}, "accuracy": 0.6923076923076923, "macro avg": {"precision": 0.6805555555555556, "recall": 0.5576923076923077, "f1-score": 0.5282258064516129, "support": 39.0}, "weighted avg": {"precision": 0.6851851851851851, "recall": 0.6923076923076923, "f1-score": 0.6209677419354838, "support": 39.0}}