{"0": {"precision": 0.6842105263157895, "recall": 1.0, "f1-score": 0.8125, "support": 26.0}, "1": {"precision": 1.0, "recall": 0.07692307692307693, "f1-score": 0.14285714285714285, "support": 13.0}, "accuracy": 0.6923076923076923, "macro avg": {"precision": 0.8421052631578947, "recall": 0.5384615384615384, "f1-score": 0.4776785714285714, "support": 39.0}, "weighted avg": {"precision": 0.7894736842105263, "recall": 0.6923076923076923, "f1-score": 0.5892857142857143, "support": 39.0}}