{"best_estimator": "RandomForestClassifier(criterion='entropy')", "best_score": 0.6442861833708631, "test_score": 0.6278855032317636}