{"0": {"precision": 0.6944444444444444, "recall": 0.9259259259259259, "f1-score": 0.7936507936507936, "support": 27.0}, "1": {"precision": 0.3333333333333333, "recall": 0.08333333333333333, "f1-score": 0.13333333333333333, "support": 12.0}, "accuracy": 0.6666666666666666, "macro avg": {"precision": 0.5138888888888888, "recall": 0.5046296296296297, "f1-score": 0.46349206349206346, "support": 39.0}, "weighted avg": {"precision": 0.5833333333333334, "recall": 0.6666666666666666, "f1-score": 0.5904761904761905, "support": 39.0}}