{"0": {"precision": 0.6571428571428571, "recall": 0.8518518518518519, "f1-score": 0.7419354838709677, "support": 27.0}, "1": {"precision": 0.0, "recall": 0.0, "f1-score": 0.0, "support": 12.0}, "accuracy": 0.5897435897435898, "macro avg": {"precision": 0.32857142857142857, "recall": 0.42592592592592593, "f1-score": 0.3709677419354839, "support": 39.0}, "weighted avg": {"precision": 0.454945054945055, "recall": 0.5897435897435898, "f1-score": 0.5136476426799007, "support": 39.0}}