{"best_estimator": "RandomForestClassifier(max_depth=3)", "best_score": 0.6134860403462616, "test_score": 0.7037037037037037}