{"0": {"precision": 0.7352941176470589, "recall": 0.9615384615384616, "f1-score": 0.8333333333333334, "support": 26.0}, "1": {"precision": 0.8, "recall": 0.3076923076923077, "f1-score": 0.4444444444444444, "support": 13.0}, "accuracy": 0.7435897435897436, "macro avg": {"precision": 0.7676470588235295, "recall": 0.6346153846153846, "f1-score": 0.6388888888888888, "support": 39.0}, "weighted avg": {"precision": 0.7568627450980392, "recall": 0.7435897435897436, "f1-score": 0.7037037037037037, "support": 39.0}}