{"0": {"precision": 0.696969696969697, "recall": 0.8846153846153846, "f1-score": 0.7796610169491526, "support": 26.0}, "1": {"precision": 0.4, "recall": 0.16666666666666666, "f1-score": 0.23529411764705882, "support": 12.0}, "accuracy": 0.6578947368421053, "macro avg": {"precision": 0.5484848484848486, "recall": 0.5256410256410257, "f1-score": 0.5074775672981057, "support": 38.0}, "weighted avg": {"precision": 0.6031897926634769, "recall": 0.6578947368421053, "f1-score": 0.6077556803274388, "support": 38.0}}