{"best_estimator": "BernoulliNB()", "best_score": 0.5531871117941114, "test_score": 0.47716049382716047}