{"0": {"precision": 0.8666666666666667, "recall": 0.18840579710144928, "f1-score": 0.30952380952380953, "support": 69.0}, "1": {"precision": 0.3, "recall": 0.9230769230769231, "f1-score": 0.4528301886792453, "support": 26.0}, "accuracy": 0.3894736842105263, "macro avg": {"precision": 0.5833333333333334, "recall": 0.5557413600891862, "f1-score": 0.3811769991015274, "support": 95.0}, "weighted avg": {"precision": 0.7115789473684211, "recall": 0.3894736842105263, "f1-score": 0.34874450276634983, "support": 95.0}}