{"0": {"precision": 0.65, "recall": 0.40625, "f1-score": 0.5, "support": 32.0}, "1": {"precision": 0.4864864864864865, "recall": 0.72, "f1-score": 0.5806451612903226, "support": 25.0}, "accuracy": 0.543859649122807, "macro avg": {"precision": 0.5682432432432433, "recall": 0.563125, "f1-score": 0.5403225806451613, "support": 57.0}, "weighted avg": {"precision": 0.5782835467045994, "recall": 0.543859649122807, "f1-score": 0.5353706847764572, "support": 57.0}}