{"best_estimator": "BernoulliNB()", "best_score": 0.5348821426886535, "test_score": 0.5805229253505116}