{"best_estimator": "HistGradientBoostingClassifier(learning_rate=0.5)", "best_score": 0.6050805882913352, "test_score": 0.7023875478169107}