{"best_estimator": "HistGradientBoostingClassifier()", "best_score": 0.6020169160891469, "test_score": 0.5425101214574898}