{"best_estimator": "HistGradientBoostingClassifier(learning_rate=0.5)", "best_score": 0.5537694740271167, "test_score": 0.5303030303030304}