{"best_estimator": "HistGradientBoostingClassifier(learning_rate=0.05)", "best_score": 0.5600491954909004, "test_score": 0.6286121286121287}