{"0": {"precision": 0.5319148936170213, "recall": 0.78125, "f1-score": 0.6329113924050633, "support": 32.0}, "1": {"precision": 0.3, "recall": 0.12, "f1-score": 0.17142857142857143, "support": 25.0}, "accuracy": 0.49122807017543857, "macro avg": {"precision": 0.41595744680851066, "recall": 0.450625, "f1-score": 0.4021699819168174, "support": 57.0}, "weighted avg": {"precision": 0.4301978350130646, "recall": 0.49122807017543857, "f1-score": 0.43050664636274233, "support": 57.0}}