{"0": {"precision": 0.7450980392156863, "recall": 0.5507246376811594, "f1-score": 0.6333333333333333, "support": 69.0}, "1": {"precision": 0.29545454545454547, "recall": 0.5, "f1-score": 0.37142857142857144, "support": 26.0}, "accuracy": 0.5368421052631579, "macro avg": {"precision": 0.5202762923351159, "recall": 0.5253623188405797, "f1-score": 0.5023809523809524, "support": 95.0}, "weighted avg": {"precision": 0.622037714607374, "recall": 0.5368421052631579, "f1-score": 0.5616541353383459, "support": 95.0}}