{"0": {"precision": 0.7391304347826086, "recall": 0.5, "f1-score": 0.5964912280701754, "support": 34.0}, "1": {"precision": 0.5, "recall": 0.7391304347826086, "f1-score": 0.5964912280701754, "support": 23.0}, "accuracy": 0.5964912280701754, "macro avg": {"precision": 0.6195652173913043, "recall": 0.6195652173913043, "f1-score": 0.5964912280701754, "support": 57.0}, "weighted avg": {"precision": 0.6426392067124332, "recall": 0.5964912280701754, "f1-score": 0.5964912280701754, "support": 57.0}}