{"0": {"precision": 0.8181818181818182, "recall": 0.43902439024390244, "f1-score": 0.5714285714285714, "support": 41.0}, "1": {"precision": 0.34285714285714286, "recall": 0.75, "f1-score": 0.47058823529411764, "support": 16.0}, "accuracy": 0.5263157894736842, "macro avg": {"precision": 0.5805194805194805, "recall": 0.5945121951219512, "f1-score": 0.5210084033613445, "support": 57.0}, "weighted avg": {"precision": 0.6847573479152427, "recall": 0.5263157894736842, "f1-score": 0.5431225121627598, "support": 57.0}}