{"0": {"precision": 0.5, "recall": 0.5, "f1-score": 0.5, "support": 8.0}, "1": {"precision": 0.7142857142857143, "recall": 0.7142857142857143, "f1-score": 0.7142857142857143, "support": 14.0}, "accuracy": 0.6363636363636364, "macro avg": {"precision": 0.6071428571428572, "recall": 0.6071428571428572, "f1-score": 0.6071428571428572, "support": 22.0}, "weighted avg": {"precision": 0.6363636363636364, "recall": 0.6363636363636364, "f1-score": 0.6363636363636364, "support": 22.0}}