{"precision": 0.794756683171794, "recall": 0.6911200105706763, "f1": 0.6953997037045857}