{"best_estimator": "AdaBoostClassifier(algorithm='SAMME', learning_rate=0.1, n_estimators=150)", "best_score": 0.47584708750807775, "test_score": 0.5744565217391304}