{"best_estimator": "AdaBoostClassifier(algorithm='SAMME', learning_rate=0.1)", "best_score": 0.4852972602388994, "test_score": 0.31547619047619047}