{"best_estimator": "AdaBoostClassifier(algorithm='SAMME', learning_rate=0.5)", "best_score": 0.43179969703378757, "test_score": 0.5991831430427921}