{"best_estimator": "BernoulliNB()", "best_score": 0.3679684114836751, "test_score": 0.14632034632034632}