{"best_estimator": "HistGradientBoostingClassifier()", "best_score": 0.61838734460572, "test_score": 0.5363636363636364}