{"best_estimator": "HistGradientBoostingClassifier(learning_rate=0.001)", "best_score": 0.5396041161654457, "test_score": 0.5185185185185185}