{"best_estimator": "HistGradientBoostingClassifier(learning_rate=0.05)", "best_score": 0.5040529094958244, "test_score": 0.6126892548064001}