{"best_estimator": "HistGradientBoostingClassifier(learning_rate=0.5)", "best_score": 0.5505760710243995, "test_score": 0.45677870284715794}