{"best_estimator": "HistGradientBoostingClassifier(learning_rate=0.5)", "best_score": 0.5518902163420436, "test_score": 0.36199095022624433}