{"best_estimator": "KNeighborsClassifier(n_neighbors=7, p=1, weights='distance')", "best_score": 0.3776289847756221, "test_score": 0.5645530939648586}