{"0": {"precision": 0.5714285714285714, "recall": 0.6666666666666666, "f1-score": 0.6153846153846154, "support": 12.0}, "1": {"precision": 0.0, "recall": 0.0, "f1-score": 0.0, "support": 6.0}, "accuracy": 0.4444444444444444, "macro avg": {"precision": 0.2857142857142857, "recall": 0.3333333333333333, "f1-score": 0.3076923076923077, "support": 18.0}, "weighted avg": {"precision": 0.38095238095238093, "recall": 0.4444444444444444, "f1-score": 0.4102564102564103, "support": 18.0}}