{"best_estimator": "KNeighborsClassifier(n_neighbors=7, p=1, weights='distance')", "best_score": 0.4023541283463371, "test_score": 0.44651203809859774}