{"best_estimator": "KNeighborsClassifier(n_neighbors=25, weights='distance')", "best_score": 0.42337954785484994, "test_score": 0.4102564102564103}