{"0": {"precision": 0.75, "recall": 0.3191489361702128, "f1-score": 0.44776119402985076, "support": 47.0}, "1": {"precision": 0.3191489361702128, "recall": 0.75, "f1-score": 0.44776119402985076, "support": 20.0}, "accuracy": 0.44776119402985076, "macro avg": {"precision": 0.5345744680851063, "recall": 0.5345744680851063, "f1-score": 0.44776119402985076, "support": 67.0}, "weighted avg": {"precision": 0.6213877421403621, "recall": 0.44776119402985076, "f1-score": 0.44776119402985076, "support": 67.0}}