{"0": {"precision": 0.42857142857142855, "recall": 0.4090909090909091, "f1-score": 0.4186046511627907, "support": 22.0}, "1": {"precision": 0.48, "recall": 0.5, "f1-score": 0.4897959183673469, "support": 24.0}, "accuracy": 0.45652173913043476, "macro avg": {"precision": 0.4542857142857143, "recall": 0.4545454545454546, "f1-score": 0.4542002847650688, "support": 46.0}, "weighted avg": {"precision": 0.4554037267080745, "recall": 0.45652173913043476, "f1-score": 0.45574792100864614, "support": 46.0}}