{"best_estimator": "RandomForestClassifier(criterion='entropy', n_estimators=200)", "best_score": 0.5281076236084175, "test_score": 0.220211161387632}