{"best_estimator": "RandomForestClassifier(criterion='log_loss')", "best_score": 0.5119058565565003, "test_score": 0.4363636363636364}