{"best_estimator": "RandomForestClassifier(criterion='entropy', n_estimators=400)", "best_score": 0.5505240473825405, "test_score": 0.6108124089749346}