{"best_estimator": "RandomForestClassifier(n_estimators=150)", "best_score": 0.4948194104440784, "test_score": 0.4845208845208845}