{"best_estimator": "AdaBoostClassifier(algorithm='SAMME', learning_rate=0.05, n_estimators=400)", "best_score": 0.7540362281612165, "test_score": 0.7407407407407407}