{"best_estimator": "AdaBoostClassifier(algorithm='SAMME', learning_rate=0.01, n_estimators=400)", "best_score": 0.7436435936933489, "test_score": 0.7407465311706077}