{"0": {"precision": 0.92, "recall": 0.5227272727272727, "f1-score": 0.6666666666666666, "support": 44.0}, "1": {"precision": 0.5, "recall": 0.9130434782608695, "f1-score": 0.6461538461538462, "support": 23.0}, "accuracy": 0.6567164179104478, "macro avg": {"precision": 0.71, "recall": 0.717885375494071, "f1-score": 0.6564102564102564, "support": 67.0}, "weighted avg": {"precision": 0.7758208955223881, "recall": 0.6567164179104478, "f1-score": 0.6596249521622656, "support": 67.0}}