{"best_estimator": "AdaBoostClassifier(algorithm='SAMME', learning_rate=0.001)", "best_score": 0.7406607682902626, "test_score": 0.8151675485008818}