{"best_estimator": "BernoulliNB()", "best_score": 0.5944371219101867, "test_score": 0.5131782945736434}