{"best_estimator": "BernoulliNB()", "best_score": 0.5920482829011308, "test_score": 0.5681818181818182}