{"best_estimator": "BernoulliNB()", "best_score": 0.589521122071889, "test_score": 0.48272195640616694}