{"best_estimator": "HistGradientBoostingClassifier(learning_rate=0.01)", "best_score": 0.7518929331631411, "test_score": 0.780952380952381}