{"best_estimator": "HistGradientBoostingClassifier(learning_rate=0.001)", "best_score": 0.7373741793668748, "test_score": 0.6046511627906976}