{"best_estimator": "HistGradientBoostingClassifier(learning_rate=0.01)", "best_score": 0.7249758487084047, "test_score": 0.792887574993479}