{"0": {"precision": 0.8205128205128205, "recall": 0.7272727272727273, "f1-score": 0.7710843373493976, "support": 44.0}, "1": {"precision": 0.5714285714285714, "recall": 0.6956521739130435, "f1-score": 0.6274509803921569, "support": 23.0}, "accuracy": 0.7164179104477612, "macro avg": {"precision": 0.6959706959706959, "recall": 0.7114624505928854, "f1-score": 0.6992676588707772, "support": 67.0}, "weighted avg": {"precision": 0.7350062872450932, "recall": 0.7164179104477612, "f1-score": 0.7217773640655687, "support": 67.0}}