{"best_estimator": "RandomForestClassifier(max_depth=3, n_estimators=150)", "best_score": 0.7647753681529827, "test_score": 0.8003982080637133}