{"0": {"precision": 0.7619047619047619, "recall": 0.7111111111111111, "f1-score": 0.735632183908046, "support": 45.0}, "1": {"precision": 0.5, "recall": 0.5652173913043478, "f1-score": 0.5306122448979592, "support": 23.0}, "accuracy": 0.6617647058823529, "macro avg": {"precision": 0.6309523809523809, "recall": 0.6381642512077295, "f1-score": 0.6331222144030026, "support": 68.0}, "weighted avg": {"precision": 0.6733193277310924, "recall": 0.6617647058823529, "f1-score": 0.6662872045369873, "support": 68.0}}