{"best_estimator": "AdaBoostClassifier(algorithm='SAMME', learning_rate=0.5, n_estimators=100)", "best_score": 0.48172280265646616, "test_score": 0.6853845814394776}