{"best_estimator": "BernoulliNB()", "best_score": 0.49236930374576404, "test_score": 0.5433977786918964}