{"best_estimator": "BernoulliNB()", "best_score": 0.5047532151303356, "test_score": 0.2177777777777778}