{"best_estimator": "HistGradientBoostingClassifier(learning_rate=0.5)", "best_score": 0.5632709105833344, "test_score": 0.41710963455149497}