{"best_estimator": "KNeighborsClassifier(p=1)", "best_score": 0.6001982389297208, "test_score": 0.5390946502057612}