{"best_estimator": "KNeighborsClassifier(n_neighbors=20, weights='distance')", "best_score": 0.5951514165740563, "test_score": 0.5375565610859728}