{"best_estimator": "RandomForestClassifier(n_estimators=300)", "best_score": 0.5634253581678856, "test_score": 0.6105426356589149}