{"best_estimator": "RandomForestClassifier(criterion='entropy', n_estimators=200)", "best_score": 0.6181492813060622, "test_score": 0.5239961606143017}