{"best_estimator": "RandomForestClassifier(n_estimators=400)", "best_score": 0.6066646094538054, "test_score": 0.6666666666666666}