{"0": {"precision": 0.6190476190476191, "recall": 0.7222222222222222, "f1-score": 0.6666666666666666, "support": 36.0}, "1": {"precision": 0.16666666666666666, "recall": 0.1111111111111111, "f1-score": 0.13333333333333333, "support": 18.0}, "accuracy": 0.5185185185185185, "macro avg": {"precision": 0.39285714285714285, "recall": 0.41666666666666663, "f1-score": 0.39999999999999997, "support": 54.0}, "weighted avg": {"precision": 0.46825396825396826, "recall": 0.5185185185185185, "f1-score": 0.4888888888888889, "support": 54.0}}