{"0": {"precision": 0.6923076923076923, "recall": 0.6, "f1-score": 0.6428571428571429, "support": 15.0}, "1": {"precision": 0.14285714285714285, "recall": 0.2, "f1-score": 0.16666666666666666, "support": 5.0}, "accuracy": 0.5, "macro avg": {"precision": 0.41758241758241754, "recall": 0.4, "f1-score": 0.40476190476190477, "support": 20.0}, "weighted avg": {"precision": 0.554945054945055, "recall": 0.5, "f1-score": 0.523809523809524, "support": 20.0}}