{"0": {"precision": 0.6041666666666666, "recall": 0.8787878787878788, "f1-score": 0.7160493827160493, "support": 33.0}, "1": {"precision": 0.5555555555555556, "recall": 0.20833333333333334, "f1-score": 0.30303030303030304, "support": 24.0}, "accuracy": 0.5964912280701754, "macro avg": {"precision": 0.5798611111111112, "recall": 0.5435606060606061, "f1-score": 0.5095398428731762, "support": 57.0}, "weighted avg": {"precision": 0.5836988304093568, "recall": 0.5964912280701754, "f1-score": 0.542146612322051, "support": 57.0}}