{"best_estimator": "BernoulliNB()", "best_score": 0.55801193296296, "test_score": 0.7084625259208057}