{"0": {"precision": 0.7045454545454546, "recall": 0.8611111111111112, "f1-score": 0.775, "support": 36.0}, "1": {"precision": 0.5, "recall": 0.2777777777777778, "f1-score": 0.35714285714285715, "support": 18.0}, "accuracy": 0.6666666666666666, "macro avg": {"precision": 0.6022727272727273, "recall": 0.5694444444444444, "f1-score": 0.5660714285714286, "support": 54.0}, "weighted avg": {"precision": 0.6363636363636365, "recall": 0.6666666666666666, "f1-score": 0.6357142857142857, "support": 54.0}}