{"best_estimator": "HistGradientBoostingClassifier(learning_rate=0.01)", "best_score": 0.5453010397590584, "test_score": 0.6244340206266298}