{"0": {"precision": 0.7681159420289855, "recall": 0.7162162162162162, "f1-score": 0.7412587412587412, "support": 74.0}, "1": {"precision": 0.19230769230769232, "recall": 0.23809523809523808, "f1-score": 0.2127659574468085, "support": 21.0}, "accuracy": 0.6105263157894737, "macro avg": {"precision": 0.4802118171683389, "recall": 0.4771557271557272, "f1-score": 0.47701234935277487, "support": 95.0}, "weighted avg": {"precision": 0.6408320131432259, "recall": 0.6105263157894737, "f1-score": 0.6244340206266298, "support": 95.0}}