{"best_estimator": "HistGradientBoostingClassifier()", "best_score": 0.6076892393126647, "test_score": 0.4631578947368421}