{"best_estimator": "HistGradientBoostingClassifier()", "best_score": 0.6189717818838409, "test_score": 0.6357142857142857}