{"0": {"precision": 0.46153846153846156, "recall": 0.5454545454545454, "f1-score": 0.5, "support": 11.0}, "1": {"precision": 0.375, "recall": 0.3, "f1-score": 0.3333333333333333, "support": 10.0}, "accuracy": 0.42857142857142855, "macro avg": {"precision": 0.4182692307692308, "recall": 0.42272727272727273, "f1-score": 0.41666666666666663, "support": 21.0}, "weighted avg": {"precision": 0.42032967032967034, "recall": 0.42857142857142855, "f1-score": 0.4206349206349206, "support": 21.0}}