{"0": {"precision": 0.717391304347826, "recall": 0.9166666666666666, "f1-score": 0.8048780487804879, "support": 36.0}, "1": {"precision": 0.625, "recall": 0.2777777777777778, "f1-score": 0.38461538461538464, "support": 18.0}, "accuracy": 0.7037037037037037, "macro avg": {"precision": 0.6711956521739131, "recall": 0.5972222222222222, "f1-score": 0.5947467166979362, "support": 54.0}, "weighted avg": {"precision": 0.6865942028985507, "recall": 0.7037037037037037, "f1-score": 0.6647904940587869, "support": 54.0}}