{"best_estimator": "RandomForestClassifier(criterion='log_loss', n_estimators=200)", "best_score": 0.5717800854509654, "test_score": 0.6538572021320737}