{"best_estimator": "RandomForestClassifier(criterion='entropy', n_estimators=150)", "best_score": 0.5990804145438593, "test_score": 0.48896434634974534}