{"0": {"precision": 0.5238095238095238, "recall": 1.0, "f1-score": 0.6875, "support": 11.0}, "1": {"precision": 0.0, "recall": 0.0, "f1-score": 0.0, "support": 10.0}, "accuracy": 0.5238095238095238, "macro avg": {"precision": 0.2619047619047619, "recall": 0.5, "f1-score": 0.34375, "support": 21.0}, "weighted avg": {"precision": 0.2743764172335601, "recall": 0.5238095238095238, "f1-score": 0.3601190476190476, "support": 21.0}}