{"best_estimator": "RandomForestClassifier(criterion='entropy', n_estimators=400)", "best_score": 0.6265883151282906, "test_score": 0.4667449556955269}