{"0": {"precision": 0.45714285714285713, "recall": 0.8421052631578947, "f1-score": 0.5925925925925926, "support": 19.0}, "1": {"precision": 0.625, "recall": 0.20833333333333334, "f1-score": 0.3125, "support": 24.0}, "accuracy": 0.4883720930232558, "macro avg": {"precision": 0.5410714285714285, "recall": 0.525219298245614, "f1-score": 0.4525462962962963, "support": 43.0}, "weighted avg": {"precision": 0.5508305647840531, "recall": 0.4883720930232558, "f1-score": 0.4362618432385874, "support": 43.0}}