{"best_estimator": "BernoulliNB()", "best_score": 0.5055306579103901, "test_score": 0.2638888888888889}