{"best_estimator": "BernoulliNB()", "best_score": 0.4915582185499138, "test_score": 0.46360153256704983}