{"best_estimator": "BernoulliNB()", "best_score": 0.4939039229807306, "test_score": 0.6666666666666666}