{"best_estimator": "KNeighborsClassifier(n_neighbors=15, p=1)", "best_score": 0.737498429270768, "test_score": 0.7555555555555555}