{"best_estimator": "KNeighborsClassifier(n_neighbors=20, p=1)", "best_score": 0.7398235834808903, "test_score": 0.7407407407407407}