{"best_estimator": "RandomForestClassifier(max_depth=2)", "best_score": 0.7783402594235241, "test_score": 0.8349577647823262}