{"best_estimator": "BernoulliNB()", "best_score": 0.49247990423186155, "test_score": 0.5723502304147465}