{"0": {"precision": 0.6666666666666666, "recall": 1.0, "f1-score": 0.8, "support": 18.0}, "1": {"precision": 1.0, "recall": 0.3076923076923077, "f1-score": 0.47058823529411764, "support": 13.0}, "accuracy": 0.7096774193548387, "macro avg": {"precision": 0.8333333333333333, "recall": 0.6538461538461539, "f1-score": 0.6352941176470588, "support": 31.0}, "weighted avg": {"precision": 0.8064516129032258, "recall": 0.7096774193548387, "f1-score": 0.6618595825426944, "support": 31.0}}