{"best_estimator": "BernoulliNB()", "best_score": 0.4973210476143988, "test_score": 0.6618595825426944}