{"best_estimator": "HistGradientBoostingClassifier(learning_rate=0.01)", "best_score": 0.7416163042117467, "test_score": 0.6780913978494624}