{"best_estimator": "KNeighborsClassifier(n_neighbors=15, p=1)", "best_score": 0.7482964571193559, "test_score": 0.7674523007856341}