{"best_estimator": "KNeighborsClassifier(n_neighbors=20, p=1)", "best_score": 0.7400579396236495, "test_score": 0.8076714556790457}