{"best_estimator": "RandomForestClassifier(max_depth=2)", "best_score": 0.7696570283231645, "test_score": 0.8387096774193549}