{"best_estimator": "RandomForestClassifier(criterion='entropy', max_depth=2)", "best_score": 0.7730031800602901, "test_score": 0.8380269670592251}