{"0": {"precision": 0.9285714285714286, "recall": 0.7222222222222222, "f1-score": 0.8125, "support": 18.0}, "1": {"precision": 0.7058823529411765, "recall": 0.9230769230769231, "f1-score": 0.8, "support": 13.0}, "accuracy": 0.8064516129032258, "macro avg": {"precision": 0.8172268907563025, "recall": 0.8226495726495726, "f1-score": 0.80625, "support": 31.0}, "weighted avg": {"precision": 0.8351856871780972, "recall": 0.8064516129032258, "f1-score": 0.807258064516129, "support": 31.0}}