{"best_estimator": "AdaBoostClassifier(algorithm='SAMME', learning_rate=0.01, n_estimators=100)", "best_score": 0.7198851042547987, "test_score": 0.8054298642533937}