{"0": {"precision": 0.6153846153846154, "recall": 0.8, "f1-score": 0.6956521739130435, "support": 20.0}, "1": {"precision": 0.7894736842105263, "recall": 0.6, "f1-score": 0.6818181818181818, "support": 25.0}, "accuracy": 0.6888888888888889, "macro avg": {"precision": 0.7024291497975709, "recall": 0.7, "f1-score": 0.6887351778656126, "support": 45.0}, "weighted avg": {"precision": 0.7121007647323436, "recall": 0.6888888888888889, "f1-score": 0.6879666227492314, "support": 45.0}}