{"best_estimator": "AdaBoostClassifier(algorithm='SAMME', learning_rate=0.001, n_estimators=150)", "best_score": 0.7570017688667123, "test_score": 0.6148148148148148}