{"best_estimator": "AdaBoostClassifier(algorithm='SAMME', learning_rate=0.001, n_estimators=200)", "best_score": 0.7495926268222398, "test_score": 0.5933490233621871}