{"best_estimator": "AdaBoostClassifier(algorithm='SAMME', learning_rate=0.05, n_estimators=200)", "best_score": 0.7207667530274834, "test_score": 0.8264163372859025}