{"0": {"precision": 0.7741935483870968, "recall": 0.5454545454545454, "f1-score": 0.64, "support": 44.0}, "1": {"precision": 0.4444444444444444, "recall": 0.6956521739130435, "f1-score": 0.5423728813559322, "support": 23.0}, "accuracy": 0.5970149253731343, "macro avg": {"precision": 0.6093189964157706, "recall": 0.6205533596837944, "f1-score": 0.5911864406779661, "support": 67.0}, "weighted avg": {"precision": 0.660996094794843, "recall": 0.5970149253731343, "f1-score": 0.6064862130027827, "support": 67.0}}