{"best_estimator": "BernoulliNB()", "best_score": 0.5657908770769069, "test_score": 0.6515837104072398}