{"best_estimator": "BernoulliNB()", "best_score": 0.6405975043512353, "test_score": 0.48894348894348894}