{"best_estimator": "BernoulliNB()", "best_score": 0.5804882814553235, "test_score": 0.5185185185185185}