{"best_estimator": "BernoulliNB()", "best_score": 0.5596983824104476, "test_score": 0.6707818930041152}