{"best_estimator": "HistGradientBoostingClassifier(learning_rate=0.01)", "best_score": 0.6945771557157082, "test_score": 0.6251082251082251}