{"best_estimator": "HistGradientBoostingClassifier(learning_rate=0.01)", "best_score": 0.7220355270178287, "test_score": 0.7111111111111111}