{"best_estimator": "KNeighborsClassifier(n_neighbors=15, weights='distance')", "best_score": 0.7324823171085678, "test_score": 0.5555555555555556}