{"best_estimator": "KNeighborsClassifier(n_neighbors=25, p=1, weights='distance')", "best_score": 0.713939948880986, "test_score": 0.7376482213438736}