{"best_estimator": "KNeighborsClassifier(n_neighbors=10)", "best_score": 0.7093611538242639, "test_score": 0.7961722488038276}