{"best_estimator": "KNeighborsClassifier(p=1, weights='distance')", "best_score": 0.71337337680489, "test_score": 0.7018464528668611}