{"best_estimator": "RandomForestClassifier(max_depth=2, n_estimators=300)", "best_score": 0.7418041226922886, "test_score": 0.8018099547511313}