{"0": {"precision": 0.8571428571428571, "recall": 0.2608695652173913, "f1-score": 0.4, "support": 23.0}, "1": {"precision": 0.575, "recall": 0.9583333333333334, "f1-score": 0.71875, "support": 24.0}, "accuracy": 0.6170212765957447, "macro avg": {"precision": 0.7160714285714285, "recall": 0.6096014492753623, "f1-score": 0.559375, "support": 47.0}, "weighted avg": {"precision": 0.7130699088145896, "recall": 0.6170212765957447, "f1-score": 0.5627659574468086, "support": 47.0}}