{"best_estimator": "BernoulliNB()", "best_score": 0.5667697394665551, "test_score": 0.8249721293199553}