{"best_estimator": "BernoulliNB()", "best_score": 0.5365988118658942, "test_score": 0.5627659574468086}