{"best_estimator": "BernoulliNB()", "best_score": 0.5636666310384392, "test_score": 0.5465829420671579}