{"best_estimator": "HistGradientBoostingClassifier(learning_rate=0.001)", "best_score": 0.6788943515810287, "test_score": 0.6469622331691297}