{"best_estimator": "HistGradientBoostingClassifier(learning_rate=0.01)", "best_score": 0.6330758475016004, "test_score": 0.6299792033274676}