{"best_estimator": "HistGradientBoostingClassifier(learning_rate=0.01)", "best_score": 0.6499961674373292, "test_score": 0.886002886002886}