{"best_estimator": "KNeighborsClassifier(n_neighbors=15, p=3, weights='distance')", "best_score": 0.6862318840908292, "test_score": 0.5230917874396135}