{"best_estimator": "KNeighborsClassifier(p=3, weights='distance')", "best_score": 0.6809714675205021, "test_score": 0.7162843917407812}