{"best_estimator": "KNeighborsClassifier(n_neighbors=25, p=3, weights='distance')", "best_score": 0.643071588227936, "test_score": 0.7116007384764383}