{"0": {"precision": 0.875, "recall": 0.5957446808510638, "f1-score": 0.7088607594936709, "support": 47.0}, "1": {"precision": 0.4722222222222222, "recall": 0.8095238095238095, "f1-score": 0.5964912280701754, "support": 21.0}, "accuracy": 0.6617647058823529, "macro avg": {"precision": 0.6736111111111112, "recall": 0.7026342451874367, "f1-score": 0.6526759937819231, "support": 68.0}, "weighted avg": {"precision": 0.7506127450980392, "recall": 0.6617647058823529, "f1-score": 0.6741584042011208, "support": 68.0}}