{"best_estimator": "RandomForestClassifier(criterion='entropy', n_estimators=400)", "best_score": 0.5158574234116236, "test_score": 0.6730462519936203}