{"best_estimator": "RandomForestClassifier(criterion='entropy', n_estimators=150)", "best_score": 0.48428770811193056, "test_score": 0.7650741870988109}