{"0": {"precision": 0.5714285714285714, "recall": 0.8275862068965517, "f1-score": 0.676056338028169, "support": 29.0}, "1": {"precision": 0.375, "recall": 0.14285714285714285, "f1-score": 0.20689655172413793, "support": 21.0}, "accuracy": 0.54, "macro avg": {"precision": 0.4732142857142857, "recall": 0.4852216748768473, "f1-score": 0.44147644487615345, "support": 50.0}, "weighted avg": {"precision": 0.4889285714285714, "recall": 0.54, "f1-score": 0.47900922778047594, "support": 50.0}}