{"best_estimator": "BernoulliNB()", "best_score": 0.600015309013326, "test_score": 0.525858123569794}