{"best_estimator": "BernoulliNB()", "best_score": 0.579575108840615, "test_score": 0.6182231698649608}