{"best_estimator": "HistGradientBoostingClassifier(learning_rate=0.01)", "best_score": 0.743493154331709, "test_score": 0.6071428571428572}