{"best_estimator": "RandomForestClassifier(max_depth=2, n_estimators=400)", "best_score": 0.7519032478192893, "test_score": 0.8003982080637133}