{"0": {"precision": 0.6842105263157895, "recall": 0.65, "f1-score": 0.6666666666666666, "support": 20.0}, "1": {"precision": 0.7307692307692307, "recall": 0.76, "f1-score": 0.7450980392156863, "support": 25.0}, "accuracy": 0.7111111111111111, "macro avg": {"precision": 0.7074898785425101, "recall": 0.7050000000000001, "f1-score": 0.7058823529411764, "support": 45.0}, "weighted avg": {"precision": 0.7100764732343678, "recall": 0.7111111111111111, "f1-score": 0.710239651416122, "support": 45.0}}