{"best_estimator": "BernoulliNB()", "best_score": 0.5638472684553274, "test_score": 0.49952107279693486}