{"best_estimator": "BernoulliNB()", "best_score": 0.5620819194734661, "test_score": 0.5681818181818182}