{"best_estimator": "BernoulliNB()", "best_score": 0.5614288516104547, "test_score": 0.6050911592707258}