{"0": {"precision": 0.5142857142857142, "recall": 0.9473684210526315, "f1-score": 0.6666666666666666, "support": 19.0}, "1": {"precision": 0.875, "recall": 0.2916666666666667, "f1-score": 0.4375, "support": 24.0}, "accuracy": 0.5813953488372093, "macro avg": {"precision": 0.6946428571428571, "recall": 0.6195175438596491, "f1-score": 0.5520833333333333, "support": 43.0}, "weighted avg": {"precision": 0.7156146179401993, "recall": 0.5813953488372093, "f1-score": 0.5387596899224806, "support": 43.0}}