{"best_estimator": "BernoulliNB()", "best_score": 0.5698683387634363, "test_score": 0.6155125535115122}