{"best_estimator": "HistGradientBoostingClassifier()", "best_score": 0.6948575543621833, "test_score": 0.49163879598662213}