{"best_estimator": "HistGradientBoostingClassifier(learning_rate=0.5)", "best_score": 0.6915900085881501, "test_score": 0.7961722488038276}