{"best_estimator": "KNeighborsClassifier(n_neighbors=7, p=1, weights='distance')", "best_score": 0.6607072489656531, "test_score": 0.6103896103896103}