{"best_estimator": "RandomForestClassifier(criterion='entropy', max_depth=2)", "best_score": 0.7378894942762599, "test_score": 0.7777777777777778}