{"0": {"precision": 0.6538461538461539, "recall": 0.85, "f1-score": 0.7391304347826086, "support": 20.0}, "1": {"precision": 0.8421052631578947, "recall": 0.64, "f1-score": 0.7272727272727273, "support": 25.0}, "accuracy": 0.7333333333333333, "macro avg": {"precision": 0.7479757085020242, "recall": 0.745, "f1-score": 0.733201581027668, "support": 45.0}, "weighted avg": {"precision": 0.7584345479082321, "recall": 0.7333333333333333, "f1-score": 0.7325428194993413, "support": 45.0}}