{"0": {"precision": 1.0, "recall": 0.8888888888888888, "f1-score": 0.9411764705882353, "support": 18.0}, "1": {"precision": 0.8666666666666667, "recall": 1.0, "f1-score": 0.9285714285714286, "support": 13.0}, "accuracy": 0.9354838709677419, "macro avg": {"precision": 0.9333333333333333, "recall": 0.9444444444444444, "f1-score": 0.9348739495798319, "support": 31.0}, "weighted avg": {"precision": 0.9440860215053763, "recall": 0.9354838709677419, "f1-score": 0.9358904852263487, "support": 31.0}}