{"best_estimator": "BernoulliNB()", "best_score": 0.6006221916810152, "test_score": 0.413151364764268}