{"best_estimator": "BernoulliNB()", "best_score": 0.5865941639978314, "test_score": 0.589149560117302}