{"0": {"precision": 0.47368421052631576, "recall": 0.5294117647058824, "f1-score": 0.5, "support": 17.0}, "1": {"precision": 0.3333333333333333, "recall": 0.2857142857142857, "f1-score": 0.3076923076923077, "support": 14.0}, "accuracy": 0.41935483870967744, "macro avg": {"precision": 0.40350877192982454, "recall": 0.40756302521008403, "f1-score": 0.40384615384615385, "support": 31.0}, "weighted avg": {"precision": 0.41029994340690434, "recall": 0.41935483870967744, "f1-score": 0.413151364764268, "support": 31.0}}