{"best_estimator": "HistGradientBoostingClassifier(learning_rate=0.001)", "best_score": 0.7758327334151137, "test_score": 0.7408602150537634}