{"best_estimator": "HistGradientBoostingClassifier(learning_rate=0.01)", "best_score": 0.726461584737899, "test_score": 0.9025980819529206}