{"best_estimator": "HistGradientBoostingClassifier(learning_rate=0.01)", "best_score": 0.7541549947930581, "test_score": 0.7419354838709677}