{"best_estimator": "HistGradientBoostingClassifier(learning_rate=0.001)", "best_score": 0.7596185381957044, "test_score": 0.7403225806451613}