{"best_estimator": "RandomForestClassifier(max_depth=2, n_estimators=400)", "best_score": 0.7902146782130588, "test_score": 0.807258064516129}