{"best_estimator": "RandomForestClassifier(max_depth=6, n_estimators=300)", "best_score": 0.7909376543525087, "test_score": 0.774665453197155}