{"best_estimator": "AdaBoostClassifier(algorithm='SAMME', learning_rate=0.05, n_estimators=400)", "best_score": 0.6976862258881283, "test_score": 0.5946275946275946}