{"best_estimator": "AdaBoostClassifier(algorithm='SAMME', learning_rate=0.001, n_estimators=100)", "best_score": 0.6789989343278522, "test_score": 0.5585284280936454}