{"0": {"precision": 0.7647058823529411, "recall": 0.5416666666666666, "f1-score": 0.6341463414634146, "support": 24.0}, "1": {"precision": 0.5, "recall": 0.7333333333333333, "f1-score": 0.5945945945945946, "support": 15.0}, "accuracy": 0.6153846153846154, "macro avg": {"precision": 0.6323529411764706, "recall": 0.6375, "f1-score": 0.6143704680290046, "support": 39.0}, "weighted avg": {"precision": 0.6628959276018099, "recall": 0.6153846153846154, "f1-score": 0.6189341311292531, "support": 39.0}}