{"0": {"precision": 0.7, "recall": 0.2916666666666667, "f1-score": 0.4117647058823529, "support": 24.0}, "1": {"precision": 0.41379310344827586, "recall": 0.8, "f1-score": 0.5454545454545454, "support": 15.0}, "accuracy": 0.48717948717948717, "macro avg": {"precision": 0.5568965517241379, "recall": 0.5458333333333334, "f1-score": 0.47860962566844917, "support": 39.0}, "weighted avg": {"precision": 0.5899204244031829, "recall": 0.48717948717948717, "f1-score": 0.46318387494858076, "support": 39.0}}