{"best_estimator": "BernoulliNB()", "best_score": 0.5194121830863908, "test_score": 0.5610350240892112}