{"0": {"precision": 0.8, "recall": 0.5, "f1-score": 0.6153846153846154, "support": 24.0}, "1": {"precision": 0.5, "recall": 0.8, "f1-score": 0.6153846153846154, "support": 15.0}, "accuracy": 0.6153846153846154, "macro avg": {"precision": 0.65, "recall": 0.65, "f1-score": 0.6153846153846154, "support": 39.0}, "weighted avg": {"precision": 0.6846153846153847, "recall": 0.6153846153846154, "f1-score": 0.6153846153846154, "support": 39.0}}