{"best_estimator": "HistGradientBoostingClassifier(learning_rate=0.05)", "best_score": 0.7184855700235622, "test_score": 0.6493614989855592}