{"best_estimator": "HistGradientBoostingClassifier()", "best_score": 0.7028605847744784, "test_score": 0.6556357879291038}