{"best_estimator": "HistGradientBoostingClassifier(learning_rate=0.01)", "best_score": 0.7047263642357997, "test_score": 0.7676067774589942}