{"0": {"precision": 0.7083333333333334, "recall": 0.7391304347826086, "f1-score": 0.723404255319149, "support": 23.0}, "1": {"precision": 0.5714285714285714, "recall": 0.5333333333333333, "f1-score": 0.5517241379310345, "support": 15.0}, "accuracy": 0.6578947368421053, "macro avg": {"precision": 0.6398809523809523, "recall": 0.636231884057971, "f1-score": 0.6375641966250918, "support": 38.0}, "weighted avg": {"precision": 0.6542919799498748, "recall": 0.6578947368421053, "f1-score": 0.6556357879291038, "support": 38.0}}