{"best_estimator": "HistGradientBoostingClassifier(learning_rate=0.5)", "best_score": 0.7118724498494672, "test_score": 0.6684969114619081}