{"best_estimator": "KNeighborsClassifier(n_neighbors=10)", "best_score": 0.6594792884110088, "test_score": 0.6357069143446852}