{"0": {"precision": 0.7272727272727273, "recall": 0.3333333333333333, "f1-score": 0.45714285714285713, "support": 24.0}, "1": {"precision": 0.42857142857142855, "recall": 0.8, "f1-score": 0.5581395348837209, "support": 15.0}, "accuracy": 0.5128205128205128, "macro avg": {"precision": 0.577922077922078, "recall": 0.5666666666666667, "f1-score": 0.507641196013289, "support": 39.0}, "weighted avg": {"precision": 0.6123876123876123, "recall": 0.5128205128205128, "f1-score": 0.49598773319703554, "support": 39.0}}