{"best_estimator": "RandomForestClassifier(criterion='log_loss', n_estimators=400)", "best_score": 0.7350047035531737, "test_score": 0.7968227424749164}