{"best_estimator": "RandomForestClassifier(max_depth=6, n_estimators=400)", "best_score": 0.7615837369256833, "test_score": 0.6952341137123746}