{"0": {"precision": 0.7692307692307693, "recall": 0.8333333333333334, "f1-score": 0.8, "support": 24.0}, "1": {"precision": 0.6923076923076923, "recall": 0.6, "f1-score": 0.6428571428571429, "support": 15.0}, "accuracy": 0.7435897435897436, "macro avg": {"precision": 0.7307692307692308, "recall": 0.7166666666666667, "f1-score": 0.7214285714285715, "support": 39.0}, "weighted avg": {"precision": 0.7396449704142012, "recall": 0.7435897435897436, "f1-score": 0.7395604395604397, "support": 39.0}}