{"best_estimator": "RandomForestClassifier(max_depth=6)", "best_score": 0.7419888242640476, "test_score": 0.6707070707070707}