{"best_estimator": "BernoulliNB()", "best_score": 0.4880777557932253, "test_score": 0.6967310389470278}