{"best_estimator": "BernoulliNB()", "best_score": 0.5964554538713677, "test_score": 0.3952303865440044}