{"best_estimator": "BernoulliNB()", "best_score": 0.5571336920724221, "test_score": 0.5428571428571428}