{"best_estimator": "BernoulliNB()", "best_score": 0.5288317506199859, "test_score": 0.5724847428073234}