{"best_estimator": "BernoulliNB()", "best_score": 0.584337774315377, "test_score": 0.49455173157837956}