{"best_estimator": "BernoulliNB()", "best_score": 0.5237704141331347, "test_score": 0.5970674486803519}