{"best_estimator": "BernoulliNB()", "best_score": 0.5757790397852317, "test_score": 0.589149560117302}