{"best_estimator": "HistGradientBoostingClassifier(learning_rate=0.01)", "best_score": 0.710536494583728, "test_score": 0.8338945005611672}