{"best_estimator": "KNeighborsClassifier(n_neighbors=25, p=3)", "best_score": 0.7192844730858781, "test_score": 0.6436593275302952}