{"best_estimator": "RandomForestClassifier(criterion='entropy', max_depth=2)", "best_score": 0.7520154898864576, "test_score": 0.8709677419354839}