{"best_estimator": "RandomForestClassifier(max_depth=2, n_estimators=150)", "best_score": 0.7701404080020534, "test_score": 0.8068548387096776}