{"precision": 0.7271800464482403, "recall": 0.6952237825262586, "f1": 0.7008520154732625}