{"0": {"precision": 0.7333333333333333, "recall": 0.8461538461538461, "f1-score": 0.7857142857142857, "support": 13.0}, "1": {"precision": 0.6, "recall": 0.42857142857142855, "f1-score": 0.5, "support": 7.0}, "accuracy": 0.7, "macro avg": {"precision": 0.6666666666666666, "recall": 0.6373626373626373, "f1-score": 0.6428571428571428, "support": 20.0}, "weighted avg": {"precision": 0.6866666666666668, "recall": 0.7, "f1-score": 0.6857142857142857, "support": 20.0}}