{"0": {"precision": 0.6052631578947368, "recall": 0.71875, "f1-score": 0.6571428571428571, "support": 32.0}, "1": {"precision": 0.5263157894736842, "recall": 0.4, "f1-score": 0.45454545454545453, "support": 25.0}, "accuracy": 0.5789473684210527, "macro avg": {"precision": 0.5657894736842105, "recall": 0.559375, "f1-score": 0.5558441558441558, "support": 57.0}, "weighted avg": {"precision": 0.5706371191135734, "recall": 0.5789473684210527, "f1-score": 0.5682843472317156, "support": 57.0}}