{"0": {"precision": 0.6451612903225806, "recall": 0.7142857142857143, "f1-score": 0.6779661016949152, "support": 28.0}, "1": {"precision": 0.6521739130434783, "recall": 0.5769230769230769, "f1-score": 0.6122448979591837, "support": 26.0}, "accuracy": 0.6481481481481481, "macro avg": {"precision": 0.6486676016830295, "recall": 0.6456043956043955, "f1-score": 0.6451054998270495, "support": 54.0}, "weighted avg": {"precision": 0.6485377382993092, "recall": 0.6481481481481481, "f1-score": 0.6463225591554889, "support": 54.0}}