{"0": {"precision": 0.6046511627906976, "recall": 0.8125, "f1-score": 0.6933333333333334, "support": 32.0}, "1": {"precision": 0.5714285714285714, "recall": 0.32, "f1-score": 0.41025641025641024, "support": 25.0}, "accuracy": 0.5964912280701754, "macro avg": {"precision": 0.5880398671096345, "recall": 0.56625, "f1-score": 0.5517948717948717, "support": 57.0}, "weighted avg": {"precision": 0.5900798507897651, "recall": 0.5964912280701754, "f1-score": 0.5691767881241565, "support": 57.0}}