{"best_estimator": "HistGradientBoostingClassifier(learning_rate=0.5)", "best_score": 0.585267421500841, "test_score": 0.46315789473684205}