{"0": {"precision": 0.7808219178082192, "recall": 0.8260869565217391, "f1-score": 0.8028169014084507, "support": 69.0}, "1": {"precision": 0.45454545454545453, "recall": 0.38461538461538464, "f1-score": 0.4166666666666667, "support": 26.0}, "accuracy": 0.7052631578947368, "macro avg": {"precision": 0.6176836861768369, "recall": 0.6053511705685619, "f1-score": 0.6097417840375587, "support": 95.0}, "weighted avg": {"precision": 0.691525201546831, "recall": 0.7052631578947368, "f1-score": 0.697133679268594, "support": 95.0}}