{"0": {"precision": 0.7037037037037037, "recall": 0.2753623188405797, "f1-score": 0.3958333333333333, "support": 69.0}, "1": {"precision": 0.2647058823529412, "recall": 0.6923076923076923, "f1-score": 0.3829787234042553, "support": 26.0}, "accuracy": 0.3894736842105263, "macro avg": {"precision": 0.4842047930283224, "recall": 0.483835005574136, "f1-score": 0.38940602836879434, "support": 95.0}, "weighted avg": {"precision": 0.5835569315445477, "recall": 0.3894736842105263, "f1-score": 0.39231522956326986, "support": 95.0}}