{"0": {"precision": 0.8, "recall": 0.14285714285714285, "f1-score": 0.24242424242424243, "support": 28.0}, "1": {"precision": 0.5102040816326531, "recall": 0.9615384615384616, "f1-score": 0.6666666666666666, "support": 26.0}, "accuracy": 0.5370370370370371, "macro avg": {"precision": 0.6551020408163266, "recall": 0.5521978021978022, "f1-score": 0.45454545454545453, "support": 54.0}, "weighted avg": {"precision": 0.6604686318972034, "recall": 0.5370370370370371, "f1-score": 0.44668911335578004, "support": 54.0}}