{"0": {"precision": 0.6, "recall": 0.6923076923076923, "f1-score": 0.6428571428571429, "support": 13.0}, "1": {"precision": 0.2, "recall": 0.14285714285714285, "f1-score": 0.16666666666666666, "support": 7.0}, "accuracy": 0.5, "macro avg": {"precision": 0.4, "recall": 0.41758241758241754, "f1-score": 0.40476190476190477, "support": 20.0}, "weighted avg": {"precision": 0.45999999999999996, "recall": 0.5, "f1-score": 0.47619047619047616, "support": 20.0}}