{"best_estimator": "KNeighborsClassifier(weights='distance')", "best_score": 0.510493647764401, "test_score": 0.44668911335578004}