{"best_estimator": "KNeighborsClassifier(p=3, weights='distance')", "best_score": 0.5421410554152851, "test_score": 0.39231522956326986}