{"0": {"precision": 0.7857142857142857, "recall": 0.7333333333333333, "f1-score": 0.7586206896551724, "support": 15.0}, "1": {"precision": 0.42857142857142855, "recall": 0.5, "f1-score": 0.46153846153846156, "support": 6.0}, "accuracy": 0.6666666666666666, "macro avg": {"precision": 0.6071428571428571, "recall": 0.6166666666666667, "f1-score": 0.6100795755968169, "support": 21.0}, "weighted avg": {"precision": 0.6836734693877551, "recall": 0.6666666666666666, "f1-score": 0.6737400530503977, "support": 21.0}}