{"best_estimator": "KNeighborsClassifier(p=3, weights='distance')", "best_score": 0.4802641040998875, "test_score": 0.6737400530503977}