{"best_estimator": "RandomForestClassifier(criterion='entropy', n_estimators=150)", "best_score": 0.5815170164205264, "test_score": 0.5317139001349528}