{"best_estimator": "RandomForestClassifier()", "best_score": 0.5305976915469468, "test_score": 0.5371958579505749}