{"best_estimator": "AdaBoostClassifier(algorithm='SAMME', learning_rate=0.01, n_estimators=300)", "best_score": 0.5514630634238458, "test_score": 0.5542594556380347}