{"best_estimator": "BernoulliNB()", "best_score": 0.5803972371550616, "test_score": 0.50625}