{"best_estimator": "BernoulliNB()", "best_score": 0.5826404383778312, "test_score": 0.6474358974358975}