{"0": {"precision": 0.6944444444444444, "recall": 0.8928571428571429, "f1-score": 0.78125, "support": 28.0}, "1": {"precision": 0.4, "recall": 0.15384615384615385, "f1-score": 0.2222222222222222, "support": 13.0}, "accuracy": 0.6585365853658537, "macro avg": {"precision": 0.5472222222222223, "recall": 0.5233516483516484, "f1-score": 0.5017361111111112, "support": 41.0}, "weighted avg": {"precision": 0.6010840108401083, "recall": 0.6585365853658537, "f1-score": 0.6039972899728997, "support": 41.0}}