{"best_estimator": "BernoulliNB()", "best_score": 0.5730086312225668, "test_score": 0.6039972899728997}