{"best_estimator": "HistGradientBoostingClassifier()", "best_score": 0.6011931638440993, "test_score": 0.5833333333333334}