{"0": {"precision": 0.6285714285714286, "recall": 0.8148148148148148, "f1-score": 0.7096774193548387, "support": 27.0}, "1": {"precision": 0.0, "recall": 0.0, "f1-score": 0.0, "support": 13.0}, "accuracy": 0.55, "macro avg": {"precision": 0.3142857142857143, "recall": 0.4074074074074074, "f1-score": 0.3548387096774194, "support": 40.0}, "weighted avg": {"precision": 0.42428571428571427, "recall": 0.55, "f1-score": 0.4790322580645162, "support": 40.0}}