{"0": {"precision": 0.6470588235294118, "recall": 0.8148148148148148, "f1-score": 0.7213114754098361, "support": 27.0}, "1": {"precision": 0.16666666666666666, "recall": 0.07692307692307693, "f1-score": 0.10526315789473684, "support": 13.0}, "accuracy": 0.575, "macro avg": {"precision": 0.4068627450980392, "recall": 0.4458689458689459, "f1-score": 0.41328731665228646, "support": 40.0}, "weighted avg": {"precision": 0.4909313725490197, "recall": 0.575, "f1-score": 0.5210957722174288, "support": 40.0}}