{"best_estimator": "RandomForestClassifier(max_depth=2)", "best_score": 0.5640849722720557, "test_score": 0.5440298507462686}