{"best_estimator": "RandomForestClassifier(criterion='entropy', max_depth=2)", "best_score": 0.5624377880071684, "test_score": 0.5440298507462686}