{"best_estimator": "RandomForestClassifier(criterion='log_loss', n_estimators=400)", "best_score": 0.5580147636753192, "test_score": 0.5192307692307693}