{"0": {"precision": 0.6666666666666666, "recall": 0.9629629629629629, "f1-score": 0.7878787878787878, "support": 27.0}, "1": {"precision": 0.0, "recall": 0.0, "f1-score": 0.0, "support": 13.0}, "accuracy": 0.65, "macro avg": {"precision": 0.3333333333333333, "recall": 0.48148148148148145, "f1-score": 0.3939393939393939, "support": 40.0}, "weighted avg": {"precision": 0.45, "recall": 0.65, "f1-score": 0.5318181818181819, "support": 40.0}}