{"precision": 0.6103091038017445, "recall": 0.589940901636808, "f1": 0.5795992937609901}