{"best_estimator": "BernoulliNB()", "best_score": 0.4657420179393686, "test_score": 0.6460084033613446}