{"best_estimator": "BernoulliNB()", "best_score": 0.46816371181712313, "test_score": 0.6469622331691297}