{"best_estimator": "BernoulliNB()", "best_score": 0.4796532614160328, "test_score": 0.4274965800273598}