{"best_estimator": "BernoulliNB()", "best_score": 0.48797890661110144, "test_score": 0.2488888888888889}