{"best_estimator": "BernoulliNB()", "best_score": 0.4936050318841418, "test_score": 0.29665071770334933}