{"best_estimator": "BernoulliNB()", "best_score": 0.45922514872165465, "test_score": 0.6666666666666666}