{"best_estimator": "HistGradientBoostingClassifier(learning_rate=0.01)", "best_score": 0.5561998898392899, "test_score": 0.4857142857142857}