{"best_estimator": "HistGradientBoostingClassifier()", "best_score": 0.5500728362486388, "test_score": 0.4363636363636364}