{"0": {"precision": 0.47619047619047616, "recall": 0.45454545454545453, "f1-score": 0.46511627906976744, "support": 22.0}, "1": {"precision": 0.52, "recall": 0.5416666666666666, "f1-score": 0.5306122448979592, "support": 24.0}, "accuracy": 0.5, "macro avg": {"precision": 0.4980952380952381, "recall": 0.49810606060606055, "f1-score": 0.49786426198386335, "support": 46.0}, "weighted avg": {"precision": 0.4990476190476191, "recall": 0.5, "f1-score": 0.49928808732795443, "support": 46.0}}