{"best_estimator": "HistGradientBoostingClassifier(learning_rate=0.01)", "best_score": 0.5202994550991717, "test_score": 0.5333333333333334}