{"best_estimator": "HistGradientBoostingClassifier()", "best_score": 0.5532552054531668, "test_score": 0.4074074074074074}