{"best_estimator": "KNeighborsClassifier(n_neighbors=15, p=3)", "best_score": 0.6012476840630347, "test_score": 0.6071428571428572}