{"0": {"precision": 0.5483870967741935, "recall": 0.7727272727272727, "f1-score": 0.6415094339622641, "support": 22.0}, "1": {"precision": 0.6666666666666666, "recall": 0.4166666666666667, "f1-score": 0.5128205128205128, "support": 24.0}, "accuracy": 0.5869565217391305, "macro avg": {"precision": 0.60752688172043, "recall": 0.5946969696969697, "f1-score": 0.5771649733913884, "support": 46.0}, "weighted avg": {"precision": 0.6100981767180925, "recall": 0.5869565217391305, "f1-score": 0.5743673881491764, "support": 46.0}}