{"best_estimator": "RandomForestClassifier(criterion='entropy')", "best_score": 0.565131562169466, "test_score": 0.5037707390648568}