{"best_estimator": "RandomForestClassifier(n_estimators=400)", "best_score": 0.573970840917551, "test_score": 0.529563955322774}