{"0": {"precision": 0.6, "recall": 0.8333333333333334, "f1-score": 0.6976744186046512, "support": 18.0}, "1": {"precision": 0.5, "recall": 0.23076923076923078, "f1-score": 0.3157894736842105, "support": 13.0}, "accuracy": 0.5806451612903226, "macro avg": {"precision": 0.55, "recall": 0.532051282051282, "f1-score": 0.5067319461444308, "support": 31.0}, "weighted avg": {"precision": 0.5580645161290322, "recall": 0.5806451612903226, "f1-score": 0.5375291191218857, "support": 31.0}}