{"best_estimator": "BernoulliNB()", "best_score": 0.5638544371049627, "test_score": 0.662037037037037}