{"best_estimator": "BernoulliNB()", "best_score": 0.5735942594095904, "test_score": 0.5375291191218857}