{"best_estimator": "BernoulliNB()", "best_score": 0.595075456915793, "test_score": 0.6436251920122887}