{"best_estimator": "BernoulliNB()", "best_score": 0.5309702219536865, "test_score": 0.8034804753820033}