{"best_estimator": "HistGradientBoostingClassifier(learning_rate=0.01)", "best_score": 0.7270319670906897, "test_score": 0.6774193548387096}