{"best_estimator": "RandomForestClassifier(max_depth=2, n_estimators=300)", "best_score": 0.7708450104026674, "test_score": 0.8709677419354839}