{"0": {"precision": 0.8571428571428571, "recall": 0.375, "f1-score": 0.5217391304347826, "support": 32.0}, "1": {"precision": 0.3939393939393939, "recall": 0.8666666666666667, "f1-score": 0.5416666666666666, "support": 15.0}, "accuracy": 0.5319148936170213, "macro avg": {"precision": 0.6255411255411255, "recall": 0.6208333333333333, "f1-score": 0.5317028985507246, "support": 47.0}, "weighted avg": {"precision": 0.7093119646311136, "recall": 0.5319148936170213, "f1-score": 0.5280989824236818, "support": 47.0}}