{"0": {"precision": 1.0, "recall": 0.4, "f1-score": 0.5714285714285714, "support": 25.0}, "1": {"precision": 0.5454545454545454, "recall": 1.0, "f1-score": 0.7058823529411765, "support": 18.0}, "accuracy": 0.6511627906976745, "macro avg": {"precision": 0.7727272727272727, "recall": 0.7, "f1-score": 0.6386554621848739, "support": 43.0}, "weighted avg": {"precision": 0.8097251585623677, "recall": 0.6511627906976745, "f1-score": 0.6277115497361735, "support": 43.0}}