{"0": {"precision": 0.875, "recall": 0.5833333333333334, "f1-score": 0.7, "support": 12.0}, "1": {"precision": 0.5, "recall": 0.8333333333333334, "f1-score": 0.625, "support": 6.0}, "accuracy": 0.6666666666666666, "macro avg": {"precision": 0.6875, "recall": 0.7083333333333334, "f1-score": 0.6625, "support": 18.0}, "weighted avg": {"precision": 0.75, "recall": 0.6666666666666666, "f1-score": 0.6749999999999999, "support": 18.0}}