{"best_estimator": "BernoulliNB()", "best_score": 0.5870116135521873, "test_score": 0.5916016350798959}