{"best_estimator": "BernoulliNB()", "best_score": 0.6179689777078178, "test_score": 0.3120567375886525}