{"best_estimator": "BernoulliNB()", "best_score": 0.564404822657808, "test_score": 0.6749999999999999}