{"best_estimator": "HistGradientBoostingClassifier(learning_rate=0.001)", "best_score": 0.6682994216908197, "test_score": 0.6745956294975902}