{"best_estimator": "HistGradientBoostingClassifier(learning_rate=0.01)", "best_score": 0.6372356638739032, "test_score": 0.8317460317460318}