{"best_estimator": "KNeighborsClassifier(p=3, weights='distance')", "best_score": 0.6529175232905409, "test_score": 0.5460030165912519}