{"0": {"precision": 0.8076923076923077, "recall": 0.65625, "f1-score": 0.7241379310344828, "support": 32.0}, "1": {"precision": 0.47619047619047616, "recall": 0.6666666666666666, "f1-score": 0.5555555555555556, "support": 15.0}, "accuracy": 0.6595744680851063, "macro avg": {"precision": 0.6419413919413919, "recall": 0.6614583333333333, "f1-score": 0.6398467432950192, "support": 47.0}, "weighted avg": {"precision": 0.7018938508300211, "recall": 0.6595744680851063, "f1-score": 0.6703350452433358, "support": 47.0}}