{"best_estimator": "KNeighborsClassifier(n_neighbors=25, p=3)", "best_score": 0.6417875112723481, "test_score": 0.6703350452433358}