{"best_estimator": "RandomForestClassifier(n_estimators=400)", "best_score": 0.4994361863650677, "test_score": 0.8038277511961722}