{"best_estimator": "RandomForestClassifier(max_depth=2, n_estimators=300)", "best_score": 0.4921276090659825, "test_score": 0.6228122855181881}