{"best_estimator": "RandomForestClassifier(criterion='log_loss', n_estimators=300)", "best_score": 0.5160646007044664, "test_score": 0.5333333333333334}