{"best_estimator": "BernoulliNB()", "best_score": 0.5460415561706133, "test_score": 0.5269238878347038}