{"0": {"precision": 0.6086956521739131, "recall": 0.7777777777777778, "f1-score": 0.6829268292682927, "support": 18.0}, "1": {"precision": 0.42857142857142855, "recall": 0.25, "f1-score": 0.3157894736842105, "support": 12.0}, "accuracy": 0.5666666666666667, "macro avg": {"precision": 0.5186335403726708, "recall": 0.5138888888888888, "f1-score": 0.4993581514762516, "support": 30.0}, "weighted avg": {"precision": 0.5366459627329192, "recall": 0.5666666666666667, "f1-score": 0.5360718870346599, "support": 30.0}}