{"best_estimator": "BernoulliNB()", "best_score": 0.5187181085402213, "test_score": 0.539149560117302}