{"best_estimator": "BernoulliNB()", "best_score": 0.4884512145493466, "test_score": 0.5747800586510264}