{"best_estimator": "BernoulliNB()", "best_score": 0.5809931620241462, "test_score": 0.5997048281678262}