{"best_estimator": "BernoulliNB()", "best_score": 0.5460110074278532, "test_score": 0.6642228739002932}