{"best_estimator": "HistGradientBoostingClassifier(learning_rate=0.05)", "best_score": 0.6737040805087368, "test_score": 0.5923444976076555}