{"best_estimator": "HistGradientBoostingClassifier()", "best_score": 0.6814499116041428, "test_score": 0.6754032258064516}