{"best_estimator": "HistGradientBoostingClassifier(learning_rate=0.05)", "best_score": 0.6508942992377358, "test_score": 0.7019095911101522}