{"best_estimator": "HistGradientBoostingClassifier(learning_rate=0.05)", "best_score": 0.6612840139014938, "test_score": 0.6814854974247765}