{"best_estimator": "KNeighborsClassifier(n_neighbors=20)", "best_score": 0.6536872148917168, "test_score": 0.5926267281105991}