{"0": {"precision": 0.782608695652174, "recall": 0.9473684210526315, "f1-score": 0.8571428571428571, "support": 19.0}, "1": {"precision": 0.875, "recall": 0.5833333333333334, "f1-score": 0.7, "support": 12.0}, "accuracy": 0.8064516129032258, "macro avg": {"precision": 0.8288043478260869, "recall": 0.7653508771929824, "f1-score": 0.7785714285714285, "support": 31.0}, "weighted avg": {"precision": 0.8183730715287517, "recall": 0.8064516129032258, "f1-score": 0.7963133640552995, "support": 31.0}}