{"best_estimator": "RandomForestClassifier(criterion='log_loss', n_estimators=200)", "best_score": 0.6165881121745895, "test_score": 0.6928178037540744}