{"best_estimator": "RandomForestClassifier(criterion='log_loss', n_estimators=150)", "best_score": 0.6349648867515267, "test_score": 0.6069609507640068}