{"best_estimator": "AdaBoostClassifier(algorithm='SAMME', learning_rate=0.5, n_estimators=300)", "best_score": 0.47026757416325093, "test_score": 0.7663257277734068}