{"best_estimator": "AdaBoostClassifier(algorithm='SAMME', learning_rate=0.05, n_estimators=200)", "best_score": 0.5311890198519933, "test_score": 0.5118135721221276}