{"best_estimator": "AdaBoostClassifier(algorithm='SAMME', learning_rate=0.5, n_estimators=400)", "best_score": 0.5183464200875878, "test_score": 0.42301436703713746}