{"best_estimator": "BernoulliNB()", "best_score": 0.39361375391283837, "test_score": 0.20276497695852538}