{"best_estimator": "BernoulliNB()", "best_score": 0.3893021436120813, "test_score": 0.20276497695852538}