{"best_estimator": "BernoulliNB()", "best_score": 0.3859051040137492, "test_score": 0.3146839341414301}