{"0": {"precision": 1.0, "recall": 0.05263157894736842, "f1-score": 0.1, "support": 19.0}, "1": {"precision": 0.4, "recall": 1.0, "f1-score": 0.5714285714285714, "support": 12.0}, "accuracy": 0.41935483870967744, "macro avg": {"precision": 0.7, "recall": 0.5263157894736842, "f1-score": 0.3357142857142857, "support": 31.0}, "weighted avg": {"precision": 0.767741935483871, "recall": 0.41935483870967744, "f1-score": 0.2824884792626728, "support": 31.0}}