{"best_estimator": "BernoulliNB()", "best_score": 0.37456283291792974, "test_score": 0.3146839341414301}