{"best_estimator": "BernoulliNB()", "best_score": 0.385783352303782, "test_score": 0.2660821999925068}