{"best_estimator": "HistGradientBoostingClassifier()", "best_score": 0.5050114787845809, "test_score": 0.48709677419354835}