{"0": {"precision": 0.42105263157894735, "recall": 0.4444444444444444, "f1-score": 0.43243243243243246, "support": 18.0}, "1": {"precision": 0.09090909090909091, "recall": 0.08333333333333333, "f1-score": 0.08695652173913043, "support": 12.0}, "accuracy": 0.3, "macro avg": {"precision": 0.25598086124401914, "recall": 0.2638888888888889, "f1-score": 0.2596944770857814, "support": 30.0}, "weighted avg": {"precision": 0.28899521531100475, "recall": 0.3, "f1-score": 0.2942420681551116, "support": 30.0}}