{"0": {"precision": 0.6923076923076923, "recall": 0.9473684210526315, "f1-score": 0.8, "support": 19.0}, "1": {"precision": 0.8, "recall": 0.3333333333333333, "f1-score": 0.47058823529411764, "support": 12.0}, "accuracy": 0.7096774193548387, "macro avg": {"precision": 0.7461538461538462, "recall": 0.6403508771929824, "f1-score": 0.6352941176470588, "support": 31.0}, "weighted avg": {"precision": 0.7339950372208437, "recall": 0.7096774193548387, "f1-score": 0.6724857685009488, "support": 31.0}}