{"best_estimator": "HistGradientBoostingClassifier(learning_rate=0.5)", "best_score": 0.5053353967179536, "test_score": 0.2942420681551116}