{"best_estimator": "HistGradientBoostingClassifier()", "best_score": 0.5449534887692924, "test_score": 0.5562923832003297}