{"best_estimator": "HistGradientBoostingClassifier()", "best_score": 0.5137333471373021, "test_score": 0.6428596338273758}