{"best_estimator": "KNeighborsClassifier(p=3, weights='distance')", "best_score": 0.5491185152978205, "test_score": 0.6153429113580916}