{"best_estimator": "KNeighborsClassifier(p=3, weights='distance')", "best_score": 0.5393337673824053, "test_score": 0.614516129032258}