{"best_estimator": "KNeighborsClassifier(n_neighbors=10, p=3, weights='distance')", "best_score": 0.561795905785678, "test_score": 0.4893851668045216}