{"0": {"precision": 0.2857142857142857, "recall": 0.2222222222222222, "f1-score": 0.25, "support": 18.0}, "1": {"precision": 0.125, "recall": 0.16666666666666666, "f1-score": 0.14285714285714285, "support": 12.0}, "accuracy": 0.2, "macro avg": {"precision": 0.20535714285714285, "recall": 0.19444444444444442, "f1-score": 0.19642857142857142, "support": 30.0}, "weighted avg": {"precision": 0.22142857142857142, "recall": 0.2, "f1-score": 0.20714285714285716, "support": 30.0}}