{"best_estimator": "RandomForestClassifier(criterion='log_loss')", "best_score": 0.5162643763245531, "test_score": 0.6129032258064516}