{"best_estimator": "BernoulliNB()", "best_score": 0.4343769704696118, "test_score": 0.4247460757156048}