{"best_estimator": "BernoulliNB()", "best_score": 0.48745024610361637, "test_score": 0.43779904306220097}