{"0": {"precision": 0.45454545454545453, "recall": 0.35714285714285715, "f1-score": 0.4, "support": 28.0}, "1": {"precision": 0.4375, "recall": 0.5384615384615384, "f1-score": 0.4827586206896552, "support": 26.0}, "accuracy": 0.4444444444444444, "macro avg": {"precision": 0.4460227272727273, "recall": 0.44780219780219777, "f1-score": 0.4413793103448276, "support": 54.0}, "weighted avg": {"precision": 0.4463383838383838, "recall": 0.4444444444444444, "f1-score": 0.43984674329501916, "support": 54.0}}