{"0": {"precision": 0.7096774193548387, "recall": 0.6470588235294118, "f1-score": 0.676923076923077, "support": 34.0}, "1": {"precision": 0.5384615384615384, "recall": 0.6086956521739131, "f1-score": 0.5714285714285714, "support": 23.0}, "accuracy": 0.631578947368421, "macro avg": {"precision": 0.6240694789081886, "recall": 0.6278772378516624, "f1-score": 0.6241758241758242, "support": 57.0}, "weighted avg": {"precision": 0.6405903095207, "recall": 0.631578947368421, "f1-score": 0.6343551185656449, "support": 57.0}}