{"best_estimator": "HistGradientBoostingClassifier()", "best_score": 0.5669475747019256, "test_score": 0.5610002016535591}