{"best_estimator": "HistGradientBoostingClassifier(learning_rate=0.5)", "best_score": 0.6320610036674585, "test_score": 0.5918681839734471}