{"best_estimator": "KNeighborsClassifier(weights='distance')", "best_score": 0.5775589589091185, "test_score": 0.5147113065683075}