{"0": {"precision": 0.75, "recall": 0.8, "f1-score": 0.7741935483870968, "support": 15.0}, "1": {"precision": 0.4, "recall": 0.3333333333333333, "f1-score": 0.36363636363636365, "support": 6.0}, "accuracy": 0.6666666666666666, "macro avg": {"precision": 0.575, "recall": 0.5666666666666667, "f1-score": 0.5689149560117301, "support": 21.0}, "weighted avg": {"precision": 0.65, "recall": 0.6666666666666666, "f1-score": 0.656891495601173, "support": 21.0}}