{"0": {"precision": 0.7333333333333333, "recall": 0.5365853658536586, "f1-score": 0.6197183098591549, "support": 41.0}, "1": {"precision": 0.2962962962962963, "recall": 0.5, "f1-score": 0.37209302325581395, "support": 16.0}, "accuracy": 0.5263157894736842, "macro avg": {"precision": 0.5148148148148148, "recall": 0.5182926829268293, "f1-score": 0.4959056665574844, "support": 57.0}, "weighted avg": {"precision": 0.610656270305393, "recall": 0.5263157894736842, "f1-score": 0.5502094574792696, "support": 57.0}}