{"0": {"precision": 0.5, "recall": 0.38461538461538464, "f1-score": 0.43478260869565216, "support": 13.0}, "1": {"precision": 0.2, "recall": 0.2857142857142857, "f1-score": 0.23529411764705882, "support": 7.0}, "accuracy": 0.35, "macro avg": {"precision": 0.35, "recall": 0.3351648351648352, "f1-score": 0.3350383631713555, "support": 20.0}, "weighted avg": {"precision": 0.395, "recall": 0.35, "f1-score": 0.36496163682864446, "support": 20.0}}