{"best_estimator": "RandomForestClassifier()", "best_score": 0.5608994306750104, "test_score": 0.6696595585484474}