{"best_estimator": "RandomForestClassifier(criterion='log_loss', n_estimators=400)", "best_score": 0.5453175519456522, "test_score": 0.48926180184761425}