{"best_estimator": "RandomForestClassifier(criterion='entropy', n_estimators=150)", "best_score": 0.6065483964200784, "test_score": 0.6524830885992411}