{"best_estimator": "RandomForestClassifier(criterion='entropy', n_estimators=300)", "best_score": 0.5539515982304751, "test_score": 0.6262626262626263}