{"best_estimator": "RandomForestClassifier(criterion='log_loss')", "best_score": 0.5337662635404299, "test_score": 0.5543345543345544}