{"0": {"precision": 0.7777777777777778, "recall": 0.7101449275362319, "f1-score": 0.7424242424242424, "support": 69.0}, "1": {"precision": 0.375, "recall": 0.46153846153846156, "f1-score": 0.41379310344827586, "support": 26.0}, "accuracy": 0.6421052631578947, "macro avg": {"precision": 0.5763888888888888, "recall": 0.5858416945373468, "f1-score": 0.5781086729362591, "support": 95.0}, "weighted avg": {"precision": 0.6675438596491228, "recall": 0.6421052631578947, "f1-score": 0.6524830885992411, "support": 95.0}}