{"0": {"precision": 0.7692307692307693, "recall": 0.7317073170731707, "f1-score": 0.75, "support": 41.0}, "1": {"precision": 0.3888888888888889, "recall": 0.4375, "f1-score": 0.4117647058823529, "support": 16.0}, "accuracy": 0.6491228070175439, "macro avg": {"precision": 0.5790598290598291, "recall": 0.5846036585365854, "f1-score": 0.5808823529411764, "support": 57.0}, "weighted avg": {"precision": 0.6624681361523467, "recall": 0.6491228070175439, "f1-score": 0.6550567595459236, "support": 57.0}}