{"0": {"precision": 0.7222222222222222, "recall": 0.4482758620689655, "f1-score": 0.5531914893617021, "support": 29.0}, "1": {"precision": 0.3333333333333333, "recall": 0.6153846153846154, "f1-score": 0.43243243243243246, "support": 13.0}, "accuracy": 0.5, "macro avg": {"precision": 0.5277777777777778, "recall": 0.5318302387267905, "f1-score": 0.4928119608970673, "support": 42.0}, "weighted avg": {"precision": 0.6018518518518517, "recall": 0.5, "f1-score": 0.515813686026452, "support": 42.0}}