{"best_estimator": "BernoulliNB()", "best_score": 0.33979933110367894, "test_score": 0.5333333333333334}