{"best_estimator": "BernoulliNB()", "best_score": 0.3269532913381202, "test_score": 0.5640509725016768}