{"best_estimator": "BernoulliNB()", "best_score": 0.3333568447657673, "test_score": 0.27350427350427353}