{"best_estimator": "HistGradientBoostingClassifier(learning_rate=0.001)", "best_score": 0.5574534302656785, "test_score": 0.6184323858742463}