{"best_estimator": "HistGradientBoostingClassifier(learning_rate=0.001)", "best_score": 0.5798352760448138, "test_score": 0.46877470355731227}