{"0": {"precision": 0.5789473684210527, "recall": 0.4074074074074074, "f1-score": 0.4782608695652174, "support": 27.0}, "1": {"precision": 0.38461538461538464, "recall": 0.5555555555555556, "f1-score": 0.45454545454545453, "support": 18.0}, "accuracy": 0.4666666666666667, "macro avg": {"precision": 0.4817813765182186, "recall": 0.4814814814814815, "f1-score": 0.46640316205533594, "support": 45.0}, "weighted avg": {"precision": 0.5012145748987854, "recall": 0.4666666666666667, "f1-score": 0.46877470355731227, "support": 45.0}}