{"0": {"precision": 0.5384615384615384, "recall": 0.5185185185185185, "f1-score": 0.5283018867924528, "support": 27.0}, "1": {"precision": 0.3157894736842105, "recall": 0.3333333333333333, "f1-score": 0.32432432432432434, "support": 18.0}, "accuracy": 0.4444444444444444, "macro avg": {"precision": 0.4271255060728745, "recall": 0.42592592592592593, "f1-score": 0.4263131055583886, "support": 45.0}, "weighted avg": {"precision": 0.4493927125506073, "recall": 0.4444444444444444, "f1-score": 0.4467108618052014, "support": 45.0}}