{"best_estimator": "KNeighborsClassifier(p=3, weights='distance')", "best_score": 0.4061920518211897, "test_score": 0.463768115942029}