{"0": {"precision": 0.6956521739130435, "recall": 0.5517241379310345, "f1-score": 0.6153846153846154, "support": 29.0}, "1": {"precision": 0.3157894736842105, "recall": 0.46153846153846156, "f1-score": 0.375, "support": 13.0}, "accuracy": 0.5238095238095238, "macro avg": {"precision": 0.505720823798627, "recall": 0.506631299734748, "f1-score": 0.4951923076923077, "support": 42.0}, "weighted avg": {"precision": 0.5780756238422142, "recall": 0.5238095238095238, "f1-score": 0.5409798534798534, "support": 42.0}}