{"best_estimator": "KNeighborsClassifier(n_neighbors=10, p=3, weights='distance')", "best_score": 0.46177124672236963, "test_score": 0.46605644546147973}