{"0": {"precision": 0.4375, "recall": 0.3181818181818182, "f1-score": 0.3684210526315789, "support": 22.0}, "1": {"precision": 0.5, "recall": 0.625, "f1-score": 0.5555555555555556, "support": 24.0}, "accuracy": 0.4782608695652174, "macro avg": {"precision": 0.46875, "recall": 0.47159090909090906, "f1-score": 0.4619883040935673, "support": 46.0}, "weighted avg": {"precision": 0.4701086956521739, "recall": 0.4782608695652174, "f1-score": 0.46605644546147973, "support": 46.0}}