{"0": {"precision": 0.7272727272727273, "recall": 0.64, "f1-score": 0.6808510638297872, "support": 25.0}, "1": {"precision": 0.5714285714285714, "recall": 0.6666666666666666, "f1-score": 0.6153846153846154, "support": 18.0}, "accuracy": 0.6511627906976745, "macro avg": {"precision": 0.6493506493506493, "recall": 0.6533333333333333, "f1-score": 0.6481178396072014, "support": 43.0}, "weighted avg": {"precision": 0.6620356387798249, "recall": 0.6511627906976745, "f1-score": 0.6534465040155293, "support": 43.0}}