{"best_estimator": "RandomForestClassifier(criterion='log_loss', n_estimators=200)", "best_score": 0.5530517677761446, "test_score": 0.5333333333333334}