{"best_estimator": "BernoulliNB()", "best_score": 0.5974179088499344, "test_score": 0.6642228739002932}