{"0": {"precision": 0.5454545454545454, "recall": 0.7058823529411765, "f1-score": 0.6153846153846154, "support": 17.0}, "1": {"precision": 0.375, "recall": 0.23076923076923078, "f1-score": 0.2857142857142857, "support": 13.0}, "accuracy": 0.5, "macro avg": {"precision": 0.4602272727272727, "recall": 0.4683257918552036, "f1-score": 0.45054945054945056, "support": 30.0}, "weighted avg": {"precision": 0.47159090909090906, "recall": 0.5, "f1-score": 0.4725274725274725, "support": 30.0}}