{"best_estimator": "BernoulliNB()", "best_score": 0.6140694185192984, "test_score": 0.6675155631013016}