{"best_estimator": "HistGradientBoostingClassifier(learning_rate=0.05)", "best_score": 0.6922066020609166, "test_score": 0.6459028550241008}