{"0": {"precision": 0.75, "recall": 0.5294117647058824, "f1-score": 0.6206896551724138, "support": 17.0}, "1": {"precision": 0.5555555555555556, "recall": 0.7692307692307693, "f1-score": 0.6451612903225806, "support": 13.0}, "accuracy": 0.6333333333333333, "macro avg": {"precision": 0.6527777777777778, "recall": 0.6493212669683258, "f1-score": 0.6329254727474972, "support": 30.0}, "weighted avg": {"precision": 0.6657407407407407, "recall": 0.6333333333333333, "f1-score": 0.6312940304041528, "support": 30.0}}