{"best_estimator": "HistGradientBoostingClassifier()", "best_score": 0.6885609902494878, "test_score": 0.614516129032258}