{"best_estimator": "KNeighborsClassifier(n_neighbors=15, p=1)", "best_score": 0.7147221945232035, "test_score": 0.8393923877794844}