{"best_estimator": "RandomForestClassifier(max_depth=6, n_estimators=200)", "best_score": 0.7469825369095925, "test_score": 0.774665453197155}