{"precision": 0.6007113189732762, "recall": 0.6124231735342848, "f1": 0.5857732903016171}