{"best_estimator": "BernoulliNB()", "best_score": 0.5143771691271128, "test_score": 0.4855614973262032}