{"best_estimator": "BernoulliNB()", "best_score": 0.5365869674131398, "test_score": 0.5098560700876096}