{"0": {"precision": 0.6666666666666666, "recall": 0.8421052631578947, "f1-score": 0.7441860465116279, "support": 19.0}, "1": {"precision": 0.625, "recall": 0.38461538461538464, "f1-score": 0.47619047619047616, "support": 13.0}, "accuracy": 0.65625, "macro avg": {"precision": 0.6458333333333333, "recall": 0.6133603238866396, "f1-score": 0.6101882613510521, "support": 32.0}, "weighted avg": {"precision": 0.6497395833333333, "recall": 0.65625, "f1-score": 0.63531284606866, "support": 32.0}}