{"best_estimator": "BernoulliNB()", "best_score": 0.5126825254795812, "test_score": 0.546875}