{"best_estimator": "BernoulliNB()", "best_score": 0.5164829599010258, "test_score": 0.6092105263157894}