{"0": {"precision": 0.59375, "recall": 1.0, "f1-score": 0.7450980392156863, "support": 19.0}, "1": {"precision": 1.0, "recall": 0.07142857142857142, "f1-score": 0.13333333333333333, "support": 14.0}, "accuracy": 0.6060606060606061, "macro avg": {"precision": 0.796875, "recall": 0.5357142857142857, "f1-score": 0.4392156862745098, "support": 33.0}, "weighted avg": {"precision": 0.7660984848484849, "recall": 0.6060606060606061, "f1-score": 0.4855614973262032, "support": 33.0}}