{"best_estimator": "HistGradientBoostingClassifier()", "best_score": 0.5488711803386418, "test_score": 0.5435606060606061}