{"best_estimator": "HistGradientBoostingClassifier(learning_rate=0.05)", "best_score": 0.5867329546520769, "test_score": 0.8442118226600985}