{"best_estimator": "HistGradientBoostingClassifier()", "best_score": 0.601000767270875, "test_score": 0.8116883116883117}