{"best_estimator": "HistGradientBoostingClassifier(learning_rate=0.5)", "best_score": 0.5557686332653462, "test_score": 0.649814627569936}