{"best_estimator": "HistGradientBoostingClassifier()", "best_score": 0.5600062628514622, "test_score": 0.6672077922077921}