{"best_estimator": "KNeighborsClassifier(n_neighbors=20, p=1)", "best_score": 0.5798049582861692, "test_score": 0.45909090909090905}