{"best_estimator": "KNeighborsClassifier(p=3, weights='distance')", "best_score": 0.5615790833595639, "test_score": 0.6537820512820514}