{"best_estimator": "KNeighborsClassifier(n_neighbors=20, p=1, weights='distance')", "best_score": 0.5638116684087817, "test_score": 0.6196341918626354}