{"best_estimator": "RandomForestClassifier(criterion='entropy', n_estimators=400)", "best_score": 0.5623553443363579, "test_score": 0.7469635627530364}