{"0": {"precision": 0.72, "recall": 0.9473684210526315, "f1-score": 0.8181818181818182, "support": 19.0}, "1": {"precision": 0.875, "recall": 0.5, "f1-score": 0.6363636363636364, "support": 14.0}, "accuracy": 0.7575757575757576, "macro avg": {"precision": 0.7975, "recall": 0.7236842105263157, "f1-score": 0.7272727272727273, "support": 33.0}, "weighted avg": {"precision": 0.7857575757575758, "recall": 0.7575757575757576, "f1-score": 0.7410468319559228, "support": 33.0}}