{"best_estimator": "RandomForestClassifier()", "best_score": 0.5803681679708441, "test_score": 0.7337662337662337}