{"best_estimator": "RandomForestClassifier(n_estimators=300)", "best_score": 0.5696396861347022, "test_score": 0.6986531986531986}