{"best_estimator": "RandomForestClassifier(n_estimators=400)", "best_score": 0.5624039926846456, "test_score": 0.6588617886178861}