{"precision": 0.7601919864234091, "recall": 0.7384816865059736, "f1": 0.7411139440050074}