{"0": {"precision": 0.5882352941176471, "recall": 0.5263157894736842, "f1-score": 0.5555555555555556, "support": 19.0}, "1": {"precision": 0.35714285714285715, "recall": 0.4166666666666667, "f1-score": 0.38461538461538464, "support": 12.0}, "accuracy": 0.4838709677419355, "macro avg": {"precision": 0.4726890756302521, "recall": 0.4714912280701754, "f1-score": 0.4700854700854701, "support": 31.0}, "weighted avg": {"precision": 0.49878015722418007, "recall": 0.4838709677419355, "f1-score": 0.4893851668045216, "support": 31.0}}