{"best_estimator": "BernoulliNB()", "best_score": 0.3745324241547005, "test_score": 0.5727576094650622}