{"best_estimator": "BernoulliNB()", "best_score": 0.40026824250515974, "test_score": 0.4708593114665221}