{"best_estimator": "BernoulliNB()", "best_score": 0.36251140366268403, "test_score": 0.24780058651026396}