{"best_estimator": "HistGradientBoostingClassifier()", "best_score": 0.5459767033842577, "test_score": 0.5532120209539565}