{"best_estimator": "HistGradientBoostingClassifier(learning_rate=0.5)", "best_score": 0.5427672393743462, "test_score": 0.5118135721221276}