{"best_estimator": "HistGradientBoostingClassifier()", "best_score": 0.5533469238862203, "test_score": 0.7419354838709677}