{"best_estimator": "HistGradientBoostingClassifier(learning_rate=0.5)", "best_score": 0.5402243880158875, "test_score": 0.7313782991202346}