{"best_estimator": "HistGradientBoostingClassifier(learning_rate=0.5)", "best_score": 0.5193125520668695, "test_score": 0.6794354838709677}