{"best_estimator": "HistGradientBoostingClassifier()", "best_score": 0.6248173231477908, "test_score": 0.3284457478005865}