{"best_estimator": "KNeighborsClassifier(n_neighbors=7, p=1, weights='distance')", "best_score": 0.41897881157837924, "test_score": 0.6473859844271413}