{"best_estimator": "KNeighborsClassifier(n_neighbors=7, p=1, weights='distance')", "best_score": 0.4121539685616904, "test_score": 0.45393411845024745}