{"best_estimator": "KNeighborsClassifier(n_neighbors=25, p=1, weights='distance')", "best_score": 0.4609534735799766, "test_score": 0.3701890989988877}