{"best_estimator": "KNeighborsClassifier(n_neighbors=25, p=3, weights='distance')", "best_score": 0.4708414739749653, "test_score": 0.5694249649368863}