{"best_estimator": "KNeighborsClassifier(n_neighbors=25, p=3, weights='distance')", "best_score": 0.4605705989744514, "test_score": 0.6049853372434018}