{"best_estimator": "KNeighborsClassifier(weights='distance')", "best_score": 0.43676601828849027, "test_score": 0.521185155222975}