{"best_estimator": "RandomForestClassifier(criterion='log_loss')", "best_score": 0.5397495300352977, "test_score": 0.44672204840507784}