{"best_estimator": "RandomForestClassifier(criterion='log_loss', n_estimators=300)", "best_score": 0.5111277899012968, "test_score": 0.6356672780235193}