{"best_estimator": "RandomForestClassifier(max_depth=6, n_estimators=300)", "best_score": 0.4395245983769896, "test_score": 0.5660334944363268}