{"precision": 0.6795242167509813, "recall": 0.6439958283183367, "f1": 0.6477768155831504}