{"0": {"precision": 0.5238095238095238, "recall": 0.5, "f1-score": 0.5116279069767442, "support": 22.0}, "1": {"precision": 0.56, "recall": 0.5833333333333334, "f1-score": 0.5714285714285714, "support": 24.0}, "accuracy": 0.5434782608695652, "macro avg": {"precision": 0.5419047619047619, "recall": 0.5416666666666667, "f1-score": 0.5415282392026578, "support": 46.0}, "weighted avg": {"precision": 0.5426915113871635, "recall": 0.5434782608695652, "f1-score": 0.5428282536472627, "support": 46.0}}