{"best_estimator": "BernoulliNB()", "best_score": 0.46562919514748274, "test_score": 0.1111111111111111}