{"best_estimator": "BernoulliNB()", "best_score": 0.4405545614829423, "test_score": 0.5333333333333334}