{"best_estimator": "HistGradientBoostingClassifier(learning_rate=0.01)", "best_score": 0.5121037473405093, "test_score": 0.5962984384037016}