{"best_estimator": "HistGradientBoostingClassifier()", "best_score": 0.5496085434839161, "test_score": 0.6495993746335743}