{"best_estimator": "HistGradientBoostingClassifier(learning_rate=0.5)", "best_score": 0.5832380463133019, "test_score": 0.34523809523809523}