{"0": {"precision": 0.7755102040816326, "recall": 0.8085106382978723, "f1-score": 0.7916666666666666, "support": 47.0}, "1": {"precision": 0.5, "recall": 0.45, "f1-score": 0.47368421052631576, "support": 20.0}, "accuracy": 0.7014925373134329, "macro avg": {"precision": 0.6377551020408163, "recall": 0.6292553191489362, "f1-score": 0.6326754385964912, "support": 67.0}, "weighted avg": {"precision": 0.6932683521169661, "recall": 0.7014925373134329, "f1-score": 0.6967465305053678, "support": 67.0}}