{"best_estimator": "KNeighborsClassifier(n_neighbors=10, p=3)", "best_score": 0.5605056863257898, "test_score": 0.43001443001442996}