{"0": {"precision": 0.6097560975609756, "recall": 0.9259259259259259, "f1-score": 0.7352941176470589, "support": 27.0}, "1": {"precision": 0.5, "recall": 0.1111111111111111, "f1-score": 0.18181818181818182, "support": 18.0}, "accuracy": 0.6, "macro avg": {"precision": 0.5548780487804879, "recall": 0.5185185185185185, "f1-score": 0.4585561497326204, "support": 45.0}, "weighted avg": {"precision": 0.5658536585365854, "recall": 0.6, "f1-score": 0.513903743315508, "support": 45.0}}