{"0": {"precision": 0.625, "recall": 1.0, "f1-score": 0.7692307692307693, "support": 25.0}, "1": {"precision": 1.0, "recall": 0.16666666666666666, "f1-score": 0.2857142857142857, "support": 18.0}, "accuracy": 0.6511627906976745, "macro avg": {"precision": 0.8125, "recall": 0.5833333333333334, "f1-score": 0.5274725274725275, "support": 43.0}, "weighted avg": {"precision": 0.7819767441860465, "recall": 0.6511627906976745, "f1-score": 0.5668285203168925, "support": 43.0}}