{"best_estimator": "RandomForestClassifier(criterion='entropy', n_estimators=400)", "best_score": 0.5740296222887955, "test_score": 0.5333333333333333}