{"best_estimator": "RandomForestClassifier(n_estimators=150)", "best_score": 0.583589963824417, "test_score": 0.49941596365996105}