{"best_estimator": "RandomForestClassifier(criterion='entropy', n_estimators=200)", "best_score": 0.6003208174951123, "test_score": 0.5428307123034228}