{"0": {"precision": 0.3333333333333333, "recall": 0.6, "f1-score": 0.42857142857142855, "support": 5.0}, "1": {"precision": 0.6666666666666666, "recall": 0.4, "f1-score": 0.5, "support": 10.0}, "accuracy": 0.4666666666666667, "macro avg": {"precision": 0.5, "recall": 0.5, "f1-score": 0.4642857142857143, "support": 15.0}, "weighted avg": {"precision": 0.5555555555555555, "recall": 0.4666666666666667, "f1-score": 0.47619047619047616, "support": 15.0}}