{"0": {"precision": 1.0, "recall": 0.6071428571428571, "f1-score": 0.7555555555555555, "support": 28.0}, "1": {"precision": 0.5416666666666666, "recall": 1.0, "f1-score": 0.7027027027027027, "support": 13.0}, "accuracy": 0.7317073170731707, "macro avg": {"precision": 0.7708333333333333, "recall": 0.8035714285714286, "f1-score": 0.7291291291291291, "support": 41.0}, "weighted avg": {"precision": 0.8546747967479674, "recall": 0.7317073170731707, "f1-score": 0.738797333919285, "support": 41.0}}