{"best_estimator": "BernoulliNB()", "best_score": 0.6945917750388494, "test_score": 0.7173601147776184}