{"best_estimator": "BernoulliNB()", "best_score": 0.6951112854194392, "test_score": 0.5710131332082551}