{"best_estimator": "BernoulliNB()", "best_score": 0.6354051971655962, "test_score": 0.4252417794970986}