{"best_estimator": "BernoulliNB()", "best_score": 0.6902782642619748, "test_score": 0.6357142857142857}