{"best_estimator": "KNeighborsClassifier(n_neighbors=25, p=3)", "best_score": 0.6785390701004995, "test_score": 0.7328571428571429}