{"0": {"precision": 0.875, "recall": 0.75, "f1-score": 0.8076923076923077, "support": 28.0}, "1": {"precision": 0.5882352941176471, "recall": 0.7692307692307693, "f1-score": 0.6666666666666666, "support": 13.0}, "accuracy": 0.7560975609756098, "macro avg": {"precision": 0.7316176470588236, "recall": 0.7596153846153846, "f1-score": 0.7371794871794872, "support": 41.0}, "weighted avg": {"precision": 0.7840746054519369, "recall": 0.7560975609756098, "f1-score": 0.7629768605378362, "support": 41.0}}