{"best_estimator": "KNeighborsClassifier(n_neighbors=20, p=3)", "best_score": 0.7057834253236386, "test_score": 0.7331468071099407}