{"best_estimator": "RandomForestClassifier()", "best_score": 0.637005260807946, "test_score": 0.7825572801182558}