{"best_estimator": "RandomForestClassifier(criterion='entropy', n_estimators=200)", "best_score": 0.6643264744318655, "test_score": 0.6106666666666667}