{"best_estimator": "RandomForestClassifier(criterion='entropy')", "best_score": 0.6199589213016506, "test_score": 0.6526881720430107}