{"best_estimator": "RandomForestClassifier(n_estimators=200)", "best_score": 0.6520424186677728, "test_score": 0.5962469733656175}