{"best_estimator": "RandomForestClassifier()", "best_score": 0.6211616616592412, "test_score": 0.6416666666666667}