{"best_estimator": "RandomForestClassifier(criterion='log_loss')", "best_score": 0.6321522211591072, "test_score": 0.7220000000000001}