{"best_estimator": "RandomForestClassifier(n_estimators=200)", "best_score": 0.6346270702038519, "test_score": 0.8452328159645233}