{"0": {"precision": 0.5714285714285714, "recall": 0.8, "f1-score": 0.6666666666666666, "support": 20.0}, "1": {"precision": 0.2, "recall": 0.07692307692307693, "f1-score": 0.1111111111111111, "support": 13.0}, "accuracy": 0.5151515151515151, "macro avg": {"precision": 0.3857142857142857, "recall": 0.43846153846153846, "f1-score": 0.38888888888888884, "support": 33.0}, "weighted avg": {"precision": 0.42510822510822505, "recall": 0.5151515151515151, "f1-score": 0.44781144781144777, "support": 33.0}}