{"best_estimator": "BernoulliNB()", "best_score": 0.5359286549891984, "test_score": 0.4955716176320879}