{"best_estimator": "BernoulliNB()", "best_score": 0.5165961238226296, "test_score": 0.5742753623188406}