{"0": {"precision": 0.6842105263157895, "recall": 0.6842105263157895, "f1-score": 0.6842105263157895, "support": 19.0}, "1": {"precision": 0.5384615384615384, "recall": 0.5384615384615384, "f1-score": 0.5384615384615384, "support": 13.0}, "accuracy": 0.625, "macro avg": {"precision": 0.611336032388664, "recall": 0.611336032388664, "f1-score": 0.611336032388664, "support": 32.0}, "weighted avg": {"precision": 0.625, "recall": 0.625, "f1-score": 0.625, "support": 32.0}}