{"0": {"precision": 0.6190476190476191, "recall": 0.65, "f1-score": 0.6341463414634146, "support": 20.0}, "1": {"precision": 0.4166666666666667, "recall": 0.38461538461538464, "f1-score": 0.4, "support": 13.0}, "accuracy": 0.5454545454545454, "macro avg": {"precision": 0.5178571428571429, "recall": 0.5173076923076924, "f1-score": 0.5170731707317073, "support": 33.0}, "weighted avg": {"precision": 0.5393217893217893, "recall": 0.5454545454545454, "f1-score": 0.5419068736141907, "support": 33.0}}