{"0": {"precision": 0.6129032258064516, "recall": 0.95, "f1-score": 0.7450980392156863, "support": 20.0}, "1": {"precision": 0.5, "recall": 0.07692307692307693, "f1-score": 0.13333333333333333, "support": 13.0}, "accuracy": 0.6060606060606061, "macro avg": {"precision": 0.5564516129032258, "recall": 0.5134615384615384, "f1-score": 0.4392156862745098, "support": 33.0}, "weighted avg": {"precision": 0.5684261974584555, "recall": 0.6060606060606061, "f1-score": 0.5040998217468806, "support": 33.0}}