{"best_estimator": "KNeighborsClassifier(p=3, weights='distance')", "best_score": 0.6748929733532975, "test_score": 0.6397812713602188}