{"best_estimator": "KNeighborsClassifier(p=3, weights='distance')", "best_score": 0.6692575499202045, "test_score": 0.6685660018993352}