{"best_estimator": "KNeighborsClassifier(p=3)", "best_score": 0.6857410613468696, "test_score": 0.6685660018993352}