{"best_estimator": "RandomForestClassifier(max_depth=6, n_estimators=150)", "best_score": 0.6145713364906724, "test_score": 0.6187499999999999}