{"best_estimator": "RandomForestClassifier(criterion='entropy', n_estimators=200)", "best_score": 0.598376210785197, "test_score": 0.6739718614718614}