{"best_estimator": "BernoulliNB()", "best_score": 0.6511847017884784, "test_score": 0.57004662004662}