{"best_estimator": "HistGradientBoostingClassifier(learning_rate=0.01)", "best_score": 0.6131735685361495, "test_score": 0.6383838383838384}