{"best_estimator": "HistGradientBoostingClassifier(learning_rate=0.05)", "best_score": 0.6034913466391091, "test_score": 0.664767331433998}