{"0": {"precision": 1.0, "recall": 0.55, "f1-score": 0.7096774193548387, "support": 20.0}, "1": {"precision": 0.5909090909090909, "recall": 1.0, "f1-score": 0.7428571428571429, "support": 13.0}, "accuracy": 0.7272727272727273, "macro avg": {"precision": 0.7954545454545454, "recall": 0.775, "f1-score": 0.7262672811059908, "support": 33.0}, "weighted avg": {"precision": 0.8388429752066117, "recall": 0.7272727272727273, "f1-score": 0.7227482195224132, "support": 33.0}}