{"best_estimator": "BernoulliNB()", "best_score": 0.5859346087670142, "test_score": 0.6336898395721926}