{"best_estimator": "BernoulliNB()", "best_score": 0.5900164062200561, "test_score": 0.4635627530364373}