{"best_estimator": "BernoulliNB()", "best_score": 0.5497726580768536, "test_score": 0.4878104351788562}