{"best_estimator": "BernoulliNB()", "best_score": 0.592774797053349, "test_score": 0.358734772978959}