{"best_estimator": "BernoulliNB()", "best_score": 0.5029808804397489, "test_score": 0.5899065209410038}