{"best_estimator": "HistGradientBoostingClassifier(learning_rate=0.001)", "best_score": 0.6652612568836245, "test_score": 0.6279761904761905}