{"best_estimator": "HistGradientBoostingClassifier()", "best_score": 0.623426995476144, "test_score": 0.6739718614718614}