{"best_estimator": "HistGradientBoostingClassifier(learning_rate=0.01)", "best_score": 0.6724627119562713, "test_score": 0.503968253968254}