{"best_estimator": "HistGradientBoostingClassifier(learning_rate=0.001)", "best_score": 0.6442368016921776, "test_score": 0.6279761904761905}