{"best_estimator": "HistGradientBoostingClassifier(learning_rate=0.5)", "best_score": 0.6562048856849161, "test_score": 0.5419068736141907}