{"0": {"precision": 0.9285714285714286, "recall": 0.6842105263157895, "f1-score": 0.7878787878787878, "support": 19.0}, "1": {"precision": 0.6666666666666666, "recall": 0.9230769230769231, "f1-score": 0.7741935483870968, "support": 13.0}, "accuracy": 0.78125, "macro avg": {"precision": 0.7976190476190477, "recall": 0.8036437246963564, "f1-score": 0.7810361681329423, "support": 32.0}, "weighted avg": {"precision": 0.8221726190476191, "recall": 0.78125, "f1-score": 0.7823191593352883, "support": 32.0}}