{"0": {"precision": 0.8333333333333334, "recall": 0.75, "f1-score": 0.7894736842105263, "support": 20.0}, "1": {"precision": 0.6666666666666666, "recall": 0.7692307692307693, "f1-score": 0.7142857142857143, "support": 13.0}, "accuracy": 0.7575757575757576, "macro avg": {"precision": 0.75, "recall": 0.7596153846153846, "f1-score": 0.7518796992481203, "support": 33.0}, "weighted avg": {"precision": 0.7676767676767677, "recall": 0.7575757575757576, "f1-score": 0.7598541809068124, "support": 33.0}}