{"best_estimator": "RandomForestClassifier(criterion='log_loss', n_estimators=150)", "best_score": 0.5494776206501679, "test_score": 0.6083052749719416}