{"best_estimator": "RandomForestClassifier(criterion='entropy', n_estimators=150)", "best_score": 0.5188215275981628, "test_score": 0.6196637426900584}