{"best_estimator": "BernoulliNB()", "best_score": 0.6015628060873193, "test_score": 0.7301587301587301}