{"best_estimator": "BernoulliNB()", "best_score": 0.5807798471642865, "test_score": 0.6051282051282051}