{"best_estimator": "BernoulliNB()", "best_score": 0.6112370283610389, "test_score": 0.738095238095238}