{"best_estimator": "HistGradientBoostingClassifier()", "best_score": 0.6422198927773373, "test_score": 0.6691102123356926}