{"best_estimator": "HistGradientBoostingClassifier()", "best_score": 0.6606648697133573, "test_score": 0.691358024691358}