{"0": {"precision": 0.8666666666666667, "recall": 0.52, "f1-score": 0.65, "support": 25.0}, "1": {"precision": 0.5714285714285714, "recall": 0.8888888888888888, "f1-score": 0.6956521739130435, "support": 18.0}, "accuracy": 0.6744186046511628, "macro avg": {"precision": 0.719047619047619, "recall": 0.7044444444444444, "f1-score": 0.6728260869565217, "support": 43.0}, "weighted avg": {"precision": 0.743078626799557, "recall": 0.6744186046511628, "f1-score": 0.6691102123356926, "support": 43.0}}