{"best_estimator": "HistGradientBoostingClassifier(learning_rate=0.05)", "best_score": 0.6510099036108132, "test_score": 0.7333333333333333}