{"best_estimator": "KNeighborsClassifier(p=3, weights='distance')", "best_score": 0.7553810724418628, "test_score": 0.6715738257126816}