{"best_estimator": "KNeighborsClassifier(weights='distance')", "best_score": 0.7121425595227465, "test_score": 0.7002656151592322}