{"0": {"precision": 0.6666666666666666, "recall": 0.4, "f1-score": 0.5, "support": 5.0}, "1": {"precision": 0.75, "recall": 0.9, "f1-score": 0.8181818181818182, "support": 10.0}, "accuracy": 0.7333333333333333, "macro avg": {"precision": 0.7083333333333333, "recall": 0.65, "f1-score": 0.6590909090909092, "support": 15.0}, "weighted avg": {"precision": 0.7222222222222221, "recall": 0.7333333333333333, "f1-score": 0.7121212121212122, "support": 15.0}}