{"best_estimator": "KNeighborsClassifier(p=3, weights='distance')", "best_score": 0.7443935647515086, "test_score": 0.5476190476190477}