{"best_estimator": "KNeighborsClassifier(p=3)", "best_score": 0.6694891223471868, "test_score": 0.7567799666798345}