{"best_estimator": "RandomForestClassifier()", "best_score": 0.623972261103011, "test_score": 0.6560846560846562}