{"0": {"precision": 0.8444444444444444, "recall": 0.8085106382978723, "f1-score": 0.8260869565217391, "support": 47.0}, "1": {"precision": 0.5909090909090909, "recall": 0.65, "f1-score": 0.6190476190476191, "support": 20.0}, "accuracy": 0.7611940298507462, "macro avg": {"precision": 0.7176767676767677, "recall": 0.7292553191489362, "f1-score": 0.7225672877846792, "support": 67.0}, "weighted avg": {"precision": 0.7687622493592643, "recall": 0.7611940298507462, "f1-score": 0.7642841692160317, "support": 67.0}}