{"0": {"precision": 0.7222222222222222, "recall": 0.48148148148148145, "f1-score": 0.5777777777777777, "support": 27.0}, "1": {"precision": 0.48148148148148145, "recall": 0.7222222222222222, "f1-score": 0.5777777777777777, "support": 18.0}, "accuracy": 0.5777777777777777, "macro avg": {"precision": 0.6018518518518519, "recall": 0.6018518518518519, "f1-score": 0.5777777777777777, "support": 45.0}, "weighted avg": {"precision": 0.6259259259259259, "recall": 0.5777777777777777, "f1-score": 0.5777777777777777, "support": 45.0}}