{"0": {"precision": 0.9230769230769231, "recall": 0.5454545454545454, "f1-score": 0.6857142857142857, "support": 22.0}, "1": {"precision": 0.696969696969697, "recall": 0.9583333333333334, "f1-score": 0.8070175438596491, "support": 24.0}, "accuracy": 0.7608695652173914, "macro avg": {"precision": 0.8100233100233101, "recall": 0.7518939393939394, "f1-score": 0.7463659147869675, "support": 46.0}, "weighted avg": {"precision": 0.8051079355427183, "recall": 0.7608695652173914, "f1-score": 0.7490029421379536, "support": 46.0}}