{"0": {"precision": 0.8947368421052632, "recall": 0.68, "f1-score": 0.7727272727272727, "support": 25.0}, "1": {"precision": 0.6666666666666666, "recall": 0.8888888888888888, "f1-score": 0.7619047619047619, "support": 18.0}, "accuracy": 0.7674418604651163, "macro avg": {"precision": 0.7807017543859649, "recall": 0.7844444444444445, "f1-score": 0.7673160173160173, "support": 43.0}, "weighted avg": {"precision": 0.7992656058751529, "recall": 0.7674418604651163, "f1-score": 0.7681969193597099, "support": 43.0}}