{"best_estimator": "RandomForestClassifier(max_depth=2, n_estimators=400)", "best_score": 0.6277821846812575, "test_score": 0.6666666666666666}