{"0": {"precision": 0.9166666666666666, "recall": 0.6111111111111112, "f1-score": 0.7333333333333333, "support": 36.0}, "1": {"precision": 0.5, "recall": 0.875, "f1-score": 0.6363636363636364, "support": 16.0}, "accuracy": 0.6923076923076923, "macro avg": {"precision": 0.7083333333333333, "recall": 0.7430555555555556, "f1-score": 0.6848484848484848, "support": 52.0}, "weighted avg": {"precision": 0.7884615384615384, "recall": 0.6923076923076923, "f1-score": 0.7034965034965034, "support": 52.0}}