{"0": {"precision": 0.7272727272727273, "recall": 0.6153846153846154, "f1-score": 0.6666666666666666, "support": 13.0}, "1": {"precision": 0.4444444444444444, "recall": 0.5714285714285714, "f1-score": 0.5, "support": 7.0}, "accuracy": 0.6, "macro avg": {"precision": 0.5858585858585859, "recall": 0.5934065934065934, "f1-score": 0.5833333333333333, "support": 20.0}, "weighted avg": {"precision": 0.6282828282828283, "recall": 0.6, "f1-score": 0.6083333333333333, "support": 20.0}}