{"best_estimator": "BernoulliNB()", "best_score": 0.5235329834664375, "test_score": 0.5263157894736842}