{"0": {"precision": 0.5609756097560976, "recall": 0.696969696969697, "f1-score": 0.6216216216216216, "support": 33.0}, "1": {"precision": 0.3333333333333333, "recall": 0.21739130434782608, "f1-score": 0.2631578947368421, "support": 23.0}, "accuracy": 0.5, "macro avg": {"precision": 0.44715447154471544, "recall": 0.45718050065876153, "f1-score": 0.4423897581792319, "support": 56.0}, "weighted avg": {"precision": 0.46747967479674796, "recall": 0.5, "f1-score": 0.47439544807965855, "support": 56.0}}