{"0": {"precision": 0.5666666666666667, "recall": 0.6296296296296297, "f1-score": 0.5964912280701754, "support": 27.0}, "1": {"precision": 0.5454545454545454, "recall": 0.48, "f1-score": 0.5106382978723404, "support": 25.0}, "accuracy": 0.5576923076923077, "macro avg": {"precision": 0.556060606060606, "recall": 0.5548148148148149, "f1-score": 0.5535647629712579, "support": 52.0}, "weighted avg": {"precision": 0.5564685314685314, "recall": 0.5576923076923077, "f1-score": 0.5552157808596778, "support": 52.0}}