{"0": {"precision": 0.6153846153846154, "recall": 0.6153846153846154, "f1-score": 0.6153846153846154, "support": 13.0}, "1": {"precision": 0.2857142857142857, "recall": 0.2857142857142857, "f1-score": 0.2857142857142857, "support": 7.0}, "accuracy": 0.5, "macro avg": {"precision": 0.45054945054945056, "recall": 0.45054945054945056, "f1-score": 0.45054945054945056, "support": 20.0}, "weighted avg": {"precision": 0.5, "recall": 0.5, "f1-score": 0.5, "support": 20.0}}