{"best_estimator": "BernoulliNB()", "best_score": 0.518976103859399, "test_score": 0.6058331518073428}