{"best_estimator": "BernoulliNB()", "best_score": 0.49846595054079773, "test_score": 0.6225108225108225}