{"best_estimator": "HistGradientBoostingClassifier(learning_rate=0.01)", "best_score": 0.6816463624568896, "test_score": 0.6753246753246753}