{"0": {"precision": 0.7, "recall": 0.5833333333333334, "f1-score": 0.6363636363636364, "support": 12.0}, "1": {"precision": 0.4444444444444444, "recall": 0.5714285714285714, "f1-score": 0.5, "support": 7.0}, "accuracy": 0.5789473684210527, "macro avg": {"precision": 0.5722222222222222, "recall": 0.5773809523809523, "f1-score": 0.5681818181818181, "support": 19.0}, "weighted avg": {"precision": 0.6058479532163742, "recall": 0.5789473684210527, "f1-score": 0.5861244019138756, "support": 19.0}}