{"0": {"precision": 0.8620689655172413, "recall": 0.6944444444444444, "f1-score": 0.7692307692307693, "support": 36.0}, "1": {"precision": 0.5217391304347826, "recall": 0.75, "f1-score": 0.6153846153846154, "support": 16.0}, "accuracy": 0.7115384615384616, "macro avg": {"precision": 0.6919040479760119, "recall": 0.7222222222222222, "f1-score": 0.6923076923076923, "support": 52.0}, "weighted avg": {"precision": 0.7573520931841771, "recall": 0.7115384615384616, "f1-score": 0.7218934911242604, "support": 52.0}}