{"best_estimator": "HistGradientBoostingClassifier(learning_rate=0.05)", "best_score": 0.6894739188473948, "test_score": 0.692154255319149}