{"best_estimator": "HistGradientBoostingClassifier(learning_rate=0.05)", "best_score": 0.6878400199297751, "test_score": 0.711645180568599}