{"best_estimator": "HistGradientBoostingClassifier(learning_rate=0.05)", "best_score": 0.7211037187835746, "test_score": 0.6404164890387423}