{"best_estimator": "HistGradientBoostingClassifier(learning_rate=0.05)", "best_score": 0.6823405059009909, "test_score": 0.5454545454545454}