{"best_estimator": "KNeighborsClassifier(p=3, weights='distance')", "best_score": 0.6264320218536923, "test_score": 0.621473240156107}