{"best_estimator": "KNeighborsClassifier(n_neighbors=7, weights='distance')", "best_score": 0.6545872573966257, "test_score": 0.6753246753246753}