{"0": {"precision": 0.7627118644067796, "recall": 0.6617647058823529, "f1-score": 0.7086614173228346, "support": 68.0}, "1": {"precision": 0.34285714285714286, "recall": 0.46153846153846156, "f1-score": 0.39344262295081966, "support": 26.0}, "accuracy": 0.6063829787234043, "macro avg": {"precision": 0.5527845036319612, "recall": 0.5616515837104072, "f1-score": 0.5510520201368272, "support": 94.0}, "weighted avg": {"precision": 0.6465818350419865, "recall": 0.6063829787234043, "f1-score": 0.621473240156107, "support": 94.0}}