{"0": {"precision": 0.6666666666666666, "recall": 0.6060606060606061, "f1-score": 0.6349206349206349, "support": 33.0}, "1": {"precision": 0.5, "recall": 0.5652173913043478, "f1-score": 0.5306122448979592, "support": 23.0}, "accuracy": 0.5892857142857143, "macro avg": {"precision": 0.5833333333333333, "recall": 0.5856389986824769, "f1-score": 0.5827664399092971, "support": 56.0}, "weighted avg": {"precision": 0.5982142857142857, "recall": 0.5892857142857143, "f1-score": 0.5920796890184645, "support": 56.0}}