{"best_estimator": "KNeighborsClassifier(n_neighbors=25, weights='distance')", "best_score": 0.6632112409165731, "test_score": 0.6107108824089956}