{"0": {"precision": 0.6363636363636364, "recall": 0.5185185185185185, "f1-score": 0.5714285714285714, "support": 27.0}, "1": {"precision": 0.5666666666666667, "recall": 0.68, "f1-score": 0.6181818181818182, "support": 25.0}, "accuracy": 0.5961538461538461, "macro avg": {"precision": 0.6015151515151516, "recall": 0.5992592592592593, "f1-score": 0.5948051948051948, "support": 52.0}, "weighted avg": {"precision": 0.6028554778554778, "recall": 0.5961538461538461, "f1-score": 0.5939060939060938, "support": 52.0}}