{"0": {"precision": 0.8448275862068966, "recall": 0.7205882352941176, "f1-score": 0.7777777777777778, "support": 68.0}, "1": {"precision": 0.4722222222222222, "recall": 0.6538461538461539, "f1-score": 0.5483870967741935, "support": 26.0}, "accuracy": 0.7021276595744681, "macro avg": {"precision": 0.6585249042145593, "recall": 0.6872171945701357, "f1-score": 0.6630824372759856, "support": 94.0}, "weighted avg": {"precision": 0.741766528083476, "recall": 0.7021276595744681, "f1-score": 0.7143292915427438, "support": 94.0}}