{"0": {"precision": 0.5, "recall": 0.625, "f1-score": 0.5555555555555556, "support": 8.0}, "1": {"precision": 0.75, "recall": 0.6428571428571429, "f1-score": 0.6923076923076923, "support": 14.0}, "accuracy": 0.6363636363636364, "macro avg": {"precision": 0.625, "recall": 0.6339285714285714, "f1-score": 0.6239316239316239, "support": 22.0}, "weighted avg": {"precision": 0.6590909090909091, "recall": 0.6363636363636364, "f1-score": 0.6425796425796425, "support": 22.0}}