{"best_estimator": "RandomForestClassifier(n_estimators=300)", "best_score": 0.7127443279113261, "test_score": 0.7692307692307693}