{"best_estimator": "BernoulliNB()", "best_score": 0.6513207906923515, "test_score": 0.7017142857142857}