{"best_estimator": "BernoulliNB()", "best_score": 0.6350519994713855, "test_score": 0.5532120209539565}