{"best_estimator": "BernoulliNB()", "best_score": 0.6017453311413384, "test_score": 0.5970674486803519}