{"best_estimator": "BernoulliNB()", "best_score": 0.6333368462290148, "test_score": 0.7077942458587619}