{"best_estimator": "HistGradientBoostingClassifier()", "best_score": 0.6604564249067821, "test_score": 0.7096774193548387}