{"best_estimator": "HistGradientBoostingClassifier()", "best_score": 0.665333647916424, "test_score": 0.5660334944363268}