{"best_estimator": "HistGradientBoostingClassifier(learning_rate=0.05)", "best_score": 0.6714791597062271, "test_score": 0.6354285714285715}