{"best_estimator": "KNeighborsClassifier(n_neighbors=15, p=3, weights='distance')", "best_score": 0.6596744137287169, "test_score": 0.7030303030303031}