{"best_estimator": "KNeighborsClassifier(n_neighbors=7, p=3)", "best_score": 0.64890833887903, "test_score": 0.6170388751033912}