{"best_estimator": "KNeighborsClassifier(n_neighbors=20, p=3)", "best_score": 0.682778164395019, "test_score": 0.6473859844271413}