{"best_estimator": "RandomForestClassifier(criterion='log_loss', n_estimators=400)", "best_score": 0.6582596806185864, "test_score": 0.6191021439570419}