{"best_estimator": "RandomForestClassifier(criterion='entropy', max_depth=6)", "best_score": 0.7004054693658833, "test_score": 0.6995616499943801}