{"best_estimator": "RandomForestClassifier(criterion='log_loss')", "best_score": 0.6968664954132466, "test_score": 0.5115749525616698}