{"0": {"precision": 0.8888888888888888, "recall": 0.4444444444444444, "f1-score": 0.5925925925925926, "support": 18.0}, "1": {"precision": 0.5238095238095238, "recall": 0.9166666666666666, "f1-score": 0.6666666666666666, "support": 12.0}, "accuracy": 0.6333333333333333, "macro avg": {"precision": 0.7063492063492063, "recall": 0.6805555555555556, "f1-score": 0.6296296296296295, "support": 30.0}, "weighted avg": {"precision": 0.7428571428571428, "recall": 0.6333333333333333, "f1-score": 0.6222222222222221, "support": 30.0}}