{"0": {"precision": 0.9090909090909091, "recall": 0.5555555555555556, "f1-score": 0.6896551724137931, "support": 18.0}, "1": {"precision": 0.6, "recall": 0.9230769230769231, "f1-score": 0.7272727272727273, "support": 13.0}, "accuracy": 0.7096774193548387, "macro avg": {"precision": 0.7545454545454545, "recall": 0.7393162393162394, "f1-score": 0.7084639498432602, "support": 31.0}, "weighted avg": {"precision": 0.7794721407624634, "recall": 0.7096774193548387, "f1-score": 0.7054302760643139, "support": 31.0}}