{"best_estimator": "BernoulliNB()", "best_score": 0.595792012521393, "test_score": 0.7054302760643139}