{"best_estimator": "BernoulliNB()", "best_score": 0.5967571844971538, "test_score": 0.5512096774193548}