{"best_estimator": "BernoulliNB()", "best_score": 0.624200655791957, "test_score": 0.6399703374119392}