{"best_estimator": "HistGradientBoostingClassifier(learning_rate=0.5)", "best_score": 0.6792546511633107, "test_score": 0.7435619409053944}