{"best_estimator": "HistGradientBoostingClassifier(learning_rate=0.5)", "best_score": 0.6855458668741384, "test_score": 0.7070881432732766}