{"best_estimator": "HistGradientBoostingClassifier(learning_rate=0.05)", "best_score": 0.6662129343809682, "test_score": 0.7751493428912785}