{"best_estimator": "HistGradientBoostingClassifier()", "best_score": 0.6958497439788447, "test_score": 0.6488691138301816}