{"best_estimator": "KNeighborsClassifier(n_neighbors=20, weights='distance')", "best_score": 0.7007125212767199, "test_score": 0.5194375516956162}