{"0": {"precision": 0.8571428571428571, "recall": 0.3157894736842105, "f1-score": 0.46153846153846156, "support": 19.0}, "1": {"precision": 0.4583333333333333, "recall": 0.9166666666666666, "f1-score": 0.6111111111111112, "support": 12.0}, "accuracy": 0.5483870967741935, "macro avg": {"precision": 0.6577380952380952, "recall": 0.6162280701754386, "f1-score": 0.5363247863247864, "support": 31.0}, "weighted avg": {"precision": 0.7027649769585254, "recall": 0.5483870967741935, "f1-score": 0.5194375516956162, "support": 31.0}}