{"best_estimator": "RandomForestClassifier(criterion='entropy', max_depth=6)", "best_score": 0.6606310680643281, "test_score": 0.6605222734254992}