{"best_estimator": "RandomForestClassifier(max_depth=3, n_estimators=150)", "best_score": 0.6228339802487121, "test_score": 0.6473859844271413}