{"best_estimator": "RandomForestClassifier(criterion='entropy', n_estimators=400)", "best_score": 0.632685946467663, "test_score": 0.6928178037540744}