{"precision": 0.7421304707195895, "recall": 0.657984889271439, "f1": 0.6635062159836155}