{"best_estimator": "BernoulliNB()", "best_score": 0.5434470901049684, "test_score": 0.6434004043515933}