{"best_estimator": "BernoulliNB()", "best_score": 0.5403750775813261, "test_score": 0.5333333333333333}