{"best_estimator": "BernoulliNB()", "best_score": 0.5251365512513074, "test_score": 0.5121180611102223}