{"best_estimator": "BernoulliNB()", "best_score": 0.5390856915197382, "test_score": 0.35185185185185186}