{"best_estimator": "HistGradientBoostingClassifier(learning_rate=0.01)", "best_score": 0.6735385466289919, "test_score": 0.6169772256728778}