{"best_estimator": "HistGradientBoostingClassifier(learning_rate=0.01)", "best_score": 0.6398759640922946, "test_score": 0.46104166666666674}