{"best_estimator": "KNeighborsClassifier(p=3)", "best_score": 0.6766676828403116, "test_score": 0.6469622331691297}