{"0": {"precision": 0.8461538461538461, "recall": 0.6875, "f1-score": 0.7586206896551724, "support": 32.0}, "1": {"precision": 0.5238095238095238, "recall": 0.7333333333333333, "f1-score": 0.6111111111111112, "support": 15.0}, "accuracy": 0.7021276595744681, "macro avg": {"precision": 0.684981684981685, "recall": 0.7104166666666667, "f1-score": 0.6848659003831418, "support": 47.0}, "weighted avg": {"precision": 0.7432779985971475, "recall": 0.7021276595744681, "f1-score": 0.7115431645879188, "support": 47.0}}