{"0": {"precision": 0.7166666666666667, "recall": 0.9148936170212766, "f1-score": 0.8037383177570093, "support": 47.0}, "1": {"precision": 0.5, "recall": 0.19047619047619047, "f1-score": 0.27586206896551724, "support": 21.0}, "accuracy": 0.6911764705882353, "macro avg": {"precision": 0.6083333333333334, "recall": 0.5526849037487336, "f1-score": 0.5398001933612633, "support": 68.0}, "weighted avg": {"precision": 0.6497549019607843, "recall": 0.6911764705882353, "f1-score": 0.6407177115125781, "support": 68.0}}