{"best_estimator": "RandomForestClassifier(criterion='log_loss')", "best_score": 0.5954865539160052, "test_score": 0.5333333333333334}