{"best_estimator": "RandomForestClassifier(criterion='entropy', n_estimators=150)", "best_score": 0.5969385934383944, "test_score": 0.4414715719063545}