{"best_estimator": "RandomForestClassifier(criterion='entropy', n_estimators=200)", "best_score": 0.5325998473462832, "test_score": 0.7351837959489873}