{"best_estimator": "AdaBoostClassifier(algorithm='SAMME', learning_rate=0.01)", "best_score": 0.771090198893392, "test_score": 0.8064516129032258}