{"best_estimator": "BernoulliNB()", "best_score": 0.6018428207763127, "test_score": 0.7084485407066052}