{"best_estimator": "BernoulliNB()", "best_score": 0.5943495194947251, "test_score": 0.646663253114866}