{"best_estimator": "BernoulliNB()", "best_score": 0.5804183511565201, "test_score": 0.6356672780235193}