{"best_estimator": "BernoulliNB()", "best_score": 0.6207713549089094, "test_score": 0.5345217883418224}