{"best_estimator": "BernoulliNB()", "best_score": 0.6166668209170335, "test_score": 0.46275659824046916}