{"0": {"precision": 0.7619047619047619, "recall": 0.8888888888888888, "f1-score": 0.8205128205128205, "support": 18.0}, "1": {"precision": 0.8, "recall": 0.6153846153846154, "f1-score": 0.6956521739130435, "support": 13.0}, "accuracy": 0.7741935483870968, "macro avg": {"precision": 0.780952380952381, "recall": 0.7521367521367521, "f1-score": 0.758082497212932, "support": 31.0}, "weighted avg": {"precision": 0.7778801843317972, "recall": 0.7741935483870968, "f1-score": 0.7681519041967849, "support": 31.0}}