{"best_estimator": "HistGradientBoostingClassifier(learning_rate=0.01)", "best_score": 0.7393218745262863, "test_score": 0.8387096774193549}