{"best_estimator": "HistGradientBoostingClassifier(learning_rate=0.001)", "best_score": 0.7234753984311537, "test_score": 0.774665453197155}