{"best_estimator": "HistGradientBoostingClassifier(learning_rate=0.001)", "best_score": 0.7771547308887622, "test_score": 0.6129032258064516}