{"best_estimator": "KNeighborsClassifier(n_neighbors=25, weights='distance')", "best_score": 0.7126621822515146, "test_score": 0.692929292929293}