{"best_estimator": "RandomForestClassifier(max_depth=3, n_estimators=150)", "best_score": 0.7600333633631448, "test_score": 0.743010752688172}