{"0": {"precision": 0.8181818181818182, "recall": 0.5294117647058824, "f1-score": 0.6428571428571429, "support": 17.0}, "1": {"precision": 0.5789473684210527, "recall": 0.8461538461538461, "f1-score": 0.6875, "support": 13.0}, "accuracy": 0.6666666666666666, "macro avg": {"precision": 0.6985645933014355, "recall": 0.6877828054298643, "f1-score": 0.6651785714285714, "support": 30.0}, "weighted avg": {"precision": 0.7145135566188199, "recall": 0.6666666666666666, "f1-score": 0.662202380952381, "support": 30.0}}