{"best_estimator": "AdaBoostClassifier(algorithm='SAMME', learning_rate=0.001)", "best_score": 0.4658492222788736, "test_score": 0.5659313725490196}