{"best_estimator": "AdaBoostClassifier(algorithm='SAMME', learning_rate=0.001)", "best_score": 0.5372833530011697, "test_score": 0.4740447957839262}