{"0": {"precision": 0.47058823529411764, "recall": 0.42105263157894735, "f1-score": 0.4444444444444444, "support": 19.0}, "1": {"precision": 0.26666666666666666, "recall": 0.3076923076923077, "f1-score": 0.2857142857142857, "support": 13.0}, "accuracy": 0.375, "macro avg": {"precision": 0.3686274509803922, "recall": 0.3643724696356275, "f1-score": 0.36507936507936506, "support": 32.0}, "weighted avg": {"precision": 0.3877450980392157, "recall": 0.375, "f1-score": 0.37996031746031744, "support": 32.0}}