{"best_estimator": "AdaBoostClassifier(algorithm='SAMME', learning_rate=0.001)", "best_score": 0.48777557418671363, "test_score": 0.5973522167487685}