{"best_estimator": "BernoulliNB()", "best_score": 0.35190868617978593, "test_score": 0.22266139657444003}