{"best_estimator": "HistGradientBoostingClassifier(learning_rate=0.01)", "best_score": 0.475734827512182, "test_score": 0.41974870657797486}