{"best_estimator": "HistGradientBoostingClassifier()", "best_score": 0.5166483287549507, "test_score": 0.6087662337662337}