{"best_estimator": "HistGradientBoostingClassifier(learning_rate=0.05)", "best_score": 0.48105480504981796, "test_score": 0.6087662337662337}