{"best_estimator": "KNeighborsClassifier(p=3, weights='distance')", "best_score": 0.4546182332686298, "test_score": 0.5659313725490196}