{"best_estimator": "RandomForestClassifier(n_estimators=150)", "best_score": 0.4398283146139753, "test_score": 0.5278846153846154}