{"best_estimator": "BernoulliNB()", "best_score": 0.5754184544791409, "test_score": 0.5518341307814991}