{"best_estimator": "BernoulliNB()", "best_score": 0.5519576092039749, "test_score": 0.44166666666666665}