{"best_estimator": "BernoulliNB()", "best_score": 0.533326959584808, "test_score": 0.6885521885521886}