{"best_estimator": "BernoulliNB()", "best_score": 0.56572928127877, "test_score": 0.5280425219941349}