{"best_estimator": "HistGradientBoostingClassifier(learning_rate=0.001)", "best_score": 0.6766511427625022, "test_score": 0.6831955922865013}