{"0": {"precision": 0.8823529411764706, "recall": 0.7894736842105263, "f1-score": 0.8333333333333334, "support": 19.0}, "1": {"precision": 0.7333333333333333, "recall": 0.8461538461538461, "f1-score": 0.7857142857142857, "support": 13.0}, "accuracy": 0.8125, "macro avg": {"precision": 0.807843137254902, "recall": 0.8178137651821862, "f1-score": 0.8095238095238095, "support": 32.0}, "weighted avg": {"precision": 0.821813725490196, "recall": 0.8125, "f1-score": 0.8139880952380952, "support": 32.0}}