{"0": {"precision": 0.5882352941176471, "recall": 0.5263157894736842, "f1-score": 0.5555555555555556, "support": 19.0}, "1": {"precision": 0.4, "recall": 0.46153846153846156, "f1-score": 0.42857142857142855, "support": 13.0}, "accuracy": 0.5, "macro avg": {"precision": 0.49411764705882355, "recall": 0.4939271255060729, "f1-score": 0.4920634920634921, "support": 32.0}, "weighted avg": {"precision": 0.511764705882353, "recall": 0.5, "f1-score": 0.503968253968254, "support": 32.0}}