{"0": {"precision": 0.875, "recall": 0.7, "f1-score": 0.7777777777777778, "support": 20.0}, "1": {"precision": 0.6470588235294118, "recall": 0.8461538461538461, "f1-score": 0.7333333333333333, "support": 13.0}, "accuracy": 0.7575757575757576, "macro avg": {"precision": 0.7610294117647058, "recall": 0.773076923076923, "f1-score": 0.7555555555555555, "support": 33.0}, "weighted avg": {"precision": 0.7852049910873441, "recall": 0.7575757575757576, "f1-score": 0.7602693602693602, "support": 33.0}}