{"best_estimator": "RandomForestClassifier(criterion='log_loss', n_estimators=150)", "best_score": 0.5196194113966565, "test_score": 0.5908333333333333}