{"0": {"precision": 0.5, "recall": 0.46153846153846156, "f1-score": 0.48, "support": 26.0}, "1": {"precision": 0.391304347826087, "recall": 0.42857142857142855, "f1-score": 0.4090909090909091, "support": 21.0}, "accuracy": 0.44680851063829785, "macro avg": {"precision": 0.44565217391304346, "recall": 0.44505494505494503, "f1-score": 0.4445454545454546, "support": 47.0}, "weighted avg": {"precision": 0.4514338575393155, "recall": 0.44680851063829785, "f1-score": 0.4483172147001934, "support": 47.0}}