{"best_estimator": "BernoulliNB()", "best_score": 0.5321398947372974, "test_score": 0.657398600669698}