{"best_estimator": "BernoulliNB()", "best_score": 0.5137293553408744, "test_score": 0.6527777777777778}