{"best_estimator": "BernoulliNB()", "best_score": 0.5633136248016412, "test_score": 0.570441069220281}