{"0": {"precision": 0.7111111111111111, "recall": 0.7111111111111111, "f1-score": 0.7111111111111111, "support": 45.0}, "1": {"precision": 0.43478260869565216, "recall": 0.43478260869565216, "f1-score": 0.43478260869565216, "support": 23.0}, "accuracy": 0.6176470588235294, "macro avg": {"precision": 0.5729468599033817, "recall": 0.5729468599033817, "f1-score": 0.5729468599033817, "support": 68.0}, "weighted avg": {"precision": 0.6176470588235294, "recall": 0.6176470588235294, "f1-score": 0.6176470588235294, "support": 68.0}}