{"0": {"precision": 0.425, "recall": 0.8947368421052632, "f1-score": 0.576271186440678, "support": 19.0}, "1": {"precision": 0.3333333333333333, "recall": 0.041666666666666664, "f1-score": 0.07407407407407407, "support": 24.0}, "accuracy": 0.4186046511627907, "macro avg": {"precision": 0.37916666666666665, "recall": 0.4682017543859649, "f1-score": 0.325172630257376, "support": 43.0}, "weighted avg": {"precision": 0.37383720930232556, "recall": 0.4186046511627907, "f1-score": 0.29597512372443396, "support": 43.0}}