{"best_estimator": "BernoulliNB()", "best_score": 0.5330138524953939, "test_score": 0.5093795093795094}