{"best_estimator": "BernoulliNB()", "best_score": 0.5404596066966998, "test_score": 0.29597512372443396}