{"best_estimator": "HistGradientBoostingClassifier()", "best_score": 0.5239217807115372, "test_score": 0.6927268636357243}