{"best_estimator": "HistGradientBoostingClassifier(learning_rate=0.5)", "best_score": 0.6131797347884868, "test_score": 0.4807230843065109}