{"best_estimator": "KNeighborsClassifier(n_neighbors=7, p=1)", "best_score": 0.5330311786457075, "test_score": 0.5545805207328832}