{"0": {"precision": 0.45454545454545453, "recall": 0.7894736842105263, "f1-score": 0.5769230769230769, "support": 19.0}, "1": {"precision": 0.6, "recall": 0.25, "f1-score": 0.35294117647058826, "support": 24.0}, "accuracy": 0.4883720930232558, "macro avg": {"precision": 0.5272727272727272, "recall": 0.5197368421052632, "f1-score": 0.4649321266968326, "support": 43.0}, "weighted avg": {"precision": 0.5357293868921775, "recall": 0.4883720930232558, "f1-score": 0.45190992318215295, "support": 43.0}}