{"best_estimator": "KNeighborsClassifier(n_neighbors=20, weights='distance')", "best_score": 0.597373850798493, "test_score": 0.26406926406926406}