{"best_estimator": "RandomForestClassifier(n_estimators=150)", "best_score": 0.5547947314838112, "test_score": 0.7805555555555556}