{"0": {"precision": 0.7142857142857143, "recall": 1.0, "f1-score": 0.8333333333333334, "support": 15.0}, "1": {"precision": 0.0, "recall": 0.0, "f1-score": 0.0, "support": 6.0}, "accuracy": 0.7142857142857143, "macro avg": {"precision": 0.35714285714285715, "recall": 0.5, "f1-score": 0.4166666666666667, "support": 21.0}, "weighted avg": {"precision": 0.5102040816326531, "recall": 0.7142857142857143, "f1-score": 0.5952380952380952, "support": 21.0}}