{"best_estimator": "BernoulliNB()", "best_score": 0.5317232145060371, "test_score": 0.5121212121212121}