{"best_estimator": "BernoulliNB()", "best_score": 0.5528546930577077, "test_score": 0.2854754440961338}