{"best_estimator": "BernoulliNB()", "best_score": 0.4979469589646904, "test_score": 0.665086331165711}