{"best_estimator": "BernoulliNB()", "best_score": 0.5475421278333173, "test_score": 0.3541102077687444}