{"0": {"precision": 0.5263157894736842, "recall": 0.7142857142857143, "f1-score": 0.6060606060606061, "support": 28.0}, "1": {"precision": 0.5, "recall": 0.3076923076923077, "f1-score": 0.38095238095238093, "support": 26.0}, "accuracy": 0.5185185185185185, "macro avg": {"precision": 0.513157894736842, "recall": 0.510989010989011, "f1-score": 0.4935064935064935, "support": 54.0}, "weighted avg": {"precision": 0.5136452241715399, "recall": 0.5185185185185185, "f1-score": 0.497675164341831, "support": 54.0}}