{"best_estimator": "HistGradientBoostingClassifier(learning_rate=0.05)", "best_score": 0.5376329458887762, "test_score": 0.47719570983424364}