{"best_estimator": "KNeighborsClassifier(p=1, weights='distance')", "best_score": 0.5774751144115644, "test_score": 0.5286195286195287}