{"0": {"precision": 0.6666666666666666, "recall": 0.7692307692307693, "f1-score": 0.7142857142857143, "support": 13.0}, "1": {"precision": 0.4, "recall": 0.2857142857142857, "f1-score": 0.3333333333333333, "support": 7.0}, "accuracy": 0.6, "macro avg": {"precision": 0.5333333333333333, "recall": 0.5274725274725275, "f1-score": 0.5238095238095238, "support": 20.0}, "weighted avg": {"precision": 0.5733333333333334, "recall": 0.6, "f1-score": 0.580952380952381, "support": 20.0}}