{"0": {"precision": 0.7586206896551724, "recall": 0.6376811594202898, "f1-score": 0.6929133858267716, "support": 69.0}, "1": {"precision": 0.32432432432432434, "recall": 0.46153846153846156, "f1-score": 0.38095238095238093, "support": 26.0}, "accuracy": 0.5894736842105263, "macro avg": {"precision": 0.5414725069897484, "recall": 0.5496098104793756, "f1-score": 0.5369328833895763, "support": 95.0}, "weighted avg": {"precision": 0.6397606317751509, "recall": 0.5894736842105263, "f1-score": 0.6075345844927279, "support": 95.0}}