{"best_estimator": "RandomForestClassifier(n_estimators=150)", "best_score": 0.5531689817645917, "test_score": 0.4887799564270153}