{"0": {"precision": 0.5, "recall": 1.0, "f1-score": 0.6666666666666666, "support": 8.0}, "1": {"precision": 1.0, "recall": 0.42857142857142855, "f1-score": 0.6, "support": 14.0}, "accuracy": 0.6363636363636364, "macro avg": {"precision": 0.75, "recall": 0.7142857142857143, "f1-score": 0.6333333333333333, "support": 22.0}, "weighted avg": {"precision": 0.8181818181818182, "recall": 0.6363636363636364, "f1-score": 0.6242424242424243, "support": 22.0}}