{"best_estimator": "RandomForestClassifier(n_estimators=400)", "best_score": 0.5389641357698749, "test_score": 0.4353713666209831}