{"best_estimator": "RandomForestClassifier(n_estimators=150)", "best_score": 0.5309477157480442, "test_score": 0.5914385964912281}