{"best_estimator": "RandomForestClassifier(criterion='entropy')", "best_score": 0.5669893833994083, "test_score": 0.6242424242424243}