{"best_estimator": "RandomForestClassifier(criterion='entropy', n_estimators=400)", "best_score": 0.5956426735558966, "test_score": 0.4889643463497453}