{"best_estimator": "BernoulliNB()", "best_score": 0.6013905930945558, "test_score": 0.7195767195767195}