{"0": {"precision": 0.6153846153846154, "recall": 0.5925925925925926, "f1-score": 0.6037735849056604, "support": 27.0}, "1": {"precision": 0.42105263157894735, "recall": 0.4444444444444444, "f1-score": 0.43243243243243246, "support": 18.0}, "accuracy": 0.5333333333333333, "macro avg": {"precision": 0.5182186234817814, "recall": 0.5185185185185185, "f1-score": 0.5181030086690463, "support": 45.0}, "weighted avg": {"precision": 0.5376518218623482, "recall": 0.5333333333333333, "f1-score": 0.5352371239163692, "support": 45.0}}