{"0": {"precision": 1.0, "recall": 0.48, "f1-score": 0.6486486486486487, "support": 25.0}, "1": {"precision": 0.5806451612903226, "recall": 1.0, "f1-score": 0.7346938775510204, "support": 18.0}, "accuracy": 0.6976744186046512, "macro avg": {"precision": 0.7903225806451613, "recall": 0.74, "f1-score": 0.6916712630998345, "support": 43.0}, "weighted avg": {"precision": 0.8244561140285072, "recall": 0.6976744186046512, "f1-score": 0.6846675816775485, "support": 43.0}}