{"best_estimator": "KNeighborsClassifier(p=3, weights='distance')", "best_score": 0.7476734494142445, "test_score": 0.6303336703741153}