{"0": {"precision": 1.0, "recall": 0.5517241379310345, "f1-score": 0.7111111111111111, "support": 29.0}, "1": {"precision": 0.5, "recall": 1.0, "f1-score": 0.6666666666666666, "support": 13.0}, "accuracy": 0.6904761904761905, "macro avg": {"precision": 0.75, "recall": 0.7758620689655172, "f1-score": 0.6888888888888889, "support": 42.0}, "weighted avg": {"precision": 0.8452380952380952, "recall": 0.6904761904761905, "f1-score": 0.6973544973544974, "support": 42.0}}