{"0": {"precision": 0.8125, "recall": 0.5909090909090909, "f1-score": 0.6842105263157895, "support": 22.0}, "1": {"precision": 0.7, "recall": 0.875, "f1-score": 0.7777777777777778, "support": 24.0}, "accuracy": 0.7391304347826086, "macro avg": {"precision": 0.75625, "recall": 0.7329545454545454, "f1-score": 0.7309941520467836, "support": 46.0}, "weighted avg": {"precision": 0.7538043478260869, "recall": 0.7391304347826086, "f1-score": 0.7330282227307399, "support": 46.0}}