{"best_estimator": "KNeighborsClassifier(p=3, weights='distance')", "best_score": 0.7110581513249835, "test_score": 0.738095238095238}