{"best_estimator": "RandomForestClassifier()", "best_score": 0.6496307166682164, "test_score": 0.8317460317460318}