{"best_estimator": "RandomForestClassifier(max_depth=3, n_estimators=200)", "best_score": 0.6200321868516825, "test_score": 0.6637086903304774}