{"best_estimator": "RandomForestClassifier(max_depth=3, n_estimators=200)", "best_score": 0.609332771268499, "test_score": 0.47619047619047616}