{"0": {"precision": 0.5217391304347826, "recall": 0.7058823529411765, "f1-score": 0.6, "support": 17.0}, "1": {"precision": 0.375, "recall": 0.21428571428571427, "f1-score": 0.2727272727272727, "support": 14.0}, "accuracy": 0.4838709677419355, "macro avg": {"precision": 0.4483695652173913, "recall": 0.4600840336134454, "f1-score": 0.43636363636363634, "support": 31.0}, "weighted avg": {"precision": 0.45546984572230015, "recall": 0.4838709677419355, "f1-score": 0.4521994134897361, "support": 31.0}}