{"0": {"precision": 0.6190476190476191, "recall": 0.7647058823529411, "f1-score": 0.6842105263157895, "support": 17.0}, "1": {"precision": 0.5555555555555556, "recall": 0.38461538461538464, "f1-score": 0.45454545454545453, "support": 13.0}, "accuracy": 0.6, "macro avg": {"precision": 0.5873015873015873, "recall": 0.5746606334841629, "f1-score": 0.569377990430622, "support": 30.0}, "weighted avg": {"precision": 0.5915343915343916, "recall": 0.6, "f1-score": 0.584688995215311, "support": 30.0}}