{"best_estimator": "BernoulliNB()", "best_score": 0.5887985760251377, "test_score": 0.6069609507640068}