{"best_estimator": "BernoulliNB()", "best_score": 0.5927277826549497, "test_score": 0.4767899291896145}