{"best_estimator": "HistGradientBoostingClassifier(learning_rate=0.01)", "best_score": 0.7179645471282441, "test_score": 0.7727288578901482}