{"0": {"precision": 0.65, "recall": 0.7647058823529411, "f1-score": 0.7027027027027027, "support": 17.0}, "1": {"precision": 0.6363636363636364, "recall": 0.5, "f1-score": 0.56, "support": 14.0}, "accuracy": 0.6451612903225806, "macro avg": {"precision": 0.6431818181818182, "recall": 0.6323529411764706, "f1-score": 0.6313513513513513, "support": 31.0}, "weighted avg": {"precision": 0.6438416422287391, "recall": 0.6451612903225806, "f1-score": 0.638256320836966, "support": 31.0}}