{"best_estimator": "KNeighborsClassifier(n_neighbors=25, p=1, weights='distance')", "best_score": 0.6954850055346554, "test_score": 0.5619448340345955}