{"best_estimator": "KNeighborsClassifier(n_neighbors=15, weights='distance')", "best_score": 0.6661239848855245, "test_score": 0.5815215559375737}