{"best_estimator": "KNeighborsClassifier(n_neighbors=15)", "best_score": 0.6723316706195442, "test_score": 0.6428596338273758}