{"best_estimator": "KNeighborsClassifier(n_neighbors=20, weights='distance')", "best_score": 0.6696911673470981, "test_score": 0.8034804753820033}