{"best_estimator": "KNeighborsClassifier(n_neighbors=15, weights='distance')", "best_score": 0.6338991310503472, "test_score": 0.7741935483870968}