{"best_estimator": "RandomForestClassifier(max_depth=2)", "best_score": 0.7360099982576763, "test_score": 0.9354838709677419}