{"best_estimator": "BernoulliNB()", "best_score": 0.5292158037541688, "test_score": 0.4414715719063545}