{"0": {"precision": 0.5263157894736842, "recall": 0.8695652173913043, "f1-score": 0.6557377049180327, "support": 23.0}, "1": {"precision": 0.6666666666666666, "recall": 0.25, "f1-score": 0.36363636363636365, "support": 24.0}, "accuracy": 0.5531914893617021, "macro avg": {"precision": 0.5964912280701754, "recall": 0.5597826086956521, "f1-score": 0.5096870342771982, "support": 47.0}, "weighted avg": {"precision": 0.5979843225083986, "recall": 0.5531914893617021, "f1-score": 0.5065795731997336, "support": 47.0}}