{"best_estimator": "BernoulliNB()", "best_score": 0.5214572539324209, "test_score": 0.5065795731997336}