{"0": {"precision": 0.4666666666666667, "recall": 0.6086956521739131, "f1-score": 0.5283018867924528, "support": 23.0}, "1": {"precision": 0.47058823529411764, "recall": 0.3333333333333333, "f1-score": 0.3902439024390244, "support": 24.0}, "accuracy": 0.46808510638297873, "macro avg": {"precision": 0.46862745098039216, "recall": 0.47101449275362317, "f1-score": 0.4592728946157386, "support": 47.0}, "weighted avg": {"precision": 0.4686691697955778, "recall": 0.46808510638297873, "f1-score": 0.457804192654532, "support": 47.0}}