{"best_estimator": "KNeighborsClassifier(n_neighbors=7, p=3)", "best_score": 0.5619797449629635, "test_score": 0.47619047619047616}