{"0": {"precision": 0.65625, "recall": 0.84, "f1-score": 0.7368421052631579, "support": 25.0}, "1": {"precision": 0.6363636363636364, "recall": 0.3888888888888889, "f1-score": 0.4827586206896552, "support": 18.0}, "accuracy": 0.6511627906976745, "macro avg": {"precision": 0.6463068181818181, "recall": 0.6144444444444445, "f1-score": 0.6098003629764065, "support": 43.0}, "weighted avg": {"precision": 0.6479254756871036, "recall": 0.6511627906976745, "f1-score": 0.6304815768370404, "support": 43.0}}