{"best_estimator": "KNeighborsClassifier(n_neighbors=15, weights='distance')", "best_score": 0.555095525547088, "test_score": 0.5209235209235209}