{"best_estimator": "KNeighborsClassifier(n_neighbors=15, weights='distance')", "best_score": 0.558144894052749, "test_score": 0.5616161616161617}