{"best_estimator": "RandomForestClassifier(max_depth=3, n_estimators=150)", "best_score": 0.5309164955559941, "test_score": 0.5729749906681598}