{"best_estimator": "RandomForestClassifier(max_depth=3, n_estimators=200)", "best_score": 0.5708976599479548, "test_score": 0.3715785315198375}