{"best_estimator": "RandomForestClassifier(criterion='entropy', n_estimators=400)", "best_score": 0.5601162265383253, "test_score": 0.2488888888888889}