{"0": {"precision": 0.8666666666666667, "recall": 0.5909090909090909, "f1-score": 0.7027027027027027, "support": 44.0}, "1": {"precision": 0.5135135135135135, "recall": 0.8260869565217391, "f1-score": 0.6333333333333333, "support": 23.0}, "accuracy": 0.6716417910447762, "macro avg": {"precision": 0.6900900900900901, "recall": 0.708498023715415, "f1-score": 0.668018018018018, "support": 67.0}, "weighted avg": {"precision": 0.7454349872260321, "recall": 0.6716417910447762, "f1-score": 0.6788893370982922, "support": 67.0}}