{"best_estimator": "BernoulliNB()", "best_score": 0.6018573149787005, "test_score": 0.48148148148148145}