{"best_estimator": "BernoulliNB()", "best_score": 0.5982335731931027, "test_score": 0.5681818181818182}