{"best_estimator": "BernoulliNB()", "best_score": 0.5884074389182025, "test_score": 0.5814141414141414}