{"0": {"precision": 0.5, "recall": 1.0, "f1-score": 0.6666666666666666, "support": 20.0}, "1": {"precision": 1.0, "recall": 0.2, "f1-score": 0.3333333333333333, "support": 25.0}, "accuracy": 0.5555555555555556, "macro avg": {"precision": 0.75, "recall": 0.6, "f1-score": 0.5, "support": 45.0}, "weighted avg": {"precision": 0.7777777777777778, "recall": 0.5555555555555556, "f1-score": 0.48148148148148145, "support": 45.0}}