{"best_estimator": "BernoulliNB()", "best_score": 0.5760805618518834, "test_score": 0.9320574162679426}