{"best_estimator": "BernoulliNB()", "best_score": 0.5787790369568919, "test_score": 0.6050911592707258}