{"best_estimator": "HistGradientBoostingClassifier()", "best_score": 0.6609312386934365, "test_score": 0.7612100451909782}