{"0": {"precision": 0.7142857142857143, "recall": 0.45454545454545453, "f1-score": 0.5555555555555556, "support": 11.0}, "1": {"precision": 0.45454545454545453, "recall": 0.7142857142857143, "f1-score": 0.5555555555555556, "support": 7.0}, "accuracy": 0.5555555555555556, "macro avg": {"precision": 0.5844155844155844, "recall": 0.5844155844155844, "f1-score": 0.5555555555555556, "support": 18.0}, "weighted avg": {"precision": 0.6132756132756133, "recall": 0.5555555555555556, "f1-score": 0.5555555555555556, "support": 18.0}}