{"0": {"precision": 0.95, "recall": 0.4318181818181818, "f1-score": 0.59375, "support": 44.0}, "1": {"precision": 0.46808510638297873, "recall": 0.9565217391304348, "f1-score": 0.6285714285714286, "support": 23.0}, "accuracy": 0.6119402985074627, "macro avg": {"precision": 0.7090425531914893, "recall": 0.6941699604743083, "f1-score": 0.6111607142857143, "support": 67.0}, "weighted avg": {"precision": 0.7845665290568434, "recall": 0.6119402985074627, "f1-score": 0.6057036247334755, "support": 67.0}}