{"best_estimator": "KNeighborsClassifier(n_neighbors=25, p=1)", "best_score": 0.692892404725229, "test_score": 0.830546265328874}