{"0": {"precision": 0.6666666666666666, "recall": 0.56, "f1-score": 0.6086956521739131, "support": 25.0}, "1": {"precision": 0.42105263157894735, "recall": 0.5333333333333333, "f1-score": 0.47058823529411764, "support": 15.0}, "accuracy": 0.55, "macro avg": {"precision": 0.5438596491228069, "recall": 0.5466666666666666, "f1-score": 0.5396419437340154, "support": 40.0}, "weighted avg": {"precision": 0.5745614035087719, "recall": 0.55, "f1-score": 0.5569053708439898, "support": 40.0}}