{"best_estimator": "BernoulliNB()", "best_score": 0.33818582800523117, "test_score": 0.195993031358885}