{"0": {"precision": 1.0, "recall": 0.08, "f1-score": 0.14814814814814814, "support": 25.0}, "1": {"precision": 0.39473684210526316, "recall": 1.0, "f1-score": 0.5660377358490566, "support": 15.0}, "accuracy": 0.425, "macro avg": {"precision": 0.6973684210526316, "recall": 0.54, "f1-score": 0.35709294199860236, "support": 40.0}, "weighted avg": {"precision": 0.7730263157894737, "recall": 0.425, "f1-score": 0.3048567435359888, "support": 40.0}}