{"best_estimator": "BernoulliNB()", "best_score": 0.352048740451411, "test_score": 0.20454545454545453}