{"best_estimator": "BernoulliNB()", "best_score": 0.3296424106382844, "test_score": 0.20454545454545453}