{"best_estimator": "HistGradientBoostingClassifier()", "best_score": 0.5660285611035536, "test_score": 0.688034188034188}