{"best_estimator": "HistGradientBoostingClassifier(learning_rate=0.05)", "best_score": 0.6065399416665473, "test_score": 0.5775181040157998}