{"0": {"precision": 0.7241379310344828, "recall": 0.84, "f1-score": 0.7777777777777778, "support": 25.0}, "1": {"precision": 0.6363636363636364, "recall": 0.4666666666666667, "f1-score": 0.5384615384615384, "support": 15.0}, "accuracy": 0.7, "macro avg": {"precision": 0.6802507836990596, "recall": 0.6533333333333333, "f1-score": 0.6581196581196581, "support": 40.0}, "weighted avg": {"precision": 0.6912225705329152, "recall": 0.7, "f1-score": 0.688034188034188, "support": 40.0}}