{"best_estimator": "HistGradientBoostingClassifier(learning_rate=0.001)", "best_score": 0.5421603539074009, "test_score": 0.584045584045584}