{"best_estimator": "KNeighborsClassifier(p=3, weights='distance')", "best_score": 0.5070140617292642, "test_score": 0.5999533201073638}