{"0": {"precision": 0.8, "recall": 0.6153846153846154, "f1-score": 0.6956521739130435, "support": 26.0}, "1": {"precision": 0.5238095238095238, "recall": 0.7333333333333333, "f1-score": 0.6111111111111112, "support": 15.0}, "accuracy": 0.6585365853658537, "macro avg": {"precision": 0.661904761904762, "recall": 0.6743589743589744, "f1-score": 0.6533816425120773, "support": 41.0}, "weighted avg": {"precision": 0.6989547038327526, "recall": 0.6585365853658537, "f1-score": 0.6647225167903853, "support": 41.0}}