{"best_estimator": "RandomForestClassifier(criterion='entropy')", "best_score": 0.5378611813981438, "test_score": 0.74002849002849}