{"best_estimator": "RandomForestClassifier(criterion='entropy')", "best_score": 0.5214650614199783, "test_score": 0.7266293614219881}