{"best_estimator": "RandomForestClassifier(criterion='log_loss', n_estimators=300)", "best_score": 0.5635346100671157, "test_score": 0.5178571428571429}