{"0": {"precision": 0.6818181818181818, "recall": 0.6, "f1-score": 0.6382978723404256, "support": 25.0}, "1": {"precision": 0.4444444444444444, "recall": 0.5333333333333333, "f1-score": 0.48484848484848486, "support": 15.0}, "accuracy": 0.575, "macro avg": {"precision": 0.5631313131313131, "recall": 0.5666666666666667, "f1-score": 0.5615731785944552, "support": 40.0}, "weighted avg": {"precision": 0.5928030303030303, "recall": 0.575, "f1-score": 0.5807543520309478, "support": 40.0}}