{"0": {"precision": 0.5555555555555556, "recall": 0.4166666666666667, "f1-score": 0.47619047619047616, "support": 12.0}, "1": {"precision": 0.2222222222222222, "recall": 0.3333333333333333, "f1-score": 0.26666666666666666, "support": 6.0}, "accuracy": 0.3888888888888889, "macro avg": {"precision": 0.3888888888888889, "recall": 0.375, "f1-score": 0.37142857142857144, "support": 18.0}, "weighted avg": {"precision": 0.4444444444444444, "recall": 0.3888888888888889, "f1-score": 0.4063492063492063, "support": 18.0}}