{"best_estimator": "BernoulliNB()", "best_score": 0.37102544502228885, "test_score": 0.3415524314223566}