{"best_estimator": "BernoulliNB()", "best_score": 0.3961216713777576, "test_score": 0.3375959079283888}