{"best_estimator": "BernoulliNB()", "best_score": 0.38715354328955165, "test_score": 0.16666666666666666}