{"best_estimator": "BernoulliNB()", "best_score": 0.38669342937253803, "test_score": 0.39682539682539686}