{"best_estimator": "HistGradientBoostingClassifier(learning_rate=0.5)", "best_score": 0.49230024087234714, "test_score": 0.5681818181818182}