{"0": {"precision": 0.7307692307692307, "recall": 0.6551724137931034, "f1-score": 0.6909090909090909, "support": 29.0}, "1": {"precision": 0.375, "recall": 0.46153846153846156, "f1-score": 0.41379310344827586, "support": 13.0}, "accuracy": 0.5952380952380952, "macro avg": {"precision": 0.5528846153846154, "recall": 0.5583554376657824, "f1-score": 0.5523510971786834, "support": 42.0}, "weighted avg": {"precision": 0.620650183150183, "recall": 0.5952380952380952, "f1-score": 0.6051350947902672, "support": 42.0}}