{"best_estimator": "HistGradientBoostingClassifier(learning_rate=0.5)", "best_score": 0.5720767473974993, "test_score": 0.5199171842650104}