{"0": {"precision": 0.5714285714285714, "recall": 0.48, "f1-score": 0.5217391304347826, "support": 25.0}, "1": {"precision": 0.4090909090909091, "recall": 0.5, "f1-score": 0.45, "support": 18.0}, "accuracy": 0.4883720930232558, "macro avg": {"precision": 0.4902597402597403, "recall": 0.49, "f1-score": 0.48586956521739133, "support": 43.0}, "weighted avg": {"precision": 0.5034732709151314, "recall": 0.4883720930232558, "f1-score": 0.4917087967644085, "support": 43.0}}