{"0": {"precision": 0.52, "recall": 0.48148148148148145, "f1-score": 0.5, "support": 27.0}, "1": {"precision": 0.3, "recall": 0.3333333333333333, "f1-score": 0.3157894736842105, "support": 18.0}, "accuracy": 0.4222222222222222, "macro avg": {"precision": 0.41000000000000003, "recall": 0.4074074074074074, "f1-score": 0.40789473684210525, "support": 45.0}, "weighted avg": {"precision": 0.43200000000000005, "recall": 0.4222222222222222, "f1-score": 0.42631578947368415, "support": 45.0}}