{"best_estimator": "KNeighborsClassifier(p=3, weights='distance')", "best_score": 0.5385442744999321, "test_score": 0.6730462519936203}