{"0": {"precision": 0.2857142857142857, "recall": 0.16666666666666666, "f1-score": 0.21052631578947367, "support": 12.0}, "1": {"precision": 0.09090909090909091, "recall": 0.16666666666666666, "f1-score": 0.11764705882352941, "support": 6.0}, "accuracy": 0.16666666666666666, "macro avg": {"precision": 0.18831168831168832, "recall": 0.16666666666666666, "f1-score": 0.16408668730650156, "support": 18.0}, "weighted avg": {"precision": 0.22077922077922077, "recall": 0.16666666666666666, "f1-score": 0.17956656346749225, "support": 18.0}}