{"best_estimator": "RandomForestClassifier(criterion='log_loss', n_estimators=400)", "best_score": 0.5130762481518175, "test_score": 0.6071428571428572}