{"best_estimator": "RandomForestClassifier(n_estimators=150)", "best_score": 0.5496112339237225, "test_score": 0.5652173913043478}