{"0": {"precision": 0.5454545454545454, "recall": 0.6666666666666666, "f1-score": 0.6, "support": 27.0}, "1": {"precision": 0.25, "recall": 0.16666666666666666, "f1-score": 0.2, "support": 18.0}, "accuracy": 0.4666666666666667, "macro avg": {"precision": 0.3977272727272727, "recall": 0.41666666666666663, "f1-score": 0.4, "support": 45.0}, "weighted avg": {"precision": 0.42727272727272725, "recall": 0.4666666666666667, "f1-score": 0.44, "support": 45.0}}