{"best_estimator": "BernoulliNB()", "best_score": 0.44758854618397237, "test_score": 0.5333333333333334}