{"0": {"precision": 0.42857142857142855, "recall": 0.5454545454545454, "f1-score": 0.48, "support": 22.0}, "1": {"precision": 0.4444444444444444, "recall": 0.3333333333333333, "f1-score": 0.38095238095238093, "support": 24.0}, "accuracy": 0.43478260869565216, "macro avg": {"precision": 0.4365079365079365, "recall": 0.43939393939393934, "f1-score": 0.43047619047619046, "support": 46.0}, "weighted avg": {"precision": 0.43685300207039335, "recall": 0.43478260869565216, "f1-score": 0.4283229813664596, "support": 46.0}}