{"0": {"precision": 0.6, "recall": 0.96, "f1-score": 0.7384615384615385, "support": 25.0}, "1": {"precision": 0.6666666666666666, "recall": 0.1111111111111111, "f1-score": 0.19047619047619047, "support": 18.0}, "accuracy": 0.6046511627906976, "macro avg": {"precision": 0.6333333333333333, "recall": 0.5355555555555556, "f1-score": 0.4644688644688645, "support": 43.0}, "weighted avg": {"precision": 0.627906976744186, "recall": 0.6046511627906976, "f1-score": 0.5090723230258114, "support": 43.0}}