{"0": {"precision": 0.6111111111111112, "recall": 0.88, "f1-score": 0.7213114754098361, "support": 25.0}, "1": {"precision": 0.5714285714285714, "recall": 0.2222222222222222, "f1-score": 0.32, "support": 18.0}, "accuracy": 0.6046511627906976, "macro avg": {"precision": 0.5912698412698413, "recall": 0.5511111111111111, "f1-score": 0.520655737704918, "support": 43.0}, "weighted avg": {"precision": 0.5944998154300479, "recall": 0.6046511627906976, "f1-score": 0.5533206252382769, "support": 43.0}}