{"best_estimator": "RandomForestClassifier(n_estimators=150)", "best_score": 0.56920873499557, "test_score": 0.5333333333333333}