{"best_estimator": "RandomForestClassifier(n_estimators=200)", "best_score": 0.5842436007119095, "test_score": 0.49163079866092785}