{"best_estimator": "RandomForestClassifier(criterion='entropy')", "best_score": 0.5574093517753196, "test_score": 0.4848484848484849}