{"best_estimator": "RandomForestClassifier(criterion='log_loss', n_estimators=300)", "best_score": 0.5379928161303213, "test_score": 0.43776427061310785}