{"best_estimator": "BernoulliNB()", "best_score": 0.5167593948307414, "test_score": 0.6428596338273758}