{"best_estimator": "BernoulliNB()", "best_score": 0.5009865339085209, "test_score": 0.6928178037540744}