{"best_estimator": "HistGradientBoostingClassifier(learning_rate=0.01)", "best_score": 0.7299560457023, "test_score": 0.8068548387096776}