{"best_estimator": "HistGradientBoostingClassifier(learning_rate=0.01)", "best_score": 0.7071609337249035, "test_score": 0.8709677419354839}