{"best_estimator": "HistGradientBoostingClassifier(learning_rate=0.01)", "best_score": 0.7330064590986989, "test_score": 0.8043837882547561}