{"best_estimator": "HistGradientBoostingClassifier(learning_rate=0.01)", "best_score": 0.7347983194729839, "test_score": 0.6739729804245933}