{"best_estimator": "KNeighborsClassifier(n_neighbors=15)", "best_score": 0.7072478564983807, "test_score": 0.7741935483870968}