{"best_estimator": "KNeighborsClassifier(n_neighbors=20, p=1)", "best_score": 0.7085026243284964, "test_score": 0.668154761904762}