{"0": {"precision": 0.7272727272727273, "recall": 0.8888888888888888, "f1-score": 0.8, "support": 18.0}, "1": {"precision": 0.7777777777777778, "recall": 0.5384615384615384, "f1-score": 0.6363636363636364, "support": 13.0}, "accuracy": 0.7419354838709677, "macro avg": {"precision": 0.7525252525252526, "recall": 0.7136752136752136, "f1-score": 0.7181818181818183, "support": 31.0}, "weighted avg": {"precision": 0.7484522645812968, "recall": 0.7419354838709677, "f1-score": 0.7313782991202346, "support": 31.0}}