{"best_estimator": "KNeighborsClassifier(n_neighbors=15)", "best_score": 0.7247318119162028, "test_score": 0.6137096774193548}