{"best_estimator": "RandomForestClassifier(criterion='entropy', max_depth=2)", "best_score": 0.7500547395153513, "test_score": 0.7741935483870968}