{"precision": 0.7288992565828932, "recall": 0.7109773845213493, "f1": 0.7094381205826354}