{"precision": 0.7245825778757443, "recall": 0.6433177500428963, "f1": 0.6532811227560057}