{"best_estimator": "AdaBoostClassifier(algorithm='SAMME', learning_rate=0.001, n_estimators=200)", "best_score": 0.5516789373331721, "test_score": 0.4860215053763441}