{"best_estimator": "BernoulliNB()", "best_score": 0.4668364778340023, "test_score": 0.5565774422328986}