{"best_estimator": "BernoulliNB()", "best_score": 0.4759491770408797, "test_score": 0.45029624753127057}