{"best_estimator": "HistGradientBoostingClassifier()", "best_score": 0.5364815664365343, "test_score": 0.6724674589700056}