{"best_estimator": "HistGradientBoostingClassifier(learning_rate=0.01)", "best_score": 0.5403433430131598, "test_score": 0.5363636363636365}