{"best_estimator": "HistGradientBoostingClassifier(learning_rate=0.05)", "best_score": 0.5525712759453241, "test_score": 0.43694033876362065}