{"0": {"precision": 0.47368421052631576, "recall": 0.5, "f1-score": 0.4864864864864865, "support": 18.0}, "1": {"precision": 0.25, "recall": 0.23076923076923078, "f1-score": 0.24, "support": 13.0}, "accuracy": 0.3870967741935484, "macro avg": {"precision": 0.36184210526315785, "recall": 0.3653846153846154, "f1-score": 0.36324324324324325, "support": 31.0}, "weighted avg": {"precision": 0.37988115449915105, "recall": 0.3870967741935484, "f1-score": 0.38312118570183096, "support": 31.0}}