{"0": {"precision": 0.6086956521739131, "recall": 0.7777777777777778, "f1-score": 0.6829268292682927, "support": 18.0}, "1": {"precision": 0.5, "recall": 0.3076923076923077, "f1-score": 0.38095238095238093, "support": 13.0}, "accuracy": 0.5806451612903226, "macro avg": {"precision": 0.5543478260869565, "recall": 0.5427350427350428, "f1-score": 0.5319396051103369, "support": 31.0}, "weighted avg": {"precision": 0.5631136044880786, "recall": 0.5806451612903226, "f1-score": 0.5562923832003297, "support": 31.0}}