{"0": {"precision": 0.68, "recall": 0.9444444444444444, "f1-score": 0.7906976744186046, "support": 18.0}, "1": {"precision": 0.8, "recall": 0.3333333333333333, "f1-score": 0.47058823529411764, "support": 12.0}, "accuracy": 0.7, "macro avg": {"precision": 0.74, "recall": 0.6388888888888888, "f1-score": 0.6306429548563611, "support": 30.0}, "weighted avg": {"precision": 0.7280000000000001, "recall": 0.7, "f1-score": 0.6626538987688098, "support": 30.0}}