{"best_estimator": "KNeighborsClassifier(n_neighbors=15, p=3, weights='distance')", "best_score": 0.5999087217255498, "test_score": 0.6605222734254992}