{"best_estimator": "KNeighborsClassifier(n_neighbors=15, p=3)", "best_score": 0.5841062004073964, "test_score": 0.5129904097646034}