{"best_estimator": "RandomForestClassifier(criterion='log_loss')", "best_score": 0.5428350730126471, "test_score": 0.6883562996012161}