{"best_estimator": "RandomForestClassifier(criterion='log_loss', n_estimators=150)", "best_score": 0.5503573327371463, "test_score": 0.6129032258064516}