{"best_estimator": "RandomForestClassifier(criterion='entropy', n_estimators=150)", "best_score": 0.5732715308763193, "test_score": 0.5970674486803519}