{"best_estimator": "RandomForestClassifier(criterion='log_loss', n_estimators=200)", "best_score": 0.5577617495357258, "test_score": 0.48000000000000004}