{"best_estimator": "HistGradientBoostingClassifier(learning_rate=0.01)", "best_score": 0.5580690574013085, "test_score": 0.6362007168458781}