{"best_estimator": "HistGradientBoostingClassifier()", "best_score": 0.6033240573972738, "test_score": 0.516036927762444}