{"best_estimator": "HistGradientBoostingClassifier(learning_rate=0.5)", "best_score": 0.597667804591951, "test_score": 0.6124401913875598}