{"best_estimator": "HistGradientBoostingClassifier(learning_rate=0.5)", "best_score": 0.6094069544746487, "test_score": 0.4541691306918983}