{"best_estimator": "HistGradientBoostingClassifier(learning_rate=0.5)", "best_score": 0.5550954355094326, "test_score": 0.5700568990042674}