{"0": {"precision": 0.6037735849056604, "recall": 0.8888888888888888, "f1-score": 0.7191011235955056, "support": 36.0}, "1": {"precision": 0.0, "recall": 0.0, "f1-score": 0.0, "support": 21.0}, "accuracy": 0.5614035087719298, "macro avg": {"precision": 0.3018867924528302, "recall": 0.4444444444444444, "f1-score": 0.3595505617977528, "support": 57.0}, "weighted avg": {"precision": 0.38133068520357494, "recall": 0.5614035087719298, "f1-score": 0.4541691306918983, "support": 57.0}}