{"0": {"precision": 0.5869565217391305, "recall": 0.8181818181818182, "f1-score": 0.6835443037974683, "support": 33.0}, "1": {"precision": 0.45454545454545453, "recall": 0.20833333333333334, "f1-score": 0.2857142857142857, "support": 24.0}, "accuracy": 0.5614035087719298, "macro avg": {"precision": 0.5207509881422925, "recall": 0.5132575757575758, "f1-score": 0.484629294755877, "support": 57.0}, "weighted avg": {"precision": 0.5312044934470563, "recall": 0.5614035087719298, "f1-score": 0.516036927762444, "support": 57.0}}