{"0": {"precision": 0.7083333333333334, "recall": 0.8095238095238095, "f1-score": 0.7555555555555555, "support": 42.0}, "1": {"precision": 0.1111111111111111, "recall": 0.06666666666666667, "f1-score": 0.08333333333333333, "support": 15.0}, "accuracy": 0.6140350877192983, "macro avg": {"precision": 0.4097222222222222, "recall": 0.4380952380952381, "f1-score": 0.41944444444444445, "support": 57.0}, "weighted avg": {"precision": 0.5511695906432749, "recall": 0.6140350877192983, "f1-score": 0.578654970760234, "support": 57.0}}