{"0": {"precision": 0.7868852459016393, "recall": 0.6486486486486487, "f1-score": 0.7111111111111111, "support": 74.0}, "1": {"precision": 0.23529411764705882, "recall": 0.38095238095238093, "f1-score": 0.2909090909090909, "support": 21.0}, "accuracy": 0.5894736842105263, "macro avg": {"precision": 0.5110896817743491, "recall": 0.5148005148005148, "f1-score": 0.501010101010101, "support": 95.0}, "weighted avg": {"precision": 0.6649545754453636, "recall": 0.5894736842105263, "f1-score": 0.6182243487506646, "support": 95.0}}