{"best_estimator": "RandomForestClassifier(n_estimators=150)", "best_score": 0.6132198163258785, "test_score": 0.5277719991678802}