{"best_estimator": "RandomForestClassifier(max_depth=6, n_estimators=150)", "best_score": 0.5733634717414463, "test_score": 0.58006718924972}