{"0": {"precision": 1.0, "recall": 0.5925925925925926, "f1-score": 0.7441860465116279, "support": 27.0}, "1": {"precision": 0.5416666666666666, "recall": 1.0, "f1-score": 0.7027027027027027, "support": 13.0}, "accuracy": 0.725, "macro avg": {"precision": 0.7708333333333333, "recall": 0.7962962962962963, "f1-score": 0.7234443746071653, "support": 40.0}, "weighted avg": {"precision": 0.8510416666666666, "recall": 0.725, "f1-score": 0.7307039597737273, "support": 40.0}}