{"0": {"precision": 0.7692307692307693, "recall": 0.7142857142857143, "f1-score": 0.7407407407407407, "support": 28.0}, "1": {"precision": 0.4666666666666667, "recall": 0.5384615384615384, "f1-score": 0.5, "support": 13.0}, "accuracy": 0.6585365853658537, "macro avg": {"precision": 0.617948717948718, "recall": 0.6263736263736264, "f1-score": 0.6203703703703703, "support": 41.0}, "weighted avg": {"precision": 0.6732958098811758, "recall": 0.6585365853658537, "f1-score": 0.6644083107497741, "support": 41.0}}