{"0": {"precision": 0.7575757575757576, "recall": 0.8928571428571429, "f1-score": 0.819672131147541, "support": 28.0}, "1": {"precision": 0.625, "recall": 0.38461538461538464, "f1-score": 0.47619047619047616, "support": 13.0}, "accuracy": 0.7317073170731707, "macro avg": {"precision": 0.6912878787878788, "recall": 0.6387362637362638, "f1-score": 0.6479313036690086, "support": 41.0}, "weighted avg": {"precision": 0.7155395417590539, "recall": 0.7317073170731707, "f1-score": 0.7107633137221302, "support": 41.0}}