{"best_estimator": "BernoulliNB()", "best_score": 0.598362815728565, "test_score": 0.5192307692307693}