{"0": {"precision": 0.6486486486486487, "recall": 0.8888888888888888, "f1-score": 0.75, "support": 27.0}, "1": {"precision": 0.0, "recall": 0.0, "f1-score": 0.0, "support": 13.0}, "accuracy": 0.6, "macro avg": {"precision": 0.32432432432432434, "recall": 0.4444444444444444, "f1-score": 0.375, "support": 40.0}, "weighted avg": {"precision": 0.4378378378378379, "recall": 0.6, "f1-score": 0.50625, "support": 40.0}}