{"best_estimator": "HistGradientBoostingClassifier(learning_rate=0.5)", "best_score": 0.7389558726423411, "test_score": 0.744047619047619}