{"best_estimator": "HistGradientBoostingClassifier(learning_rate=0.05)", "best_score": 0.725744473086821, "test_score": 0.6557692307692308}