{"best_estimator": "HistGradientBoostingClassifier(learning_rate=0.5)", "best_score": 0.7499602481453879, "test_score": 0.5198181818181818}