{"0": {"precision": 0.8888888888888888, "recall": 0.8888888888888888, "f1-score": 0.8888888888888888, "support": 27.0}, "1": {"precision": 0.7692307692307693, "recall": 0.7692307692307693, "f1-score": 0.7692307692307693, "support": 13.0}, "accuracy": 0.85, "macro avg": {"precision": 0.829059829059829, "recall": 0.829059829059829, "f1-score": 0.829059829059829, "support": 40.0}, "weighted avg": {"precision": 0.85, "recall": 0.85, "f1-score": 0.85, "support": 40.0}}