{"0": {"precision": 0.8214285714285714, "recall": 0.8214285714285714, "f1-score": 0.8214285714285714, "support": 28.0}, "1": {"precision": 0.6153846153846154, "recall": 0.6153846153846154, "f1-score": 0.6153846153846154, "support": 13.0}, "accuracy": 0.7560975609756098, "macro avg": {"precision": 0.7184065934065934, "recall": 0.7184065934065934, "f1-score": 0.7184065934065934, "support": 41.0}, "weighted avg": {"precision": 0.7560975609756098, "recall": 0.7560975609756098, "f1-score": 0.7560975609756098, "support": 41.0}}