{"best_estimator": "KNeighborsClassifier(n_neighbors=7, p=3, weights='distance')", "best_score": 0.7571849032890755, "test_score": 0.5703636363636364}