{"best_estimator": "KNeighborsClassifier(n_neighbors=25, p=3)", "best_score": 0.7055974613375772, "test_score": 0.7522464698331194}