{"best_estimator": "RandomForestClassifier(criterion='log_loss', n_estimators=200)", "best_score": 0.6263151196047734, "test_score": 0.6526881720430107}