{"best_estimator": "RandomForestClassifier(criterion='entropy', n_estimators=200)", "best_score": 0.5997541685864997, "test_score": 0.7315126050420168}