{"best_estimator": "AdaBoostClassifier(algorithm='SAMME', learning_rate=0.5, n_estimators=150)", "best_score": 0.46274977139030626, "test_score": 0.4838709677419355}