{"best_estimator": "AdaBoostClassifier(algorithm='SAMME', learning_rate=0.5)", "best_score": 0.4812415528274688, "test_score": 0.5191627060370109}