{"0": {"precision": 0.5555555555555556, "recall": 0.2777777777777778, "f1-score": 0.37037037037037035, "support": 18.0}, "1": {"precision": 0.38095238095238093, "recall": 0.6666666666666666, "f1-score": 0.48484848484848486, "support": 12.0}, "accuracy": 0.43333333333333335, "macro avg": {"precision": 0.46825396825396826, "recall": 0.4722222222222222, "f1-score": 0.4276094276094276, "support": 30.0}, "weighted avg": {"precision": 0.4857142857142857, "recall": 0.43333333333333335, "f1-score": 0.4161616161616161, "support": 30.0}}