{"0": {"precision": 0.6, "recall": 0.5, "f1-score": 0.5454545454545454, "support": 18.0}, "1": {"precision": 0.4375, "recall": 0.5384615384615384, "f1-score": 0.4827586206896552, "support": 13.0}, "accuracy": 0.5161290322580645, "macro avg": {"precision": 0.51875, "recall": 0.5192307692307692, "f1-score": 0.5141065830721003, "support": 31.0}, "weighted avg": {"precision": 0.5318548387096773, "recall": 0.5161290322580645, "f1-score": 0.5191627060370109, "support": 31.0}}