{"0": {"precision": 0.5789473684210527, "recall": 0.5789473684210527, "f1-score": 0.5789473684210527, "support": 19.0}, "1": {"precision": 0.3333333333333333, "recall": 0.3333333333333333, "f1-score": 0.3333333333333333, "support": 12.0}, "accuracy": 0.4838709677419355, "macro avg": {"precision": 0.45614035087719296, "recall": 0.45614035087719296, "f1-score": 0.45614035087719296, "support": 31.0}, "weighted avg": {"precision": 0.4838709677419355, "recall": 0.4838709677419355, "f1-score": 0.4838709677419355, "support": 31.0}}