{"best_estimator": "HistGradientBoostingClassifier(learning_rate=0.01)", "best_score": 0.4829971716325314, "test_score": 0.5694249649368863}