{"best_estimator": "HistGradientBoostingClassifier(learning_rate=0.5)", "best_score": 0.5345791377727288, "test_score": 0.5532120209539565}