{"best_estimator": "HistGradientBoostingClassifier(learning_rate=0.001)", "best_score": 0.5024532655097672, "test_score": 0.6153429113580916}