{"best_estimator": "HistGradientBoostingClassifier()", "best_score": 0.5182505647330166, "test_score": 0.5824202082266597}