{"best_estimator": "KNeighborsClassifier(n_neighbors=25, p=1, weights='distance')", "best_score": 0.45732710883746763, "test_score": 0.521185155222975}