{"best_estimator": "KNeighborsClassifier(n_neighbors=25, weights='distance')", "best_score": 0.41488614100237486, "test_score": 0.6774193548387096}