{"best_estimator": "KNeighborsClassifier(n_neighbors=15, p=3, weights='distance')", "best_score": 0.48896434285175044, "test_score": 0.4708593114665221}