{"best_estimator": "KNeighborsClassifier(n_neighbors=25, p=1, weights='distance')", "best_score": 0.5067899080526923, "test_score": 0.5161290322580645}