{"0": {"precision": 0.5333333333333333, "recall": 0.4444444444444444, "f1-score": 0.48484848484848486, "support": 18.0}, "1": {"precision": 0.3333333333333333, "recall": 0.4166666666666667, "f1-score": 0.37037037037037035, "support": 12.0}, "accuracy": 0.43333333333333335, "macro avg": {"precision": 0.43333333333333335, "recall": 0.4305555555555556, "f1-score": 0.4276094276094276, "support": 30.0}, "weighted avg": {"precision": 0.4533333333333333, "recall": 0.43333333333333335, "f1-score": 0.43905723905723903, "support": 30.0}}