{"best_estimator": "KNeighborsClassifier(n_neighbors=25, weights='distance')", "best_score": 0.5504074030058304, "test_score": 0.49037679587964217}