{"best_estimator": "RandomForestClassifier()", "best_score": 0.5437848420684241, "test_score": 0.541454442558008}