{"best_estimator": "RandomForestClassifier(criterion='entropy', max_depth=2)", "best_score": 0.5599591425905942, "test_score": 0.4795698924731183}