{"best_estimator": "RandomForestClassifier(max_depth=2)", "best_score": 0.5877073693229867, "test_score": 0.554079696394687}