{"best_estimator": "RandomForestClassifier(criterion='entropy', n_estimators=150)", "best_score": 0.502595585456417, "test_score": 0.4663797528329451}