{"0": {"precision": 0.7407407407407407, "recall": 0.7142857142857143, "f1-score": 0.7272727272727273, "support": 28.0}, "1": {"precision": 0.42857142857142855, "recall": 0.46153846153846156, "f1-score": 0.4444444444444444, "support": 13.0}, "accuracy": 0.6341463414634146, "macro avg": {"precision": 0.5846560846560847, "recall": 0.5879120879120879, "f1-score": 0.5858585858585859, "support": 41.0}, "weighted avg": {"precision": 0.6417602271260807, "recall": 0.6341463414634146, "f1-score": 0.6375954668637596, "support": 41.0}}