{"0": {"precision": 0.6363636363636364, "recall": 0.5185185185185185, "f1-score": 0.5714285714285714, "support": 27.0}, "1": {"precision": 0.2777777777777778, "recall": 0.38461538461538464, "f1-score": 0.3225806451612903, "support": 13.0}, "accuracy": 0.475, "macro avg": {"precision": 0.45707070707070707, "recall": 0.4515669515669516, "f1-score": 0.4470046082949308, "support": 40.0}, "weighted avg": {"precision": 0.5198232323232322, "recall": 0.475, "f1-score": 0.490552995391705, "support": 40.0}}