{"best_estimator": "AdaBoostClassifier(algorithm='SAMME', learning_rate=0.001, n_estimators=300)", "best_score": 0.5263784841899914, "test_score": 0.32045454545454544}