{"0": {"precision": 0.7647058823529411, "recall": 0.48148148148148145, "f1-score": 0.5909090909090909, "support": 27.0}, "1": {"precision": 0.391304347826087, "recall": 0.6923076923076923, "f1-score": 0.5, "support": 13.0}, "accuracy": 0.55, "macro avg": {"precision": 0.578005115089514, "recall": 0.5868945868945868, "f1-score": 0.5454545454545454, "support": 40.0}, "weighted avg": {"precision": 0.6433503836317135, "recall": 0.55, "f1-score": 0.5613636363636363, "support": 40.0}}