{"0": {"precision": 0.782608695652174, "recall": 0.6666666666666666, "f1-score": 0.72, "support": 27.0}, "1": {"precision": 0.47058823529411764, "recall": 0.6153846153846154, "f1-score": 0.5333333333333333, "support": 13.0}, "accuracy": 0.65, "macro avg": {"precision": 0.6265984654731458, "recall": 0.641025641025641, "f1-score": 0.6266666666666667, "support": 40.0}, "weighted avg": {"precision": 0.6812020460358056, "recall": 0.65, "f1-score": 0.6593333333333333, "support": 40.0}}