{"best_estimator": "HistGradientBoostingClassifier(learning_rate=0.5)", "best_score": 0.5262856075528651, "test_score": 0.6526881720430107}