{"best_estimator": "HistGradientBoostingClassifier()", "best_score": 0.5527079700954849, "test_score": 0.6209090909090909}