{"best_estimator": "HistGradientBoostingClassifier()", "best_score": 0.561187408770774, "test_score": 0.6097560975609756}