{"best_estimator": "KNeighborsClassifier(weights='distance')", "best_score": 0.525786052784174, "test_score": 0.5638107416879795}