{"best_estimator": "KNeighborsClassifier(n_neighbors=7, p=3, weights='distance')", "best_score": 0.4904790703669296, "test_score": 0.5153452685421994}