{"0": {"precision": 0.6470588235294118, "recall": 0.4074074074074074, "f1-score": 0.5, "support": 27.0}, "1": {"precision": 0.30434782608695654, "recall": 0.5384615384615384, "f1-score": 0.3888888888888889, "support": 13.0}, "accuracy": 0.45, "macro avg": {"precision": 0.47570332480818417, "recall": 0.4729344729344729, "f1-score": 0.4444444444444444, "support": 40.0}, "weighted avg": {"precision": 0.5356777493606139, "recall": 0.45, "f1-score": 0.4638888888888889, "support": 40.0}}