{"best_estimator": "RandomForestClassifier(criterion='log_loss', n_estimators=300)", "best_score": 0.5551777570072616, "test_score": 0.6793667094565682}