{"0": {"precision": 0.6666666666666666, "recall": 0.8148148148148148, "f1-score": 0.7333333333333333, "support": 27.0}, "1": {"precision": 0.2857142857142857, "recall": 0.15384615384615385, "f1-score": 0.2, "support": 13.0}, "accuracy": 0.6, "macro avg": {"precision": 0.47619047619047616, "recall": 0.4843304843304843, "f1-score": 0.4666666666666667, "support": 40.0}, "weighted avg": {"precision": 0.5428571428571429, "recall": 0.6, "f1-score": 0.5599999999999999, "support": 40.0}}