{"best_estimator": "RandomForestClassifier(criterion='log_loss', n_estimators=200)", "best_score": 0.5237295772929431, "test_score": 0.6388765705838877}