{"best_estimator": "RandomForestClassifier(criterion='entropy', n_estimators=300)", "best_score": 0.5139628448938078, "test_score": 0.5788609364081061}