{"best_estimator": "RandomForestClassifier(criterion='entropy', n_estimators=150)", "best_score": 0.5097651946082844, "test_score": 0.7358934169278997}