{"best_estimator": "BernoulliNB()", "best_score": 0.6120754641116397, "test_score": 0.6124440019910403}