{"best_estimator": "BernoulliNB()", "best_score": 0.6054371573686019, "test_score": 0.6560846560846562}