{"best_estimator": "BernoulliNB()", "best_score": 0.6370705992857724, "test_score": 0.5566199950872022}