{"best_estimator": "BernoulliNB()", "best_score": 0.6359433086136617, "test_score": 0.8361204013377928}