{"best_estimator": "HistGradientBoostingClassifier(learning_rate=0.05)", "best_score": 0.6647728881646311, "test_score": 0.6976744186046512}