{"best_estimator": "HistGradientBoostingClassifier(learning_rate=0.05)", "best_score": 0.6927150834461526, "test_score": 0.886002886002886}