{"best_estimator": "HistGradientBoostingClassifier(learning_rate=0.5)", "best_score": 0.7005458747537299, "test_score": 0.6508488612836439}