{"best_estimator": "HistGradientBoostingClassifier(learning_rate=0.001)", "best_score": 0.6472320273656929, "test_score": 0.5679012345679013}