{"best_estimator": "RandomForestClassifier(criterion='entropy', n_estimators=150)", "best_score": 0.6415119535252343, "test_score": 0.6258503401360545}