{"0": {"precision": 0.6, "recall": 0.75, "f1-score": 0.6666666666666666, "support": 12.0}, "1": {"precision": 0.0, "recall": 0.0, "f1-score": 0.0, "support": 6.0}, "accuracy": 0.5, "macro avg": {"precision": 0.3, "recall": 0.375, "f1-score": 0.3333333333333333, "support": 18.0}, "weighted avg": {"precision": 0.39999999999999997, "recall": 0.5, "f1-score": 0.4444444444444444, "support": 18.0}}