{"0": {"precision": 0.7368421052631579, "recall": 0.6363636363636364, "f1-score": 0.6829268292682927, "support": 22.0}, "1": {"precision": 0.7037037037037037, "recall": 0.7916666666666666, "f1-score": 0.7450980392156863, "support": 24.0}, "accuracy": 0.717391304347826, "macro avg": {"precision": 0.7202729044834308, "recall": 0.7140151515151515, "f1-score": 0.7140124342419896, "support": 46.0}, "weighted avg": {"precision": 0.7195525044495297, "recall": 0.717391304347826, "f1-score": 0.7153639822843241, "support": 46.0}}