{"best_estimator": "RandomForestClassifier(max_depth=2, n_estimators=200)", "best_score": 0.6324449233431364, "test_score": 0.5185185185185185}