{"best_estimator": "BernoulliNB()", "best_score": 0.44524248143498324, "test_score": 0.6119717468284368}