{"0": {"precision": 0.7777777777777778, "recall": 0.7241379310344828, "f1-score": 0.75, "support": 29.0}, "1": {"precision": 0.4666666666666667, "recall": 0.5384615384615384, "f1-score": 0.5, "support": 13.0}, "accuracy": 0.6666666666666666, "macro avg": {"precision": 0.6222222222222222, "recall": 0.6312997347480106, "f1-score": 0.625, "support": 42.0}, "weighted avg": {"precision": 0.6814814814814815, "recall": 0.6666666666666666, "f1-score": 0.6726190476190477, "support": 42.0}}