{"best_estimator": "HistGradientBoostingClassifier(learning_rate=0.05)", "best_score": 0.6080144450585786, "test_score": 0.6590571924014859}