{"best_estimator": "KNeighborsClassifier(p=3)", "best_score": 0.5761074550260681, "test_score": 0.6046511627906976}