{"0": {"precision": 0.5909090909090909, "recall": 0.9629629629629629, "f1-score": 0.7323943661971831, "support": 27.0}, "1": {"precision": 0.0, "recall": 0.0, "f1-score": 0.0, "support": 18.0}, "accuracy": 0.5777777777777777, "macro avg": {"precision": 0.29545454545454547, "recall": 0.48148148148148145, "f1-score": 0.36619718309859156, "support": 45.0}, "weighted avg": {"precision": 0.35454545454545455, "recall": 0.5777777777777777, "f1-score": 0.4394366197183099, "support": 45.0}}