{"best_estimator": "RandomForestClassifier(criterion='entropy', n_estimators=400)", "best_score": 0.6263352395247103, "test_score": 0.439957089669969}