{"best_estimator": "RandomForestClassifier(max_depth=6, n_estimators=400)", "best_score": 0.5827953207451204, "test_score": 0.6664211835559047}