{"best_estimator": "BernoulliNB()", "best_score": 0.519883562529561, "test_score": 0.6102243313201036}