{"best_estimator": "BernoulliNB()", "best_score": 0.5342318016524936, "test_score": 0.5333333333333333}