{"best_estimator": "BernoulliNB()", "best_score": 0.5284179235996332, "test_score": 0.53515625}