{"best_estimator": "BernoulliNB()", "best_score": 0.5437144361303134, "test_score": 0.4902933563416738}