{"best_estimator": "HistGradientBoostingClassifier(learning_rate=0.01)", "best_score": 0.5653914072588458, "test_score": 0.7905803195962993}