{"best_estimator": "HistGradientBoostingClassifier(learning_rate=0.05)", "best_score": 0.5693969893221527, "test_score": 0.6849323521698216}