{"best_estimator": "HistGradientBoostingClassifier(learning_rate=0.05)", "best_score": 0.5873999918885314, "test_score": 0.622210953346856}