{"best_estimator": "HistGradientBoostingClassifier(learning_rate=0.05)", "best_score": 0.5572797656233766, "test_score": 0.688034188034188}