{"best_estimator": "HistGradientBoostingClassifier(learning_rate=0.05)", "best_score": 0.5208017405224612, "test_score": 0.6147798742138365}