{"0": {"precision": 0.76, "recall": 0.7307692307692307, "f1-score": 0.7450980392156863, "support": 26.0}, "1": {"precision": 0.5625, "recall": 0.6, "f1-score": 0.5806451612903226, "support": 15.0}, "accuracy": 0.6829268292682927, "macro avg": {"precision": 0.66125, "recall": 0.6653846153846154, "f1-score": 0.6628716002530044, "support": 41.0}, "weighted avg": {"precision": 0.6877439024390244, "recall": 0.6829268292682927, "f1-score": 0.6849323521698216, "support": 41.0}}