{"best_estimator": "KNeighborsClassifier(n_neighbors=15, p=1)", "best_score": 0.5694943062902504, "test_score": 0.6651262302096704}