{"best_estimator": "RandomForestClassifier(n_estimators=200)", "best_score": 0.5311680901520711, "test_score": 0.5178571428571429}