{"best_estimator": "RandomForestClassifier()", "best_score": 0.5602396323845137, "test_score": 0.6454996186117467}