{"0": {"precision": 1.0, "recall": 0.5957446808510638, "f1-score": 0.7466666666666667, "support": 47.0}, "1": {"precision": 0.5128205128205128, "recall": 1.0, "f1-score": 0.6779661016949152, "support": 20.0}, "accuracy": 0.7164179104477612, "macro avg": {"precision": 0.7564102564102564, "recall": 0.7978723404255319, "f1-score": 0.7123163841807909, "support": 67.0}, "weighted avg": {"precision": 0.8545732874091083, "recall": 0.7164179104477612, "f1-score": 0.7261590353318155, "support": 67.0}}