{"best_estimator": "BernoulliNB()", "best_score": 0.5691661695176607, "test_score": 0.6583333333333334}