{"best_estimator": "BernoulliNB()", "best_score": 0.5622065843092882, "test_score": 0.6301514235675206}