{"best_estimator": "BernoulliNB()", "best_score": 0.5435686123655886, "test_score": 0.5209235209235209}