{"best_estimator": "HistGradientBoostingClassifier(learning_rate=0.5)", "best_score": 0.6701683824974298, "test_score": 0.738095238095238}