{"best_estimator": "HistGradientBoostingClassifier()", "best_score": 0.665544694692708, "test_score": 0.535778175313059}