{"best_estimator": "KNeighborsClassifier(p=3, weights='distance')", "best_score": 0.6691136271018118, "test_score": 0.60749914000688}