{"best_estimator": "KNeighborsClassifier(p=3, weights='distance')", "best_score": 0.6528785396156949, "test_score": 0.7936507936507937}