{"best_estimator": "KNeighborsClassifier(n_neighbors=25, p=1, weights='distance')", "best_score": 0.6746977790332593, "test_score": 0.724206681946075}