{"best_estimator": "RandomForestClassifier(criterion='entropy', n_estimators=150)", "best_score": 0.6507229151807691, "test_score": 0.5337121029739836}