{"best_estimator": "RandomForestClassifier(n_estimators=150)", "best_score": 0.6427486373748805, "test_score": 0.7274479941230223}