{"0": {"precision": 0.7058823529411765, "recall": 0.7272727272727273, "f1-score": 0.7164179104477612, "support": 33.0}, "1": {"precision": 0.3076923076923077, "recall": 0.2857142857142857, "f1-score": 0.2962962962962963, "support": 14.0}, "accuracy": 0.5957446808510638, "macro avg": {"precision": 0.5067873303167421, "recall": 0.5064935064935066, "f1-score": 0.5063571033720287, "support": 47.0}, "weighted avg": {"precision": 0.5872725522287475, "recall": 0.5957446808510638, "f1-score": 0.591275301977112, "support": 47.0}}