{"0": {"precision": 0.7647058823529411, "recall": 0.8666666666666667, "f1-score": 0.8125, "support": 45.0}, "1": {"precision": 0.6470588235294118, "recall": 0.4782608695652174, "f1-score": 0.55, "support": 23.0}, "accuracy": 0.7352941176470589, "macro avg": {"precision": 0.7058823529411764, "recall": 0.672463768115942, "f1-score": 0.68125, "support": 68.0}, "weighted avg": {"precision": 0.7249134948096885, "recall": 0.7352941176470589, "f1-score": 0.7237132352941176, "support": 68.0}}