{"best_estimator": "BernoulliNB()", "best_score": 0.49942951940871927, "test_score": 0.3287037037037037}