{"0": {"precision": 0.7380952380952381, "recall": 0.9393939393939394, "f1-score": 0.8266666666666667, "support": 33.0}, "1": {"precision": 0.6, "recall": 0.21428571428571427, "f1-score": 0.3157894736842105, "support": 14.0}, "accuracy": 0.723404255319149, "macro avg": {"precision": 0.6690476190476191, "recall": 0.5768398268398268, "f1-score": 0.5712280701754386, "support": 47.0}, "weighted avg": {"precision": 0.6969604863221885, "recall": 0.723404255319149, "f1-score": 0.6744904815229563, "support": 47.0}}