{"best_estimator": "HistGradientBoostingClassifier(learning_rate=0.05)", "best_score": 0.5671274766855781, "test_score": 0.6770662287903667}