{"best_estimator": "KNeighborsClassifier(p=1)", "best_score": 0.5977541738347497, "test_score": 0.7333333333333333}