{"0": {"precision": 0.6333333333333333, "recall": 0.4222222222222222, "f1-score": 0.5066666666666667, "support": 45.0}, "1": {"precision": 0.3157894736842105, "recall": 0.5217391304347826, "f1-score": 0.39344262295081966, "support": 23.0}, "accuracy": 0.45588235294117646, "macro avg": {"precision": 0.4745614035087719, "recall": 0.4719806763285024, "f1-score": 0.4500546448087432, "support": 68.0}, "weighted avg": {"precision": 0.5259287925696594, "recall": 0.45588235294117646, "f1-score": 0.4683702989392478, "support": 68.0}}