{"best_estimator": "KNeighborsClassifier(n_neighbors=25)", "best_score": 0.5567555943259956, "test_score": 0.3481481481481481}