{"best_estimator": "RandomForestClassifier()", "best_score": 0.5683801715054492, "test_score": 0.4761904761904762}