{"0": {"precision": 0.5227272727272727, "recall": 0.92, "f1-score": 0.6666666666666666, "support": 25.0}, "1": {"precision": 0.6666666666666666, "recall": 0.16, "f1-score": 0.25806451612903225, "support": 25.0}, "accuracy": 0.54, "macro avg": {"precision": 0.5946969696969697, "recall": 0.54, "f1-score": 0.46236559139784944, "support": 50.0}, "weighted avg": {"precision": 0.5946969696969697, "recall": 0.54, "f1-score": 0.46236559139784944, "support": 50.0}}