{"0": {"precision": 0.8333333333333334, "recall": 0.4444444444444444, "f1-score": 0.5797101449275363, "support": 45.0}, "1": {"precision": 0.4318181818181818, "recall": 0.8260869565217391, "f1-score": 0.5671641791044776, "support": 23.0}, "accuracy": 0.5735294117647058, "macro avg": {"precision": 0.6325757575757576, "recall": 0.6352657004830917, "f1-score": 0.5734371620160069, "support": 68.0}, "weighted avg": {"precision": 0.6975267379679144, "recall": 0.5735294117647058, "f1-score": 0.575466656487384, "support": 68.0}}