{"best_estimator": "RandomForestClassifier()", "best_score": 0.5779526130887293, "test_score": 0.5816168327796234}