{"best_estimator": "RandomForestClassifier(n_estimators=300)", "best_score": 0.6278467411325778, "test_score": 0.6238031914893617}