{"best_estimator": "RandomForestClassifier(n_estimators=400)", "best_score": 0.5911949177235971, "test_score": 0.5555555555555556}