{"0": {"precision": 0.8125, "recall": 0.48148148148148145, "f1-score": 0.6046511627906976, "support": 27.0}, "1": {"precision": 0.4166666666666667, "recall": 0.7692307692307693, "f1-score": 0.5405405405405406, "support": 13.0}, "accuracy": 0.575, "macro avg": {"precision": 0.6145833333333334, "recall": 0.6253561253561254, "f1-score": 0.5725958516656191, "support": 40.0}, "weighted avg": {"precision": 0.6838541666666667, "recall": 0.575, "f1-score": 0.5838152105593967, "support": 40.0}}