{"0": {"precision": 0.7391304347826086, "recall": 0.6296296296296297, "f1-score": 0.68, "support": 27.0}, "1": {"precision": 0.4117647058823529, "recall": 0.5384615384615384, "f1-score": 0.4666666666666667, "support": 13.0}, "accuracy": 0.6, "macro avg": {"precision": 0.5754475703324808, "recall": 0.584045584045584, "f1-score": 0.5733333333333334, "support": 40.0}, "weighted avg": {"precision": 0.6327365728900255, "recall": 0.6, "f1-score": 0.6106666666666667, "support": 40.0}}