{"best_estimator": "HistGradientBoostingClassifier(learning_rate=0.5)", "best_score": 0.53034725025732, "test_score": 0.6928571428571428}