{"best_estimator": "HistGradientBoostingClassifier()", "best_score": 0.5162866249403404, "test_score": 0.5082417582417583}