{"best_estimator": "HistGradientBoostingClassifier()", "best_score": 0.5472108131057428, "test_score": 0.5502523128679563}