{"0": {"precision": 0.6428571428571429, "recall": 0.6666666666666666, "f1-score": 0.6545454545454545, "support": 27.0}, "1": {"precision": 0.25, "recall": 0.23076923076923078, "f1-score": 0.24, "support": 13.0}, "accuracy": 0.525, "macro avg": {"precision": 0.44642857142857145, "recall": 0.4487179487179487, "f1-score": 0.44727272727272727, "support": 40.0}, "weighted avg": {"precision": 0.5151785714285715, "recall": 0.525, "f1-score": 0.5198181818181818, "support": 40.0}}