{"best_estimator": "KNeighborsClassifier(p=1, weights='distance')", "best_score": 0.4930348475063969, "test_score": 0.5040033322534364}