{"best_estimator": "KNeighborsClassifier(p=1, weights='distance')", "best_score": 0.4740236480848881, "test_score": 0.5917942900359235}