{"best_estimator": "RandomForestClassifier(criterion='log_loss', n_estimators=300)", "best_score": 0.5303699562532173, "test_score": 0.5065217391304347}