{"best_estimator": "RandomForestClassifier(n_estimators=150)", "best_score": 0.5660185688608194, "test_score": 0.670309326527311}