{"best_estimator": "RandomForestClassifier(criterion='entropy', n_estimators=150)", "best_score": 0.5387788967981499, "test_score": 0.6302507836990595}