{"best_estimator": "RandomForestClassifier(criterion='entropy', n_estimators=400)", "best_score": 0.5326062450071973, "test_score": 0.6623569794050344}