{"best_estimator": "RandomForestClassifier(n_estimators=300)", "best_score": 0.5215320168979671, "test_score": 0.6104118993135011}