{"best_estimator": "BernoulliNB()", "best_score": 0.34761589499474754, "test_score": 0.20454545454545453}