{"best_estimator": "KNeighborsClassifier(p=3, weights='distance')", "best_score": 0.5097011071843297, "test_score": 0.6309523809523808}