{"best_estimator": "KNeighborsClassifier(p=3, weights='distance')", "best_score": 0.4720644087138872, "test_score": 0.5807543520309478}