{"best_estimator": "KNeighborsClassifier(p=3, weights='distance')", "best_score": 0.4931294421648775, "test_score": 0.4584398976982097}