{"0": {"precision": 0.5714285714285714, "recall": 0.48, "f1-score": 0.5217391304347826, "support": 25.0}, "1": {"precision": 0.3157894736842105, "recall": 0.4, "f1-score": 0.35294117647058826, "support": 15.0}, "accuracy": 0.45, "macro avg": {"precision": 0.44360902255639095, "recall": 0.44, "f1-score": 0.4373401534526854, "support": 40.0}, "weighted avg": {"precision": 0.4755639097744361, "recall": 0.45, "f1-score": 0.4584398976982097, "support": 40.0}}