{"best_estimator": "KNeighborsClassifier(p=3, weights='distance')", "best_score": 0.4955796090129934, "test_score": 0.7090592334494774}