{"best_estimator": "RandomForestClassifier(criterion='entropy')", "best_score": 0.5396639276090318, "test_score": 0.6794003868471954}