{"best_estimator": "RandomForestClassifier()", "best_score": 0.5018975550153968, "test_score": 0.688034188034188}