{"best_estimator": "RandomForestClassifier(criterion='log_loss')", "best_score": 0.5584962296160013, "test_score": 0.622210953346856}