{"best_estimator": "RandomForestClassifier(criterion='log_loss', n_estimators=200)", "best_score": 0.5208423815909536, "test_score": 0.6585365853658537}