{"precision": 0.7460405053925849, "recall": 0.7062769156336407, "f1": 0.7051377124919377}