{"best_estimator": "AdaBoostClassifier(algorithm='SAMME', learning_rate=0.05)", "best_score": 0.5232521104215826, "test_score": 0.6290322580645161}