{"best_estimator": "BernoulliNB()", "best_score": 0.5321275190447582, "test_score": 0.46829268292682935}