{"best_estimator": "BernoulliNB()", "best_score": 0.5277869834355432, "test_score": 0.45634920634920634}