{"0": {"precision": 0.6, "recall": 0.84, "f1-score": 0.7, "support": 25.0}, "1": {"precision": 0.2, "recall": 0.06666666666666667, "f1-score": 0.1, "support": 15.0}, "accuracy": 0.55, "macro avg": {"precision": 0.4, "recall": 0.4533333333333333, "f1-score": 0.39999999999999997, "support": 40.0}, "weighted avg": {"precision": 0.45, "recall": 0.55, "f1-score": 0.475, "support": 40.0}}