{"0": {"precision": 0.625, "recall": 1.0, "f1-score": 0.7692307692307693, "support": 25.0}, "1": {"precision": 0.0, "recall": 0.0, "f1-score": 0.0, "support": 15.0}, "accuracy": 0.625, "macro avg": {"precision": 0.3125, "recall": 0.5, "f1-score": 0.38461538461538464, "support": 40.0}, "weighted avg": {"precision": 0.390625, "recall": 0.625, "f1-score": 0.48076923076923084, "support": 40.0}}