{"best_estimator": "BernoulliNB()", "best_score": 0.5292811504401753, "test_score": 0.48076923076923084}