{"0": {"precision": 0.72, "recall": 0.72, "f1-score": 0.72, "support": 25.0}, "1": {"precision": 0.5333333333333333, "recall": 0.5333333333333333, "f1-score": 0.5333333333333333, "support": 15.0}, "accuracy": 0.65, "macro avg": {"precision": 0.6266666666666667, "recall": 0.6266666666666667, "f1-score": 0.6266666666666667, "support": 40.0}, "weighted avg": {"precision": 0.65, "recall": 0.65, "f1-score": 0.65, "support": 40.0}}