{"best_estimator": "HistGradientBoostingClassifier()", "best_score": 0.6169734189071459, "test_score": 0.6105015673981191}