{"best_estimator": "KNeighborsClassifier(n_neighbors=10, p=1)", "best_score": 0.5302409631635181, "test_score": 0.6001761417761562}