{"0": {"precision": 0.65625, "recall": 0.8076923076923077, "f1-score": 0.7241379310344828, "support": 26.0}, "1": {"precision": 0.4444444444444444, "recall": 0.26666666666666666, "f1-score": 0.3333333333333333, "support": 15.0}, "accuracy": 0.6097560975609756, "macro avg": {"precision": 0.5503472222222222, "recall": 0.5371794871794872, "f1-score": 0.5287356321839081, "support": 41.0}, "weighted avg": {"precision": 0.578760162601626, "recall": 0.6097560975609756, "f1-score": 0.5811606391925989, "support": 41.0}}