{"best_estimator": "KNeighborsClassifier(p=1)", "best_score": 0.5292363435303005, "test_score": 0.5934065934065933}