{"best_estimator": "KNeighborsClassifier(n_neighbors=10, p=3)", "best_score": 0.565464626615167, "test_score": 0.5163438256658596}