{"best_estimator": "KNeighborsClassifier(n_neighbors=7, p=1)", "best_score": 0.5457379283067569, "test_score": 0.745879120879121}