{"best_estimator": "RandomForestClassifier(n_estimators=400)", "best_score": 0.56351463647639, "test_score": 0.7780464216634428}