{"best_estimator": "RandomForestClassifier(n_estimators=300)", "best_score": 0.5638966421343815, "test_score": 0.6858704793944491}