{"best_estimator": "RandomForestClassifier(criterion='log_loss')", "best_score": 0.5858210724109537, "test_score": 0.5732445520581113}