{"best_estimator": "RandomForestClassifier(criterion='entropy', n_estimators=150)", "best_score": 0.6063823379778953, "test_score": 0.6383732221397156}