{"precision": 0.657687613264852, "recall": 0.6487945009679109, "f1": 0.6489394480186197}