{"best_estimator": "BernoulliNB()", "best_score": 0.571986856780773, "test_score": 0.6759002770083101}