{"best_estimator": "BernoulliNB()", "best_score": 0.5877938877268758, "test_score": 0.6124401913875598}