{"best_estimator": "BernoulliNB()", "best_score": 0.5862809861589613, "test_score": 0.5333333333333333}