{"best_estimator": "BernoulliNB()", "best_score": 0.5931815945029293, "test_score": 0.5411605937921727}