{"best_estimator": "HistGradientBoostingClassifier(learning_rate=0.01)", "best_score": 0.7284807463328649, "test_score": 0.6860681114551084}