{"best_estimator": "HistGradientBoostingClassifier(learning_rate=0.05)", "best_score": 0.7091735083789033, "test_score": 0.6692745376955903}