{"0": {"precision": 0.7692307692307693, "recall": 0.8333333333333334, "f1-score": 0.8, "support": 36.0}, "1": {"precision": 0.6, "recall": 0.5, "f1-score": 0.5454545454545454, "support": 18.0}, "accuracy": 0.7222222222222222, "macro avg": {"precision": 0.6846153846153846, "recall": 0.6666666666666667, "f1-score": 0.6727272727272727, "support": 54.0}, "weighted avg": {"precision": 0.7128205128205128, "recall": 0.7222222222222222, "f1-score": 0.7151515151515151, "support": 54.0}}