{"0": {"precision": 0.84375, "recall": 0.6428571428571429, "f1-score": 0.7297297297297297, "support": 42.0}, "1": {"precision": 0.4, "recall": 0.6666666666666666, "f1-score": 0.5, "support": 15.0}, "accuracy": 0.6491228070175439, "macro avg": {"precision": 0.621875, "recall": 0.6547619047619048, "f1-score": 0.6148648648648649, "support": 57.0}, "weighted avg": {"precision": 0.7269736842105263, "recall": 0.6491228070175439, "f1-score": 0.6692745376955903, "support": 57.0}}