{"best_estimator": "KNeighborsClassifier(n_neighbors=15, p=3)", "best_score": 0.7429118270328939, "test_score": 0.6110592938041307}