{"0": {"precision": 0.6744186046511628, "recall": 0.8055555555555556, "f1-score": 0.7341772151898734, "support": 36.0}, "1": {"precision": 0.5, "recall": 0.3333333333333333, "f1-score": 0.4, "support": 21.0}, "accuracy": 0.631578947368421, "macro avg": {"precision": 0.5872093023255813, "recall": 0.5694444444444444, "f1-score": 0.5670886075949367, "support": 57.0}, "weighted avg": {"precision": 0.6101591187270502, "recall": 0.631578947368421, "f1-score": 0.6110592938041307, "support": 57.0}}