{"best_estimator": "RandomForestClassifier(criterion='log_loss', n_estimators=400)", "best_score": 0.6101367872250071, "test_score": 0.7306613357802975}