{"best_estimator": "RandomForestClassifier(criterion='log_loss')", "best_score": 0.664975794460467, "test_score": 0.6903273509444109}