{"best_estimator": "RandomForestClassifier(criterion='entropy')", "best_score": 0.6615045393599044, "test_score": 0.6124401913875598}