{"best_estimator": "BernoulliNB()", "best_score": 0.4865586224099016, "test_score": 0.5144724556489262}