{"best_estimator": "BernoulliNB()", "best_score": 0.5613033070492213, "test_score": 0.6779010962902623}