{"best_estimator": "BernoulliNB()", "best_score": 0.5774492763960231, "test_score": 0.5390946502057612}