{"best_estimator": "HistGradientBoostingClassifier(learning_rate=0.05)", "best_score": 0.7153423989140424, "test_score": 0.7909538737124945}