{"best_estimator": "HistGradientBoostingClassifier()", "best_score": 0.7140890215252977, "test_score": 0.7111111111111111}