{"best_estimator": "HistGradientBoostingClassifier(learning_rate=0.01)", "best_score": 0.7074423198265583, "test_score": 0.6666666666666666}