{"0": {"precision": 0.64, "recall": 0.8, "f1-score": 0.7111111111111111, "support": 20.0}, "1": {"precision": 0.8, "recall": 0.64, "f1-score": 0.7111111111111111, "support": 25.0}, "accuracy": 0.7111111111111111, "macro avg": {"precision": 0.72, "recall": 0.72, "f1-score": 0.7111111111111111, "support": 45.0}, "weighted avg": {"precision": 0.7288888888888888, "recall": 0.7111111111111111, "f1-score": 0.7111111111111111, "support": 45.0}}