{"best_estimator": "KNeighborsClassifier(n_neighbors=20, weights='distance')", "best_score": 0.7109234353695897, "test_score": 0.7433394476583846}