{"best_estimator": "KNeighborsClassifier(n_neighbors=25, p=3)", "best_score": 0.7363842895930077, "test_score": 0.7961722488038276}