{"best_estimator": "KNeighborsClassifier(n_neighbors=20, weights='distance')", "best_score": 0.7394697241712478, "test_score": 0.6730462519936203}