{"0": {"precision": 0.7727272727272727, "recall": 0.68, "f1-score": 0.723404255319149, "support": 25.0}, "1": {"precision": 0.6666666666666666, "recall": 0.7619047619047619, "f1-score": 0.7111111111111111, "support": 21.0}, "accuracy": 0.717391304347826, "macro avg": {"precision": 0.7196969696969697, "recall": 0.720952380952381, "f1-score": 0.7172576832151301, "support": 46.0}, "weighted avg": {"precision": 0.7243083003952568, "recall": 0.717391304347826, "f1-score": 0.7177921677459144, "support": 46.0}}