{"best_estimator": "RandomForestClassifier(max_depth=2, n_estimators=150)", "best_score": 0.7600969961745285, "test_score": 0.8151675485008818}