{"best_estimator": "RandomForestClassifier(max_depth=2, n_estimators=150)", "best_score": 0.7620588263975604, "test_score": 0.7407407407407407}