{"best_estimator": "BernoulliNB()", "best_score": 0.5480292387518847, "test_score": 0.6022397018508897}