{"best_estimator": "BernoulliNB()", "best_score": 0.5803153472838704, "test_score": 0.5160447511221277}