{"best_estimator": "BernoulliNB()", "best_score": 0.5707925871236164, "test_score": 0.585185185185185}