{"best_estimator": "HistGradientBoostingClassifier(learning_rate=0.01)", "best_score": 0.734650307763055, "test_score": 0.761208757323466}