{"best_estimator": "HistGradientBoostingClassifier(learning_rate=0.01)", "best_score": 0.7449575484541076, "test_score": 0.7175771088814568}