{"best_estimator": "HistGradientBoostingClassifier(learning_rate=0.01)", "best_score": 0.7377605320984721, "test_score": 0.8666666666666667}