{"best_estimator": "KNeighborsClassifier(n_neighbors=20)", "best_score": 0.6908366260102882, "test_score": 0.6148148148148148}