{"best_estimator": "KNeighborsClassifier(n_neighbors=25, p=3, weights='distance')", "best_score": 0.6856848763395719, "test_score": 0.7777777777777778}