{"best_estimator": "RandomForestClassifier(max_depth=3)", "best_score": 0.7677951693442975, "test_score": 0.7407407407407407}