{"0": {"precision": 0.9285714285714286, "recall": 0.6842105263157895, "f1-score": 0.7878787878787878, "support": 19.0}, "1": {"precision": 0.6470588235294118, "recall": 0.9166666666666666, "f1-score": 0.7586206896551724, "support": 12.0}, "accuracy": 0.7741935483870968, "macro avg": {"precision": 0.7878151260504203, "recall": 0.8004385964912281, "f1-score": 0.7732497387669801, "support": 31.0}, "weighted avg": {"precision": 0.8195988072648415, "recall": 0.7741935483870968, "f1-score": 0.7765530724373882, "support": 31.0}}