{"best_estimator": "BernoulliNB()", "best_score": 0.6587708693718121, "test_score": 0.6488691138301816}