{"best_estimator": "BernoulliNB()", "best_score": 0.6381662432098686, "test_score": 0.7435619409053944}