{"best_estimator": "BernoulliNB()", "best_score": 0.6664405662189303, "test_score": 0.6096774193548387}