{"0": {"precision": 1.0, "recall": 0.6842105263157895, "f1-score": 0.8125, "support": 19.0}, "1": {"precision": 0.6666666666666666, "recall": 1.0, "f1-score": 0.8, "support": 12.0}, "accuracy": 0.8064516129032258, "macro avg": {"precision": 0.8333333333333333, "recall": 0.8421052631578947, "f1-score": 0.80625, "support": 31.0}, "weighted avg": {"precision": 0.8709677419354839, "recall": 0.8064516129032258, "f1-score": 0.8076612903225807, "support": 31.0}}