{"0": {"precision": 0.9, "recall": 0.5, "f1-score": 0.6428571428571429, "support": 18.0}, "1": {"precision": 0.55, "recall": 0.9166666666666666, "f1-score": 0.6875, "support": 12.0}, "accuracy": 0.6666666666666666, "macro avg": {"precision": 0.7250000000000001, "recall": 0.7083333333333333, "f1-score": 0.6651785714285714, "support": 30.0}, "weighted avg": {"precision": 0.76, "recall": 0.6666666666666666, "f1-score": 0.6607142857142858, "support": 30.0}}