{"best_estimator": "BernoulliNB()", "best_score": 0.6475213382131941, "test_score": 0.6607142857142858}