{"best_estimator": "HistGradientBoostingClassifier(learning_rate=0.5)", "best_score": 0.6654034109157705, "test_score": 0.7017142857142857}