{"0": {"precision": 0.9333333333333333, "recall": 0.7777777777777778, "f1-score": 0.8484848484848485, "support": 18.0}, "1": {"precision": 0.75, "recall": 0.9230769230769231, "f1-score": 0.8275862068965517, "support": 13.0}, "accuracy": 0.8387096774193549, "macro avg": {"precision": 0.8416666666666667, "recall": 0.8504273504273505, "f1-score": 0.8380355276907001, "support": 31.0}, "weighted avg": {"precision": 0.8564516129032258, "recall": 0.8387096774193549, "f1-score": 0.8397209020123371, "support": 31.0}}