{"best_estimator": "KNeighborsClassifier(p=3, weights='distance')", "best_score": 0.7209747471206798, "test_score": 0.7133640552995392}