{"best_estimator": "RandomForestClassifier()", "best_score": 0.666122950236511, "test_score": 0.5375291191218857}