{"0": {"precision": 0.8571428571428571, "recall": 0.631578947368421, "f1-score": 0.7272727272727273, "support": 19.0}, "1": {"precision": 0.5882352941176471, "recall": 0.8333333333333334, "f1-score": 0.6896551724137931, "support": 12.0}, "accuracy": 0.7096774193548387, "macro avg": {"precision": 0.7226890756302521, "recall": 0.7324561403508771, "f1-score": 0.7084639498432602, "support": 31.0}, "weighted avg": {"precision": 0.7530496069395499, "recall": 0.7096774193548387, "f1-score": 0.712711093133785, "support": 31.0}}