{"0": {"precision": 0.6764705882352942, "recall": 0.6388888888888888, "f1-score": 0.6571428571428571, "support": 36.0}, "1": {"precision": 0.35, "recall": 0.3888888888888889, "f1-score": 0.3684210526315789, "support": 18.0}, "accuracy": 0.5555555555555556, "macro avg": {"precision": 0.513235294117647, "recall": 0.5138888888888888, "f1-score": 0.512781954887218, "support": 54.0}, "weighted avg": {"precision": 0.5676470588235295, "recall": 0.5555555555555556, "f1-score": 0.5609022556390978, "support": 54.0}}