{"best_estimator": "AdaBoostClassifier(algorithm='SAMME', learning_rate=0.1, n_estimators=400)", "best_score": 0.5074121643006942, "test_score": 0.29473684210526313}