{"best_estimator": "HistGradientBoostingClassifier(learning_rate=0.5)", "best_score": 0.5769382065237652, "test_score": 0.545878229695474}