{"0": {"precision": 0.7352941176470589, "recall": 0.5952380952380952, "f1-score": 0.6578947368421053, "support": 42.0}, "1": {"precision": 0.2608695652173913, "recall": 0.4, "f1-score": 0.3157894736842105, "support": 15.0}, "accuracy": 0.543859649122807, "macro avg": {"precision": 0.4980818414322251, "recall": 0.4976190476190476, "f1-score": 0.4868421052631579, "support": 57.0}, "weighted avg": {"precision": 0.6104455512181989, "recall": 0.543859649122807, "f1-score": 0.5678670360110804, "support": 57.0}}