{"0": {"precision": 0.6136363636363636, "recall": 0.8181818181818182, "f1-score": 0.7012987012987013, "support": 33.0}, "1": {"precision": 0.5384615384615384, "recall": 0.2916666666666667, "f1-score": 0.3783783783783784, "support": 24.0}, "accuracy": 0.5964912280701754, "macro avg": {"precision": 0.576048951048951, "recall": 0.5549242424242424, "f1-score": 0.5398385398385399, "support": 57.0}, "weighted avg": {"precision": 0.5819838056680161, "recall": 0.5964912280701754, "f1-score": 0.5653322495427758, "support": 57.0}}