{"best_estimator": "HistGradientBoostingClassifier(learning_rate=0.5)", "best_score": 0.5622206269717361, "test_score": 0.5653322495427758}