{"0": {"precision": 0.8064516129032258, "recall": 0.6944444444444444, "f1-score": 0.746268656716418, "support": 36.0}, "1": {"precision": 0.5217391304347826, "recall": 0.6666666666666666, "f1-score": 0.5853658536585366, "support": 18.0}, "accuracy": 0.6851851851851852, "macro avg": {"precision": 0.6640953716690041, "recall": 0.6805555555555556, "f1-score": 0.6658172551874773, "support": 54.0}, "weighted avg": {"precision": 0.7115474520804114, "recall": 0.6851851851851852, "f1-score": 0.6926343890304575, "support": 54.0}}