{"best_estimator": "KNeighborsClassifier(p=1, weights='distance')", "best_score": 0.49598178679260113, "test_score": 0.5656565656565656}