{"best_estimator": "KNeighborsClassifier(n_neighbors=7, p=1, weights='distance')", "best_score": 0.45159267823242166, "test_score": 0.4395604395604395}