{"best_estimator": "KNeighborsClassifier(n_neighbors=7, p=1, weights='distance')", "best_score": 0.5160412910053601, "test_score": 0.4370015948963317}