{"best_estimator": "KNeighborsClassifier(p=1, weights='distance')", "best_score": 0.43928833814449575, "test_score": 0.536411360883026}