{"0": {"precision": 0.7777777777777778, "recall": 0.0945945945945946, "f1-score": 0.1686746987951807, "support": 74.0}, "1": {"precision": 0.22093023255813954, "recall": 0.9047619047619048, "f1-score": 0.35514018691588783, "support": 21.0}, "accuracy": 0.2736842105263158, "macro avg": {"precision": 0.4993540051679587, "recall": 0.4996782496782497, "f1-score": 0.26190744285553424, "support": 95.0}, "weighted avg": {"precision": 0.6546851625186998, "recall": 0.2736842105263158, "f1-score": 0.20989338564291596, "support": 95.0}}