{"best_estimator": "RandomForestClassifier(criterion='entropy', n_estimators=200)", "best_score": 0.4855660276046175, "test_score": 0.5194062078272604}