{"best_estimator": "RandomForestClassifier()", "best_score": 0.5021936034955111, "test_score": 0.622889305816135}