{"0": {"precision": 0.7894736842105263, "recall": 0.7142857142857143, "f1-score": 0.75, "support": 42.0}, "1": {"precision": 0.3684210526315789, "recall": 0.4666666666666667, "f1-score": 0.4117647058823529, "support": 15.0}, "accuracy": 0.6491228070175439, "macro avg": {"precision": 0.5789473684210527, "recall": 0.5904761904761905, "f1-score": 0.5808823529411764, "support": 57.0}, "weighted avg": {"precision": 0.6786703601108033, "recall": 0.6491228070175439, "f1-score": 0.6609907120743034, "support": 57.0}}