{"best_estimator": "BernoulliNB()", "best_score": 0.5989137934221763, "test_score": 0.6428571428571428}