{"0": {"precision": 0.6730769230769231, "recall": 0.9722222222222222, "f1-score": 0.7954545454545454, "support": 36.0}, "1": {"precision": 0.8, "recall": 0.19047619047619047, "f1-score": 0.3076923076923077, "support": 21.0}, "accuracy": 0.6842105263157895, "macro avg": {"precision": 0.7365384615384616, "recall": 0.5813492063492063, "f1-score": 0.5515734265734266, "support": 57.0}, "weighted avg": {"precision": 0.7198380566801621, "recall": 0.6842105263157895, "f1-score": 0.6157526683842472, "support": 57.0}}