{"best_estimator": "BernoulliNB()", "best_score": 0.5788108446962064, "test_score": 0.6759002770083101}