{"best_estimator": "HistGradientBoostingClassifier(learning_rate=0.5)", "best_score": 0.7049336856576642, "test_score": 0.799702712746191}