{"best_estimator": "KNeighborsClassifier(n_neighbors=15, p=3)", "best_score": 0.7374106080155229, "test_score": 0.6253869969040248}