{"0": {"precision": 0.9032258064516129, "recall": 0.7777777777777778, "f1-score": 0.835820895522388, "support": 36.0}, "1": {"precision": 0.6521739130434783, "recall": 0.8333333333333334, "f1-score": 0.7317073170731707, "support": 18.0}, "accuracy": 0.7962962962962963, "macro avg": {"precision": 0.7776998597475455, "recall": 0.8055555555555556, "f1-score": 0.7837641062977794, "support": 54.0}, "weighted avg": {"precision": 0.8195418419822347, "recall": 0.7962962962962963, "f1-score": 0.8011163693726489, "support": 54.0}}