{"best_estimator": "KNeighborsClassifier(n_neighbors=10, p=3)", "best_score": 0.7205455209302484, "test_score": 0.7287925696594428}