{"best_estimator": "RandomForestClassifier(criterion='log_loss')", "best_score": 0.6611022997385134, "test_score": 0.8412206988058382}