{"precision": 0.763055823141231, "recall": 0.7328145492384963, "f1": 0.7338437033092158}