{"0": {"precision": 0.6666666666666666, "recall": 0.6, "f1-score": 0.631578947368421, "support": 20.0}, "1": {"precision": 0.7037037037037037, "recall": 0.76, "f1-score": 0.7307692307692307, "support": 25.0}, "accuracy": 0.6888888888888889, "macro avg": {"precision": 0.6851851851851851, "recall": 0.6799999999999999, "f1-score": 0.6811740890688258, "support": 45.0}, "weighted avg": {"precision": 0.6872427983539094, "recall": 0.6888888888888889, "f1-score": 0.6866846603688709, "support": 45.0}}