{"best_estimator": "AdaBoostClassifier(algorithm='SAMME', learning_rate=0.05, n_estimators=150)", "best_score": 0.7497289979016056, "test_score": 0.5566772277735733}