{"best_estimator": "BernoulliNB()", "best_score": 0.5375936104355944, "test_score": 0.5800362428269406}