{"0": {"precision": 0.5142857142857142, "recall": 0.72, "f1-score": 0.6, "support": 25.0}, "1": {"precision": 0.36363636363636365, "recall": 0.19047619047619047, "f1-score": 0.25, "support": 21.0}, "accuracy": 0.4782608695652174, "macro avg": {"precision": 0.43896103896103894, "recall": 0.4552380952380952, "f1-score": 0.425, "support": 46.0}, "weighted avg": {"precision": 0.44551101072840205, "recall": 0.4782608695652174, "f1-score": 0.44021739130434784, "support": 46.0}}