{"best_estimator": "BernoulliNB()", "best_score": 0.46616853363255206, "test_score": 0.6645528472243951}