{"best_estimator": "BernoulliNB()", "best_score": 0.5322951958364942, "test_score": 0.5790312826433559}