{"best_estimator": "BernoulliNB()", "best_score": 0.5455041169658802, "test_score": 0.6527777777777778}