{"best_estimator": "HistGradientBoostingClassifier(learning_rate=0.05)", "best_score": 0.7384249843520029, "test_score": 0.559103769395704}