{"best_estimator": "HistGradientBoostingClassifier(learning_rate=0.001)", "best_score": 0.7209710016680078, "test_score": 0.7325428194993413}