{"best_estimator": "HistGradientBoostingClassifier()", "best_score": 0.7462332911613017, "test_score": 0.6636545545347594}