{"best_estimator": "KNeighborsClassifier(n_neighbors=25, weights='distance')", "best_score": 0.7070718602219561, "test_score": 0.6521739130434783}