{"best_estimator": "KNeighborsClassifier(n_neighbors=25, weights='distance')", "best_score": 0.6902171875455725, "test_score": 0.669683257918552}