{"best_estimator": "KNeighborsClassifier()", "best_score": 0.7059504784402676, "test_score": 0.698334158007587}