{"best_estimator": "RandomForestClassifier(max_depth=3)", "best_score": 0.7428326133169161, "test_score": 0.6666666666666666}