{"best_estimator": "RandomForestClassifier(max_depth=2, n_estimators=200)", "best_score": 0.7599924961449969, "test_score": 0.7685185185185186}