{"best_estimator": "AdaBoostClassifier(algorithm='SAMME', learning_rate=0.05, n_estimators=150)", "best_score": 0.7661913733611756, "test_score": 0.6636338571822443}