{"best_estimator": "BernoulliNB()", "best_score": 0.33689045308306226, "test_score": 0.2810035842293907}