{"best_estimator": "HistGradientBoostingClassifier(learning_rate=0.01)", "best_score": 0.7621816254973125, "test_score": 0.7732377538829153}