{"0": {"precision": 0.85, "recall": 0.9444444444444444, "f1-score": 0.8947368421052632, "support": 18.0}, "1": {"precision": 0.9090909090909091, "recall": 0.7692307692307693, "f1-score": 0.8333333333333334, "support": 13.0}, "accuracy": 0.8709677419354839, "macro avg": {"precision": 0.8795454545454545, "recall": 0.8568376068376069, "f1-score": 0.8640350877192983, "support": 31.0}, "weighted avg": {"precision": 0.8747800586510264, "recall": 0.8709677419354839, "f1-score": 0.8689869835880022, "support": 31.0}}