{"best_estimator": "HistGradientBoostingClassifier(learning_rate=0.01)", "best_score": 0.7223523984866012, "test_score": 0.807258064516129}