{"best_estimator": "HistGradientBoostingClassifier(learning_rate=0.01)", "best_score": 0.7294564111425939, "test_score": 0.7653689284390063}