{"best_estimator": "HistGradientBoostingClassifier(learning_rate=0.01)", "best_score": 0.7528861323971581, "test_score": 0.7084485407066052}