{"best_estimator": "HistGradientBoostingClassifier(learning_rate=0.01)", "best_score": 0.7339601426175352, "test_score": 0.7114976236222066}