{"best_estimator": "HistGradientBoostingClassifier(learning_rate=0.001)", "best_score": 0.7061192040963009, "test_score": 0.638256320836966}