{"best_estimator": "KNeighborsClassifier(n_neighbors=25, p=1, weights='distance')", "best_score": 0.7275484425186132, "test_score": 0.6692870696665764}