{"best_estimator": "KNeighborsClassifier(n_neighbors=25, p=3, weights='distance')", "best_score": 0.742285503574077, "test_score": 0.7084485407066052}