{"best_estimator": "RandomForestClassifier(max_depth=2, n_estimators=300)", "best_score": 0.7777906585067791, "test_score": 0.7054302760643139}