{"best_estimator": "RandomForestClassifier(max_depth=2, n_estimators=200)", "best_score": 0.7830026212687884, "test_score": 0.710284154110628}