{"best_estimator": "RandomForestClassifier(max_depth=2, n_estimators=150)", "best_score": 0.7720562141489038, "test_score": 0.7333333333333333}