{"best_estimator": "RandomForestClassifier(max_depth=2)", "best_score": 0.7854674126856055, "test_score": 0.7391783843396746}