{"best_estimator": "BernoulliNB()", "best_score": 0.42160640935365234, "test_score": 0.4841390493564407}