{"best_estimator": "BernoulliNB()", "best_score": 0.44865040353233976, "test_score": 0.2177777777777778}