{"best_estimator": "BernoulliNB()", "best_score": 0.4317338194897838, "test_score": 0.46360153256704983}