{"best_estimator": "KNeighborsClassifier(n_neighbors=25, p=1)", "best_score": 0.7280394831505942, "test_score": 0.7227513227513228}