{"0": {"precision": 0.7692307692307693, "recall": 0.5263157894736842, "f1-score": 0.625, "support": 19.0}, "1": {"precision": 0.7, "recall": 0.875, "f1-score": 0.7777777777777778, "support": 24.0}, "accuracy": 0.7209302325581395, "macro avg": {"precision": 0.7346153846153847, "recall": 0.700657894736842, "f1-score": 0.7013888888888888, "support": 43.0}, "weighted avg": {"precision": 0.7305903398926654, "recall": 0.7209302325581395, "f1-score": 0.7102713178294574, "support": 43.0}}