{"0": {"precision": 0.5405405405405406, "recall": 0.5882352941176471, "f1-score": 0.5633802816901409, "support": 34.0}, "1": {"precision": 0.3, "recall": 0.2608695652173913, "f1-score": 0.27906976744186046, "support": 23.0}, "accuracy": 0.45614035087719296, "macro avg": {"precision": 0.4202702702702703, "recall": 0.42455242966751916, "f1-score": 0.42122502456600064, "support": 57.0}, "weighted avg": {"precision": 0.4434803224276908, "recall": 0.45614035087719296, "f1-score": 0.44865849523908036, "support": 57.0}}