{"best_estimator": "BernoulliNB()", "best_score": 0.5191615925865699, "test_score": 0.5493925610884675}