{"best_estimator": "BernoulliNB()", "best_score": 0.5079093064044579, "test_score": 0.6096304591265398}