{"best_estimator": "BernoulliNB()", "best_score": 0.5458295956141802, "test_score": 0.5121212121212121}