{"0": {"precision": 0.36363636363636365, "recall": 1.0, "f1-score": 0.5333333333333333, "support": 8.0}, "1": {"precision": 0.0, "recall": 0.0, "f1-score": 0.0, "support": 14.0}, "accuracy": 0.36363636363636365, "macro avg": {"precision": 0.18181818181818182, "recall": 0.5, "f1-score": 0.26666666666666666, "support": 22.0}, "weighted avg": {"precision": 0.1322314049586777, "recall": 0.36363636363636365, "f1-score": 0.19393939393939394, "support": 22.0}}