{"best_estimator": "BernoulliNB()", "best_score": 0.5464640733554491, "test_score": 0.3541102077687444}