{"best_estimator": "BernoulliNB()", "best_score": 0.5578296062768631, "test_score": 0.19393939393939394}