{"0": {"precision": 0.8055555555555556, "recall": 0.8405797101449275, "f1-score": 0.8226950354609929, "support": 69.0}, "1": {"precision": 0.5217391304347826, "recall": 0.46153846153846156, "f1-score": 0.4897959183673469, "support": 26.0}, "accuracy": 0.7368421052631579, "macro avg": {"precision": 0.663647342995169, "recall": 0.6510590858416945, "f1-score": 0.6562454769141699, "support": 95.0}, "weighted avg": {"precision": 0.7278794813119757, "recall": 0.7368421052631579, "f1-score": 0.7315858034143108, "support": 95.0}}