{"best_estimator": "HistGradientBoostingClassifier()", "best_score": 0.5250473513942765, "test_score": 0.6596638655462185}