{"best_estimator": "HistGradientBoostingClassifier()", "best_score": 0.5942118738198559, "test_score": 0.5610002016535591}