{"best_estimator": "KNeighborsClassifier(n_neighbors=20, weights='distance')", "best_score": 0.5750960038040822, "test_score": 0.37550239234449756}