{"0": {"precision": 0.6923076923076923, "recall": 0.6585365853658537, "f1-score": 0.675, "support": 41.0}, "1": {"precision": 0.2222222222222222, "recall": 0.25, "f1-score": 0.23529411764705882, "support": 16.0}, "accuracy": 0.543859649122807, "macro avg": {"precision": 0.45726495726495725, "recall": 0.45426829268292684, "f1-score": 0.45514705882352946, "support": 57.0}, "weighted avg": {"precision": 0.5603538761433497, "recall": 0.543859649122807, "f1-score": 0.5515737874097008, "support": 57.0}}