{"best_estimator": "KNeighborsClassifier(n_neighbors=25, p=1)", "best_score": 0.5509858192876449, "test_score": 0.49857722211019245}