{"best_estimator": "KNeighborsClassifier(n_neighbors=15, p=1)", "best_score": 0.5485124032177824, "test_score": 0.4540138224348751}