{"0": {"precision": 0.5510204081632653, "recall": 0.84375, "f1-score": 0.6666666666666666, "support": 32.0}, "1": {"precision": 0.375, "recall": 0.12, "f1-score": 0.18181818181818182, "support": 25.0}, "accuracy": 0.5263157894736842, "macro avg": {"precision": 0.4630102040816326, "recall": 0.481875, "f1-score": 0.4242424242424242, "support": 57.0}, "weighted avg": {"precision": 0.47381847475832434, "recall": 0.5263157894736842, "f1-score": 0.4540138224348751, "support": 57.0}}