{"best_estimator": "RandomForestClassifier()", "best_score": 0.6037251069498606, "test_score": 0.5937211449676824}