{"best_estimator": "RandomForestClassifier(n_estimators=200)", "best_score": 0.5907949357837099, "test_score": 0.5973684210526317}