{"best_estimator": "RandomForestClassifier(criterion='entropy')", "best_score": 0.555523777099506, "test_score": 0.47719570983424364}