{"best_estimator": "RandomForestClassifier(criterion='log_loss', n_estimators=300)", "best_score": 0.5530276239906622, "test_score": 0.6242424242424243}