{"best_estimator": "BernoulliNB()", "best_score": 0.5425782726962597, "test_score": 0.5008547008547009}