{"0": {"precision": 0.4473684210526316, "recall": 0.8947368421052632, "f1-score": 0.5964912280701754, "support": 19.0}, "1": {"precision": 0.6, "recall": 0.125, "f1-score": 0.20689655172413793, "support": 24.0}, "accuracy": 0.46511627906976744, "macro avg": {"precision": 0.5236842105263158, "recall": 0.5098684210526316, "f1-score": 0.40169388989715665, "support": 43.0}, "weighted avg": {"precision": 0.5325581395348837, "recall": 0.46511627906976744, "f1-score": 0.37904303662122424, "support": 43.0}}