{"best_estimator": "BernoulliNB()", "best_score": 0.5536639378551699, "test_score": 0.6666666666666666}