{"best_estimator": "BernoulliNB()", "best_score": 0.5889280352773167, "test_score": 0.6182231698649608}