{"best_estimator": "HistGradientBoostingClassifier()", "best_score": 0.672664763479227, "test_score": 0.8054298642533937}