{"best_estimator": "HistGradientBoostingClassifier(learning_rate=0.01)", "best_score": 0.7019855423123385, "test_score": 0.5116279069767442}