{"best_estimator": "HistGradientBoostingClassifier(learning_rate=0.01)", "best_score": 0.7302283023621747, "test_score": 0.6913320720341951}