{"best_estimator": "KNeighborsClassifier(n_neighbors=25)", "best_score": 0.7437996811571222, "test_score": 0.6148148148148148}