{"best_estimator": "KNeighborsClassifier(n_neighbors=20, p=1)", "best_score": 0.7142406056583049, "test_score": 0.7603042450406001}