{"0": {"precision": 0.6111111111111112, "recall": 0.88, "f1-score": 0.7213114754098361, "support": 25.0}, "1": {"precision": 0.7, "recall": 0.3333333333333333, "f1-score": 0.45161290322580644, "support": 21.0}, "accuracy": 0.6304347826086957, "macro avg": {"precision": 0.6555555555555556, "recall": 0.6066666666666667, "f1-score": 0.5864621893178212, "support": 46.0}, "weighted avg": {"precision": 0.6516908212560386, "recall": 0.6304347826086957, "f1-score": 0.5981882141953878, "support": 46.0}}