{"best_estimator": "BernoulliNB()", "best_score": 0.5647573502167357, "test_score": 0.5681818181818182}