{"0": {"precision": 0.48717948717948717, "recall": 0.95, "f1-score": 0.6440677966101694, "support": 20.0}, "1": {"precision": 0.8333333333333334, "recall": 0.2, "f1-score": 0.3225806451612903, "support": 25.0}, "accuracy": 0.5333333333333333, "macro avg": {"precision": 0.6602564102564102, "recall": 0.575, "f1-score": 0.4833242208857299, "support": 45.0}, "weighted avg": {"precision": 0.6794871794871795, "recall": 0.5333333333333333, "f1-score": 0.46546382358301436, "support": 45.0}}