{"best_estimator": "BernoulliNB()", "best_score": 0.5535538103448053, "test_score": 0.6707818930041152}