{"best_estimator": "HistGradientBoostingClassifier(learning_rate=0.01)", "best_score": 0.7708880601465185, "test_score": 0.7689594356261024}