{"best_estimator": "KNeighborsClassifier(n_neighbors=10, p=1, weights='distance')", "best_score": 0.6952176762658994, "test_score": 0.537037037037037}