{"best_estimator": "KNeighborsClassifier(n_neighbors=25, p=1)", "best_score": 0.6647167992143237, "test_score": 0.6050911592707258}