{"best_estimator": "RandomForestClassifier(max_depth=3, n_estimators=200)", "best_score": 0.7505805632805049, "test_score": 0.7961722488038276}