{"best_estimator": "RandomForestClassifier(max_depth=3, n_estimators=400)", "best_score": 0.7546911696639778, "test_score": 0.7447442875448814}