{"precision": 0.595246110666658, "recall": 0.5524646352131731, "f1": 0.5516294767128969}