{"0": {"precision": 0.7666666666666667, "recall": 0.5111111111111111, "f1-score": 0.6133333333333333, "support": 45.0}, "1": {"precision": 0.42105263157894735, "recall": 0.6956521739130435, "f1-score": 0.5245901639344263, "support": 23.0}, "accuracy": 0.5735294117647058, "macro avg": {"precision": 0.593859649122807, "recall": 0.6033816425120773, "f1-score": 0.5689617486338798, "support": 68.0}, "weighted avg": {"precision": 0.6497678018575851, "recall": 0.5735294117647058, "f1-score": 0.5833172613307618, "support": 68.0}}