{"best_estimator": "BernoulliNB()", "best_score": 0.6258386264736212, "test_score": 0.5384615384615384}