{"best_estimator": "BernoulliNB()", "best_score": 0.6132028046477265, "test_score": 0.8666666666666667}