{"best_estimator": "HistGradientBoostingClassifier()", "best_score": 0.6206515081600831, "test_score": 0.48936170212765956}