{"best_estimator": "HistGradientBoostingClassifier(learning_rate=0.5)", "best_score": 0.5403727848467594, "test_score": 0.6331621423330888}