{"0": {"precision": 0.5294117647058824, "recall": 0.72, "f1-score": 0.6101694915254238, "support": 25.0}, "1": {"precision": 0.5625, "recall": 0.36, "f1-score": 0.43902439024390244, "support": 25.0}, "accuracy": 0.54, "macro avg": {"precision": 0.5459558823529411, "recall": 0.54, "f1-score": 0.5245969408846631, "support": 50.0}, "weighted avg": {"precision": 0.5459558823529411, "recall": 0.54, "f1-score": 0.524596940884663, "support": 50.0}}