{"best_estimator": "KNeighborsClassifier(p=3, weights='distance')", "best_score": 0.5936939744405674, "test_score": 0.6148148148148148}