{"best_estimator": "RandomForestClassifier(criterion='log_loss', n_estimators=200)", "best_score": 0.6093982478170268, "test_score": 0.5986503002284925}