{"best_estimator": "RandomForestClassifier(n_estimators=150)", "best_score": 0.5761576926478783, "test_score": 0.49163879598662213}