{"best_estimator": "RandomForestClassifier(n_estimators=150)", "best_score": 0.62690000083069, "test_score": 0.5331914893617021}