{"0": {"precision": 0.5909090909090909, "recall": 0.48148148148148145, "f1-score": 0.5306122448979592, "support": 27.0}, "1": {"precision": 0.391304347826087, "recall": 0.5, "f1-score": 0.43902439024390244, "support": 18.0}, "accuracy": 0.4888888888888889, "macro avg": {"precision": 0.491106719367589, "recall": 0.4907407407407407, "f1-score": 0.48481831757093086, "support": 45.0}, "weighted avg": {"precision": 0.5110671936758894, "recall": 0.4888888888888889, "f1-score": 0.4939771030363365, "support": 45.0}}