{"best_estimator": "BernoulliNB()", "best_score": 0.6189840114665172, "test_score": 0.5581395348837209}