{"best_estimator": "BernoulliNB()", "best_score": 0.6121420629417816, "test_score": 0.5681818181818182}