{"0": {"precision": 0.7777777777777778, "recall": 0.3181818181818182, "f1-score": 0.45161290322580644, "support": 22.0}, "1": {"precision": 0.5945945945945946, "recall": 0.9166666666666666, "f1-score": 0.7213114754098361, "support": 24.0}, "accuracy": 0.6304347826086957, "macro avg": {"precision": 0.6861861861861862, "recall": 0.6174242424242424, "f1-score": 0.5864621893178212, "support": 46.0}, "weighted avg": {"precision": 0.6822039430735083, "recall": 0.6304347826086957, "f1-score": 0.5923252017566045, "support": 46.0}}