{"best_estimator": "BernoulliNB()", "best_score": 0.581203777701732, "test_score": 0.738095238095238}