{"best_estimator": "HistGradientBoostingClassifier()", "best_score": 0.68408745245861, "test_score": 0.886002886002886}