{"best_estimator": "HistGradientBoostingClassifier(learning_rate=0.01)", "best_score": 0.6763953236724618, "test_score": 0.691358024691358}