{"best_estimator": "HistGradientBoostingClassifier(learning_rate=0.5)", "best_score": 0.6590495600725108, "test_score": 0.7333333333333333}