{"best_estimator": "KNeighborsClassifier(p=3, weights='distance')", "best_score": 0.6664422689508772, "test_score": 0.5986819004402668}