{"0": {"precision": 0.8918918918918919, "recall": 0.7021276595744681, "f1-score": 0.7857142857142857, "support": 47.0}, "1": {"precision": 0.5333333333333333, "recall": 0.8, "f1-score": 0.64, "support": 20.0}, "accuracy": 0.7313432835820896, "macro avg": {"precision": 0.7126126126126127, "recall": 0.7510638297872341, "f1-score": 0.7128571428571429, "support": 67.0}, "weighted avg": {"precision": 0.7848594863520236, "recall": 0.7313432835820896, "f1-score": 0.7422174840085288, "support": 67.0}}