{"best_estimator": "KNeighborsClassifier(n_neighbors=25)", "best_score": 0.6728442095378041, "test_score": 0.47619047619047616}