{"best_estimator": "RandomForestClassifier(n_estimators=150)", "best_score": 0.6441979019683701, "test_score": 0.5333333333333334}