{"best_estimator": "RandomForestClassifier(max_depth=6, n_estimators=400)", "best_score": 0.6439489758947686, "test_score": 0.6726190476190477}