{"best_estimator": "RandomForestClassifier(criterion='log_loss', n_estimators=300)", "best_score": 0.6688523486235749, "test_score": 0.5504201680672268}