{"best_estimator": "RandomForestClassifier()", "best_score": 0.6318544464997554, "test_score": 0.5185185185185185}