{"0": {"precision": 0.7906976744186046, "recall": 0.723404255319149, "f1-score": 0.7555555555555555, "support": 47.0}, "1": {"precision": 0.4583333333333333, "recall": 0.55, "f1-score": 0.5, "support": 20.0}, "accuracy": 0.6716417910447762, "macro avg": {"precision": 0.624515503875969, "recall": 0.6367021276595746, "f1-score": 0.6277777777777778, "support": 67.0}, "weighted avg": {"precision": 0.6914844382737475, "recall": 0.6716417910447762, "f1-score": 0.6792703150912106, "support": 67.0}}