{"best_estimator": "RandomForestClassifier(criterion='entropy', n_estimators=150)", "best_score": 0.6389518283801071, "test_score": 0.6887043930622262}