{"best_estimator": "AdaBoostClassifier(algorithm='SAMME', learning_rate=0.05)", "best_score": 0.7256593818604314, "test_score": 0.8027920845757658}