{"best_estimator": "BernoulliNB()", "best_score": 0.584015135462376, "test_score": 0.5982548268646108}