{"best_estimator": "BernoulliNB()", "best_score": 0.5433210236796788, "test_score": 0.6739729804245933}