{"best_estimator": "BernoulliNB()", "best_score": 0.564400513672052, "test_score": 0.6774193548387096}