{"best_estimator": "BernoulliNB()", "best_score": 0.6033494661022304, "test_score": 0.5483870967741935}