{"best_estimator": "HistGradientBoostingClassifier()", "best_score": 0.6941916519694298, "test_score": 0.6724674589700056}