{"best_estimator": "HistGradientBoostingClassifier(learning_rate=0.01)", "best_score": 0.7362729673012769, "test_score": 0.668154761904762}