{"best_estimator": "KNeighborsClassifier(n_neighbors=25, weights='distance')", "best_score": 0.6604466115169909, "test_score": 0.6129032258064516}