{"best_estimator": "KNeighborsClassifier(n_neighbors=10, p=1, weights='distance')", "best_score": 0.674886646335007, "test_score": 0.6414534668149796}