{"best_estimator": "KNeighborsClassifier(n_neighbors=20, p=1, weights='distance')", "best_score": 0.6841534327111608, "test_score": 0.668154761904762}