{"0": {"precision": 1.0, "recall": 0.7647058823529411, "f1-score": 0.8666666666666667, "support": 17.0}, "1": {"precision": 0.7777777777777778, "recall": 1.0, "f1-score": 0.875, "support": 14.0}, "accuracy": 0.8709677419354839, "macro avg": {"precision": 0.8888888888888888, "recall": 0.8823529411764706, "f1-score": 0.8708333333333333, "support": 31.0}, "weighted avg": {"precision": 0.899641577060932, "recall": 0.8709677419354839, "f1-score": 0.8704301075268818, "support": 31.0}}