{"best_estimator": "RandomForestClassifier(max_depth=2, n_estimators=150)", "best_score": 0.7464121859119317, "test_score": 0.8056451612903226}