{"precision": 0.7417669839431971, "recall": 0.7237899183258333, "f1": 0.7170643805466409}