{"0": {"precision": 1.0, "recall": 0.7222222222222222, "f1-score": 0.8387096774193549, "support": 18.0}, "1": {"precision": 0.7058823529411765, "recall": 1.0, "f1-score": 0.8275862068965517, "support": 12.0}, "accuracy": 0.8333333333333334, "macro avg": {"precision": 0.8529411764705883, "recall": 0.8611111111111112, "f1-score": 0.8331479421579533, "support": 30.0}, "weighted avg": {"precision": 0.8823529411764706, "recall": 0.8333333333333334, "f1-score": 0.8342602892102337, "support": 30.0}}