{"best_estimator": "BernoulliNB()", "best_score": 0.6040640261251694, "test_score": 0.5922249793217534}