{"best_estimator": "BernoulliNB()", "best_score": 0.6319758660737624, "test_score": 0.5850271345265783}