{"best_estimator": "BernoulliNB()", "best_score": 0.6459081914364434, "test_score": 0.4053705318221447}