{"best_estimator": "BernoulliNB()", "best_score": 0.631367132863182, "test_score": 0.6666666666666666}