{"0": {"precision": 0.75, "recall": 0.631578947368421, "f1-score": 0.6857142857142857, "support": 19.0}, "1": {"precision": 0.5333333333333333, "recall": 0.6666666666666666, "f1-score": 0.5925925925925926, "support": 12.0}, "accuracy": 0.6451612903225806, "macro avg": {"precision": 0.6416666666666666, "recall": 0.6491228070175439, "f1-score": 0.6391534391534391, "support": 31.0}, "weighted avg": {"precision": 0.6661290322580645, "recall": 0.6451612903225806, "f1-score": 0.6496671786994368, "support": 31.0}}