{"best_estimator": "HistGradientBoostingClassifier(learning_rate=0.001)", "best_score": 0.6474514956055074, "test_score": 0.7366568914956012}