{"0": {"precision": 0.8333333333333334, "recall": 0.5263157894736842, "f1-score": 0.6451612903225806, "support": 19.0}, "1": {"precision": 0.5263157894736842, "recall": 0.8333333333333334, "f1-score": 0.6451612903225806, "support": 12.0}, "accuracy": 0.6451612903225806, "macro avg": {"precision": 0.6798245614035088, "recall": 0.6798245614035088, "f1-score": 0.6451612903225806, "support": 31.0}, "weighted avg": {"precision": 0.7144878324844369, "recall": 0.6451612903225806, "f1-score": 0.6451612903225806, "support": 31.0}}