{"best_estimator": "KNeighborsClassifier(p=3, weights='distance')", "best_score": 0.7230720902963654, "test_score": 0.7770609318996415}