{"0": {"precision": 0.8, "recall": 0.4444444444444444, "f1-score": 0.5714285714285714, "support": 18.0}, "1": {"precision": 0.5238095238095238, "recall": 0.8461538461538461, "f1-score": 0.6470588235294118, "support": 13.0}, "accuracy": 0.6129032258064516, "macro avg": {"precision": 0.661904761904762, "recall": 0.6452991452991452, "f1-score": 0.6092436974789917, "support": 31.0}, "weighted avg": {"precision": 0.6841781874039938, "recall": 0.6129032258064516, "f1-score": 0.6031444835998916, "support": 31.0}}