{"0": {"precision": 0.9166666666666666, "recall": 0.5789473684210527, "f1-score": 0.7096774193548387, "support": 19.0}, "1": {"precision": 0.5789473684210527, "recall": 0.9166666666666666, "f1-score": 0.7096774193548387, "support": 12.0}, "accuracy": 0.7096774193548387, "macro avg": {"precision": 0.7478070175438596, "recall": 0.7478070175438596, "f1-score": 0.7096774193548387, "support": 31.0}, "weighted avg": {"precision": 0.7859366157328804, "recall": 0.7096774193548387, "f1-score": 0.7096774193548387, "support": 31.0}}