{"0": {"precision": 0.782608695652174, "recall": 0.5454545454545454, "f1-score": 0.6428571428571429, "support": 33.0}, "1": {"precision": 0.5454545454545454, "recall": 0.782608695652174, "f1-score": 0.6428571428571429, "support": 23.0}, "accuracy": 0.6428571428571429, "macro avg": {"precision": 0.6640316205533596, "recall": 0.6640316205533596, "f1-score": 0.6428571428571429, "support": 56.0}, "weighted avg": {"precision": 0.6852060982495766, "recall": 0.6428571428571429, "f1-score": 0.6428571428571429, "support": 56.0}}