{"0": {"precision": 0.7647058823529411, "recall": 0.4642857142857143, "f1-score": 0.5777777777777777, "support": 28.0}, "1": {"precision": 0.5945945945945946, "recall": 0.8461538461538461, "f1-score": 0.6984126984126984, "support": 26.0}, "accuracy": 0.6481481481481481, "macro avg": {"precision": 0.6796502384737679, "recall": 0.6552197802197802, "f1-score": 0.638095238095238, "support": 54.0}, "weighted avg": {"precision": 0.68280044750633, "recall": 0.6481481481481481, "f1-score": 0.6358612580834803, "support": 54.0}}