{"best_estimator": "AdaBoostClassifier(algorithm='SAMME', learning_rate=0.01, n_estimators=100)", "best_score": 0.6819576320222432, "test_score": 0.7833333333333334}