{"0": {"precision": 0.48717948717948717, "recall": 0.6785714285714286, "f1-score": 0.5671641791044776, "support": 28.0}, "1": {"precision": 0.4, "recall": 0.23076923076923078, "f1-score": 0.2926829268292683, "support": 26.0}, "accuracy": 0.46296296296296297, "macro avg": {"precision": 0.44358974358974357, "recall": 0.4546703296703297, "f1-score": 0.4299235529668729, "support": 54.0}, "weighted avg": {"precision": 0.4452041785375119, "recall": 0.46296296296296297, "f1-score": 0.4350065391201175, "support": 54.0}}