{"best_estimator": "BernoulliNB()", "best_score": 0.48534839785697753, "test_score": 0.3983194572926303}