{"best_estimator": "BernoulliNB()", "best_score": 0.5654102644721265, "test_score": 0.4350065391201175}