{"best_estimator": "HistGradientBoostingClassifier()", "best_score": 0.7245853017082606, "test_score": 0.7106608725097353}