{"best_estimator": "HistGradientBoostingClassifier(learning_rate=0.05)", "best_score": 0.6793385335762323, "test_score": 0.6813738678145458}