{"best_estimator": "HistGradientBoostingClassifier(learning_rate=0.05)", "best_score": 0.700375176726473, "test_score": 0.7342953574872573}