{"best_estimator": "HistGradientBoostingClassifier()", "best_score": 0.7004507809912134, "test_score": 0.7692307692307693}