{"0": {"precision": 0.8, "recall": 0.7407407407407407, "f1-score": 0.7692307692307693, "support": 27.0}, "1": {"precision": 0.7407407407407407, "recall": 0.8, "f1-score": 0.7692307692307693, "support": 25.0}, "accuracy": 0.7692307692307693, "macro avg": {"precision": 0.7703703703703704, "recall": 0.7703703703703704, "f1-score": 0.7692307692307693, "support": 52.0}, "weighted avg": {"precision": 0.7715099715099716, "recall": 0.7692307692307693, "f1-score": 0.7692307692307693, "support": 52.0}}