{"0": {"precision": 0.6666666666666666, "recall": 0.5, "f1-score": 0.5714285714285714, "support": 28.0}, "1": {"precision": 0.5757575757575758, "recall": 0.7307692307692307, "f1-score": 0.6440677966101694, "support": 26.0}, "accuracy": 0.6111111111111112, "macro avg": {"precision": 0.6212121212121212, "recall": 0.6153846153846154, "f1-score": 0.6077481840193704, "support": 54.0}, "weighted avg": {"precision": 0.6228956228956228, "recall": 0.6111111111111112, "f1-score": 0.6064030131826741, "support": 54.0}}