{"best_estimator": "KNeighborsClassifier(n_neighbors=10, weights='distance')", "best_score": 0.6489824165901001, "test_score": 0.7168831168831169}