{"0": {"precision": 0.6666666666666666, "recall": 0.37037037037037035, "f1-score": 0.47619047619047616, "support": 27.0}, "1": {"precision": 0.5405405405405406, "recall": 0.8, "f1-score": 0.6451612903225806, "support": 25.0}, "accuracy": 0.5769230769230769, "macro avg": {"precision": 0.6036036036036037, "recall": 0.5851851851851853, "f1-score": 0.5606758832565284, "support": 52.0}, "weighted avg": {"precision": 0.6060291060291061, "recall": 0.5769230769230769, "f1-score": 0.5574264445232188, "support": 52.0}}