{"0": {"precision": 0.6666666666666666, "recall": 0.5, "f1-score": 0.5714285714285714, "support": 8.0}, "1": {"precision": 0.75, "recall": 0.8571428571428571, "f1-score": 0.8, "support": 14.0}, "accuracy": 0.7272727272727273, "macro avg": {"precision": 0.7083333333333333, "recall": 0.6785714285714286, "f1-score": 0.6857142857142857, "support": 22.0}, "weighted avg": {"precision": 0.7196969696969696, "recall": 0.7272727272727273, "f1-score": 0.7168831168831169, "support": 22.0}}