{"best_estimator": "KNeighborsClassifier(n_neighbors=7, p=1)", "best_score": 0.6555734445292609, "test_score": 0.645217090468777}