{"best_estimator": "KNeighborsClassifier(weights='distance')", "best_score": 0.703567244481829, "test_score": 0.6064030131826741}