{"best_estimator": "RandomForestClassifier(criterion='log_loss', n_estimators=150)", "best_score": 0.7243026127784222, "test_score": 0.5054466230936819}