{"0": {"precision": 0.75, "recall": 0.6666666666666666, "f1-score": 0.7058823529411765, "support": 27.0}, "1": {"precision": 0.6785714285714286, "recall": 0.76, "f1-score": 0.7169811320754716, "support": 25.0}, "accuracy": 0.7115384615384616, "macro avg": {"precision": 0.7142857142857143, "recall": 0.7133333333333334, "f1-score": 0.7114317425083241, "support": 52.0}, "weighted avg": {"precision": 0.7156593406593407, "recall": 0.7115384615384616, "f1-score": 0.7112183044480491, "support": 52.0}}