{"best_estimator": "RandomForestClassifier(criterion='log_loss', n_estimators=400)", "best_score": 0.7355075655565415, "test_score": 0.7497217068645641}