{"best_estimator": "RandomForestClassifier(criterion='entropy', n_estimators=150)", "best_score": 0.737260039193543, "test_score": 0.6247773279352227}