{"best_estimator": "RandomForestClassifier(criterion='entropy', n_estimators=150)", "best_score": 0.7130103265291494, "test_score": 0.6265644955300128}