{"0": {"precision": 1.0, "recall": 0.5, "f1-score": 0.6666666666666666, "support": 18.0}, "1": {"precision": 0.5714285714285714, "recall": 1.0, "f1-score": 0.7272727272727273, "support": 12.0}, "accuracy": 0.7, "macro avg": {"precision": 0.7857142857142857, "recall": 0.75, "f1-score": 0.696969696969697, "support": 30.0}, "weighted avg": {"precision": 0.8285714285714286, "recall": 0.7, "f1-score": 0.6909090909090909, "support": 30.0}}