{"best_estimator": "BernoulliNB()", "best_score": 0.6365613809534795, "test_score": 0.5502688172043011}