{"best_estimator": "BernoulliNB()", "best_score": 0.6260779299703758, "test_score": 0.5611196449906126}