{"best_estimator": "BernoulliNB()", "best_score": 0.6239251465912996, "test_score": 0.5690767519466073}