{"best_estimator": "HistGradientBoostingClassifier(learning_rate=0.01)", "best_score": 0.6600580680095144, "test_score": 0.7030303030303031}