{"best_estimator": "KNeighborsClassifier(p=3, weights='distance')", "best_score": 0.7351200624567042, "test_score": 0.6177825969097316}