{"best_estimator": "KNeighborsClassifier(n_neighbors=7, p=3)", "best_score": 0.7143495065757398, "test_score": 0.807258064516129}