{"best_estimator": "KNeighborsClassifier(n_neighbors=7, p=3)", "best_score": 0.7110874279788579, "test_score": 0.5727576094650622}