{"0": {"precision": 0.7894736842105263, "recall": 0.8333333333333334, "f1-score": 0.8108108108108109, "support": 18.0}, "1": {"precision": 0.7272727272727273, "recall": 0.6666666666666666, "f1-score": 0.6956521739130435, "support": 12.0}, "accuracy": 0.7666666666666667, "macro avg": {"precision": 0.7583732057416268, "recall": 0.75, "f1-score": 0.7532314923619272, "support": 30.0}, "weighted avg": {"precision": 0.7645933014354066, "recall": 0.7666666666666667, "f1-score": 0.7647473560517039, "support": 30.0}}