{"best_estimator": "HistGradientBoostingClassifier()", "best_score": 0.7210551128714533, "test_score": 0.8338945005611672}