{"best_estimator": "HistGradientBoostingClassifier(learning_rate=0.01)", "best_score": 0.7357842563022116, "test_score": 0.8068548387096776}