{"best_estimator": "KNeighborsClassifier(n_neighbors=10, p=1)", "best_score": 0.6821123125969882, "test_score": 0.6473859844271413}