{"0": {"precision": 0.7333333333333333, "recall": 0.6111111111111112, "f1-score": 0.6666666666666666, "support": 18.0}, "1": {"precision": 0.5625, "recall": 0.6923076923076923, "f1-score": 0.6206896551724138, "support": 13.0}, "accuracy": 0.6451612903225806, "macro avg": {"precision": 0.6479166666666667, "recall": 0.6517094017094017, "f1-score": 0.6436781609195402, "support": 31.0}, "weighted avg": {"precision": 0.6616935483870967, "recall": 0.6451612903225806, "f1-score": 0.6473859844271413, "support": 31.0}}