{"best_estimator": "KNeighborsClassifier(n_neighbors=25, p=1)", "best_score": 0.6941247973887045, "test_score": 0.6459028550241008}