{"best_estimator": "RandomForestClassifier(max_depth=3)", "best_score": 0.7773578604301878, "test_score": 0.614516129032258}