{"best_estimator": "RandomForestClassifier(max_depth=2, n_estimators=400)", "best_score": 0.7725308018456756, "test_score": 0.7096774193548387}