{"best_estimator": "BernoulliNB()", "best_score": 0.5820015226242223, "test_score": 0.6928178037540744}