{"best_estimator": "BernoulliNB()", "best_score": 0.5741389946856232, "test_score": 0.47594793435200905}