{"best_estimator": "HistGradientBoostingClassifier(learning_rate=0.01)", "best_score": 0.7413369752019687, "test_score": 0.8043837882547561}