{"best_estimator": "HistGradientBoostingClassifier()", "best_score": 0.72386788593331, "test_score": 0.7641241414032438}