{"best_estimator": "HistGradientBoostingClassifier(learning_rate=0.001)", "best_score": 0.7314424072652612, "test_score": 0.5375291191218857}