{"best_estimator": "RandomForestClassifier(max_depth=2, n_estimators=150)", "best_score": 0.7723344929320279, "test_score": 0.8380269670592251}