{"best_estimator": "RandomForestClassifier(criterion='entropy', max_depth=3)", "best_score": 0.7777809846160688, "test_score": 0.7408602150537634}