{"0": {"precision": 1.0, "recall": 0.6296296296296297, "f1-score": 0.7727272727272727, "support": 27.0}, "1": {"precision": 0.5454545454545454, "recall": 1.0, "f1-score": 0.7058823529411765, "support": 12.0}, "accuracy": 0.7435897435897436, "macro avg": {"precision": 0.7727272727272727, "recall": 0.8148148148148149, "f1-score": 0.7393048128342246, "support": 39.0}, "weighted avg": {"precision": 0.8601398601398602, "recall": 0.7435897435897436, "f1-score": 0.7521596051007816, "support": 39.0}}