{"0": {"precision": 0.9444444444444444, "recall": 0.6538461538461539, "f1-score": 0.7727272727272727, "support": 26.0}, "1": {"precision": 0.55, "recall": 0.9166666666666666, "f1-score": 0.6875, "support": 12.0}, "accuracy": 0.7368421052631579, "macro avg": {"precision": 0.7472222222222222, "recall": 0.7852564102564102, "f1-score": 0.7301136363636364, "support": 38.0}, "weighted avg": {"precision": 0.8198830409356725, "recall": 0.7368421052631579, "f1-score": 0.7458133971291866, "support": 38.0}}