{"best_estimator": "BernoulliNB()", "best_score": 0.6026039360389068, "test_score": 0.7200834073444802}