{"best_estimator": "BernoulliNB()", "best_score": 0.6055532884876121, "test_score": 0.4343470483005367}