{"best_estimator": "BernoulliNB()", "best_score": 0.5984420161943171, "test_score": 0.5641025641025641}