{"best_estimator": "BernoulliNB()", "best_score": 0.5831706486498364, "test_score": 0.43840579710144933}