{"0": {"precision": 0.875, "recall": 0.25925925925925924, "f1-score": 0.4, "support": 27.0}, "1": {"precision": 0.3548387096774194, "recall": 0.9166666666666666, "f1-score": 0.5116279069767442, "support": 12.0}, "accuracy": 0.46153846153846156, "macro avg": {"precision": 0.6149193548387097, "recall": 0.5879629629629629, "f1-score": 0.4558139534883721, "support": 39.0}, "weighted avg": {"precision": 0.7149503722084367, "recall": 0.46153846153846156, "f1-score": 0.4343470483005367, "support": 39.0}}