{"0": {"precision": 0.8125, "recall": 0.5, "f1-score": 0.6190476190476191, "support": 26.0}, "1": {"precision": 0.4090909090909091, "recall": 0.75, "f1-score": 0.5294117647058824, "support": 12.0}, "accuracy": 0.5789473684210527, "macro avg": {"precision": 0.6107954545454546, "recall": 0.625, "f1-score": 0.5742296918767507, "support": 38.0}, "weighted avg": {"precision": 0.6851076555023924, "recall": 0.5789473684210527, "f1-score": 0.5907415597818074, "support": 38.0}}