{"best_estimator": "HistGradientBoostingClassifier(learning_rate=0.5)", "best_score": 0.7706589285997418, "test_score": 0.7838029416976786}