{"best_estimator": "HistGradientBoostingClassifier(learning_rate=0.5)", "best_score": 0.7662750893636832, "test_score": 0.7773507280896444}