{"0": {"precision": 1.0, "recall": 0.7037037037037037, "f1-score": 0.8260869565217391, "support": 27.0}, "1": {"precision": 0.6, "recall": 1.0, "f1-score": 0.75, "support": 12.0}, "accuracy": 0.7948717948717948, "macro avg": {"precision": 0.8, "recall": 0.8518518518518519, "f1-score": 0.7880434782608696, "support": 39.0}, "weighted avg": {"precision": 0.876923076923077, "recall": 0.7948717948717948, "f1-score": 0.802675585284281, "support": 39.0}}