{"0": {"precision": 0.9285714285714286, "recall": 0.5, "f1-score": 0.65, "support": 26.0}, "1": {"precision": 0.48, "recall": 0.9230769230769231, "f1-score": 0.631578947368421, "support": 13.0}, "accuracy": 0.6410256410256411, "macro avg": {"precision": 0.7042857142857143, "recall": 0.7115384615384616, "f1-score": 0.6407894736842106, "support": 39.0}, "weighted avg": {"precision": 0.779047619047619, "recall": 0.6410256410256411, "f1-score": 0.643859649122807, "support": 39.0}}