{"0": {"precision": 0.8571428571428571, "recall": 0.6923076923076923, "f1-score": 0.7659574468085106, "support": 26.0}, "1": {"precision": 0.5294117647058824, "recall": 0.75, "f1-score": 0.6206896551724138, "support": 12.0}, "accuracy": 0.7105263157894737, "macro avg": {"precision": 0.6932773109243697, "recall": 0.7211538461538461, "f1-score": 0.6933235509904623, "support": 38.0}, "weighted avg": {"precision": 0.7536488279522334, "recall": 0.7105263157894737, "f1-score": 0.7200834073444802, "support": 38.0}}