{"best_estimator": "KNeighborsClassifier(n_neighbors=15, p=3)", "best_score": 0.8064202466343833, "test_score": 0.6209624258404747}