{"best_estimator": "KNeighborsClassifier(n_neighbors=7, p=3)", "best_score": 0.8004698758527363, "test_score": 0.7040133779264214}