{"best_estimator": "KNeighborsClassifier(n_neighbors=7, p=3)", "best_score": 0.802072501889095, "test_score": 0.7532051282051282}