{"0": {"precision": 0.8181818181818182, "recall": 0.6923076923076923, "f1-score": 0.75, "support": 26.0}, "1": {"precision": 0.5294117647058824, "recall": 0.6923076923076923, "f1-score": 0.6, "support": 13.0}, "accuracy": 0.6923076923076923, "macro avg": {"precision": 0.6737967914438503, "recall": 0.6923076923076923, "f1-score": 0.675, "support": 39.0}, "weighted avg": {"precision": 0.7219251336898396, "recall": 0.6923076923076923, "f1-score": 0.7000000000000001, "support": 39.0}}