{"0": {"precision": 0.7352941176470589, "recall": 0.9615384615384616, "f1-score": 0.8333333333333334, "support": 26.0}, "1": {"precision": 0.75, "recall": 0.25, "f1-score": 0.375, "support": 12.0}, "accuracy": 0.7368421052631579, "macro avg": {"precision": 0.7426470588235294, "recall": 0.6057692307692308, "f1-score": 0.6041666666666667, "support": 38.0}, "weighted avg": {"precision": 0.739938080495356, "recall": 0.7368421052631579, "f1-score": 0.6885964912280702, "support": 38.0}}