{"0": {"precision": 0.95, "recall": 0.7037037037037037, "f1-score": 0.8085106382978723, "support": 27.0}, "1": {"precision": 0.5789473684210527, "recall": 0.9166666666666666, "f1-score": 0.7096774193548387, "support": 12.0}, "accuracy": 0.7692307692307693, "macro avg": {"precision": 0.7644736842105263, "recall": 0.8101851851851851, "f1-score": 0.7590940288263555, "support": 39.0}, "weighted avg": {"precision": 0.8358299595141699, "recall": 0.7692307692307693, "f1-score": 0.7781004170846312, "support": 39.0}}