{"best_estimator": "AdaBoostClassifier(algorithm='SAMME', learning_rate=0.1)", "best_score": 0.7677971063240677, "test_score": 0.7576726342710998}