{"best_estimator": "BernoulliNB()", "best_score": 0.5815641640444736, "test_score": 0.5097737272155877}