{"0": {"precision": 1.0, "recall": 0.2857142857142857, "f1-score": 0.4444444444444444, "support": 28.0}, "1": {"precision": 0.3939393939393939, "recall": 1.0, "f1-score": 0.5652173913043478, "support": 13.0}, "accuracy": 0.5121951219512195, "macro avg": {"precision": 0.696969696969697, "recall": 0.6428571428571428, "f1-score": 0.5048309178743962, "support": 41.0}, "weighted avg": {"precision": 0.8078344419807836, "recall": 0.5121951219512195, "f1-score": 0.482738305643926, "support": 41.0}}