{"best_estimator": "HistGradientBoostingClassifier(learning_rate=0.01)", "best_score": 0.7633506479393549, "test_score": 0.7075757575757576}