{"best_estimator": "HistGradientBoostingClassifier(learning_rate=0.01)", "best_score": 0.7643307639788006, "test_score": 0.7274982529699511}