{"best_estimator": "KNeighborsClassifier(n_neighbors=25, p=3, weights='distance')", "best_score": 0.6814354086515662, "test_score": 0.8053333333333332}