{"0": {"precision": 0.8888888888888888, "recall": 0.5714285714285714, "f1-score": 0.6956521739130435, "support": 28.0}, "1": {"precision": 0.4782608695652174, "recall": 0.8461538461538461, "f1-score": 0.6111111111111112, "support": 13.0}, "accuracy": 0.6585365853658537, "macro avg": {"precision": 0.6835748792270531, "recall": 0.7087912087912087, "f1-score": 0.6533816425120773, "support": 41.0}, "weighted avg": {"precision": 0.7586897608106515, "recall": 0.6585365853658537, "f1-score": 0.6688464710734063, "support": 41.0}}