{"0": {"precision": 0.8571428571428571, "recall": 0.4444444444444444, "f1-score": 0.5853658536585366, "support": 27.0}, "1": {"precision": 0.4230769230769231, "recall": 0.8461538461538461, "f1-score": 0.5641025641025641, "support": 13.0}, "accuracy": 0.575, "macro avg": {"precision": 0.6401098901098901, "recall": 0.6452991452991452, "f1-score": 0.5747342088805503, "support": 40.0}, "weighted avg": {"precision": 0.7160714285714286, "recall": 0.575, "f1-score": 0.5784552845528455, "support": 40.0}}