{"0": {"precision": 0.8518518518518519, "recall": 0.8518518518518519, "f1-score": 0.8518518518518519, "support": 27.0}, "1": {"precision": 0.6923076923076923, "recall": 0.6923076923076923, "f1-score": 0.6923076923076923, "support": 13.0}, "accuracy": 0.8, "macro avg": {"precision": 0.7720797720797721, "recall": 0.7720797720797721, "f1-score": 0.7720797720797721, "support": 40.0}, "weighted avg": {"precision": 0.8, "recall": 0.8, "f1-score": 0.8, "support": 40.0}}