{"best_estimator": "RandomForestClassifier(n_estimators=150)", "best_score": 0.6490287044602614, "test_score": 0.7286949080017115}