{"0": {"precision": 0.75, "recall": 0.8888888888888888, "f1-score": 0.8135593220338984, "support": 27.0}, "1": {"precision": 0.625, "recall": 0.38461538461538464, "f1-score": 0.47619047619047616, "support": 13.0}, "accuracy": 0.725, "macro avg": {"precision": 0.6875, "recall": 0.6367521367521367, "f1-score": 0.6448748991121873, "support": 40.0}, "weighted avg": {"precision": 0.709375, "recall": 0.725, "f1-score": 0.7039144471347861, "support": 40.0}}