{"best_estimator": "RandomForestClassifier()", "best_score": 0.6510192921203453, "test_score": 0.6830721003134796}