{"best_estimator": "BernoulliNB()", "best_score": 0.5836272614787663, "test_score": 0.4630101816519247}