{"best_estimator": "BernoulliNB()", "best_score": 0.5788574748060844, "test_score": 0.5420689655172413}