{"best_estimator": "BernoulliNB()", "best_score": 0.5758028763460223, "test_score": 0.6936813186813188}