{"best_estimator": "HistGradientBoostingClassifier()", "best_score": 0.7616121799390443, "test_score": 0.6733333333333332}