{"best_estimator": "HistGradientBoostingClassifier(learning_rate=0.5)", "best_score": 0.7618002395104553, "test_score": 0.7665400668760131}