{"best_estimator": "HistGradientBoostingClassifier(learning_rate=0.05)", "best_score": 0.7506941732037811, "test_score": 0.7069147069147069}