{"0": {"precision": 0.8695652173913043, "recall": 0.8108108108108109, "f1-score": 0.8391608391608392, "support": 74.0}, "1": {"precision": 0.46153846153846156, "recall": 0.5714285714285714, "f1-score": 0.5106382978723404, "support": 21.0}, "accuracy": 0.7578947368421053, "macro avg": {"precision": 0.6655518394648829, "recall": 0.6911196911196911, "f1-score": 0.6748995685165897, "support": 95.0}, "weighted avg": {"precision": 0.7793698292554128, "recall": 0.7578947368421053, "f1-score": 0.7665400668760131, "support": 95.0}}