{"0": {"precision": 1.0, "recall": 0.7272727272727273, "f1-score": 0.8421052631578947, "support": 11.0}, "1": {"precision": 0.7692307692307693, "recall": 1.0, "f1-score": 0.8695652173913043, "support": 10.0}, "accuracy": 0.8571428571428571, "macro avg": {"precision": 0.8846153846153846, "recall": 0.8636363636363636, "f1-score": 0.8558352402745995, "support": 21.0}, "weighted avg": {"precision": 0.8901098901098902, "recall": 0.8571428571428571, "f1-score": 0.8551814318404707, "support": 21.0}}