{"0": {"precision": 1.0, "recall": 0.6111111111111112, "f1-score": 0.7586206896551724, "support": 36.0}, "1": {"precision": 0.5625, "recall": 1.0, "f1-score": 0.72, "support": 18.0}, "accuracy": 0.7407407407407407, "macro avg": {"precision": 0.78125, "recall": 0.8055555555555556, "f1-score": 0.7393103448275862, "support": 54.0}, "weighted avg": {"precision": 0.8541666666666666, "recall": 0.7407407407407407, "f1-score": 0.7457471264367816, "support": 54.0}}