{"0": {"precision": 0.8846153846153846, "recall": 0.696969696969697, "f1-score": 0.7796610169491526, "support": 33.0}, "1": {"precision": 0.6774193548387096, "recall": 0.875, "f1-score": 0.7636363636363637, "support": 24.0}, "accuracy": 0.7719298245614035, "macro avg": {"precision": 0.781017369727047, "recall": 0.7859848484848485, "f1-score": 0.7716486902927582, "support": 57.0}, "weighted avg": {"precision": 0.7973749510252056, "recall": 0.7719298245614035, "f1-score": 0.7729137945016625, "support": 57.0}}