{"best_estimator": "KNeighborsClassifier(n_neighbors=20, p=3, weights='distance')", "best_score": 0.6873091103842058, "test_score": 0.7729137945016625}