{"0": {"precision": 0.9, "recall": 0.6428571428571429, "f1-score": 0.75, "support": 42.0}, "1": {"precision": 0.4444444444444444, "recall": 0.8, "f1-score": 0.5714285714285714, "support": 15.0}, "accuracy": 0.6842105263157895, "macro avg": {"precision": 0.6722222222222223, "recall": 0.7214285714285715, "f1-score": 0.6607142857142857, "support": 57.0}, "weighted avg": {"precision": 0.7801169590643275, "recall": 0.6842105263157895, "f1-score": 0.7030075187969924, "support": 57.0}}