{"best_estimator": "RandomForestClassifier()", "best_score": 0.6436425350422079, "test_score": 0.7103174603174602}