{"best_estimator": "RandomForestClassifier(criterion='entropy', n_estimators=300)", "best_score": 0.6416946243804079, "test_score": 0.7427154843630815}