{"0": {"precision": 0.8840579710144928, "recall": 0.8243243243243243, "f1-score": 0.8531468531468531, "support": 74.0}, "1": {"precision": 0.5, "recall": 0.6190476190476191, "f1-score": 0.5531914893617021, "support": 21.0}, "accuracy": 0.7789473684210526, "macro avg": {"precision": 0.6920289855072463, "recall": 0.7216859716859717, "f1-score": 0.7031691712542776, "support": 95.0}, "weighted avg": {"precision": 0.7991609458428681, "recall": 0.7789473684210526, "f1-score": 0.7868409306259251, "support": 95.0}}