{"precision": 0.6695647423769986, "recall": 0.679530818364456, "f1": 0.6684814791171644}