{"0": {"precision": 0.0, "recall": 0.0, "f1-score": 0.0, "support": 25.0}, "1": {"precision": 0.375, "recall": 1.0, "f1-score": 0.5454545454545454, "support": 15.0}, "accuracy": 0.375, "macro avg": {"precision": 0.1875, "recall": 0.5, "f1-score": 0.2727272727272727, "support": 40.0}, "weighted avg": {"precision": 0.140625, "recall": 0.375, "f1-score": 0.20454545454545453, "support": 40.0}}