{"best_estimator": "HistGradientBoostingClassifier()", "best_score": 0.5470251024180183, "test_score": 0.636039886039886}