{"0": {"precision": 0.72, "recall": 0.6923076923076923, "f1-score": 0.7058823529411765, "support": 26.0}, "1": {"precision": 0.5, "recall": 0.5333333333333333, "f1-score": 0.5161290322580645, "support": 15.0}, "accuracy": 0.6341463414634146, "macro avg": {"precision": 0.61, "recall": 0.6128205128205129, "f1-score": 0.6110056925996206, "support": 41.0}, "weighted avg": {"precision": 0.6395121951219512, "recall": 0.6341463414634146, "f1-score": 0.6364604063497941, "support": 41.0}}