{"0": {"precision": 0.6060606060606061, "recall": 0.8, "f1-score": 0.6896551724137931, "support": 25.0}, "1": {"precision": 0.2857142857142857, "recall": 0.13333333333333333, "f1-score": 0.18181818181818182, "support": 15.0}, "accuracy": 0.55, "macro avg": {"precision": 0.4458874458874459, "recall": 0.4666666666666667, "f1-score": 0.4357366771159875, "support": 40.0}, "weighted avg": {"precision": 0.48593073593073594, "recall": 0.55, "f1-score": 0.4992163009404389, "support": 40.0}}