{"best_estimator": "HistGradientBoostingClassifier(learning_rate=0.5)", "best_score": 0.5599649149721462, "test_score": 0.6364604063497941}