{"best_estimator": "KNeighborsClassifier(weights='distance')", "best_score": 0.4833679325870703, "test_score": 0.6792897548711502}