{"best_estimator": "RandomForestClassifier(criterion='log_loss', n_estimators=200)", "best_score": 0.5627460102825311, "test_score": 0.6147798742138365}