{"0": {"precision": 0.8214285714285714, "recall": 0.92, "f1-score": 0.8679245283018868, "support": 25.0}, "1": {"precision": 0.8333333333333334, "recall": 0.6666666666666666, "f1-score": 0.7407407407407407, "support": 15.0}, "accuracy": 0.825, "macro avg": {"precision": 0.8273809523809523, "recall": 0.7933333333333333, "f1-score": 0.8043326345213138, "support": 40.0}, "weighted avg": {"precision": 0.8258928571428571, "recall": 0.825, "f1-score": 0.820230607966457, "support": 40.0}}