{"best_estimator": "RandomForestClassifier(criterion='log_loss')", "best_score": 0.5461971428463244, "test_score": 0.688034188034188}