{"0": {"precision": 0.8148148148148148, "recall": 0.8461538461538461, "f1-score": 0.8301886792452831, "support": 26.0}, "1": {"precision": 0.7142857142857143, "recall": 0.6666666666666666, "f1-score": 0.6896551724137931, "support": 15.0}, "accuracy": 0.7804878048780488, "macro avg": {"precision": 0.7645502645502645, "recall": 0.7564102564102564, "f1-score": 0.7599219258295381, "support": 41.0}, "weighted avg": {"precision": 0.7780358755968512, "recall": 0.7804878048780488, "f1-score": 0.7787739816240062, "support": 41.0}}