{"best_estimator": "RandomForestClassifier(criterion='entropy', n_estimators=400)", "best_score": 0.5430876089590729, "test_score": 0.820230607966457}