{"0": {"precision": 0.7142857142857143, "recall": 0.9615384615384616, "f1-score": 0.819672131147541, "support": 26.0}, "1": {"precision": 0.8333333333333334, "recall": 0.3333333333333333, "f1-score": 0.47619047619047616, "support": 15.0}, "accuracy": 0.7317073170731707, "macro avg": {"precision": 0.7738095238095238, "recall": 0.6474358974358975, "f1-score": 0.6479313036690086, "support": 41.0}, "weighted avg": {"precision": 0.7578397212543554, "recall": 0.7317073170731707, "f1-score": 0.6940081110412978, "support": 41.0}}