{"best_estimator": "BernoulliNB()", "best_score": 0.5209369420983967, "test_score": 0.46875}