{"0": {"precision": 0.6571428571428571, "recall": 0.92, "f1-score": 0.7666666666666667, "support": 25.0}, "1": {"precision": 0.6, "recall": 0.2, "f1-score": 0.3, "support": 15.0}, "accuracy": 0.65, "macro avg": {"precision": 0.6285714285714286, "recall": 0.56, "f1-score": 0.5333333333333333, "support": 40.0}, "weighted avg": {"precision": 0.6357142857142857, "recall": 0.65, "f1-score": 0.5916666666666667, "support": 40.0}}