{"best_estimator": "HistGradientBoostingClassifier()", "best_score": 0.5774124595845164, "test_score": 0.7321428571428571}