{"best_estimator": "HistGradientBoostingClassifier()", "best_score": 0.5083245843056877, "test_score": 0.688034188034188}