{"best_estimator": "KNeighborsClassifier(n_neighbors=25, p=3)", "best_score": 0.5502386781414457, "test_score": 0.4642857142857143}