{"0": {"precision": 0.5806451612903226, "recall": 0.72, "f1-score": 0.6428571428571429, "support": 25.0}, "1": {"precision": 0.2222222222222222, "recall": 0.13333333333333333, "f1-score": 0.16666666666666666, "support": 15.0}, "accuracy": 0.5, "macro avg": {"precision": 0.4014336917562724, "recall": 0.42666666666666664, "f1-score": 0.40476190476190477, "support": 40.0}, "weighted avg": {"precision": 0.446236559139785, "recall": 0.5, "f1-score": 0.4642857142857143, "support": 40.0}}