{"0": {"precision": 0.7142857142857143, "recall": 0.8, "f1-score": 0.7547169811320755, "support": 25.0}, "1": {"precision": 0.5833333333333334, "recall": 0.4666666666666667, "f1-score": 0.5185185185185185, "support": 15.0}, "accuracy": 0.675, "macro avg": {"precision": 0.6488095238095238, "recall": 0.6333333333333333, "f1-score": 0.636617749825297, "support": 40.0}, "weighted avg": {"precision": 0.6651785714285714, "recall": 0.675, "f1-score": 0.6661425576519917, "support": 40.0}}