{"best_estimator": "RandomForestClassifier(criterion='entropy', n_estimators=300)", "best_score": 0.6033452992784039, "test_score": 0.7545766590389016}