{"best_estimator": "RandomForestClassifier(criterion='log_loss', n_estimators=200)", "best_score": 0.5631167425786476, "test_score": 0.6661442006269592}