{"best_estimator": "RandomForestClassifier(criterion='log_loss', n_estimators=150)", "best_score": 0.5878955670509839, "test_score": 0.6785714285714286}