{"precision": 0.7392214608139677, "recall": 0.7208279625194042, "f1": 0.7143729485255397}