{"0": {"precision": 1.0, "recall": 0.5925925925925926, "f1-score": 0.7441860465116279, "support": 27.0}, "1": {"precision": 0.5217391304347826, "recall": 1.0, "f1-score": 0.6857142857142857, "support": 12.0}, "accuracy": 0.717948717948718, "macro avg": {"precision": 0.7608695652173914, "recall": 0.7962962962962963, "f1-score": 0.7149501661129568, "support": 39.0}, "weighted avg": {"precision": 0.8528428093645485, "recall": 0.717948717948718, "f1-score": 0.726194735497061, "support": 39.0}}