{"0": {"precision": 1.0, "recall": 0.46153846153846156, "f1-score": 0.631578947368421, "support": 26.0}, "1": {"precision": 0.46153846153846156, "recall": 1.0, "f1-score": 0.631578947368421, "support": 12.0}, "accuracy": 0.631578947368421, "macro avg": {"precision": 0.7307692307692308, "recall": 0.7307692307692308, "f1-score": 0.631578947368421, "support": 38.0}, "weighted avg": {"precision": 0.8299595141700405, "recall": 0.631578947368421, "f1-score": 0.6315789473684209, "support": 38.0}}