{"best_estimator": "AdaBoostClassifier(algorithm='SAMME', learning_rate=0.5)", "best_score": 0.7928461221999656, "test_score": 0.7486772486772487}