{"best_estimator": "AdaBoostClassifier(algorithm='SAMME', learning_rate=0.1)", "best_score": 0.7807987585077475, "test_score": 0.6996336996336996}