{"0": {"precision": 0.7857142857142857, "recall": 0.4230769230769231, "f1-score": 0.55, "support": 26.0}, "1": {"precision": 0.4, "recall": 0.7692307692307693, "f1-score": 0.5263157894736842, "support": 13.0}, "accuracy": 0.5384615384615384, "macro avg": {"precision": 0.5928571428571429, "recall": 0.5961538461538461, "f1-score": 0.5381578947368422, "support": 39.0}, "weighted avg": {"precision": 0.6571428571428571, "recall": 0.5384615384615384, "f1-score": 0.5421052631578948, "support": 39.0}}