{"best_estimator": "BernoulliNB()", "best_score": 0.586698903100636, "test_score": 0.5421052631578948}