{"best_estimator": "BernoulliNB()", "best_score": 0.5891966788291463, "test_score": 0.5342105263157895}