{"best_estimator": "BernoulliNB()", "best_score": 0.6188496062739637, "test_score": 0.5342105263157895}