{"0": {"precision": 1.0, "recall": 0.37037037037037035, "f1-score": 0.5405405405405406, "support": 27.0}, "1": {"precision": 0.41379310344827586, "recall": 1.0, "f1-score": 0.5853658536585366, "support": 12.0}, "accuracy": 0.5641025641025641, "macro avg": {"precision": 0.7068965517241379, "recall": 0.6851851851851851, "f1-score": 0.5629531970995385, "support": 39.0}, "weighted avg": {"precision": 0.8196286472148541, "recall": 0.5641025641025641, "f1-score": 0.554332944576847, "support": 39.0}}