{"best_estimator": "BernoulliNB()", "best_score": 0.6382349873636912, "test_score": 0.37322574729506697}