{"0": {"precision": 1.0, "recall": 0.34615384615384615, "f1-score": 0.5142857142857142, "support": 26.0}, "1": {"precision": 0.41379310344827586, "recall": 1.0, "f1-score": 0.5853658536585366, "support": 12.0}, "accuracy": 0.5526315789473685, "macro avg": {"precision": 0.7068965517241379, "recall": 0.6730769230769231, "f1-score": 0.5498257839721254, "support": 38.0}, "weighted avg": {"precision": 0.8148820326678766, "recall": 0.5526315789473685, "f1-score": 0.5367320740876581, "support": 38.0}}