{"best_estimator": "BernoulliNB()", "best_score": 0.5777258417260203, "test_score": 0.5367320740876581}