{"best_estimator": "HistGradientBoostingClassifier(learning_rate=0.5)", "best_score": 0.7783718386486591, "test_score": 0.8450202429149797}