{"0": {"precision": 0.8076923076923077, "recall": 0.8076923076923077, "f1-score": 0.8076923076923077, "support": 26.0}, "1": {"precision": 0.5833333333333334, "recall": 0.5833333333333334, "f1-score": 0.5833333333333334, "support": 12.0}, "accuracy": 0.7368421052631579, "macro avg": {"precision": 0.6955128205128205, "recall": 0.6955128205128205, "f1-score": 0.6955128205128205, "support": 38.0}, "weighted avg": {"precision": 0.7368421052631579, "recall": 0.7368421052631579, "f1-score": 0.7368421052631579, "support": 38.0}}