{"best_estimator": "HistGradientBoostingClassifier(learning_rate=0.05)", "best_score": 0.7720530889707995, "test_score": 0.7025915261209379}