{"0": {"precision": 0.8846153846153846, "recall": 0.8518518518518519, "f1-score": 0.8679245283018868, "support": 27.0}, "1": {"precision": 0.6923076923076923, "recall": 0.75, "f1-score": 0.72, "support": 12.0}, "accuracy": 0.8205128205128205, "macro avg": {"precision": 0.7884615384615384, "recall": 0.8009259259259259, "f1-score": 0.7939622641509434, "support": 39.0}, "weighted avg": {"precision": 0.8254437869822485, "recall": 0.8205128205128205, "f1-score": 0.8224092888243834, "support": 39.0}}