{"0": {"precision": 0.84, "recall": 0.8076923076923077, "f1-score": 0.8235294117647058, "support": 26.0}, "1": {"precision": 0.6153846153846154, "recall": 0.6666666666666666, "f1-score": 0.64, "support": 12.0}, "accuracy": 0.7631578947368421, "macro avg": {"precision": 0.7276923076923076, "recall": 0.7371794871794872, "f1-score": 0.7317647058823529, "support": 38.0}, "weighted avg": {"precision": 0.7690688259109312, "recall": 0.7631578947368421, "f1-score": 0.7655727554179567, "support": 38.0}}