{"best_estimator": "KNeighborsClassifier(n_neighbors=7, p=3, weights='distance')", "best_score": 0.8155124932351947, "test_score": 0.6947368421052632}