{"best_estimator": "KNeighborsClassifier(n_neighbors=7, p=3)", "best_score": 0.7984650654689673, "test_score": 0.7287893986589937}