{"0": {"precision": 0.75, "recall": 0.5769230769230769, "f1-score": 0.6521739130434783, "support": 26.0}, "1": {"precision": 0.42105263157894735, "recall": 0.6153846153846154, "f1-score": 0.5, "support": 13.0}, "accuracy": 0.5897435897435898, "macro avg": {"precision": 0.5855263157894737, "recall": 0.5961538461538461, "f1-score": 0.5760869565217391, "support": 39.0}, "weighted avg": {"precision": 0.6403508771929824, "recall": 0.5897435897435898, "f1-score": 0.6014492753623188, "support": 39.0}}