{"0": {"precision": 1.0, "recall": 0.5384615384615384, "f1-score": 0.7, "support": 26.0}, "1": {"precision": 0.52, "recall": 1.0, "f1-score": 0.6842105263157895, "support": 13.0}, "accuracy": 0.6923076923076923, "macro avg": {"precision": 0.76, "recall": 0.7692307692307692, "f1-score": 0.6921052631578948, "support": 39.0}, "weighted avg": {"precision": 0.84, "recall": 0.6923076923076923, "f1-score": 0.6947368421052632, "support": 39.0}}