{"best_estimator": "RandomForestClassifier(n_estimators=200)", "best_score": 0.7940946664924656, "test_score": 0.6639097744360902}