{"best_estimator": "RandomForestClassifier(max_depth=2, n_estimators=400)", "best_score": 0.7840606554001668, "test_score": 0.7714770797962649}