{"best_estimator": "RandomForestClassifier(criterion='entropy', n_estimators=150)", "best_score": 0.7817038536673093, "test_score": 0.7040133779264214}