{"best_estimator": "RandomForestClassifier(criterion='log_loss', n_estimators=300)", "best_score": 0.7859657291725728, "test_score": 0.7435897435897436}