{"0": {"precision": 0.6486486486486487, "recall": 0.9230769230769231, "f1-score": 0.7619047619047619, "support": 26.0}, "1": {"precision": 0.5, "recall": 0.13333333333333333, "f1-score": 0.21052631578947367, "support": 15.0}, "accuracy": 0.6341463414634146, "macro avg": {"precision": 0.5743243243243243, "recall": 0.5282051282051282, "f1-score": 0.48621553884711777, "support": 41.0}, "weighted avg": {"precision": 0.5942649967040211, "recall": 0.6341463414634146, "f1-score": 0.5601809401552662, "support": 41.0}}