{"best_estimator": "BernoulliNB()", "best_score": 0.5387537841039328, "test_score": 0.5453621581670363}