{"best_estimator": "BernoulliNB()", "best_score": 0.5304357704780097, "test_score": 0.5601809401552662}