{"best_estimator": "BernoulliNB()", "best_score": 0.5394730586616602, "test_score": 0.5842670401493931}