{"best_estimator": "HistGradientBoostingClassifier()", "best_score": 0.5864714737008697, "test_score": 0.6661442006269592}