{"best_estimator": "KNeighborsClassifier(p=3)", "best_score": 0.5618798820277046, "test_score": 0.6661425576519917}