{"best_estimator": "KNeighborsClassifier(p=3)", "best_score": 0.6231673911938538, "test_score": 0.5620881471972614}