{"0": {"precision": 0.5862068965517241, "recall": 0.68, "f1-score": 0.6296296296296297, "support": 25.0}, "1": {"precision": 0.2727272727272727, "recall": 0.2, "f1-score": 0.23076923076923078, "support": 15.0}, "accuracy": 0.5, "macro avg": {"precision": 0.4294670846394984, "recall": 0.44000000000000006, "f1-score": 0.4301994301994302, "support": 40.0}, "weighted avg": {"precision": 0.4686520376175548, "recall": 0.5, "f1-score": 0.48005698005698, "support": 40.0}}