{"best_estimator": "RandomForestClassifier()", "best_score": 0.5635495787532003, "test_score": 0.6442307692307692}