{"best_estimator": "RandomForestClassifier(n_estimators=150)", "best_score": 0.5697748178117491, "test_score": 0.688034188034188}