{"best_estimator": "RandomForestClassifier()", "best_score": 0.5620780879621048, "test_score": 0.688034188034188}