{"0": {"precision": 0.6129032258064516, "recall": 0.76, "f1-score": 0.6785714285714286, "support": 25.0}, "1": {"precision": 0.3333333333333333, "recall": 0.2, "f1-score": 0.25, "support": 15.0}, "accuracy": 0.55, "macro avg": {"precision": 0.4731182795698925, "recall": 0.48, "f1-score": 0.4642857142857143, "support": 40.0}, "weighted avg": {"precision": 0.5080645161290323, "recall": 0.55, "f1-score": 0.5178571428571429, "support": 40.0}}