{"best_estimator": "BernoulliNB()", "best_score": 0.5449848949567926, "test_score": 0.5121212121212121}