{"best_estimator": "BernoulliNB()", "best_score": 0.5281578042368286, "test_score": 0.6700404858299596}