{"best_estimator": "BernoulliNB()", "best_score": 0.5612203401988323, "test_score": 0.1755485893416928}