{"best_estimator": "HistGradientBoostingClassifier(learning_rate=0.05)", "best_score": 0.5347621922914418, "test_score": 0.5714285714285714}