{"best_estimator": "HistGradientBoostingClassifier()", "best_score": 0.5348560848966972, "test_score": 0.5825053780458497}