{"best_estimator": "HistGradientBoostingClassifier(learning_rate=0.5)", "best_score": 0.5357505667508597, "test_score": 0.5718641505566445}