{"0": {"precision": 0.5714285714285714, "recall": 1.0, "f1-score": 0.7272727272727273, "support": 32.0}, "1": {"precision": 1.0, "recall": 0.04, "f1-score": 0.07692307692307693, "support": 25.0}, "accuracy": 0.5789473684210527, "macro avg": {"precision": 0.7857142857142857, "recall": 0.52, "f1-score": 0.4020979020979021, "support": 57.0}, "weighted avg": {"precision": 0.7593984962406015, "recall": 0.5789473684210527, "f1-score": 0.4420316525579684, "support": 57.0}}