{"best_estimator": "KNeighborsClassifier(p=3, weights='distance')", "best_score": 0.5474033555696866, "test_score": 0.6946428571428571}