{"best_estimator": "KNeighborsClassifier(p=3, weights='distance')", "best_score": 0.5720570610376331, "test_score": 0.30924630924630925}