{"best_estimator": "KNeighborsClassifier(n_neighbors=10, p=1)", "best_score": 0.553920971266216, "test_score": 0.4974200206398349}