{"0": {"precision": 0.3333333333333333, "recall": 0.75, "f1-score": 0.46153846153846156, "support": 8.0}, "1": {"precision": 0.5, "recall": 0.14285714285714285, "f1-score": 0.2222222222222222, "support": 14.0}, "accuracy": 0.36363636363636365, "macro avg": {"precision": 0.41666666666666663, "recall": 0.4464285714285714, "f1-score": 0.3418803418803419, "support": 22.0}, "weighted avg": {"precision": 0.4393939393939394, "recall": 0.36363636363636365, "f1-score": 0.30924630924630925, "support": 22.0}}