{"best_estimator": "KNeighborsClassifier(p=3, weights='distance')", "best_score": 0.5889794577650539, "test_score": 0.5119122257053292}