{"best_estimator": "KNeighborsClassifier(p=3, weights='distance')", "best_score": 0.5705587415952937, "test_score": 0.6292705447830101}