{"best_estimator": "RandomForestClassifier(criterion='log_loss', n_estimators=200)", "best_score": 0.5880325221591511, "test_score": 0.6416040100250626}