{"0": {"precision": 0.5333333333333333, "recall": 1.0, "f1-score": 0.6956521739130435, "support": 8.0}, "1": {"precision": 1.0, "recall": 0.5, "f1-score": 0.6666666666666666, "support": 14.0}, "accuracy": 0.6818181818181818, "macro avg": {"precision": 0.7666666666666666, "recall": 0.75, "f1-score": 0.681159420289855, "support": 22.0}, "weighted avg": {"precision": 0.8303030303030302, "recall": 0.6818181818181818, "f1-score": 0.6772068511198945, "support": 22.0}}