{"0": {"precision": 0.9104477611940298, "recall": 0.8243243243243243, "f1-score": 0.8652482269503546, "support": 74.0}, "1": {"precision": 0.5357142857142857, "recall": 0.7142857142857143, "f1-score": 0.6122448979591837, "support": 21.0}, "accuracy": 0.8, "macro avg": {"precision": 0.7230810234541578, "recall": 0.7693050193050193, "f1-score": 0.7387465624547691, "support": 95.0}, "weighted avg": {"precision": 0.8276119402985074, "recall": 0.8, "f1-score": 0.8093211752786221, "support": 95.0}}