{"0": {"precision": 0.7954545454545454, "recall": 0.9722222222222222, "f1-score": 0.875, "support": 36.0}, "1": {"precision": 0.9, "recall": 0.5, "f1-score": 0.6428571428571429, "support": 18.0}, "accuracy": 0.8148148148148148, "macro avg": {"precision": 0.8477272727272727, "recall": 0.7361111111111112, "f1-score": 0.7589285714285714, "support": 54.0}, "weighted avg": {"precision": 0.8303030303030302, "recall": 0.8148148148148148, "f1-score": 0.7976190476190476, "support": 54.0}}