{"best_estimator": "AdaBoostClassifier(algorithm='SAMME', learning_rate=0.5)", "best_score": 0.7773818865873441, "test_score": 0.7354196301564723}