{"0": {"precision": 0.90625, "recall": 0.6904761904761905, "f1-score": 0.7837837837837838, "support": 42.0}, "1": {"precision": 0.48, "recall": 0.8, "f1-score": 0.6, "support": 15.0}, "accuracy": 0.7192982456140351, "macro avg": {"precision": 0.693125, "recall": 0.7452380952380953, "f1-score": 0.6918918918918919, "support": 57.0}, "weighted avg": {"precision": 0.7940789473684211, "recall": 0.7192982456140351, "f1-score": 0.7354196301564723, "support": 57.0}}