{"0": {"precision": 0.9333333333333333, "recall": 0.9333333333333333, "f1-score": 0.9333333333333333, "support": 15.0}, "1": {"precision": 0.8, "recall": 0.8, "f1-score": 0.8, "support": 5.0}, "accuracy": 0.9, "macro avg": {"precision": 0.8666666666666667, "recall": 0.8666666666666667, "f1-score": 0.8666666666666667, "support": 20.0}, "weighted avg": {"precision": 0.9, "recall": 0.9, "f1-score": 0.9, "support": 20.0}}