{"0": {"precision": 0.75, "recall": 0.9285714285714286, "f1-score": 0.8297872340425532, "support": 42.0}, "1": {"precision": 0.4, "recall": 0.13333333333333333, "f1-score": 0.2, "support": 15.0}, "accuracy": 0.7192982456140351, "macro avg": {"precision": 0.575, "recall": 0.530952380952381, "f1-score": 0.5148936170212766, "support": 57.0}, "weighted avg": {"precision": 0.6578947368421053, "recall": 0.7192982456140351, "f1-score": 0.6640537513997761, "support": 57.0}}