{"best_estimator": "BernoulliNB()", "best_score": 0.6253383468668193, "test_score": 0.5243445692883895}