{"0": {"precision": 0.6538461538461539, "recall": 0.9444444444444444, "f1-score": 0.7727272727272727, "support": 36.0}, "1": {"precision": 0.6, "recall": 0.14285714285714285, "f1-score": 0.23076923076923078, "support": 21.0}, "accuracy": 0.6491228070175439, "macro avg": {"precision": 0.6269230769230769, "recall": 0.5436507936507936, "f1-score": 0.5017482517482518, "support": 57.0}, "weighted avg": {"precision": 0.6340080971659919, "recall": 0.6491228070175439, "f1-score": 0.5730585204269415, "support": 57.0}}