{"best_estimator": "BernoulliNB()", "best_score": 0.6026129126541145, "test_score": 0.6640537513997761}