{"best_estimator": "BernoulliNB()", "best_score": 0.6201191996704826, "test_score": 0.6428571428571428}