{"best_estimator": "HistGradientBoostingClassifier(learning_rate=0.5)", "best_score": 0.7293417465880705, "test_score": 0.8929425837320574}