{"0": {"precision": 0.8732394366197183, "recall": 0.8378378378378378, "f1-score": 0.8551724137931035, "support": 74.0}, "1": {"precision": 0.5, "recall": 0.5714285714285714, "f1-score": 0.5333333333333333, "support": 21.0}, "accuracy": 0.7789473684210526, "macro avg": {"precision": 0.6866197183098591, "recall": 0.7046332046332047, "f1-score": 0.6942528735632184, "support": 95.0}, "weighted avg": {"precision": 0.7907338769458858, "recall": 0.7789473684210526, "f1-score": 0.7840290381125227, "support": 95.0}}