{"0": {"precision": 0.7647058823529411, "recall": 0.7878787878787878, "f1-score": 0.7761194029850746, "support": 33.0}, "1": {"precision": 0.6956521739130435, "recall": 0.6666666666666666, "f1-score": 0.6808510638297872, "support": 24.0}, "accuracy": 0.7368421052631579, "macro avg": {"precision": 0.7301790281329923, "recall": 0.7272727272727273, "f1-score": 0.728485233407431, "support": 57.0}, "weighted avg": {"precision": 0.7356306366940369, "recall": 0.7368421052631579, "f1-score": 0.7360064180775852, "support": 57.0}}