{"best_estimator": "HistGradientBoostingClassifier()", "best_score": 0.7394160445312691, "test_score": 0.5590588566303831}