{"best_estimator": "HistGradientBoostingClassifier(learning_rate=0.5)", "best_score": 0.6747216152095629, "test_score": 0.7840290381125227}