{"best_estimator": "KNeighborsClassifier(n_neighbors=15)", "best_score": 0.7223518900488245, "test_score": 0.6124401913875598}