{"0": {"precision": 0.6739130434782609, "recall": 0.9393939393939394, "f1-score": 0.7848101265822784, "support": 33.0}, "1": {"precision": 0.8181818181818182, "recall": 0.375, "f1-score": 0.5142857142857142, "support": 24.0}, "accuracy": 0.7017543859649122, "macro avg": {"precision": 0.7460474308300395, "recall": 0.6571969696969697, "f1-score": 0.6495479204339963, "support": 57.0}, "weighted avg": {"precision": 0.734657790721864, "recall": 0.7017543859649122, "f1-score": 0.6709051108784619, "support": 57.0}}