{"0": {"precision": 0.5, "recall": 0.9090909090909091, "f1-score": 0.6451612903225806, "support": 11.0}, "1": {"precision": 0.0, "recall": 0.0, "f1-score": 0.0, "support": 10.0}, "accuracy": 0.47619047619047616, "macro avg": {"precision": 0.25, "recall": 0.45454545454545453, "f1-score": 0.3225806451612903, "support": 21.0}, "weighted avg": {"precision": 0.2619047619047619, "recall": 0.47619047619047616, "f1-score": 0.3379416282642089, "support": 21.0}}