{"best_estimator": "RandomForestClassifier(criterion='log_loss', n_estimators=200)", "best_score": 0.6781514182860258, "test_score": 0.6321880650994576}