{"best_estimator": "RandomForestClassifier(max_depth=6)", "best_score": 0.6252380231508861, "test_score": 0.7259383393761893}