{"best_estimator": "AdaBoostClassifier(algorithm='SAMME', learning_rate=0.5)", "best_score": 0.5775261005395662, "test_score": 0.5203081232492998}