{"best_estimator": "BernoulliNB()", "best_score": 0.5415138735655913, "test_score": 0.4902933563416738}