{"0": {"precision": 0.6764705882352942, "recall": 0.92, "f1-score": 0.7796610169491526, "support": 25.0}, "1": {"precision": 0.6666666666666666, "recall": 0.26666666666666666, "f1-score": 0.38095238095238093, "support": 15.0}, "accuracy": 0.675, "macro avg": {"precision": 0.6715686274509804, "recall": 0.5933333333333334, "f1-score": 0.5803066989507668, "support": 40.0}, "weighted avg": {"precision": 0.6727941176470589, "recall": 0.675, "f1-score": 0.6301452784503632, "support": 40.0}}