{"best_estimator": "BernoulliNB()", "best_score": 0.5260429003293549, "test_score": 0.5053763440860215}