{"best_estimator": "BernoulliNB()", "best_score": 0.5281821808130197, "test_score": 0.4902933563416738}