{"best_estimator": "BernoulliNB()", "best_score": 0.5409227760530031, "test_score": 0.46875}