{"best_estimator": "BernoulliNB()", "best_score": 0.5375252796520883, "test_score": 0.5601809401552662}