{"best_estimator": "BernoulliNB()", "best_score": 0.540545519180841, "test_score": 0.5308464849354376}