{"best_estimator": "HistGradientBoostingClassifier(learning_rate=0.5)", "best_score": 0.5229689188762519, "test_score": 0.6701898188093184}