{"best_estimator": "HistGradientBoostingClassifier()", "best_score": 0.5800355445806846, "test_score": 0.7905803195962993}