{"best_estimator": "HistGradientBoostingClassifier()", "best_score": 0.5749699989848259, "test_score": 0.6785714285714286}