{"best_estimator": "HistGradientBoostingClassifier()", "best_score": 0.5357278112287227, "test_score": 0.6454996186117467}