{"best_estimator": "HistGradientBoostingClassifier()", "best_score": 0.5284735837183157, "test_score": 0.7175052410901468}