{"0": {"precision": 0.78125, "recall": 0.9615384615384616, "f1-score": 0.8620689655172413, "support": 26.0}, "1": {"precision": 0.8888888888888888, "recall": 0.5333333333333333, "f1-score": 0.6666666666666666, "support": 15.0}, "accuracy": 0.8048780487804879, "macro avg": {"precision": 0.8350694444444444, "recall": 0.7474358974358974, "f1-score": 0.764367816091954, "support": 41.0}, "weighted avg": {"precision": 0.8206300813008129, "recall": 0.8048780487804879, "f1-score": 0.7905803195962993, "support": 41.0}}