{"best_estimator": "HistGradientBoostingClassifier(learning_rate=0.05)", "best_score": 0.5819540526257196, "test_score": 0.7688679245283019}