{"best_estimator": "HistGradientBoostingClassifier(learning_rate=0.01)", "best_score": 0.5710128480581609, "test_score": 0.6736141906873614}