{"best_estimator": "KNeighborsClassifier(p=3, weights='distance')", "best_score": 0.5495693180091689, "test_score": 0.5364225781845919}