{"best_estimator": "KNeighborsClassifier(n_neighbors=10, p=3)", "best_score": 0.5422493816296665, "test_score": 0.6572727272727273}