{"0": {"precision": 0.5882352941176471, "recall": 0.8, "f1-score": 0.6779661016949152, "support": 25.0}, "1": {"precision": 0.16666666666666666, "recall": 0.06666666666666667, "f1-score": 0.09523809523809523, "support": 15.0}, "accuracy": 0.525, "macro avg": {"precision": 0.37745098039215685, "recall": 0.43333333333333335, "f1-score": 0.38660209846650523, "support": 40.0}, "weighted avg": {"precision": 0.43014705882352944, "recall": 0.525, "f1-score": 0.45944309927360766, "support": 40.0}}