{"best_estimator": "RandomForestClassifier()", "best_score": 0.5304019694059068, "test_score": 0.745879120879121}