{"best_estimator": "RandomForestClassifier(criterion='log_loss', n_estimators=200)", "best_score": 0.5762141968088568, "test_score": 0.6301452784503632}