{"best_estimator": "RandomForestClassifier(criterion='log_loss', n_estimators=400)", "best_score": 0.6226571992391321, "test_score": 0.5916666666666667}