{"precision": 0.7240267499953128, "recall": 0.7082699223734436, "f1": 0.7075547460689094}