{"precision": 0.7307067365154755, "recall": 0.7133689383396358, "f1": 0.7005362181662433}