{"best_estimator": "BernoulliNB()", "best_score": 0.5514510106773499, "test_score": 0.6087675765095119}