{"best_estimator": "BernoulliNB()", "best_score": 0.5526321347408512, "test_score": 0.5946428571428571}