{"best_estimator": "BernoulliNB()", "best_score": 0.5088491437051672, "test_score": 0.6774193548387096}