{"best_estimator": "BernoulliNB()", "best_score": 0.5123554897736249, "test_score": 0.6428596338273758}