{"best_estimator": "HistGradientBoostingClassifier(learning_rate=0.05)", "best_score": 0.7129971006682395, "test_score": 0.8076714556790457}