{"best_estimator": "HistGradientBoostingClassifier(learning_rate=0.01)", "best_score": 0.7868678958752355, "test_score": 0.6774193548387096}