{"0": {"precision": 0.9411764705882353, "recall": 0.8888888888888888, "f1-score": 0.9142857142857143, "support": 18.0}, "1": {"precision": 0.8571428571428571, "recall": 0.9230769230769231, "f1-score": 0.8888888888888888, "support": 13.0}, "accuracy": 0.9032258064516129, "macro avg": {"precision": 0.8991596638655461, "recall": 0.905982905982906, "f1-score": 0.9015873015873015, "support": 31.0}, "weighted avg": {"precision": 0.9059365681756574, "recall": 0.9032258064516129, "f1-score": 0.9036354326676908, "support": 31.0}}