{"best_estimator": "KNeighborsClassifier(n_neighbors=10, weights='distance')", "best_score": 0.7117380818977266, "test_score": 0.710284154110628}