{"0": {"precision": 0.6666666666666666, "recall": 0.5882352941176471, "f1-score": 0.625, "support": 17.0}, "1": {"precision": 0.5625, "recall": 0.6428571428571429, "f1-score": 0.6, "support": 14.0}, "accuracy": 0.6129032258064516, "macro avg": {"precision": 0.6145833333333333, "recall": 0.615546218487395, "f1-score": 0.6125, "support": 31.0}, "weighted avg": {"precision": 0.6196236559139785, "recall": 0.6129032258064516, "f1-score": 0.6137096774193548, "support": 31.0}}