{"best_estimator": "KNeighborsClassifier(n_neighbors=15, weights='distance')", "best_score": 0.7143188289417798, "test_score": 0.6428596338273758}