{"best_estimator": "BernoulliNB()", "best_score": 0.535683854066998, "test_score": 0.5672043010752688}