{"best_estimator": "BernoulliNB()", "best_score": 0.5531615062005002, "test_score": 0.5732445520581113}