{"0": {"precision": 0.6486486486486487, "recall": 0.96, "f1-score": 0.7741935483870968, "support": 25.0}, "1": {"precision": 0.6666666666666666, "recall": 0.13333333333333333, "f1-score": 0.2222222222222222, "support": 15.0}, "accuracy": 0.65, "macro avg": {"precision": 0.6576576576576576, "recall": 0.5466666666666666, "f1-score": 0.4982078853046595, "support": 40.0}, "weighted avg": {"precision": 0.6554054054054055, "recall": 0.65, "f1-score": 0.5672043010752688, "support": 40.0}}