{"best_estimator": "BernoulliNB()", "best_score": 0.5163786587935546, "test_score": 0.5672043010752688}