{"best_estimator": "BernoulliNB()", "best_score": 0.540670654198913, "test_score": 0.48076923076923084}