{"best_estimator": "KNeighborsClassifier(p=3, weights='distance')", "best_score": 0.5985384103795054, "test_score": 0.6097560975609756}