{"0": {"precision": 0.7777777777777778, "recall": 0.84, "f1-score": 0.8076923076923077, "support": 25.0}, "1": {"precision": 0.6923076923076923, "recall": 0.6, "f1-score": 0.6428571428571429, "support": 15.0}, "accuracy": 0.75, "macro avg": {"precision": 0.7350427350427351, "recall": 0.72, "f1-score": 0.7252747252747254, "support": 40.0}, "weighted avg": {"precision": 0.7457264957264957, "recall": 0.75, "f1-score": 0.745879120879121, "support": 40.0}}