{"best_estimator": "KNeighborsClassifier(n_neighbors=20, p=3)", "best_score": 0.5453814770774368, "test_score": 0.5053763440860215}