{"best_estimator": "RandomForestClassifier(criterion='entropy', n_estimators=300)", "best_score": 0.5606439643253661, "test_score": 0.6105015673981191}