{"best_estimator": "RandomForestClassifier(criterion='entropy', n_estimators=200)", "best_score": 0.5701881052839486, "test_score": 0.7382253994953742}