{"best_estimator": "BernoulliNB()", "best_score": 0.5216569916430605, "test_score": 0.5732445520581113}