{"best_estimator": "HistGradientBoostingClassifier(learning_rate=0.05)", "best_score": 0.5683744182066036, "test_score": 0.6661442006269592}