{"best_estimator": "HistGradientBoostingClassifier()", "best_score": 0.5915286925652281, "test_score": 0.6651262302096704}