{"best_estimator": "KNeighborsClassifier(n_neighbors=25, weights='distance')", "best_score": 0.5315640642314775, "test_score": 0.5271034443365511}