{"best_estimator": "KNeighborsClassifier(p=1, weights='distance')", "best_score": 0.5273020687886538, "test_score": 0.5178571428571429}