{"best_estimator": "RandomForestClassifier(criterion='entropy', n_estimators=400)", "best_score": 0.5410696048232122, "test_score": 0.6661442006269592}