{"0": {"precision": 0.7931034482758621, "recall": 0.92, "f1-score": 0.8518518518518519, "support": 25.0}, "1": {"precision": 0.8181818181818182, "recall": 0.6, "f1-score": 0.6923076923076923, "support": 15.0}, "accuracy": 0.8, "macro avg": {"precision": 0.8056426332288402, "recall": 0.76, "f1-score": 0.7720797720797721, "support": 40.0}, "weighted avg": {"precision": 0.8025078369905956, "recall": 0.8, "f1-score": 0.7920227920227921, "support": 40.0}}