{"0": {"precision": 0.6451612903225806, "recall": 0.7692307692307693, "f1-score": 0.7017543859649122, "support": 26.0}, "1": {"precision": 0.4, "recall": 0.26666666666666666, "f1-score": 0.32, "support": 15.0}, "accuracy": 0.5853658536585366, "macro avg": {"precision": 0.5225806451612903, "recall": 0.517948717948718, "f1-score": 0.5108771929824562, "support": 41.0}, "weighted avg": {"precision": 0.5554681353265145, "recall": 0.5853658536585366, "f1-score": 0.5620881471972614, "support": 41.0}}