{"best_estimator": "RandomForestClassifier()", "best_score": 0.5608204692569358, "test_score": 0.5714285714285714}