{"best_estimator": "RandomForestClassifier(n_estimators=200)", "best_score": 0.5774329526741859, "test_score": 0.6147798742138365}