{"best_estimator": "BernoulliNB()", "best_score": 0.5242916670979424, "test_score": 0.571043771043771}