{"best_estimator": "HistGradientBoostingClassifier(learning_rate=0.5)", "best_score": 0.6073908939112624, "test_score": 0.6619318181818181}