{"best_estimator": "HistGradientBoostingClassifier(learning_rate=0.001)", "best_score": 0.5743170402053479, "test_score": 0.6986531986531986}