{"best_estimator": "HistGradientBoostingClassifier(learning_rate=0.05)", "best_score": 0.5537643039544975, "test_score": 0.7391774891774892}