{"0": {"precision": 0.7333333333333333, "recall": 0.6111111111111112, "f1-score": 0.6666666666666666, "support": 18.0}, "1": {"precision": 0.5882352941176471, "recall": 0.7142857142857143, "f1-score": 0.6451612903225806, "support": 14.0}, "accuracy": 0.65625, "macro avg": {"precision": 0.6607843137254902, "recall": 0.6626984126984128, "f1-score": 0.6559139784946236, "support": 32.0}, "weighted avg": {"precision": 0.6698529411764707, "recall": 0.65625, "f1-score": 0.657258064516129, "support": 32.0}}