{"best_estimator": "KNeighborsClassifier(p=3, weights='distance')", "best_score": 0.5555999722073673, "test_score": 0.6685099846390169}