{"best_estimator": "KNeighborsClassifier(p=3, weights='distance')", "best_score": 0.5486803376694538, "test_score": 0.4819131485798152}