{"best_estimator": "RandomForestClassifier(n_estimators=200)", "best_score": 0.582537473415176, "test_score": 0.6579704704704705}