{"best_estimator": "RandomForestClassifier(n_estimators=300)", "best_score": 0.6175078692541438, "test_score": 0.7823448448448449}