{"best_estimator": "RandomForestClassifier(criterion='entropy')", "best_score": 0.610298239624077, "test_score": 0.7257187257187258}