{"best_estimator": "RandomForestClassifier()", "best_score": 0.625440435713431, "test_score": 0.7866701200034533}