{"best_estimator": "RandomForestClassifier(criterion='entropy')", "best_score": 0.6126579442929722, "test_score": 0.6739718614718614}