{"best_estimator": "BernoulliNB()", "best_score": 0.569669787781822, "test_score": 0.780952380952381}