{"best_estimator": "BernoulliNB()", "best_score": 0.5762396983006388, "test_score": 0.5681818181818182}