{"best_estimator": "BernoulliNB()", "best_score": 0.5464734805989448, "test_score": 0.44469568494441297}