{"0": {"precision": 0.7142857142857143, "recall": 0.6818181818181818, "f1-score": 0.6976744186046512, "support": 44.0}, "1": {"precision": 0.44, "recall": 0.4782608695652174, "f1-score": 0.4583333333333333, "support": 23.0}, "accuracy": 0.6119402985074627, "macro avg": {"precision": 0.5771428571428572, "recall": 0.5800395256916996, "f1-score": 0.5780038759689923, "support": 67.0}, "weighted avg": {"precision": 0.6201279317697228, "recall": 0.6119402985074627, "f1-score": 0.6155125535115122, "support": 67.0}}