{"0": {"precision": 0.75, "recall": 0.631578947368421, "f1-score": 0.6857142857142857, "support": 19.0}, "1": {"precision": 0.7407407407407407, "recall": 0.8333333333333334, "f1-score": 0.7843137254901961, "support": 24.0}, "accuracy": 0.7441860465116279, "macro avg": {"precision": 0.7453703703703703, "recall": 0.7324561403508771, "f1-score": 0.735014005602241, "support": 43.0}, "weighted avg": {"precision": 0.7448320413436693, "recall": 0.7441860465116279, "f1-score": 0.7407465311706077, "support": 43.0}}