{"best_estimator": "KNeighborsClassifier(n_neighbors=20, p=1)", "best_score": 0.7514932805451341, "test_score": 0.5814141414141414}