{"best_estimator": "RandomForestClassifier(max_depth=3, n_estimators=150)", "best_score": 0.7692306181533046, "test_score": 0.8888888888888888}