{"best_estimator": "RandomForestClassifier(max_depth=3, n_estimators=200)", "best_score": 0.7747482357578324, "test_score": 0.7656330749354006}