{"0": {"precision": 0.5094339622641509, "recall": 0.9642857142857143, "f1-score": 0.6666666666666666, "support": 28.0}, "1": {"precision": 0.0, "recall": 0.0, "f1-score": 0.0, "support": 26.0}, "accuracy": 0.5, "macro avg": {"precision": 0.25471698113207547, "recall": 0.48214285714285715, "f1-score": 0.3333333333333333, "support": 54.0}, "weighted avg": {"precision": 0.2641509433962264, "recall": 0.5, "f1-score": 0.345679012345679, "support": 54.0}}