{"best_estimator": "BernoulliNB()", "best_score": 0.49400143067146407, "test_score": 0.6721052631578948}