{"0": {"precision": 0.5757575757575758, "recall": 0.5588235294117647, "f1-score": 0.5671641791044776, "support": 34.0}, "1": {"precision": 0.375, "recall": 0.391304347826087, "f1-score": 0.3829787234042553, "support": 23.0}, "accuracy": 0.49122807017543857, "macro avg": {"precision": 0.4753787878787879, "recall": 0.4750639386189258, "f1-score": 0.47507145125436645, "support": 57.0}, "weighted avg": {"precision": 0.49475013290802766, "recall": 0.49122807017543857, "f1-score": 0.4928437320675458, "support": 57.0}}