{"best_estimator": "KNeighborsClassifier(p=3)", "best_score": 0.5706045637375716, "test_score": 0.622881991303044}