{"0": {"precision": 0.5869565217391305, "recall": 0.84375, "f1-score": 0.6923076923076923, "support": 32.0}, "1": {"precision": 0.5454545454545454, "recall": 0.24, "f1-score": 0.3333333333333333, "support": 25.0}, "accuracy": 0.5789473684210527, "macro avg": {"precision": 0.5662055335968379, "recall": 0.541875, "f1-score": 0.5128205128205128, "support": 57.0}, "weighted avg": {"precision": 0.568753900561681, "recall": 0.5789473684210527, "f1-score": 0.5348627980206927, "support": 57.0}}