{"best_estimator": "KNeighborsClassifier(p=3)", "best_score": 0.5852756587559809, "test_score": 0.40792540792540793}