{"best_estimator": "KNeighborsClassifier(p=3)", "best_score": 0.5708472142925045, "test_score": 0.656891495601173}