{"best_estimator": "RandomForestClassifier(criterion='log_loss', n_estimators=150)", "best_score": 0.5549076136673374, "test_score": 0.6596638655462185}