{"best_estimator": "RandomForestClassifier(criterion='log_loss')", "best_score": 0.5988323019203095, "test_score": 0.46315789473684205}