{"best_estimator": "RandomForestClassifier(n_estimators=150)", "best_score": 0.5700024115213559, "test_score": 0.5281045751633987}