{"best_estimator": "RandomForestClassifier(criterion='log_loss', n_estimators=200)", "best_score": 0.5832041800005925, "test_score": 0.5425101214574898}