{"0": {"precision": 0.6170212765957447, "recall": 0.8529411764705882, "f1-score": 0.7160493827160493, "support": 34.0}, "1": {"precision": 0.5, "recall": 0.21739130434782608, "f1-score": 0.30303030303030304, "support": 23.0}, "accuracy": 0.5964912280701754, "macro avg": {"precision": 0.5585106382978724, "recall": 0.5351662404092071, "f1-score": 0.5095398428731762, "support": 57.0}, "weighted avg": {"precision": 0.5698021649869355, "recall": 0.5964912280701754, "f1-score": 0.5493925610884675, "support": 57.0}}