{"0": {"precision": 1.0, "recall": 0.6923076923076923, "f1-score": 0.8181818181818182, "support": 26.0}, "1": {"precision": 0.6190476190476191, "recall": 1.0, "f1-score": 0.7647058823529411, "support": 13.0}, "accuracy": 0.7948717948717948, "macro avg": {"precision": 0.8095238095238095, "recall": 0.8461538461538461, "f1-score": 0.7914438502673797, "support": 39.0}, "weighted avg": {"precision": 0.8730158730158731, "recall": 0.7948717948717948, "f1-score": 0.8003565062388592, "support": 39.0}}