{"best_estimator": "AdaBoostClassifier(algorithm='SAMME', learning_rate=0.5)", "best_score": 0.7955490597090338, "test_score": 0.6996336996336996}