{"best_estimator": "BernoulliNB()", "best_score": 0.617845414477768, "test_score": 0.5479811795601269}