{"best_estimator": "BernoulliNB()", "best_score": 0.5989472125017424, "test_score": 0.5554823115798726}