{"0": {"precision": 0.7777777777777778, "recall": 0.2692307692307692, "f1-score": 0.4, "support": 26.0}, "1": {"precision": 0.36666666666666664, "recall": 0.8461538461538461, "f1-score": 0.5116279069767442, "support": 13.0}, "accuracy": 0.46153846153846156, "macro avg": {"precision": 0.5722222222222222, "recall": 0.5576923076923077, "f1-score": 0.4558139534883721, "support": 39.0}, "weighted avg": {"precision": 0.6407407407407407, "recall": 0.46153846153846156, "f1-score": 0.43720930232558136, "support": 39.0}}