{"best_estimator": "BernoulliNB()", "best_score": 0.6328535269316482, "test_score": 0.3970386897216166}