{"0": {"precision": 0.9090909090909091, "recall": 0.38461538461538464, "f1-score": 0.5405405405405406, "support": 26.0}, "1": {"precision": 0.4074074074074074, "recall": 0.9166666666666666, "f1-score": 0.5641025641025641, "support": 12.0}, "accuracy": 0.5526315789473685, "macro avg": {"precision": 0.6582491582491582, "recall": 0.6506410256410257, "f1-score": 0.5523215523215523, "support": 38.0}, "weighted avg": {"precision": 0.7506645401382244, "recall": 0.5526315789473685, "f1-score": 0.5479811795601269, "support": 38.0}}