{"best_estimator": "BernoulliNB()", "best_score": 0.6037236045779205, "test_score": 0.4908084163898117}