{"0": {"precision": 0.7857142857142857, "recall": 0.4230769230769231, "f1-score": 0.55, "support": 26.0}, "1": {"precision": 0.375, "recall": 0.75, "f1-score": 0.5, "support": 12.0}, "accuracy": 0.5263157894736842, "macro avg": {"precision": 0.5803571428571428, "recall": 0.5865384615384616, "f1-score": 0.525, "support": 38.0}, "weighted avg": {"precision": 0.6560150375939849, "recall": 0.5263157894736842, "f1-score": 0.5342105263157895, "support": 38.0}}