{"best_estimator": "HistGradientBoostingClassifier(learning_rate=0.05)", "best_score": 0.78330466649805, "test_score": 0.6971428571428572}