{"best_estimator": "HistGradientBoostingClassifier(learning_rate=0.05)", "best_score": 0.7850683207813548, "test_score": 0.871703067191789}