{"0": {"precision": 0.9565217391304348, "recall": 0.8461538461538461, "f1-score": 0.8979591836734694, "support": 26.0}, "1": {"precision": 0.7333333333333333, "recall": 0.9166666666666666, "f1-score": 0.8148148148148148, "support": 12.0}, "accuracy": 0.868421052631579, "macro avg": {"precision": 0.844927536231884, "recall": 0.8814102564102564, "f1-score": 0.8563869992441421, "support": 38.0}, "weighted avg": {"precision": 0.8860411899313501, "recall": 0.868421052631579, "f1-score": 0.871703067191789, "support": 38.0}}