{"best_estimator": "HistGradientBoostingClassifier()", "best_score": 0.7801491540479717, "test_score": 0.6466666666666666}