{"best_estimator": "HistGradientBoostingClassifier()", "best_score": 0.7857530233838841, "test_score": 0.7773507280896444}