{"best_estimator": "HistGradientBoostingClassifier(learning_rate=0.01)", "best_score": 0.7678426240533809, "test_score": 0.7712418300653595}