{"0": {"precision": 0.85, "recall": 0.6296296296296297, "f1-score": 0.723404255319149, "support": 27.0}, "1": {"precision": 0.47368421052631576, "recall": 0.75, "f1-score": 0.5806451612903226, "support": 12.0}, "accuracy": 0.6666666666666666, "macro avg": {"precision": 0.6618421052631579, "recall": 0.6898148148148149, "f1-score": 0.6520247083047358, "support": 39.0}, "weighted avg": {"precision": 0.7342105263157895, "recall": 0.6666666666666666, "f1-score": 0.6794783802333563, "support": 39.0}}