{"0": {"precision": 0.8571428571428571, "recall": 0.6666666666666666, "f1-score": 0.75, "support": 27.0}, "1": {"precision": 0.5, "recall": 0.75, "f1-score": 0.6, "support": 12.0}, "accuracy": 0.6923076923076923, "macro avg": {"precision": 0.6785714285714286, "recall": 0.7083333333333333, "f1-score": 0.675, "support": 39.0}, "weighted avg": {"precision": 0.7472527472527473, "recall": 0.6923076923076923, "f1-score": 0.7038461538461538, "support": 39.0}}