{"best_estimator": "KNeighborsClassifier(p=3, weights='distance')", "best_score": 0.8088058554342581, "test_score": 0.8013186813186812}