{"0": {"precision": 0.9130434782608695, "recall": 0.7777777777777778, "f1-score": 0.84, "support": 27.0}, "1": {"precision": 0.625, "recall": 0.8333333333333334, "f1-score": 0.7142857142857143, "support": 12.0}, "accuracy": 0.7948717948717948, "macro avg": {"precision": 0.7690217391304348, "recall": 0.8055555555555556, "f1-score": 0.7771428571428571, "support": 39.0}, "weighted avg": {"precision": 0.8244147157190636, "recall": 0.7948717948717948, "f1-score": 0.8013186813186812, "support": 39.0}}