{"0": {"precision": 0.8095238095238095, "recall": 0.6538461538461539, "f1-score": 0.723404255319149, "support": 26.0}, "1": {"precision": 0.47058823529411764, "recall": 0.6666666666666666, "f1-score": 0.5517241379310345, "support": 12.0}, "accuracy": 0.6578947368421053, "macro avg": {"precision": 0.6400560224089635, "recall": 0.6602564102564102, "f1-score": 0.6375641966250918, "support": 38.0}, "weighted avg": {"precision": 0.7024915229249594, "recall": 0.6578947368421053, "f1-score": 0.6691894814071129, "support": 38.0}}