{"best_estimator": "RandomForestClassifier(criterion='entropy', n_estimators=150)", "best_score": 0.789412211107938, "test_score": 0.8450202429149797}