{"0": {"precision": 0.8095238095238095, "recall": 0.6538461538461539, "f1-score": 0.723404255319149, "support": 26.0}, "1": {"precision": 0.5, "recall": 0.6923076923076923, "f1-score": 0.5806451612903226, "support": 13.0}, "accuracy": 0.6666666666666666, "macro avg": {"precision": 0.6547619047619048, "recall": 0.6730769230769231, "f1-score": 0.6520247083047358, "support": 39.0}, "weighted avg": {"precision": 0.7063492063492064, "recall": 0.6666666666666666, "f1-score": 0.6758178906428736, "support": 39.0}}