{"precision": 0.7330338780487866, "recall": 0.710320751409041, "f1": 0.7070439672478291}