{"best_estimator": "AdaBoostClassifier(algorithm='SAMME', learning_rate=0.05)", "best_score": 0.6819578378934757, "test_score": 0.6825980392156863}