{"best_estimator": "AdaBoostClassifier(algorithm='SAMME', learning_rate=0.05)", "best_score": 0.6750262381549035, "test_score": 0.7168255131964809}