{"best_estimator": "BernoulliNB()", "best_score": 0.5053732196374014, "test_score": 0.46414369034994696}