{"best_estimator": "BernoulliNB()", "best_score": 0.6248366227466523, "test_score": 0.711268472906404}