{"best_estimator": "BernoulliNB()", "best_score": 0.5373289237834344, "test_score": 0.22266139657444003}