{"best_estimator": "HistGradientBoostingClassifier(learning_rate=0.01)", "best_score": 0.6432595639510044, "test_score": 0.7106972428419936}