{"best_estimator": "HistGradientBoostingClassifier(learning_rate=0.01)", "best_score": 0.6323737985082524, "test_score": 0.6279761904761905}