{"best_estimator": "KNeighborsClassifier(n_neighbors=10, p=3)", "best_score": 0.6381009235259452, "test_score": 0.7201576576576576}