{"best_estimator": "KNeighborsClassifier(n_neighbors=20, p=3)", "best_score": 0.6524346320390313, "test_score": 0.6579704704704705}