{"best_estimator": "KNeighborsClassifier(n_neighbors=20, p=3)", "best_score": 0.6472165669519893, "test_score": 0.5909701857282503}