{"best_estimator": "RandomForestClassifier(n_estimators=200)", "best_score": 0.5697285645888879, "test_score": 0.6363636363636364}