{"best_estimator": "RandomForestClassifier(n_estimators=200)", "best_score": 0.5567907174570583, "test_score": 0.5151515151515151}