{"best_estimator": "RandomForestClassifier(criterion='entropy', n_estimators=400)", "best_score": 0.4959072322053467, "test_score": 0.5943181818181819}