{"best_estimator": "RandomForestClassifier(criterion='entropy', max_depth=6)", "best_score": 0.5081532228656415, "test_score": 0.5957832832832832}