{"best_estimator": "RandomForestClassifier(criterion='entropy', n_estimators=150)", "best_score": 0.5545715152761626, "test_score": 0.5943181818181819}