{"0": {"precision": 0.6666666666666666, "recall": 0.9545454545454546, "f1-score": 0.7850467289719626, "support": 44.0}, "1": {"precision": 0.5, "recall": 0.08695652173913043, "f1-score": 0.14814814814814814, "support": 23.0}, "accuracy": 0.6567164179104478, "macro avg": {"precision": 0.5833333333333333, "recall": 0.5207509881422925, "f1-score": 0.46659743856005537, "support": 67.0}, "weighted avg": {"precision": 0.6094527363184079, "recall": 0.6567164179104478, "f1-score": 0.5664099027190114, "support": 67.0}}