{"best_estimator": "BernoulliNB()", "best_score": 0.4551665781984813, "test_score": 0.2177777777777778}