{"best_estimator": "KNeighborsClassifier(n_neighbors=20, p=1)", "best_score": 0.7757988828304649, "test_score": 0.6148148148148148}