{"best_estimator": "KNeighborsClassifier(n_neighbors=20, p=1)", "best_score": 0.7463384754717332, "test_score": 0.7167231986843459}