{"best_estimator": "RandomForestClassifier(max_depth=2, n_estimators=200)", "best_score": 0.7701902297744457, "test_score": 0.8129251700680271}