{"precision": 0.6902541347737895, "recall": 0.6676149606502972, "f1": 0.6603444882680067}