{"precision": 0.6973531371388177, "recall": 0.6694866836685548, "f1": 0.6687875579433086}