{"0": {"precision": 0.7027027027027027, "recall": 0.9285714285714286, "f1-score": 0.8, "support": 28.0}, "1": {"precision": 0.5, "recall": 0.15384615384615385, "f1-score": 0.23529411764705882, "support": 13.0}, "accuracy": 0.6829268292682927, "macro avg": {"precision": 0.6013513513513513, "recall": 0.5412087912087913, "f1-score": 0.5176470588235295, "support": 41.0}, "weighted avg": {"precision": 0.6384311140408702, "recall": 0.6829268292682927, "f1-score": 0.6209469153515065, "support": 41.0}}