{"best_estimator": "BernoulliNB()", "best_score": 0.5984787037071169, "test_score": 0.5774374460742019}