{"0": {"precision": 0.717948717948718, "recall": 1.0, "f1-score": 0.835820895522388, "support": 28.0}, "1": {"precision": 1.0, "recall": 0.15384615384615385, "f1-score": 0.26666666666666666, "support": 13.0}, "accuracy": 0.7317073170731707, "macro avg": {"precision": 0.858974358974359, "recall": 0.5769230769230769, "f1-score": 0.5512437810945273, "support": 41.0}, "weighted avg": {"precision": 0.8073796122576611, "recall": 0.7317073170731707, "f1-score": 0.6553573595437446, "support": 41.0}}