{"best_estimator": "HistGradientBoostingClassifier(learning_rate=0.01)", "best_score": 0.6187657700972042, "test_score": 0.6039972899728997}