{"best_estimator": "HistGradientBoostingClassifier(learning_rate=0.01)", "best_score": 0.5697937579199739, "test_score": 0.6337791199309749}