{"best_estimator": "HistGradientBoostingClassifier()", "best_score": 0.5642495167963834, "test_score": 0.6501962433417438}