{"best_estimator": "KNeighborsClassifier(n_neighbors=25, p=1)", "best_score": 0.5615117389167825, "test_score": 0.5833333333333334}