{"best_estimator": "KNeighborsClassifier(n_neighbors=15, weights='distance')", "best_score": 0.5970929307771898, "test_score": 0.5948028673835125}