{"0": {"precision": 0.6666666666666666, "recall": 0.7857142857142857, "f1-score": 0.7213114754098361, "support": 28.0}, "1": {"precision": 0.25, "recall": 0.15384615384615385, "f1-score": 0.19047619047619047, "support": 13.0}, "accuracy": 0.5853658536585366, "macro avg": {"precision": 0.4583333333333333, "recall": 0.4697802197802198, "f1-score": 0.4558938329430133, "support": 41.0}, "weighted avg": {"precision": 0.5345528455284553, "recall": 0.5853658536585366, "f1-score": 0.5529978484796558, "support": 41.0}}