{"best_estimator": "BernoulliNB()", "best_score": 0.5521896555371548, "test_score": 0.662037037037037}