{"best_estimator": "BernoulliNB()", "best_score": 0.5798315113653683, "test_score": 0.5824202082266597}