{"0": {"precision": 0.6190476190476191, "recall": 0.7647058823529411, "f1-score": 0.6842105263157895, "support": 17.0}, "1": {"precision": 0.6, "recall": 0.42857142857142855, "f1-score": 0.5, "support": 14.0}, "accuracy": 0.6129032258064516, "macro avg": {"precision": 0.6095238095238096, "recall": 0.5966386554621849, "f1-score": 0.5921052631578947, "support": 31.0}, "weighted avg": {"precision": 0.6104454685099846, "recall": 0.6129032258064516, "f1-score": 0.601018675721562, "support": 31.0}}