{"0": {"precision": 0.7222222222222222, "recall": 0.7647058823529411, "f1-score": 0.7428571428571429, "support": 17.0}, "1": {"precision": 0.6923076923076923, "recall": 0.6428571428571429, "f1-score": 0.6666666666666666, "support": 14.0}, "accuracy": 0.7096774193548387, "macro avg": {"precision": 0.7072649572649572, "recall": 0.703781512605042, "f1-score": 0.7047619047619047, "support": 31.0}, "weighted avg": {"precision": 0.7087124345188861, "recall": 0.7096774193548387, "f1-score": 0.7084485407066052, "support": 31.0}}