{"0": {"precision": 0.7894736842105263, "recall": 0.8823529411764706, "f1-score": 0.8333333333333334, "support": 17.0}, "1": {"precision": 0.8333333333333334, "recall": 0.7142857142857143, "f1-score": 0.7692307692307693, "support": 14.0}, "accuracy": 0.8064516129032258, "macro avg": {"precision": 0.8114035087719298, "recall": 0.7983193277310925, "f1-score": 0.8012820512820513, "support": 31.0}, "weighted avg": {"precision": 0.8092812676853425, "recall": 0.8064516129032258, "f1-score": 0.8043837882547561, "support": 31.0}}