{"best_estimator": "KNeighborsClassifier(n_neighbors=20, weights='distance')", "best_score": 0.7107200538901081, "test_score": 0.774665453197155}