{"0": {"precision": 0.25, "recall": 0.125, "f1-score": 0.16666666666666666, "support": 8.0}, "1": {"precision": 0.5, "recall": 0.7, "f1-score": 0.5833333333333334, "support": 10.0}, "accuracy": 0.4444444444444444, "macro avg": {"precision": 0.375, "recall": 0.4125, "f1-score": 0.375, "support": 18.0}, "weighted avg": {"precision": 0.3888888888888889, "recall": 0.4444444444444444, "f1-score": 0.39814814814814814, "support": 18.0}}