{"best_estimator": "AdaBoostClassifier(algorithm='SAMME', learning_rate=0.5, n_estimators=150)", "best_score": 0.5636087394944206, "test_score": 0.47229813664596276}