{"best_estimator": "AdaBoostClassifier(algorithm='SAMME', learning_rate=0.1, n_estimators=400)", "best_score": 0.5423825761260913, "test_score": 0.39814814814814814}