{"best_estimator": "AdaBoostClassifier(algorithm='SAMME', learning_rate=0.5, n_estimators=200)", "best_score": 0.49757406785514624, "test_score": 0.6059595428366192}