{"best_estimator": "BernoulliNB()", "best_score": 0.33335822753298483, "test_score": 0.16666666666666666}