{"best_estimator": "BernoulliNB()", "best_score": 0.34420337464474987, "test_score": 0.13724481043060557}