{"best_estimator": "BernoulliNB()", "best_score": 0.34533925174381735, "test_score": 0.16666666666666666}