{"0": {"precision": 0.8, "recall": 0.6808510638297872, "f1-score": 0.735632183908046, "support": 47.0}, "1": {"precision": 0.4444444444444444, "recall": 0.6, "f1-score": 0.5106382978723404, "support": 20.0}, "accuracy": 0.6567164179104478, "macro avg": {"precision": 0.6222222222222222, "recall": 0.6404255319148936, "f1-score": 0.6231352408901931, "support": 67.0}, "weighted avg": {"precision": 0.6938640132669984, "recall": 0.6567164179104478, "f1-score": 0.6684698298675368, "support": 67.0}}