{"best_estimator": "HistGradientBoostingClassifier(learning_rate=0.5)", "best_score": 0.5856798624415331, "test_score": 0.5428282536472627}