{"best_estimator": "HistGradientBoostingClassifier(learning_rate=0.01)", "best_score": 0.5725359878976329, "test_score": 0.4444444444444444}