{"0": {"precision": 0.6428571428571429, "recall": 0.36, "f1-score": 0.46153846153846156, "support": 25.0}, "1": {"precision": 0.4482758620689655, "recall": 0.7222222222222222, "f1-score": 0.5531914893617021, "support": 18.0}, "accuracy": 0.5116279069767442, "macro avg": {"precision": 0.5455665024630543, "recall": 0.5411111111111111, "f1-score": 0.5073649754500819, "support": 43.0}, "weighted avg": {"precision": 0.5614045136899989, "recall": 0.5116279069767442, "f1-score": 0.49990484527842277, "support": 43.0}}