{"best_estimator": "KNeighborsClassifier(p=1, weights='distance')", "best_score": 0.44920289209584985, "test_score": 0.5681818181818182}