{"0": {"precision": 0.42857142857142855, "recall": 0.2727272727272727, "f1-score": 0.3333333333333333, "support": 22.0}, "1": {"precision": 0.5, "recall": 0.6666666666666666, "f1-score": 0.5714285714285714, "support": 24.0}, "accuracy": 0.4782608695652174, "macro avg": {"precision": 0.4642857142857143, "recall": 0.46969696969696967, "f1-score": 0.45238095238095233, "support": 46.0}, "weighted avg": {"precision": 0.46583850931677023, "recall": 0.4782608695652174, "f1-score": 0.4575569358178054, "support": 46.0}}