{"best_estimator": "RandomForestClassifier(criterion='entropy')", "best_score": 0.5713599330868522, "test_score": 0.5652173913043478}