{"best_estimator": "BernoulliNB()", "best_score": 0.518083529916935, "test_score": 0.5225464190981433}