{"best_estimator": "BernoulliNB()", "best_score": 0.5269395191018249, "test_score": 0.5633314054366685}