{"0": {"precision": 0.6060606060606061, "recall": 0.8333333333333334, "f1-score": 0.7017543859649122, "support": 24.0}, "1": {"precision": 0.3333333333333333, "recall": 0.13333333333333333, "f1-score": 0.19047619047619047, "support": 15.0}, "accuracy": 0.5641025641025641, "macro avg": {"precision": 0.4696969696969697, "recall": 0.48333333333333334, "f1-score": 0.44611528822055135, "support": 39.0}, "weighted avg": {"precision": 0.5011655011655012, "recall": 0.5641025641025641, "f1-score": 0.5051089261615578, "support": 39.0}}