{"best_estimator": "BernoulliNB()", "best_score": 0.5222571127994253, "test_score": 0.5133771929824561}