{"0": {"precision": 0.6111111111111112, "recall": 0.9565217391304348, "f1-score": 0.7457627118644068, "support": 23.0}, "1": {"precision": 0.5, "recall": 0.06666666666666667, "f1-score": 0.11764705882352941, "support": 15.0}, "accuracy": 0.6052631578947368, "macro avg": {"precision": 0.5555555555555556, "recall": 0.5115942028985507, "f1-score": 0.4317048853439681, "support": 38.0}, "weighted avg": {"precision": 0.5672514619883041, "recall": 0.6052631578947368, "f1-score": 0.49782232250616576, "support": 38.0}}