{"best_estimator": "BernoulliNB()", "best_score": 0.5208229450631393, "test_score": 0.5133771929824561}