{"0": {"precision": 0.7857142857142857, "recall": 0.9565217391304348, "f1-score": 0.8627450980392157, "support": 23.0}, "1": {"precision": 0.9, "recall": 0.6, "f1-score": 0.72, "support": 15.0}, "accuracy": 0.8157894736842105, "macro avg": {"precision": 0.8428571428571429, "recall": 0.7782608695652173, "f1-score": 0.7913725490196079, "support": 38.0}, "weighted avg": {"precision": 0.8308270676691729, "recall": 0.8157894736842105, "f1-score": 0.8063983488132095, "support": 38.0}}