{"best_estimator": "HistGradientBoostingClassifier(learning_rate=0.05)", "best_score": 0.6466887373184607, "test_score": 0.6643209007741029}