{"best_estimator": "HistGradientBoostingClassifier(learning_rate=0.01)", "best_score": 0.6577995943719103, "test_score": 0.6795112781954886}