{"best_estimator": "HistGradientBoostingClassifier(learning_rate=0.05)", "best_score": 0.6707327190351873, "test_score": 0.7631975867269986}