{"best_estimator": "KNeighborsClassifier(weights='distance')", "best_score": 0.6327713265047188, "test_score": 0.8192497158014399}