{"best_estimator": "KNeighborsClassifier(n_neighbors=7, p=1, weights='distance')", "best_score": 0.6000075818385318, "test_score": 0.7435897435897436}