{"best_estimator": "KNeighborsClassifier(n_neighbors=7, weights='distance')", "best_score": 0.6245221584907688, "test_score": 0.6501860712387028}