{"0": {"precision": 0.7419354838709677, "recall": 0.9583333333333334, "f1-score": 0.8363636363636363, "support": 24.0}, "1": {"precision": 0.875, "recall": 0.4666666666666667, "f1-score": 0.6086956521739131, "support": 15.0}, "accuracy": 0.7692307692307693, "macro avg": {"precision": 0.8084677419354839, "recall": 0.7125, "f1-score": 0.7225296442687748, "support": 39.0}, "weighted avg": {"precision": 0.7931141439205955, "recall": 0.7692307692307693, "f1-score": 0.7487990270598965, "support": 39.0}}