{"best_estimator": "RandomForestClassifier(max_depth=6, n_estimators=150)", "best_score": 0.6811962551493355, "test_score": 0.7863408521303259}