{"0": {"precision": 0.6774193548387096, "recall": 0.9130434782608695, "f1-score": 0.7777777777777778, "support": 23.0}, "1": {"precision": 0.7142857142857143, "recall": 0.3333333333333333, "f1-score": 0.45454545454545453, "support": 15.0}, "accuracy": 0.6842105263157895, "macro avg": {"precision": 0.695852534562212, "recall": 0.6231884057971014, "f1-score": 0.6161616161616161, "support": 38.0}, "weighted avg": {"precision": 0.6919718651467378, "recall": 0.6842105263157895, "f1-score": 0.6501860712387028, "support": 38.0}}