{"best_estimator": "RandomForestClassifier(criterion='entropy')", "best_score": 0.7186854995631451, "test_score": 0.6804733727810651}