{"best_estimator": "BernoulliNB()", "best_score": 0.5931998951230917, "test_score": 0.48272195640616694}