{"best_estimator": "BernoulliNB()", "best_score": 0.5475562965762664, "test_score": 0.6779010962902623}