{"best_estimator": "HistGradientBoostingClassifier(learning_rate=0.01)", "best_score": 0.7232653278373886, "test_score": 0.7245879120879122}