{"best_estimator": "HistGradientBoostingClassifier(learning_rate=0.01)", "best_score": 0.7621563411704191, "test_score": 0.7627065137325056}