{"best_estimator": "HistGradientBoostingClassifier(learning_rate=0.05)", "best_score": 0.7289824377779786, "test_score": 0.8666666666666667}