{"best_estimator": "KNeighborsClassifier(n_neighbors=25, p=3)", "best_score": 0.7430304281948152, "test_score": 0.6148148148148148}