{"best_estimator": "RandomForestClassifier(criterion='entropy', max_depth=3)", "best_score": 0.7680441057968638, "test_score": 0.8678571428571428}