{"best_estimator": "RandomForestClassifier(max_depth=3)", "best_score": 0.7651281404912691, "test_score": 0.7878835255032246}