{"best_estimator": "RandomForestClassifier(max_depth=2)", "best_score": 0.7679187132600493, "test_score": 0.7689594356261024}