{"best_estimator": "RandomForestClassifier(max_depth=2, n_estimators=150)", "best_score": 0.7842291276955027, "test_score": 0.782608695652174}