{"best_estimator": "RandomForestClassifier(max_depth=6, n_estimators=300)", "best_score": 0.8143099789938161, "test_score": 0.7080812155439021}