{"precision": 0.6345301018420154, "recall": 0.6288530810672378, "f1": 0.6259843601330809}