{"best_estimator": "BernoulliNB()", "best_score": 0.5835292341303386, "test_score": 0.4308823529411765}