{"best_estimator": "BernoulliNB()", "best_score": 0.5312655048325493, "test_score": 0.6899509803921569}