{"best_estimator": "BernoulliNB()", "best_score": 0.6080216306593147, "test_score": 0.6038159371492704}