{"best_estimator": "BernoulliNB()", "best_score": 0.547265635270741, "test_score": 0.5556372549019608}