{"best_estimator": "HistGradientBoostingClassifier(learning_rate=0.5)", "best_score": 0.5540825642828764, "test_score": 0.7201246334310851}