{"best_estimator": "HistGradientBoostingClassifier(learning_rate=0.5)", "best_score": 0.5803993731984367, "test_score": 0.7195812807881774}