{"best_estimator": "HistGradientBoostingClassifier(learning_rate=0.001)", "best_score": 0.5770907317033458, "test_score": 0.6038159371492704}