{"0": {"precision": 0.6666666666666666, "recall": 0.4444444444444444, "f1-score": 0.5333333333333333, "support": 18.0}, "1": {"precision": 0.5, "recall": 0.7142857142857143, "f1-score": 0.5882352941176471, "support": 14.0}, "accuracy": 0.5625, "macro avg": {"precision": 0.5833333333333333, "recall": 0.5793650793650793, "f1-score": 0.5607843137254902, "support": 32.0}, "weighted avg": {"precision": 0.59375, "recall": 0.5625, "f1-score": 0.5573529411764706, "support": 32.0}}