{"best_estimator": "RandomForestClassifier(criterion='log_loss')", "best_score": 0.5432315119659632, "test_score": 0.7866701200034533}