{"best_estimator": "BernoulliNB()", "best_score": 0.572329720475413, "test_score": 0.5723502304147465}