{"best_estimator": "BernoulliNB()", "best_score": 0.5866920413756327, "test_score": 0.41609644835451287}