{"0": {"precision": 0.6153846153846154, "recall": 0.9411764705882353, "f1-score": 0.7441860465116279, "support": 17.0}, "1": {"precision": 0.8, "recall": 0.2857142857142857, "f1-score": 0.42105263157894735, "support": 14.0}, "accuracy": 0.6451612903225806, "macro avg": {"precision": 0.7076923076923077, "recall": 0.6134453781512605, "f1-score": 0.5826193390452876, "support": 31.0}, "weighted avg": {"precision": 0.6987593052109181, "recall": 0.6451612903225806, "f1-score": 0.5982548268646108, "support": 31.0}}