{"best_estimator": "HistGradientBoostingClassifier(learning_rate=0.01)", "best_score": 0.6923498228951994, "test_score": 0.7756092628172717}