{"best_estimator": "HistGradientBoostingClassifier(learning_rate=0.01)", "best_score": 0.7555159846248223, "test_score": 0.7403225806451613}