{"0": {"precision": 0.8125, "recall": 0.7647058823529411, "f1-score": 0.7878787878787878, "support": 17.0}, "1": {"precision": 0.7333333333333333, "recall": 0.7857142857142857, "f1-score": 0.7586206896551724, "support": 14.0}, "accuracy": 0.7741935483870968, "macro avg": {"precision": 0.7729166666666667, "recall": 0.7752100840336134, "f1-score": 0.7732497387669801, "support": 31.0}, "weighted avg": {"precision": 0.776747311827957, "recall": 0.7741935483870968, "f1-score": 0.774665453197155, "support": 31.0}}