{"0": {"precision": 0.8333333333333334, "recall": 0.8333333333333334, "f1-score": 0.8333333333333334, "support": 18.0}, "1": {"precision": 0.7692307692307693, "recall": 0.7692307692307693, "f1-score": 0.7692307692307693, "support": 13.0}, "accuracy": 0.8064516129032258, "macro avg": {"precision": 0.8012820512820513, "recall": 0.8012820512820513, "f1-score": 0.8012820512820513, "support": 31.0}, "weighted avg": {"precision": 0.8064516129032258, "recall": 0.8064516129032258, "f1-score": 0.8064516129032258, "support": 31.0}}