{"best_estimator": "KNeighborsClassifier(n_neighbors=25, p=1)", "best_score": 0.7448366189832789, "test_score": 0.7010101010101011}