{"precision": 0.7382961121630819, "recall": 0.7114358206133908, "f1": 0.7074542556815178}