{"0": {"precision": 0.8055555555555556, "recall": 0.6170212765957447, "f1-score": 0.6987951807228916, "support": 47.0}, "1": {"precision": 0.41935483870967744, "recall": 0.65, "f1-score": 0.5098039215686274, "support": 20.0}, "accuracy": 0.6268656716417911, "macro avg": {"precision": 0.6124551971326165, "recall": 0.6335106382978724, "f1-score": 0.6042995511457595, "support": 67.0}, "weighted avg": {"precision": 0.6902717594821592, "recall": 0.6268656716417911, "f1-score": 0.6423798794828127, "support": 67.0}}