{"best_estimator": "BernoulliNB()", "best_score": 0.6534355874964087, "test_score": 0.6560846560846562}