{"best_estimator": "BernoulliNB()", "best_score": 0.6583843882458844, "test_score": 0.6523172436793699}