{"best_estimator": "HistGradientBoostingClassifier()", "best_score": 0.7024623031365593, "test_score": 0.6666666666666666}