{"best_estimator": "KNeighborsClassifier(p=3)", "best_score": 0.699804700137826, "test_score": 0.5333333333333333}