{"best_estimator": "KNeighborsClassifier(n_neighbors=7, p=3)", "best_score": 0.6748881408922673, "test_score": 0.7282087084069376}