{"best_estimator": "KNeighborsClassifier(p=3, weights='distance')", "best_score": 0.7269300291845016, "test_score": 0.5827544548474781}