{"best_estimator": "KNeighborsClassifier(p=3, weights='distance')", "best_score": 0.7272297684153641, "test_score": 0.5476190476190477}