{"best_estimator": "RandomForestClassifier(n_estimators=150)", "best_score": 0.6581202113604488, "test_score": 0.5983041266252119}