{"best_estimator": "RandomForestClassifier(n_estimators=300)", "best_score": 0.6413531742489245, "test_score": 0.8317460317460318}