{"best_estimator": "RandomForestClassifier(criterion='log_loss')", "best_score": 0.6555915076905597, "test_score": 0.724206681946075}