{"best_estimator": "RandomForestClassifier(criterion='entropy', max_depth=6)", "best_score": 0.6102849352741954, "test_score": 0.5333333333333334}