{"precision": 0.7099992030596741, "recall": 0.7095954343123685, "f1": 0.7032676995322356}