{"best_estimator": "AdaBoostClassifier(algorithm='SAMME', learning_rate=0.5)", "best_score": 0.5639196623431995, "test_score": 0.6605222734254992}