{"0": {"precision": 0.5806451612903226, "recall": 1.0, "f1-score": 0.7346938775510204, "support": 18.0}, "1": {"precision": 0.0, "recall": 0.0, "f1-score": 0.0, "support": 13.0}, "accuracy": 0.5806451612903226, "macro avg": {"precision": 0.2903225806451613, "recall": 0.5, "f1-score": 0.3673469387755102, "support": 31.0}, "weighted avg": {"precision": 0.33714880332986474, "recall": 0.5806451612903226, "f1-score": 0.4265964450296248, "support": 31.0}}