{"best_estimator": "BernoulliNB()", "best_score": 0.45500236801603683, "test_score": 0.43413978494623656}