{"best_estimator": "BernoulliNB()", "best_score": 0.4509773102994087, "test_score": 0.4658064516129032}