{"0": {"precision": 0.6129032258064516, "recall": 1.0, "f1-score": 0.76, "support": 19.0}, "1": {"precision": 0.0, "recall": 0.0, "f1-score": 0.0, "support": 12.0}, "accuracy": 0.6129032258064516, "macro avg": {"precision": 0.3064516129032258, "recall": 0.5, "f1-score": 0.38, "support": 31.0}, "weighted avg": {"precision": 0.3756503642039542, "recall": 0.6129032258064516, "f1-score": 0.4658064516129032, "support": 31.0}}