{"best_estimator": "BernoulliNB()", "best_score": 0.4435595264416795, "test_score": 0.5348660556033829}