{"best_estimator": "BernoulliNB()", "best_score": 0.4546669461537505, "test_score": 0.43404255319148943}