{"best_estimator": "BernoulliNB()", "best_score": 0.4546481807911077, "test_score": 0.45029624753127057}