{"best_estimator": "HistGradientBoostingClassifier(learning_rate=0.01)", "best_score": 0.5327071025388143, "test_score": 0.43413978494623656}