{"best_estimator": "HistGradientBoostingClassifier(learning_rate=0.5)", "best_score": 0.524583912329388, "test_score": 0.41609644835451287}