{"0": {"precision": 0.7777777777777778, "recall": 0.7777777777777778, "f1-score": 0.7777777777777778, "support": 18.0}, "1": {"precision": 0.6666666666666666, "recall": 0.6666666666666666, "f1-score": 0.6666666666666666, "support": 12.0}, "accuracy": 0.7333333333333333, "macro avg": {"precision": 0.7222222222222222, "recall": 0.7222222222222222, "f1-score": 0.7222222222222222, "support": 30.0}, "weighted avg": {"precision": 0.7333333333333333, "recall": 0.7333333333333333, "f1-score": 0.7333333333333333, "support": 30.0}}