{"best_estimator": "HistGradientBoostingClassifier(learning_rate=0.05)", "best_score": 0.5480774867299948, "test_score": 0.5694249649368863}