{"0": {"precision": 0.5862068965517241, "recall": 0.8947368421052632, "f1-score": 0.7083333333333334, "support": 19.0}, "1": {"precision": 0.0, "recall": 0.0, "f1-score": 0.0, "support": 12.0}, "accuracy": 0.5483870967741935, "macro avg": {"precision": 0.29310344827586204, "recall": 0.4473684210526316, "f1-score": 0.3541666666666667, "support": 31.0}, "weighted avg": {"precision": 0.3592880978865406, "recall": 0.5483870967741935, "f1-score": 0.43413978494623656, "support": 31.0}}