{"best_estimator": "HistGradientBoostingClassifier()", "best_score": 0.532808079898419, "test_score": 0.419766962646585}