{"0": {"precision": 0.6666666666666666, "recall": 0.7777777777777778, "f1-score": 0.717948717948718, "support": 18.0}, "1": {"precision": 0.5555555555555556, "recall": 0.4166666666666667, "f1-score": 0.47619047619047616, "support": 12.0}, "accuracy": 0.6333333333333333, "macro avg": {"precision": 0.6111111111111112, "recall": 0.5972222222222222, "f1-score": 0.5970695970695971, "support": 30.0}, "weighted avg": {"precision": 0.6222222222222222, "recall": 0.6333333333333333, "f1-score": 0.6212454212454211, "support": 30.0}}