{"best_estimator": "KNeighborsClassifier(n_neighbors=15, p=3, weights='distance')", "best_score": 0.544088587783545, "test_score": 0.5726835964310226}