{"best_estimator": "RandomForestClassifier(n_estimators=400)", "best_score": 0.5805664124420489, "test_score": 0.4568356374807988}