{"best_estimator": "RandomForestClassifier(n_estimators=200)", "best_score": 0.5538738006056219, "test_score": 0.48908439231019873}