{"best_estimator": "RandomForestClassifier(max_depth=6, n_estimators=150)", "best_score": 0.5698408864396821, "test_score": 0.5269238878347038}