{"best_estimator": "AdaBoostClassifier(algorithm='SAMME', learning_rate=0.001, n_estimators=400)", "best_score": 0.7126085453268475, "test_score": 0.8390467522836822}