{"best_estimator": "BernoulliNB()", "best_score": 0.5746228993400908, "test_score": 0.49622601728863586}