{"best_estimator": "BernoulliNB()", "best_score": 0.5754888624518107, "test_score": 0.6163126147390506}