{"best_estimator": "BernoulliNB()", "best_score": 0.5670354079242552, "test_score": 0.6724674589700056}