{"best_estimator": "HistGradientBoostingClassifier(learning_rate=0.5)", "best_score": 0.6581009802235568, "test_score": 0.6428596338273758}