{"best_estimator": "HistGradientBoostingClassifier(learning_rate=0.05)", "best_score": 0.668793734516014, "test_score": 0.6414534668149796}