{"0": {"precision": 0.5, "recall": 0.4117647058823529, "f1-score": 0.45161290322580644, "support": 17.0}, "1": {"precision": 0.375, "recall": 0.46153846153846156, "f1-score": 0.41379310344827586, "support": 13.0}, "accuracy": 0.43333333333333335, "macro avg": {"precision": 0.4375, "recall": 0.43665158371040724, "f1-score": 0.43270300333704115, "support": 30.0}, "weighted avg": {"precision": 0.44583333333333336, "recall": 0.43333333333333335, "f1-score": 0.43522432332220984, "support": 30.0}}