{"best_estimator": "KNeighborsClassifier(n_neighbors=15, p=1)", "best_score": 0.7518386713144547, "test_score": 0.4666666666666667}