{"0": {"precision": 0.5384615384615384, "recall": 0.4117647058823529, "f1-score": 0.4666666666666667, "support": 17.0}, "1": {"precision": 0.4117647058823529, "recall": 0.5384615384615384, "f1-score": 0.4666666666666667, "support": 13.0}, "accuracy": 0.4666666666666667, "macro avg": {"precision": 0.4751131221719457, "recall": 0.4751131221719457, "f1-score": 0.4666666666666667, "support": 30.0}, "weighted avg": {"precision": 0.4835595776772247, "recall": 0.4666666666666667, "f1-score": 0.4666666666666667, "support": 30.0}}