{"best_estimator": "KNeighborsClassifier(n_neighbors=7, p=3)", "best_score": 0.7171945989748995, "test_score": 0.7084485407066052}