{"best_estimator": "RandomForestClassifier(max_depth=2, n_estimators=300)", "best_score": 0.7619551668935768, "test_score": 0.7419354838709677}