{"best_estimator": "RandomForestClassifier(max_depth=2, n_estimators=300)", "best_score": 0.750210760683212, "test_score": 0.8390467522836822}