{"0": {"precision": 0.53125, "recall": 0.68, "f1-score": 0.5964912280701754, "support": 25.0}, "1": {"precision": 0.5555555555555556, "recall": 0.4, "f1-score": 0.46511627906976744, "support": 25.0}, "accuracy": 0.54, "macro avg": {"precision": 0.5434027777777778, "recall": 0.54, "f1-score": 0.5308037535699714, "support": 50.0}, "weighted avg": {"precision": 0.5434027777777778, "recall": 0.54, "f1-score": 0.5308037535699713, "support": 50.0}}