{"0": {"precision": 0.6857142857142857, "recall": 0.7272727272727273, "f1-score": 0.7058823529411765, "support": 33.0}, "1": {"precision": 0.25, "recall": 0.21428571428571427, "f1-score": 0.23076923076923078, "support": 14.0}, "accuracy": 0.574468085106383, "macro avg": {"precision": 0.46785714285714286, "recall": 0.4707792207792208, "f1-score": 0.4683257918552036, "support": 47.0}, "weighted avg": {"precision": 0.5559270516717325, "recall": 0.574468085106383, "f1-score": 0.5643592952729374, "support": 47.0}}