{"0": {"precision": 0.8571428571428571, "recall": 0.13333333333333333, "f1-score": 0.23076923076923078, "support": 45.0}, "1": {"precision": 0.36065573770491804, "recall": 0.9565217391304348, "f1-score": 0.5238095238095238, "support": 23.0}, "accuracy": 0.4117647058823529, "macro avg": {"precision": 0.6088992974238876, "recall": 0.5449275362318841, "f1-score": 0.3772893772893773, "support": 68.0}, "weighted avg": {"precision": 0.6892133902741424, "recall": 0.4117647058823529, "f1-score": 0.32988580047403576, "support": 68.0}}