{"best_estimator": "BernoulliNB()", "best_score": 0.47720533305612084, "test_score": 0.4652406417112299}