{"best_estimator": "BernoulliNB()", "best_score": 0.579511261157728, "test_score": 0.6527777777777778}