{"0": {"precision": 0.6842105263157895, "recall": 0.3939393939393939, "f1-score": 0.5, "support": 33.0}, "1": {"precision": 0.2857142857142857, "recall": 0.5714285714285714, "f1-score": 0.38095238095238093, "support": 14.0}, "accuracy": 0.44680851063829785, "macro avg": {"precision": 0.4849624060150376, "recall": 0.48268398268398266, "f1-score": 0.44047619047619047, "support": 47.0}, "weighted avg": {"precision": 0.5655095184770437, "recall": 0.44680851063829785, "f1-score": 0.46453900709219853, "support": 47.0}}