{"best_estimator": "BernoulliNB()", "best_score": 0.6304666650756343, "test_score": 0.5555555555555556}