{"best_estimator": "BernoulliNB()", "best_score": 0.6018493757879005, "test_score": 0.5116279069767442}