{"best_estimator": "HistGradientBoostingClassifier(learning_rate=0.5)", "best_score": 0.592917972686491, "test_score": 0.5420541566720969}