{"0": {"precision": 0.8, "recall": 0.36363636363636365, "f1-score": 0.5, "support": 33.0}, "1": {"precision": 0.34375, "recall": 0.7857142857142857, "f1-score": 0.4782608695652174, "support": 14.0}, "accuracy": 0.48936170212765956, "macro avg": {"precision": 0.571875, "recall": 0.5746753246753247, "f1-score": 0.4891304347826087, "support": 47.0}, "weighted avg": {"precision": 0.6640957446808511, "recall": 0.48936170212765956, "f1-score": 0.49352451433857536, "support": 47.0}}