{"0": {"precision": 0.625, "recall": 0.2631578947368421, "f1-score": 0.37037037037037035, "support": 19.0}, "1": {"precision": 0.6, "recall": 0.875, "f1-score": 0.711864406779661, "support": 24.0}, "accuracy": 0.6046511627906976, "macro avg": {"precision": 0.6125, "recall": 0.569078947368421, "f1-score": 0.5411173885750157, "support": 43.0}, "weighted avg": {"precision": 0.6110465116279069, "recall": 0.6046511627906976, "f1-score": 0.5609716930174162, "support": 43.0}}