{"best_estimator": "KNeighborsClassifier(p=3, weights='distance')", "best_score": 0.5653469803925191, "test_score": 0.5609716930174162}