{"best_estimator": "RandomForestClassifier(criterion='log_loss', n_estimators=150)", "best_score": 0.5567173246279171, "test_score": 0.6417517918618433}