{"best_estimator": "RandomForestClassifier(criterion='log_loss', n_estimators=400)", "best_score": 0.5907588816422501, "test_score": 0.6369047619047619}