{"best_estimator": "RandomForestClassifier(n_estimators=150)", "best_score": 0.6327305866045394, "test_score": 0.5861606287138202}