{"best_estimator": "BernoulliNB()", "best_score": 0.3745841353422494, "test_score": 0.25641025641025644}