{"0": {"precision": 0.0, "recall": 0.0, "f1-score": 0.0, "support": 26.0}, "1": {"precision": 0.36585365853658536, "recall": 1.0, "f1-score": 0.5357142857142857, "support": 15.0}, "accuracy": 0.36585365853658536, "macro avg": {"precision": 0.18292682926829268, "recall": 0.5, "f1-score": 0.26785714285714285, "support": 41.0}, "weighted avg": {"precision": 0.1338488994646044, "recall": 0.36585365853658536, "f1-score": 0.195993031358885, "support": 41.0}}