{"best_estimator": "BernoulliNB()", "best_score": 0.34989358803231896, "test_score": 0.20454545454545453}