{"best_estimator": "BernoulliNB()", "best_score": 0.38771282302926785, "test_score": 0.25641025641025644}