{"best_estimator": "HistGradientBoostingClassifier(learning_rate=0.5)", "best_score": 0.5417224134361625, "test_score": 0.7967032967032968}