{"best_estimator": "HistGradientBoostingClassifier(learning_rate=0.01)", "best_score": 0.5605642547599763, "test_score": 0.6272218564845293}