{"best_estimator": "HistGradientBoostingClassifier(learning_rate=0.05)", "best_score": 0.5173068273440153, "test_score": 0.5775181040157998}