{"best_estimator": "KNeighborsClassifier(p=3, weights='distance')", "best_score": 0.46292245128142345, "test_score": 0.5278143515470705}