{"best_estimator": "KNeighborsClassifier(p=1, weights='distance')", "best_score": 0.457592561533671, "test_score": 0.6882589906980151}