{"best_estimator": "KNeighborsClassifier(p=1, weights='distance')", "best_score": 0.4329212623233647, "test_score": 0.6061381074168798}