{"best_estimator": "KNeighborsClassifier(p=3, weights='distance')", "best_score": 0.4790559076390565, "test_score": 0.7046035805626598}