{"0": {"precision": 0.5909090909090909, "recall": 0.52, "f1-score": 0.5531914893617021, "support": 25.0}, "1": {"precision": 0.3333333333333333, "recall": 0.4, "f1-score": 0.36363636363636365, "support": 15.0}, "accuracy": 0.475, "macro avg": {"precision": 0.46212121212121215, "recall": 0.46, "f1-score": 0.4584139264990329, "support": 40.0}, "weighted avg": {"precision": 0.4943181818181818, "recall": 0.475, "f1-score": 0.4821083172147002, "support": 40.0}}