{"best_estimator": "RandomForestClassifier(criterion='log_loss')", "best_score": 0.5328285694373684, "test_score": 0.8236984448951995}