{"best_estimator": "RandomForestClassifier(criterion='entropy', n_estimators=150)", "best_score": 0.5333009932968051, "test_score": 0.6272218564845293}