{"0": {"precision": 0.4782608695652174, "recall": 0.5789473684210527, "f1-score": 0.5238095238095238, "support": 19.0}, "1": {"precision": 0.1111111111111111, "recall": 0.07692307692307693, "f1-score": 0.09090909090909091, "support": 13.0}, "accuracy": 0.375, "macro avg": {"precision": 0.2946859903381642, "recall": 0.32793522267206476, "f1-score": 0.3073593073593074, "support": 32.0}, "weighted avg": {"precision": 0.32910628019323673, "recall": 0.375, "f1-score": 0.34794372294372294, "support": 32.0}}