{"best_estimator": "HistGradientBoostingClassifier(learning_rate=0.05)", "best_score": 0.5181105584830438, "test_score": 0.5267045454545454}