{"best_estimator": "HistGradientBoostingClassifier()", "best_score": 0.48683725426476504, "test_score": 0.5316665134663112}