{"0": {"precision": 0.625, "recall": 0.5, "f1-score": 0.5555555555555556, "support": 20.0}, "1": {"precision": 0.4117647058823529, "recall": 0.5384615384615384, "f1-score": 0.4666666666666667, "support": 13.0}, "accuracy": 0.5151515151515151, "macro avg": {"precision": 0.5183823529411764, "recall": 0.5192307692307692, "f1-score": 0.5111111111111111, "support": 33.0}, "weighted avg": {"precision": 0.5409982174688057, "recall": 0.5151515151515151, "f1-score": 0.5205387205387205, "support": 33.0}}