{"best_estimator": "RandomForestClassifier(n_estimators=150)", "best_score": 0.4718737796208018, "test_score": 0.63531284606866}