{"0": {"precision": 0.52, "recall": 0.6842105263157895, "f1-score": 0.5909090909090909, "support": 19.0}, "1": {"precision": 0.14285714285714285, "recall": 0.07692307692307693, "f1-score": 0.1, "support": 13.0}, "accuracy": 0.4375, "macro avg": {"precision": 0.3314285714285714, "recall": 0.38056680161943324, "f1-score": 0.34545454545454546, "support": 32.0}, "weighted avg": {"precision": 0.3667857142857143, "recall": 0.4375, "f1-score": 0.3914772727272728, "support": 32.0}}