{"best_estimator": "RandomForestClassifier(criterion='log_loss', n_estimators=150)", "best_score": 0.47513543735981756, "test_score": 0.5278846153846154}