{"best_estimator": "RandomForestClassifier()", "best_score": 0.515202417568547, "test_score": 0.5564738292011019}