{"0": {"precision": 0.5, "recall": 0.5, "f1-score": 0.5, "support": 20.0}, "1": {"precision": 0.23076923076923078, "recall": 0.23076923076923078, "f1-score": 0.23076923076923078, "support": 13.0}, "accuracy": 0.3939393939393939, "macro avg": {"precision": 0.3653846153846154, "recall": 0.3653846153846154, "f1-score": 0.3653846153846154, "support": 33.0}, "weighted avg": {"precision": 0.3939393939393939, "recall": 0.3939393939393939, "f1-score": 0.3939393939393939, "support": 33.0}}