{"best_estimator": "RandomForestClassifier(criterion='log_loss', n_estimators=150)", "best_score": 0.47595488414068965, "test_score": 0.5168350168350169}