{"precision": 0.5978808298868602, "recall": 0.5713609676465379, "f1": 0.5341366509421651}