{"best_estimator": "BernoulliNB()", "best_score": 0.3826231217336568, "test_score": 0.24780058651026396}