{"best_estimator": "BernoulliNB()", "best_score": 0.39602033768817213, "test_score": 0.21605401350337583}