{"best_estimator": "BernoulliNB()", "best_score": 0.3750584533948135, "test_score": 0.21605401350337583}