{"best_estimator": "BernoulliNB()", "best_score": 0.3893591159489366, "test_score": 0.24780058651026396}