{"best_estimator": "HistGradientBoostingClassifier(learning_rate=0.001)", "best_score": 0.5407323763470068, "test_score": 0.5833653007846556}