{"best_estimator": "HistGradientBoostingClassifier(learning_rate=0.01)", "best_score": 0.5276413142716097, "test_score": 0.5118135721221276}