{"best_estimator": "HistGradientBoostingClassifier()", "best_score": 0.5411192596234382, "test_score": 0.47594793435200905}