{"best_estimator": "HistGradientBoostingClassifier(learning_rate=0.05)", "best_score": 0.533001281873023, "test_score": 0.5694249649368863}