{"best_estimator": "HistGradientBoostingClassifier(learning_rate=0.5)", "best_score": 0.529540526775852, "test_score": 0.6129032258064516}