{"0": {"precision": 0.5, "recall": 0.5, "f1-score": 0.5, "support": 18.0}, "1": {"precision": 0.3076923076923077, "recall": 0.3076923076923077, "f1-score": 0.3076923076923077, "support": 13.0}, "accuracy": 0.41935483870967744, "macro avg": {"precision": 0.40384615384615385, "recall": 0.40384615384615385, "f1-score": 0.40384615384615385, "support": 31.0}, "weighted avg": {"precision": 0.41935483870967744, "recall": 0.41935483870967744, "f1-score": 0.41935483870967744, "support": 31.0}}