{"best_estimator": "KNeighborsClassifier(n_neighbors=10, p=1, weights='distance')", "best_score": 0.49310662586994763, "test_score": 0.646663253114866}