{"best_estimator": "RandomForestClassifier()", "best_score": 0.5580040120908941, "test_score": 0.5483870967741935}