{"best_estimator": "RandomForestClassifier()", "best_score": 0.5481494621677467, "test_score": 0.5631022326674502}