{"best_estimator": "RandomForestClassifier(criterion='entropy', n_estimators=400)", "best_score": 0.5273520535493579, "test_score": 0.652073732718894}