{"best_estimator": "BernoulliNB()", "best_score": 0.5567886992842656, "test_score": 0.6086784854108264}