{"best_estimator": "BernoulliNB()", "best_score": 0.5541667301884103, "test_score": 0.6436593275302952}