{"best_estimator": "HistGradientBoostingClassifier(learning_rate=0.001)", "best_score": 0.7132909132167916, "test_score": 0.6760752688172043}