{"best_estimator": "HistGradientBoostingClassifier()", "best_score": 0.7505449693767959, "test_score": 0.6414534668149796}