{"best_estimator": "HistGradientBoostingClassifier(learning_rate=0.01)", "best_score": 0.7023006773685716, "test_score": 0.5824884792626728}