{"best_estimator": "KNeighborsClassifier(n_neighbors=15, p=1)", "best_score": 0.681133895628054, "test_score": 0.8064516129032258}