{"best_estimator": "KNeighborsClassifier(n_neighbors=20, p=1)", "best_score": 0.666771590638996, "test_score": 0.7019095911101522}