{"0": {"precision": 0.9, "recall": 0.5294117647058824, "f1-score": 0.6666666666666666, "support": 17.0}, "1": {"precision": 0.6, "recall": 0.9230769230769231, "f1-score": 0.7272727272727273, "support": 13.0}, "accuracy": 0.7, "macro avg": {"precision": 0.75, "recall": 0.7262443438914028, "f1-score": 0.696969696969697, "support": 30.0}, "weighted avg": {"precision": 0.77, "recall": 0.7, "f1-score": 0.692929292929293, "support": 30.0}}