{"best_estimator": "RandomForestClassifier(criterion='entropy', max_depth=3)", "best_score": 0.7682195333424772, "test_score": 0.7741935483870968}