{"best_estimator": "RandomForestClassifier(max_depth=6, n_estimators=400)", "best_score": 0.7822604908216053, "test_score": 0.5682198327359618}