{"precision": 0.7683901187459816, "recall": 0.7439469985471022, "f1": 0.7335616614128911}