{"0": {"precision": 0.78125, "recall": 0.5319148936170213, "f1-score": 0.6329113924050633, "support": 47.0}, "1": {"precision": 0.37142857142857144, "recall": 0.65, "f1-score": 0.4727272727272727, "support": 20.0}, "accuracy": 0.5671641791044776, "macro avg": {"precision": 0.5763392857142857, "recall": 0.5909574468085106, "f1-score": 0.552819332566168, "support": 67.0}, "weighted avg": {"precision": 0.6589152452025586, "recall": 0.5671641791044776, "f1-score": 0.5850952372773647, "support": 67.0}}