{"0": {"precision": 0.75, "recall": 0.41379310344827586, "f1-score": 0.5333333333333333, "support": 29.0}, "1": {"precision": 0.34615384615384615, "recall": 0.6923076923076923, "f1-score": 0.46153846153846156, "support": 13.0}, "accuracy": 0.5, "macro avg": {"precision": 0.5480769230769231, "recall": 0.553050397877984, "f1-score": 0.49743589743589745, "support": 42.0}, "weighted avg": {"precision": 0.625, "recall": 0.5, "f1-score": 0.5111111111111112, "support": 42.0}}