{"best_estimator": "BernoulliNB()", "best_score": 0.38863584895990966, "test_score": 0.5333333333333333}