{"0": {"precision": 0.5, "recall": 0.125, "f1-score": 0.2, "support": 8.0}, "1": {"precision": 0.5625, "recall": 0.9, "f1-score": 0.6923076923076923, "support": 10.0}, "accuracy": 0.5555555555555556, "macro avg": {"precision": 0.53125, "recall": 0.5125, "f1-score": 0.4461538461538461, "support": 18.0}, "weighted avg": {"precision": 0.5347222222222222, "recall": 0.5555555555555556, "f1-score": 0.4735042735042735, "support": 18.0}}