{"best_estimator": "BernoulliNB()", "best_score": 0.39323794836745807, "test_score": 0.47619047619047616}