{"best_estimator": "HistGradientBoostingClassifier(learning_rate=0.5)", "best_score": 0.5121164593553666, "test_score": 0.4917087967644085}