{"best_estimator": "HistGradientBoostingClassifier()", "best_score": 0.529867125046011, "test_score": 0.6757164404223228}