{"best_estimator": "HistGradientBoostingClassifier(learning_rate=0.05)", "best_score": 0.43455451850755134, "test_score": 0.5905730427764326}