{"best_estimator": "KNeighborsClassifier(p=3, weights='distance')", "best_score": 0.5948379560241057, "test_score": 0.3111111111111111}