{"best_estimator": "KNeighborsClassifier(p=3, weights='distance')", "best_score": 0.5574396143580362, "test_score": 0.515813686026452}