{"best_estimator": "RandomForestClassifier(criterion='log_loss', n_estimators=150)", "best_score": 0.47936043325673305, "test_score": 0.5122257053291536}