{"best_estimator": "RandomForestClassifier(n_estimators=200)", "best_score": 0.5136034972926575, "test_score": 0.5795832074901842}