{"precision": 0.6791293675299556, "recall": 0.6732636383749984, "f1": 0.6718725393582313}