{"best_estimator": "AdaBoostClassifier(algorithm='SAMME', learning_rate=0.05, n_estimators=400)", "best_score": 0.6737213190883982, "test_score": 0.5936454849498327}