{"0": {"precision": 0.8095238095238095, "recall": 0.7083333333333334, "f1-score": 0.7555555555555555, "support": 24.0}, "1": {"precision": 0.6111111111111112, "recall": 0.7333333333333333, "f1-score": 0.6666666666666666, "support": 15.0}, "accuracy": 0.717948717948718, "macro avg": {"precision": 0.7103174603174603, "recall": 0.7208333333333333, "f1-score": 0.711111111111111, "support": 39.0}, "weighted avg": {"precision": 0.7332112332112333, "recall": 0.717948717948718, "f1-score": 0.7213675213675214, "support": 39.0}}