{"0": {"precision": 0.8, "recall": 0.5217391304347826, "f1-score": 0.631578947368421, "support": 23.0}, "1": {"precision": 0.5217391304347826, "recall": 0.8, "f1-score": 0.631578947368421, "support": 15.0}, "accuracy": 0.631578947368421, "macro avg": {"precision": 0.6608695652173913, "recall": 0.6608695652173913, "f1-score": 0.631578947368421, "support": 38.0}, "weighted avg": {"precision": 0.6901601830663616, "recall": 0.631578947368421, "f1-score": 0.631578947368421, "support": 38.0}}