{"0": {"precision": 0.5909090909090909, "recall": 0.5416666666666666, "f1-score": 0.5652173913043478, "support": 24.0}, "1": {"precision": 0.35294117647058826, "recall": 0.4, "f1-score": 0.375, "support": 15.0}, "accuracy": 0.48717948717948717, "macro avg": {"precision": 0.47192513368983957, "recall": 0.4708333333333333, "f1-score": 0.4701086956521739, "support": 39.0}, "weighted avg": {"precision": 0.4993829699712053, "recall": 0.48717948717948717, "f1-score": 0.49205685618729095, "support": 39.0}}