{"0": {"precision": 0.6, "recall": 0.5217391304347826, "f1-score": 0.5581395348837209, "support": 23.0}, "1": {"precision": 0.3888888888888889, "recall": 0.4666666666666667, "f1-score": 0.42424242424242425, "support": 15.0}, "accuracy": 0.5, "macro avg": {"precision": 0.49444444444444446, "recall": 0.49420289855072463, "f1-score": 0.49119097956307256, "support": 38.0}, "weighted avg": {"precision": 0.5166666666666666, "recall": 0.5, "f1-score": 0.5052854122621565, "support": 38.0}}