{"best_estimator": "BernoulliNB()", "best_score": 0.5345674177400372, "test_score": 0.6179757085020242}