{"0": {"precision": 0.3333333333333333, "recall": 0.041666666666666664, "f1-score": 0.07407407407407407, "support": 24.0}, "1": {"precision": 0.3611111111111111, "recall": 0.8666666666666667, "f1-score": 0.5098039215686274, "support": 15.0}, "accuracy": 0.358974358974359, "macro avg": {"precision": 0.3472222222222222, "recall": 0.45416666666666666, "f1-score": 0.29193899782135074, "support": 39.0}, "weighted avg": {"precision": 0.34401709401709407, "recall": 0.358974358974359, "f1-score": 0.24166247695659457, "support": 39.0}}