{"best_estimator": "BernoulliNB()", "best_score": 0.4475855712911236, "test_score": 0.24166247695659457}