{"best_estimator": "BernoulliNB()", "best_score": 0.5294788289724726, "test_score": 0.49598773319703554}