{"0": {"precision": 0.6111111111111112, "recall": 0.4583333333333333, "f1-score": 0.5238095238095238, "support": 24.0}, "1": {"precision": 0.38095238095238093, "recall": 0.5333333333333333, "f1-score": 0.4444444444444444, "support": 15.0}, "accuracy": 0.48717948717948717, "macro avg": {"precision": 0.49603174603174605, "recall": 0.49583333333333335, "f1-score": 0.48412698412698413, "support": 39.0}, "weighted avg": {"precision": 0.5225885225885225, "recall": 0.48717948717948717, "f1-score": 0.49328449328449336, "support": 39.0}}