{"best_estimator": "HistGradientBoostingClassifier(learning_rate=0.05)", "best_score": 0.6702458621531214, "test_score": 0.7806267806267806}