{"best_estimator": "HistGradientBoostingClassifier(learning_rate=0.05)", "best_score": 0.6596958211098908, "test_score": 0.7194973866216146}