{"best_estimator": "RandomForestClassifier(max_depth=2, n_estimators=400)", "best_score": 0.7246723189366256, "test_score": 0.6174964363022015}