{"0": {"precision": 0.7894736842105263, "recall": 0.6521739130434783, "f1-score": 0.7142857142857143, "support": 23.0}, "1": {"precision": 0.5789473684210527, "recall": 0.7333333333333333, "f1-score": 0.6470588235294118, "support": 15.0}, "accuracy": 0.6842105263157895, "macro avg": {"precision": 0.6842105263157895, "recall": 0.6927536231884057, "f1-score": 0.680672268907563, "support": 38.0}, "weighted avg": {"precision": 0.7063711911357341, "recall": 0.6842105263157895, "f1-score": 0.687748783724016, "support": 38.0}}