{"precision": 0.5722319299665444, "recall": 0.5333898719863632, "f1": 0.5362646021110167}