{"best_estimator": "BernoulliNB()", "best_score": 0.4916974575425307, "test_score": 0.6721052631578948}