{"best_estimator": "BernoulliNB()", "best_score": 0.554197031179344, "test_score": 0.4567808974769581}