{"best_estimator": "BernoulliNB()", "best_score": 0.5299300069631532, "test_score": 0.562553487376979}