{"0": {"precision": 0.7472527472527473, "recall": 0.9855072463768116, "f1-score": 0.85, "support": 69.0}, "1": {"precision": 0.75, "recall": 0.11538461538461539, "f1-score": 0.2, "support": 26.0}, "accuracy": 0.7473684210526316, "macro avg": {"precision": 0.7486263736263736, "recall": 0.5504459308807135, "f1-score": 0.525, "support": 95.0}, "weighted avg": {"precision": 0.7480046269519954, "recall": 0.7473684210526316, "f1-score": 0.6721052631578948, "support": 95.0}}