{"best_estimator": "HistGradientBoostingClassifier()", "best_score": 0.5906579279789296, "test_score": 0.7733333333333334}