{"best_estimator": "HistGradientBoostingClassifier()", "best_score": 0.5826773908391514, "test_score": 0.5610002016535591}