{"best_estimator": "HistGradientBoostingClassifier()", "best_score": 0.5532037801320774, "test_score": 0.5688744202870467}