{"best_estimator": "KNeighborsClassifier(p=3)", "best_score": 0.6185154123193088, "test_score": 0.43557168784029043}