{"best_estimator": "KNeighborsClassifier(n_neighbors=10, p=1)", "best_score": 0.5746933413518758, "test_score": 0.456461303918931}