{"0": {"precision": 0.47619047619047616, "recall": 0.35714285714285715, "f1-score": 0.40816326530612246, "support": 28.0}, "1": {"precision": 0.45454545454545453, "recall": 0.5769230769230769, "f1-score": 0.5084745762711864, "support": 26.0}, "accuracy": 0.46296296296296297, "macro avg": {"precision": 0.4653679653679653, "recall": 0.46703296703296704, "f1-score": 0.45831892078865444, "support": 54.0}, "weighted avg": {"precision": 0.46576879910213237, "recall": 0.46296296296296297, "f1-score": 0.456461303918931, "support": 54.0}}