{"best_estimator": "RandomForestClassifier(criterion='log_loss', n_estimators=150)", "best_score": 0.5929959672390218, "test_score": 0.5400091136933242}