{"best_estimator": "RandomForestClassifier()", "best_score": 0.5184556224778055, "test_score": 0.5169875909285409}