{"best_estimator": "RandomForestClassifier(criterion='entropy', n_estimators=150)", "best_score": 0.5949487263022706, "test_score": 0.6453810131971052}