{"0": {"precision": 0.47058823529411764, "recall": 1.0, "f1-score": 0.64, "support": 8.0}, "1": {"precision": 1.0, "recall": 0.35714285714285715, "f1-score": 0.5263157894736842, "support": 14.0}, "accuracy": 0.5909090909090909, "macro avg": {"precision": 0.7352941176470589, "recall": 0.6785714285714286, "f1-score": 0.5831578947368421, "support": 22.0}, "weighted avg": {"precision": 0.8074866310160428, "recall": 0.5909090909090909, "f1-score": 0.5676555023923445, "support": 22.0}}