{"best_estimator": "RandomForestClassifier(criterion='log_loss')", "best_score": 0.5617366959881684, "test_score": 0.5582846003898635}