{"0": {"precision": 0.6875, "recall": 0.5789473684210527, "f1-score": 0.6285714285714286, "support": 19.0}, "1": {"precision": 0.4666666666666667, "recall": 0.5833333333333334, "f1-score": 0.5185185185185185, "support": 12.0}, "accuracy": 0.5806451612903226, "macro avg": {"precision": 0.5770833333333334, "recall": 0.5811403508771931, "f1-score": 0.5735449735449736, "support": 31.0}, "weighted avg": {"precision": 0.6020161290322581, "recall": 0.5806451612903226, "f1-score": 0.5859703020993343, "support": 31.0}}