{"best_estimator": "BernoulliNB()", "best_score": 0.6054336972051991, "test_score": 0.7663257277734068}