{"best_estimator": "BernoulliNB()", "best_score": 0.6324083593999561, "test_score": 0.6327975722153534}