{"best_estimator": "HistGradientBoostingClassifier(learning_rate=0.5)", "best_score": 0.6449479283193768, "test_score": 0.5824202082266597}