{"best_estimator": "HistGradientBoostingClassifier(learning_rate=0.05)", "best_score": 0.6873398943375724, "test_score": 0.6419966195562269}