{"best_estimator": "HistGradientBoostingClassifier(learning_rate=0.05)", "best_score": 0.6616360198175435, "test_score": 0.5833653007846556}