{"best_estimator": "HistGradientBoostingClassifier()", "best_score": 0.6843158098406468, "test_score": 0.6474629468177856}