{"best_estimator": "KNeighborsClassifier(n_neighbors=10, p=3, weights='distance')", "best_score": 0.6423325391159069, "test_score": 0.5833653007846556}