{"0": {"precision": 0.5909090909090909, "recall": 0.6842105263157895, "f1-score": 0.6341463414634146, "support": 19.0}, "1": {"precision": 0.3333333333333333, "recall": 0.25, "f1-score": 0.2857142857142857, "support": 12.0}, "accuracy": 0.5161290322580645, "macro avg": {"precision": 0.46212121212121215, "recall": 0.46710526315789475, "f1-score": 0.45993031358885017, "support": 31.0}, "weighted avg": {"precision": 0.4912023460410558, "recall": 0.5161290322580645, "f1-score": 0.49926941665730024, "support": 31.0}}