{"best_estimator": "RandomForestClassifier()", "best_score": 0.6156418295517918, "test_score": 0.6602870813397128}