{"0": {"precision": 0.72, "recall": 0.9473684210526315, "f1-score": 0.8181818181818182, "support": 19.0}, "1": {"precision": 0.8333333333333334, "recall": 0.4166666666666667, "f1-score": 0.5555555555555556, "support": 12.0}, "accuracy": 0.7419354838709677, "macro avg": {"precision": 0.7766666666666666, "recall": 0.6820175438596491, "f1-score": 0.6868686868686869, "support": 31.0}, "weighted avg": {"precision": 0.7638709677419355, "recall": 0.7419354838709677, "f1-score": 0.7165200391006843, "support": 31.0}}