{"0": {"precision": 0.8, "recall": 0.8888888888888888, "f1-score": 0.8421052631578947, "support": 27.0}, "1": {"precision": 0.7, "recall": 0.5384615384615384, "f1-score": 0.6086956521739131, "support": 13.0}, "accuracy": 0.775, "macro avg": {"precision": 0.75, "recall": 0.7136752136752136, "f1-score": 0.7254004576659039, "support": 40.0}, "weighted avg": {"precision": 0.7675000000000001, "recall": 0.775, "f1-score": 0.7662471395881008, "support": 40.0}}