{"best_estimator": "BernoulliNB()", "best_score": 0.6039615722020067, "test_score": 0.7315126050420168}