{"best_estimator": "BernoulliNB()", "best_score": 0.6056315773918407, "test_score": 0.7313139260424862}