{"best_estimator": "BernoulliNB()", "best_score": 0.616702773061584, "test_score": 0.5987012987012987}