{"best_estimator": "BernoulliNB()", "best_score": 0.6074000389313294, "test_score": 0.7105734767025089}