{"best_estimator": "HistGradientBoostingClassifier()", "best_score": 0.7276181034168403, "test_score": 0.7725454545454545}