{"best_estimator": "HistGradientBoostingClassifier(learning_rate=0.05)", "best_score": 0.7208296279534738, "test_score": 0.744047619047619}