{"best_estimator": "KNeighborsClassifier(n_neighbors=10, p=3, weights='distance')", "best_score": 0.7461514861030241, "test_score": 0.6928571428571428}