{"0": {"precision": 0.9230769230769231, "recall": 0.8888888888888888, "f1-score": 0.9056603773584906, "support": 27.0}, "1": {"precision": 0.7857142857142857, "recall": 0.8461538461538461, "f1-score": 0.8148148148148148, "support": 13.0}, "accuracy": 0.875, "macro avg": {"precision": 0.8543956043956045, "recall": 0.8675213675213675, "f1-score": 0.8602375960866526, "support": 40.0}, "weighted avg": {"precision": 0.8784340659340659, "recall": 0.875, "f1-score": 0.8761355695317959, "support": 40.0}}