{"best_estimator": "KNeighborsClassifier(n_neighbors=10, p=3, weights='distance')", "best_score": 0.728732418163719, "test_score": 0.8761355695317959}