{"best_estimator": "RandomForestClassifier(criterion='log_loss')", "best_score": 0.6694736156114216, "test_score": 0.5948028673835125}