{"best_estimator": "RandomForestClassifier(criterion='entropy', n_estimators=400)", "best_score": 0.6696805863367707, "test_score": 0.7313139260424862}