{"precision": 0.6462967265439957, "recall": 0.6280293888481023, "f1": 0.6079523889030464}