{"0": {"precision": 1.0, "recall": 0.3448275862068966, "f1-score": 0.5128205128205128, "support": 29.0}, "1": {"precision": 0.40625, "recall": 1.0, "f1-score": 0.5777777777777777, "support": 13.0}, "accuracy": 0.5476190476190477, "macro avg": {"precision": 0.703125, "recall": 0.6724137931034483, "f1-score": 0.5452991452991452, "support": 42.0}, "weighted avg": {"precision": 0.8162202380952381, "recall": 0.5476190476190477, "f1-score": 0.5329263329263328, "support": 42.0}}