{"0": {"precision": 0.9696969696969697, "recall": 0.6808510638297872, "f1-score": 0.8, "support": 47.0}, "1": {"precision": 0.5588235294117647, "recall": 0.95, "f1-score": 0.7037037037037037, "support": 20.0}, "accuracy": 0.7611940298507462, "macro avg": {"precision": 0.7642602495543672, "recall": 0.8154255319148935, "f1-score": 0.7518518518518519, "support": 67.0}, "weighted avg": {"precision": 0.8470481815521324, "recall": 0.7611940298507462, "f1-score": 0.7712548369264788, "support": 67.0}}