{"best_estimator": "BernoulliNB()", "best_score": 0.626068572706035, "test_score": 0.6560846560846562}