{"best_estimator": "BernoulliNB()", "best_score": 0.617036680185052, "test_score": 0.6666666666666666}