{"best_estimator": "BernoulliNB()", "best_score": 0.6349245854607084, "test_score": 0.6222222222222222}