{"best_estimator": "HistGradientBoostingClassifier()", "best_score": 0.6854170597411514, "test_score": 0.6333893557422969}