{"best_estimator": "KNeighborsClassifier(weights='distance')", "best_score": 0.724354009063329, "test_score": 0.6560846560846562}