{"best_estimator": "KNeighborsClassifier(p=3, weights='distance')", "best_score": 0.7206412902530839, "test_score": 0.6885329265191965}