{"best_estimator": "KNeighborsClassifier(p=3, weights='distance')", "best_score": 0.7055732422361292, "test_score": 0.886002886002886}