{"best_estimator": "RandomForestClassifier(criterion='log_loss', n_estimators=200)", "best_score": 0.6408288396275031, "test_score": 0.8317460317460318}