{"0": {"precision": 0.7142857142857143, "recall": 0.6896551724137931, "f1-score": 0.7017543859649122, "support": 29.0}, "1": {"precision": 0.35714285714285715, "recall": 0.38461538461538464, "f1-score": 0.37037037037037035, "support": 13.0}, "accuracy": 0.5952380952380952, "macro avg": {"precision": 0.5357142857142857, "recall": 0.5371352785145889, "f1-score": 0.5360623781676412, "support": 42.0}, "weighted avg": {"precision": 0.6037414965986395, "recall": 0.5952380952380952, "f1-score": 0.5991831430427921, "support": 42.0}}