{"best_estimator": "RandomForestClassifier(max_depth=6, n_estimators=400)", "best_score": 0.6582966285209281, "test_score": 0.5953781512605043}