{"best_estimator": "RandomForestClassifier(criterion='entropy', n_estimators=200)", "best_score": 0.6717428206246632, "test_score": 0.7197221383267894}