{"best_estimator": "RandomForestClassifier(criterion='log_loss', n_estimators=150)", "best_score": 0.6869213648177178, "test_score": 0.6086956521739131}