{"best_estimator": "RandomForestClassifier(criterion='log_loss', n_estimators=200)", "best_score": 0.6438361298478984, "test_score": 0.6258503401360545}