{"0": {"precision": 0.6571428571428571, "recall": 0.8518518518518519, "f1-score": 0.7419354838709677, "support": 27.0}, "1": {"precision": 0.6, "recall": 0.3333333333333333, "f1-score": 0.42857142857142855, "support": 18.0}, "accuracy": 0.6444444444444445, "macro avg": {"precision": 0.6285714285714286, "recall": 0.5925925925925926, "f1-score": 0.5852534562211982, "support": 45.0}, "weighted avg": {"precision": 0.6342857142857143, "recall": 0.6444444444444445, "f1-score": 0.616589861751152, "support": 45.0}}