{"precision": 0.7436723395676559, "recall": 0.7140779839610248, "f1": 0.715880154972077}