{"0": {"precision": 0.75, "recall": 0.5, "f1-score": 0.6, "support": 18.0}, "1": {"precision": 0.55, "recall": 0.7857142857142857, "f1-score": 0.6470588235294118, "support": 14.0}, "accuracy": 0.625, "macro avg": {"precision": 0.65, "recall": 0.6428571428571428, "f1-score": 0.6235294117647059, "support": 32.0}, "weighted avg": {"precision": 0.6625000000000001, "recall": 0.625, "f1-score": 0.6205882352941177, "support": 32.0}}