{"best_estimator": "BernoulliNB()", "best_score": 0.5878646715260591, "test_score": 0.6491379310344827}