{"0": {"precision": 0.6470588235294118, "recall": 0.5789473684210527, "f1-score": 0.6111111111111112, "support": 19.0}, "1": {"precision": 0.5, "recall": 0.5714285714285714, "f1-score": 0.5333333333333333, "support": 14.0}, "accuracy": 0.5757575757575758, "macro avg": {"precision": 0.5735294117647058, "recall": 0.575187969924812, "f1-score": 0.5722222222222222, "support": 33.0}, "weighted avg": {"precision": 0.5846702317290553, "recall": 0.5757575757575758, "f1-score": 0.5781144781144781, "support": 33.0}}