{"best_estimator": "HistGradientBoostingClassifier(learning_rate=0.5)", "best_score": 0.5839602705190463, "test_score": 0.6233766233766234}