{"best_estimator": "HistGradientBoostingClassifier(learning_rate=0.5)", "best_score": 0.6382150191089864, "test_score": 0.5908333333333333}