{"best_estimator": "HistGradientBoostingClassifier()", "best_score": 0.5594421146211697, "test_score": 0.6837044534412955}