{"best_estimator": "HistGradientBoostingClassifier(learning_rate=0.001)", "best_score": 0.5732511691913639, "test_score": 0.6279411764705882}