{"best_estimator": "HistGradientBoostingClassifier(learning_rate=0.5)", "best_score": 0.5806831322687431, "test_score": 0.657258064516129}