{"0": {"precision": 0.5, "recall": 0.21052631578947367, "f1-score": 0.2962962962962963, "support": 19.0}, "1": {"precision": 0.375, "recall": 0.6923076923076923, "f1-score": 0.4864864864864865, "support": 13.0}, "accuracy": 0.40625, "macro avg": {"precision": 0.4375, "recall": 0.451417004048583, "f1-score": 0.3913913913913914, "support": 32.0}, "weighted avg": {"precision": 0.44921875, "recall": 0.40625, "f1-score": 0.3735610610610611, "support": 32.0}}