{"0": {"precision": 0.7857142857142857, "recall": 0.5789473684210527, "f1-score": 0.6666666666666666, "support": 19.0}, "1": {"precision": 0.5789473684210527, "recall": 0.7857142857142857, "f1-score": 0.6666666666666666, "support": 14.0}, "accuracy": 0.6666666666666666, "macro avg": {"precision": 0.6823308270676691, "recall": 0.6823308270676691, "f1-score": 0.6666666666666666, "support": 33.0}, "weighted avg": {"precision": 0.6979949874686716, "recall": 0.6666666666666666, "f1-score": 0.6666666666666666, "support": 33.0}}