{"best_estimator": "KNeighborsClassifier(p=3, weights='distance')", "best_score": 0.6255117569037709, "test_score": 0.4565508021390374}