{"best_estimator": "RandomForestClassifier(max_depth=6)", "best_score": 0.6114287411609054, "test_score": 0.4819131485798152}