{"best_estimator": "RandomForestClassifier(criterion='log_loss', n_estimators=400)", "best_score": 0.5465896629649506, "test_score": 0.5957832832832832}