{"best_estimator": "RandomForestClassifier(criterion='log_loss')", "best_score": 0.5572981595027259, "test_score": 0.6980837789661319}