{"0": {"precision": 0.6, "recall": 0.631578947368421, "f1-score": 0.6153846153846154, "support": 19.0}, "1": {"precision": 0.46153846153846156, "recall": 0.42857142857142855, "f1-score": 0.4444444444444444, "support": 14.0}, "accuracy": 0.5454545454545454, "macro avg": {"precision": 0.5307692307692308, "recall": 0.5300751879699248, "f1-score": 0.5299145299145299, "support": 33.0}, "weighted avg": {"precision": 0.5412587412587413, "recall": 0.5454545454545454, "f1-score": 0.5428645428645429, "support": 33.0}}