{"precision": 0.7578345644116804, "recall": 0.7244076294662594, "f1": 0.7226337718008525}