{"best_estimator": "BernoulliNB()", "best_score": 0.505116247049114, "test_score": 0.6369047619047619}