{"best_estimator": "BernoulliNB()", "best_score": 0.5326107642115081, "test_score": 0.4247491638795987}