{"best_estimator": "BernoulliNB()", "best_score": 0.529724182341362, "test_score": 0.6316176470588236}