{"best_estimator": "BernoulliNB()", "best_score": 0.5301103233189262, "test_score": 0.260770110560427}