{"best_estimator": "BernoulliNB()", "best_score": 0.5142199269748132, "test_score": 0.5838509316770186}