{"best_estimator": "HistGradientBoostingClassifier(learning_rate=0.5)", "best_score": 0.6005806826570387, "test_score": 0.6331621423330888}