{"best_estimator": "HistGradientBoostingClassifier()", "best_score": 0.5734708952863036, "test_score": 0.5838509316770186}