{"0": {"precision": 0.40540540540540543, "recall": 0.7894736842105263, "f1-score": 0.5357142857142857, "support": 19.0}, "1": {"precision": 0.3333333333333333, "recall": 0.08333333333333333, "f1-score": 0.13333333333333333, "support": 24.0}, "accuracy": 0.3953488372093023, "macro avg": {"precision": 0.36936936936936937, "recall": 0.43640350877192985, "f1-score": 0.3345238095238095, "support": 43.0}, "weighted avg": {"precision": 0.3651791326209931, "recall": 0.3953488372093023, "f1-score": 0.3111295681063123, "support": 43.0}}