{"best_estimator": "HistGradientBoostingClassifier()", "best_score": 0.579528930287944, "test_score": 0.570441069220281}