{"best_estimator": "HistGradientBoostingClassifier()", "best_score": 0.5883225488121937, "test_score": 0.5390946502057612}