{"best_estimator": "HistGradientBoostingClassifier(learning_rate=0.05)", "best_score": 0.5415423735207724, "test_score": 0.3111295681063123}