{"best_estimator": "KNeighborsClassifier(p=1)", "best_score": 0.5528400363261838, "test_score": 0.6770662287903667}