{"best_estimator": "KNeighborsClassifier(p=3)", "best_score": 0.6081800907265622, "test_score": 0.4714285714285714}