{"best_estimator": "RandomForestClassifier()", "best_score": 0.6113377214846556, "test_score": 0.621010101010101}