{"best_estimator": "RandomForestClassifier(n_estimators=300)", "best_score": 0.6148387370411611, "test_score": 0.6145390070921986}