{"best_estimator": "RandomForestClassifier(criterion='entropy', n_estimators=150)", "best_score": 0.6064194032344098, "test_score": 0.5008547008547009}