{"best_estimator": "RandomForestClassifier(criterion='log_loss', n_estimators=400)", "best_score": 0.5418137494186314, "test_score": 0.7805555555555556}