{"0": {"precision": 0.43243243243243246, "recall": 0.8421052631578947, "f1-score": 0.5714285714285714, "support": 19.0}, "1": {"precision": 0.5, "recall": 0.125, "f1-score": 0.2, "support": 24.0}, "accuracy": 0.4418604651162791, "macro avg": {"precision": 0.46621621621621623, "recall": 0.48355263157894735, "f1-score": 0.3857142857142857, "support": 43.0}, "weighted avg": {"precision": 0.470144563167819, "recall": 0.4418604651162791, "f1-score": 0.36411960132890364, "support": 43.0}}