{"best_estimator": "BernoulliNB()", "best_score": 0.6171274034370995, "test_score": 0.8361204013377928}