{"best_estimator": "BernoulliNB()", "best_score": 0.6205532707944307, "test_score": 0.5566199950872022}