{"best_estimator": "HistGradientBoostingClassifier(learning_rate=0.001)", "best_score": 0.6898786241530199, "test_score": 0.6015810276679842}