{"best_estimator": "KNeighborsClassifier(n_neighbors=15, weights='distance')", "best_score": 0.7294144049506599, "test_score": 0.6666666666666666}