{"0": {"precision": 0.6190476190476191, "recall": 0.52, "f1-score": 0.5652173913043478, "support": 25.0}, "1": {"precision": 0.45454545454545453, "recall": 0.5555555555555556, "f1-score": 0.5, "support": 18.0}, "accuracy": 0.5348837209302325, "macro avg": {"precision": 0.5367965367965368, "recall": 0.5377777777777778, "f1-score": 0.5326086956521738, "support": 43.0}, "weighted avg": {"precision": 0.5501862478606665, "recall": 0.5348837209302325, "f1-score": 0.537917087967644, "support": 43.0}}