{"best_estimator": "KNeighborsClassifier(p=3, weights='distance')", "best_score": 0.6946787085729137, "test_score": 0.6295085539936799}