{"0": {"precision": 0.6, "recall": 0.4444444444444444, "f1-score": 0.5106382978723404, "support": 27.0}, "1": {"precision": 0.4, "recall": 0.5555555555555556, "f1-score": 0.46511627906976744, "support": 18.0}, "accuracy": 0.4888888888888889, "macro avg": {"precision": 0.5, "recall": 0.5, "f1-score": 0.48787728847105394, "support": 45.0}, "weighted avg": {"precision": 0.52, "recall": 0.4888888888888889, "f1-score": 0.4924294903513112, "support": 45.0}}