{"best_estimator": "KNeighborsClassifier(n_neighbors=7, p=3)", "best_score": 0.7138382207221503, "test_score": 0.6757164404223228}