{"best_estimator": "RandomForestClassifier(max_depth=6, n_estimators=200)", "best_score": 0.673452676852891, "test_score": 0.8317460317460318}