{"best_estimator": "RandomForestClassifier(criterion='log_loss', n_estimators=150)", "best_score": 0.6920501478172335, "test_score": 0.6481605351170568}