{"best_estimator": "RandomForestClassifier(max_depth=6, n_estimators=150)", "best_score": 0.6649213549484166, "test_score": 0.7282087084069376}