{"best_estimator": "RandomForestClassifier(max_depth=2, n_estimators=150)", "best_score": 0.6648800003770482, "test_score": 0.5731815932706581}