{"best_estimator": "BernoulliNB()", "best_score": 0.5485741371679452, "test_score": 0.5681818181818182}