{"best_estimator": "BernoulliNB()", "best_score": 0.5248039396080724, "test_score": 0.5515626644217615}