{"best_estimator": "BernoulliNB()", "best_score": 0.5401351037992758, "test_score": 0.5838509316770186}