{"best_estimator": "BernoulliNB()", "best_score": 0.5520264317859734, "test_score": 0.5773809523809523}