{"best_estimator": "KNeighborsClassifier(n_neighbors=25, p=1)", "best_score": 0.7187821111857009, "test_score": 0.7407407407407407}