{"best_estimator": "KNeighborsClassifier(n_neighbors=15, p=1)", "best_score": 0.7370743034834037, "test_score": 0.7080812155439021}