{"best_estimator": "KNeighborsClassifier(n_neighbors=15, p=1)", "best_score": 0.7319778287496127, "test_score": 0.761208757323466}