{"best_estimator": "KNeighborsClassifier(n_neighbors=20, p=1)", "best_score": 0.7518459475166748, "test_score": 0.7444991789819377}