{"best_estimator": "RandomForestClassifier(max_depth=3, n_estimators=300)", "best_score": 0.754044418118872, "test_score": 0.8005937654626422}