{"best_estimator": "AdaBoostClassifier(algorithm='SAMME', learning_rate=0.5, n_estimators=200)", "best_score": 0.46353460582302164, "test_score": 0.48671399594320486}