{"0": {"precision": 0.76, "recall": 0.6785714285714286, "f1-score": 0.7169811320754716, "support": 28.0}, "1": {"precision": 0.4375, "recall": 0.5384615384615384, "f1-score": 0.4827586206896552, "support": 13.0}, "accuracy": 0.6341463414634146, "macro avg": {"precision": 0.59875, "recall": 0.6085164835164836, "f1-score": 0.5998698763825634, "support": 41.0}, "weighted avg": {"precision": 0.6577439024390244, "recall": 0.6341463414634146, "f1-score": 0.6427154577336274, "support": 41.0}}