{"best_estimator": "BernoulliNB()", "best_score": 0.34655263182268653, "test_score": 0.15943396226415094}