{"best_estimator": "BernoulliNB()", "best_score": 0.3423431444387211, "test_score": 0.20264373105669897}