{"best_estimator": "HistGradientBoostingClassifier(learning_rate=0.5)", "best_score": 0.5350603046773457, "test_score": 0.7887147335423197}