{"best_estimator": "HistGradientBoostingClassifier(learning_rate=0.5)", "best_score": 0.509739891889845, "test_score": 0.6104118993135011}