{"0": {"precision": 0.6296296296296297, "recall": 0.6296296296296297, "f1-score": 0.6296296296296297, "support": 27.0}, "1": {"precision": 0.23076923076923078, "recall": 0.23076923076923078, "f1-score": 0.23076923076923078, "support": 13.0}, "accuracy": 0.5, "macro avg": {"precision": 0.4301994301994302, "recall": 0.4301994301994302, "f1-score": 0.4301994301994302, "support": 40.0}, "weighted avg": {"precision": 0.5, "recall": 0.5, "f1-score": 0.5, "support": 40.0}}