{"0": {"precision": 0.8064516129032258, "recall": 0.9259259259259259, "f1-score": 0.8620689655172413, "support": 27.0}, "1": {"precision": 0.7777777777777778, "recall": 0.5384615384615384, "f1-score": 0.6363636363636364, "support": 13.0}, "accuracy": 0.8, "macro avg": {"precision": 0.7921146953405018, "recall": 0.7321937321937322, "f1-score": 0.7492163009404389, "support": 40.0}, "weighted avg": {"precision": 0.7971326164874551, "recall": 0.8, "f1-score": 0.7887147335423197, "support": 40.0}}