{"best_estimator": "KNeighborsClassifier(n_neighbors=7, p=1, weights='distance')", "best_score": 0.4462887354762436, "test_score": 0.5757926829268293}