{"0": {"precision": 0.6470588235294118, "recall": 0.39285714285714285, "f1-score": 0.4888888888888889, "support": 28.0}, "1": {"precision": 0.2916666666666667, "recall": 0.5384615384615384, "f1-score": 0.3783783783783784, "support": 13.0}, "accuracy": 0.43902439024390244, "macro avg": {"precision": 0.4693627450980392, "recall": 0.46565934065934067, "f1-score": 0.4336336336336336, "support": 41.0}, "weighted avg": {"precision": 0.5343735054997609, "recall": 0.43902439024390244, "f1-score": 0.4538489709221417, "support": 41.0}}