{"best_estimator": "KNeighborsClassifier(p=1, weights='distance')", "best_score": 0.4867366439817447, "test_score": 0.6209090909090909}