{"best_estimator": "KNeighborsClassifier(n_neighbors=7, p=1, weights='distance')", "best_score": 0.47503216074395516, "test_score": 0.5844827586206897}