{"best_estimator": "KNeighborsClassifier(p=1, weights='distance')", "best_score": 0.4629040587000045, "test_score": 0.46687979539641944}