{"best_estimator": "KNeighborsClassifier(p=3, weights='distance')", "best_score": 0.45967534241748853, "test_score": 0.6106666666666667}