{"best_estimator": "RandomForestClassifier(criterion='entropy', n_estimators=150)", "best_score": 0.5596262241284407, "test_score": 0.558466819221968}