{"best_estimator": "RandomForestClassifier(criterion='entropy')", "best_score": 0.5460167850423431, "test_score": 0.6055863368938139}