{"best_estimator": "RandomForestClassifier(criterion='log_loss', n_estimators=150)", "best_score": 0.5309736260398925, "test_score": 0.6830721003134796}