{"best_estimator": "RandomForestClassifier(criterion='log_loss', n_estimators=150)", "best_score": 0.525512567835139, "test_score": 0.47178683385579945}