{"best_estimator": "BernoulliNB()", "best_score": 0.5867361089306043, "test_score": 0.5923252017566045}