{"best_estimator": "BernoulliNB()", "best_score": 0.5910261177291196, "test_score": 0.5996959646213378}