{"best_estimator": "BernoulliNB()", "best_score": 0.6098793997713905, "test_score": 0.6051282051282051}