{"best_estimator": "BernoulliNB()", "best_score": 0.6110568871068995, "test_score": 0.6560846560846562}