{"best_estimator": "HistGradientBoostingClassifier(learning_rate=0.01)", "best_score": 0.6584289805512478, "test_score": 0.6262961844357193}