{"best_estimator": "HistGradientBoostingClassifier()", "best_score": 0.664922078027615, "test_score": 0.7140685461580984}