{"0": {"precision": 0.7647058823529411, "recall": 0.52, "f1-score": 0.6190476190476191, "support": 25.0}, "1": {"precision": 0.5384615384615384, "recall": 0.7777777777777778, "f1-score": 0.6363636363636364, "support": 18.0}, "accuracy": 0.627906976744186, "macro avg": {"precision": 0.6515837104072397, "recall": 0.6488888888888888, "f1-score": 0.6277056277056277, "support": 43.0}, "weighted avg": {"precision": 0.6699989477007261, "recall": 0.627906976744186, "f1-score": 0.6262961844357193, "support": 43.0}}