{"0": {"precision": 0.7777777777777778, "recall": 0.56, "f1-score": 0.6511627906976745, "support": 25.0}, "1": {"precision": 0.56, "recall": 0.7777777777777778, "f1-score": 0.6511627906976745, "support": 18.0}, "accuracy": 0.6511627906976745, "macro avg": {"precision": 0.6688888888888889, "recall": 0.6688888888888889, "f1-score": 0.6511627906976745, "support": 43.0}, "weighted avg": {"precision": 0.6866149870801035, "recall": 0.6511627906976745, "f1-score": 0.6511627906976745, "support": 43.0}}