{"0": {"precision": 0.9166666666666666, "recall": 0.5, "f1-score": 0.6470588235294118, "support": 22.0}, "1": {"precision": 0.6764705882352942, "recall": 0.9583333333333334, "f1-score": 0.7931034482758621, "support": 24.0}, "accuracy": 0.7391304347826086, "macro avg": {"precision": 0.7965686274509804, "recall": 0.7291666666666667, "f1-score": 0.7200811359026369, "support": 46.0}, "weighted avg": {"precision": 0.7913469735720374, "recall": 0.7391304347826086, "f1-score": 0.7232560190492989, "support": 46.0}}