{"0": {"precision": 0.8709677419354839, "recall": 0.574468085106383, "f1-score": 0.6923076923076923, "support": 47.0}, "1": {"precision": 0.4444444444444444, "recall": 0.8, "f1-score": 0.5714285714285714, "support": 20.0}, "accuracy": 0.6417910447761194, "macro avg": {"precision": 0.6577060931899641, "recall": 0.6872340425531915, "f1-score": 0.6318681318681318, "support": 67.0}, "weighted avg": {"precision": 0.7436473546247259, "recall": 0.6417910447761194, "f1-score": 0.6562243726422831, "support": 67.0}}