{"best_estimator": "RandomForestClassifier()", "best_score": 0.6224894494383898, "test_score": 0.7261272507601392}