{"0": {"precision": 0.5428571428571428, "recall": 0.7037037037037037, "f1-score": 0.6129032258064516, "support": 27.0}, "1": {"precision": 0.2, "recall": 0.1111111111111111, "f1-score": 0.14285714285714285, "support": 18.0}, "accuracy": 0.4666666666666667, "macro avg": {"precision": 0.37142857142857144, "recall": 0.40740740740740744, "f1-score": 0.37788018433179726, "support": 45.0}, "weighted avg": {"precision": 0.4057142857142857, "recall": 0.4666666666666667, "f1-score": 0.424884792626728, "support": 45.0}}