{"best_estimator": "RandomForestClassifier(criterion='log_loss', n_estimators=400)", "best_score": 0.5962303884422189, "test_score": 0.5333333333333334}