{"0": {"precision": 0.631578947368421, "recall": 0.5454545454545454, "f1-score": 0.5853658536585366, "support": 22.0}, "1": {"precision": 0.6296296296296297, "recall": 0.7083333333333334, "f1-score": 0.6666666666666666, "support": 24.0}, "accuracy": 0.6304347826086957, "macro avg": {"precision": 0.6306042884990253, "recall": 0.6268939393939394, "f1-score": 0.6260162601626016, "support": 46.0}, "weighted avg": {"precision": 0.630561912026443, "recall": 0.6304347826086957, "f1-score": 0.6277836691410392, "support": 46.0}}