{"best_estimator": "BernoulliNB()", "best_score": 0.6026218166575065, "test_score": 0.577327935222672}