{"0": {"precision": 0.7586206896551724, "recall": 0.46808510638297873, "f1-score": 0.5789473684210527, "support": 47.0}, "1": {"precision": 0.34210526315789475, "recall": 0.65, "f1-score": 0.4482758620689655, "support": 20.0}, "accuracy": 0.5223880597014925, "macro avg": {"precision": 0.5503629764065335, "recall": 0.5590425531914893, "f1-score": 0.5136116152450091, "support": 67.0}, "weighted avg": {"precision": 0.6342877265216568, "recall": 0.5223880597014925, "f1-score": 0.5399409486144594, "support": 67.0}}