{"best_estimator": "BernoulliNB()", "best_score": 0.6026168319055871, "test_score": 0.738095238095238}