{"best_estimator": "HistGradientBoostingClassifier(learning_rate=0.001)", "best_score": 0.6887646216753721, "test_score": 0.7018464528668611}