{"best_estimator": "HistGradientBoostingClassifier(learning_rate=0.5)", "best_score": 0.6875549880393584, "test_score": 0.6730462519936203}