{"best_estimator": "HistGradientBoostingClassifier()", "best_score": 0.7175922423689255, "test_score": 0.6426877470355731}