{"best_estimator": "HistGradientBoostingClassifier(learning_rate=0.01)", "best_score": 0.6649395358264923, "test_score": 0.7282087084069376}