{"best_estimator": "HistGradientBoostingClassifier(learning_rate=0.05)", "best_score": 0.6767300536652187, "test_score": 0.6885329265191965}