{"best_estimator": "RandomForestClassifier(max_depth=6)", "best_score": 0.6946254822774749, "test_score": 0.5799625586336005}