{"best_estimator": "RandomForestClassifier(n_estimators=200)", "best_score": 0.6588320611699131, "test_score": 0.7196422428620571}