{"0": {"precision": 0.7272727272727273, "recall": 0.3404255319148936, "f1-score": 0.463768115942029, "support": 47.0}, "1": {"precision": 0.32608695652173914, "recall": 0.7142857142857143, "f1-score": 0.44776119402985076, "support": 21.0}, "accuracy": 0.45588235294117646, "macro avg": {"precision": 0.5266798418972332, "recall": 0.5273556231003039, "f1-score": 0.4557646549859399, "support": 68.0}, "weighted avg": {"precision": 0.603377121599628, "recall": 0.45588235294117646, "f1-score": 0.4588248018220916, "support": 68.0}}