{"best_estimator": "BernoulliNB()", "best_score": 0.34677330852128063, "test_score": 0.1982221940366342}