{"best_estimator": "HistGradientBoostingClassifier(learning_rate=0.5)", "best_score": 0.4770573858420943, "test_score": 0.5538287010777084}