{"best_estimator": "HistGradientBoostingClassifier(learning_rate=0.001)", "best_score": 0.524972081213851, "test_score": 0.5417200882096518}