{"best_estimator": "HistGradientBoostingClassifier(learning_rate=0.5)", "best_score": 0.47338685643963085, "test_score": 0.611111111111111}