{"0": {"precision": 0.575, "recall": 0.7931034482758621, "f1-score": 0.6666666666666666, "support": 29.0}, "1": {"precision": 0.4, "recall": 0.19047619047619047, "f1-score": 0.25806451612903225, "support": 21.0}, "accuracy": 0.54, "macro avg": {"precision": 0.4875, "recall": 0.4917898193760263, "f1-score": 0.46236559139784944, "support": 50.0}, "weighted avg": {"precision": 0.5015, "recall": 0.54, "f1-score": 0.49505376344086016, "support": 50.0}}