{"best_estimator": "HistGradientBoostingClassifier(learning_rate=0.5)", "best_score": 0.4991370525601915, "test_score": 0.4363636363636364}