{"0": {"precision": 0.5384615384615384, "recall": 0.875, "f1-score": 0.6666666666666666, "support": 8.0}, "1": {"precision": 0.8, "recall": 0.4, "f1-score": 0.5333333333333333, "support": 10.0}, "accuracy": 0.6111111111111112, "macro avg": {"precision": 0.6692307692307693, "recall": 0.6375, "f1-score": 0.6, "support": 18.0}, "weighted avg": {"precision": 0.6837606837606837, "recall": 0.6111111111111112, "f1-score": 0.5925925925925926, "support": 18.0}}