{"best_estimator": "KNeighborsClassifier(p=3, weights='distance')", "best_score": 0.49814473857285746, "test_score": 0.4872727272727272}