{"best_estimator": "KNeighborsClassifier(p=1, weights='distance')", "best_score": 0.42969729213701424, "test_score": 0.44680851063829785}