{"best_estimator": "KNeighborsClassifier(p=1, weights='distance')", "best_score": 0.46292850195643204, "test_score": 0.7082868821999256}