{"best_estimator": "RandomForestClassifier(criterion='log_loss', n_estimators=150)", "best_score": 0.44450765523778923, "test_score": 0.4761229314420804}