{"0": {"precision": 1.0, "recall": 0.125, "f1-score": 0.2222222222222222, "support": 8.0}, "1": {"precision": 0.5882352941176471, "recall": 1.0, "f1-score": 0.7407407407407407, "support": 10.0}, "accuracy": 0.6111111111111112, "macro avg": {"precision": 0.7941176470588236, "recall": 0.5625, "f1-score": 0.48148148148148145, "support": 18.0}, "weighted avg": {"precision": 0.7712418300653595, "recall": 0.6111111111111112, "f1-score": 0.5102880658436213, "support": 18.0}}