{"best_estimator": "RandomForestClassifier(criterion='entropy', n_estimators=400)", "best_score": 0.4994234746391005, "test_score": 0.5064840182648402}