{"best_estimator": "RandomForestClassifier(criterion='log_loss', n_estimators=200)", "best_score": 0.4848460617820984, "test_score": 0.7333333333333333}