{"best_estimator": "AdaBoostClassifier(algorithm='SAMME', learning_rate=0.001, n_estimators=150)", "best_score": 0.46199856187859956, "test_score": 0.5788609364081061}