{"0": {"precision": 0.75, "recall": 0.5555555555555556, "f1-score": 0.6382978723404256, "support": 27.0}, "1": {"precision": 0.4, "recall": 0.6153846153846154, "f1-score": 0.48484848484848486, "support": 13.0}, "accuracy": 0.575, "macro avg": {"precision": 0.575, "recall": 0.5854700854700855, "f1-score": 0.5615731785944552, "support": 40.0}, "weighted avg": {"precision": 0.63625, "recall": 0.575, "f1-score": 0.5884268214055448, "support": 40.0}}