{"0": {"precision": 0.6551724137931034, "recall": 0.7037037037037037, "f1-score": 0.6785714285714286, "support": 27.0}, "1": {"precision": 0.2727272727272727, "recall": 0.23076923076923078, "f1-score": 0.25, "support": 13.0}, "accuracy": 0.55, "macro avg": {"precision": 0.46394984326018807, "recall": 0.4672364672364673, "f1-score": 0.4642857142857143, "support": 40.0}, "weighted avg": {"precision": 0.5308777429467085, "recall": 0.55, "f1-score": 0.5392857142857144, "support": 40.0}}