{"best_estimator": "HistGradientBoostingClassifier(learning_rate=0.001)", "best_score": 0.5423131849518742, "test_score": 0.5875905200789993}