{"0": {"precision": 0.7727272727272727, "recall": 0.6296296296296297, "f1-score": 0.6938775510204082, "support": 27.0}, "1": {"precision": 0.4444444444444444, "recall": 0.6153846153846154, "f1-score": 0.5161290322580645, "support": 13.0}, "accuracy": 0.625, "macro avg": {"precision": 0.6085858585858586, "recall": 0.6225071225071226, "f1-score": 0.6050032916392363, "support": 40.0}, "weighted avg": {"precision": 0.6660353535353536, "recall": 0.625, "f1-score": 0.6361092824226464, "support": 40.0}}