{"0": {"precision": 0.8095238095238095, "recall": 0.6296296296296297, "f1-score": 0.7083333333333334, "support": 27.0}, "1": {"precision": 0.47368421052631576, "recall": 0.6923076923076923, "f1-score": 0.5625, "support": 13.0}, "accuracy": 0.65, "macro avg": {"precision": 0.6416040100250626, "recall": 0.6609686609686609, "f1-score": 0.6354166666666667, "support": 40.0}, "weighted avg": {"precision": 0.7003759398496241, "recall": 0.65, "f1-score": 0.6609375, "support": 40.0}}