{"best_estimator": "KNeighborsClassifier(p=1, weights='distance')", "best_score": 0.5263319029295683, "test_score": 0.5685249709639952}