{"0": {"precision": 0.5625, "recall": 0.3333333333333333, "f1-score": 0.4186046511627907, "support": 27.0}, "1": {"precision": 0.25, "recall": 0.46153846153846156, "f1-score": 0.32432432432432434, "support": 13.0}, "accuracy": 0.375, "macro avg": {"precision": 0.40625, "recall": 0.39743589743589747, "f1-score": 0.37146448774355756, "support": 40.0}, "weighted avg": {"precision": 0.4609375, "recall": 0.375, "f1-score": 0.3879635449402891, "support": 40.0}}