{"best_estimator": "KNeighborsClassifier(p=1, weights='distance')", "best_score": 0.47665762543974954, "test_score": 0.5844827586206897}