{"0": {"precision": 0.6923076923076923, "recall": 0.6428571428571429, "f1-score": 0.6666666666666666, "support": 28.0}, "1": {"precision": 0.3333333333333333, "recall": 0.38461538461538464, "f1-score": 0.35714285714285715, "support": 13.0}, "accuracy": 0.5609756097560976, "macro avg": {"precision": 0.5128205128205128, "recall": 0.5137362637362638, "f1-score": 0.5119047619047619, "support": 41.0}, "weighted avg": {"precision": 0.5784865540963101, "recall": 0.5609756097560976, "f1-score": 0.5685249709639952, "support": 41.0}}