{"best_estimator": "RandomForestClassifier(n_estimators=300)", "best_score": 0.5047530105099505, "test_score": 0.7107633137221302}