{"best_estimator": "RandomForestClassifier(criterion='log_loss', n_estimators=150)", "best_score": 0.5377200219612186, "test_score": 0.6714545454545455}