{"best_estimator": "RandomForestClassifier(criterion='entropy', n_estimators=150)", "best_score": 0.4908440158784339, "test_score": 0.6830721003134796}