{"best_estimator": "RandomForestClassifier(criterion='log_loss', n_estimators=150)", "best_score": 0.5138398644762152, "test_score": 0.5198181818181818}