{"best_estimator": "BernoulliNB()", "best_score": 0.5104747603210533, "test_score": 0.4733137829912023}