{"0": {"precision": 0.6818181818181818, "recall": 0.8333333333333334, "f1-score": 0.75, "support": 18.0}, "1": {"precision": 0.625, "recall": 0.4166666666666667, "f1-score": 0.5, "support": 12.0}, "accuracy": 0.6666666666666666, "macro avg": {"precision": 0.6534090909090908, "recall": 0.625, "f1-score": 0.625, "support": 30.0}, "weighted avg": {"precision": 0.6590909090909091, "recall": 0.6666666666666666, "f1-score": 0.65, "support": 30.0}}