{"0": {"precision": 0.5517241379310345, "recall": 0.8888888888888888, "f1-score": 0.6808510638297872, "support": 18.0}, "1": {"precision": 0.0, "recall": 0.0, "f1-score": 0.0, "support": 13.0}, "accuracy": 0.5161290322580645, "macro avg": {"precision": 0.27586206896551724, "recall": 0.4444444444444444, "f1-score": 0.3404255319148936, "support": 31.0}, "weighted avg": {"precision": 0.3203559510567297, "recall": 0.5161290322580645, "f1-score": 0.3953328757721345, "support": 31.0}}