{"best_estimator": "HistGradientBoostingClassifier(learning_rate=0.05)", "best_score": 0.6451452431845417, "test_score": 0.7419354838709677}