{"best_estimator": "HistGradientBoostingClassifier(learning_rate=0.5)", "best_score": 0.6879588265748777, "test_score": 0.46275659824046916}