{"best_estimator": "KNeighborsClassifier(n_neighbors=15, weights='distance')", "best_score": 0.6284495468055693, "test_score": 0.5833653007846556}