{"best_estimator": "RandomForestClassifier(criterion='entropy')", "best_score": 0.6374638302573779, "test_score": 0.49926941665730024}