{"best_estimator": "RandomForestClassifier(criterion='entropy')", "best_score": 0.6331199693583652, "test_score": 0.7610805140309468}