{"0": {"precision": 0.5833333333333334, "recall": 0.875, "f1-score": 0.7, "support": 8.0}, "1": {"precision": 0.9, "recall": 0.6428571428571429, "f1-score": 0.75, "support": 14.0}, "accuracy": 0.7272727272727273, "macro avg": {"precision": 0.7416666666666667, "recall": 0.7589285714285714, "f1-score": 0.725, "support": 22.0}, "weighted avg": {"precision": 0.7848484848484848, "recall": 0.7272727272727273, "f1-score": 0.7318181818181819, "support": 22.0}}