{"best_estimator": "BernoulliNB()", "best_score": 0.3702530463538955, "test_score": 0.22115384615384615}