{"best_estimator": "BernoulliNB()", "best_score": 0.3512080610140577, "test_score": 0.1176163549369291}