{"0": {"precision": 0.5882352941176471, "recall": 0.8333333333333334, "f1-score": 0.6896551724137931, "support": 12.0}, "1": {"precision": 0.0, "recall": 0.0, "f1-score": 0.0, "support": 7.0}, "accuracy": 0.5263157894736842, "macro avg": {"precision": 0.29411764705882354, "recall": 0.4166666666666667, "f1-score": 0.3448275862068966, "support": 19.0}, "weighted avg": {"precision": 0.3715170278637771, "recall": 0.5263157894736842, "f1-score": 0.43557168784029043, "support": 19.0}}