{"best_estimator": "HistGradientBoostingClassifier(learning_rate=0.05)", "best_score": 0.5971514323111105, "test_score": 0.5555555555555556}