{"0": {"precision": 0.6428571428571429, "recall": 0.5294117647058824, "f1-score": 0.5806451612903226, "support": 34.0}, "1": {"precision": 0.4482758620689655, "recall": 0.5652173913043478, "f1-score": 0.5, "support": 23.0}, "accuracy": 0.543859649122807, "macro avg": {"precision": 0.5455665024630543, "recall": 0.5473145780051151, "f1-score": 0.5403225806451613, "support": 57.0}, "weighted avg": {"precision": 0.5643418892057731, "recall": 0.543859649122807, "f1-score": 0.5481041312959819, "support": 57.0}}