{"0": {"precision": 0.5714285714285714, "recall": 0.5714285714285714, "f1-score": 0.5714285714285714, "support": 28.0}, "1": {"precision": 0.5384615384615384, "recall": 0.5384615384615384, "f1-score": 0.5384615384615384, "support": 26.0}, "accuracy": 0.5555555555555556, "macro avg": {"precision": 0.554945054945055, "recall": 0.554945054945055, "f1-score": 0.554945054945055, "support": 54.0}, "weighted avg": {"precision": 0.5555555555555556, "recall": 0.5555555555555556, "f1-score": 0.5555555555555556, "support": 54.0}}