{"best_estimator": "HistGradientBoostingClassifier()", "best_score": 0.5629747994341765, "test_score": 0.5714285714285714}