{"0": {"precision": 0.725, "recall": 0.7073170731707317, "f1-score": 0.7160493827160493, "support": 41.0}, "1": {"precision": 0.29411764705882354, "recall": 0.3125, "f1-score": 0.30303030303030304, "support": 16.0}, "accuracy": 0.5964912280701754, "macro avg": {"precision": 0.5095588235294117, "recall": 0.5099085365853658, "f1-score": 0.5095398428731762, "support": 57.0}, "weighted avg": {"precision": 0.6040505675954592, "recall": 0.5964912280701754, "f1-score": 0.6001142024533836, "support": 57.0}}