{"best_estimator": "KNeighborsClassifier(p=3, weights='distance')", "best_score": 0.5239706739212145, "test_score": 0.5805068226120857}