{"0": {"precision": 0.6756756756756757, "recall": 0.7352941176470589, "f1-score": 0.704225352112676, "support": 34.0}, "1": {"precision": 0.55, "recall": 0.4782608695652174, "f1-score": 0.5116279069767442, "support": 23.0}, "accuracy": 0.631578947368421, "macro avg": {"precision": 0.6128378378378379, "recall": 0.6067774936061381, "f1-score": 0.6079266295447101, "support": 57.0}, "weighted avg": {"precision": 0.6249644381223329, "recall": 0.631578947368421, "f1-score": 0.6265105935490545, "support": 57.0}}