{"best_estimator": "KNeighborsClassifier(p=3, weights='distance')", "best_score": 0.5234308792255024, "test_score": 0.5075596144089295}