{"best_estimator": "KNeighborsClassifier(p=3, weights='distance')", "best_score": 0.4919396060900508, "test_score": 0.5789473684210527}