{"best_estimator": "KNeighborsClassifier(p=3, weights='distance')", "best_score": 0.4876046575858702, "test_score": 0.5928571428571429}