{"best_estimator": "RandomForestClassifier(criterion='log_loss', n_estimators=200)", "best_score": 0.5448797399854152, "test_score": 0.5952380952380952}