{"best_estimator": "RandomForestClassifier(criterion='entropy', n_estimators=150)", "best_score": 0.5811069732556339, "test_score": 0.5610002016535591}