{"best_estimator": "BernoulliNB()", "best_score": 0.48272281534848993, "test_score": 0.6527777777777778}