{"best_estimator": "BernoulliNB()", "best_score": 0.5222293067953874, "test_score": 0.41561477325853197}