{"best_estimator": "HistGradientBoostingClassifier(learning_rate=0.5)", "best_score": 0.5604866327996285, "test_score": 0.5166036149642708}