{"best_estimator": "HistGradientBoostingClassifier(learning_rate=0.05)", "best_score": 0.5990484669638902, "test_score": 0.5008547008547009}