{"0": {"precision": 0.4444444444444444, "recall": 0.8421052631578947, "f1-score": 0.5818181818181818, "support": 19.0}, "1": {"precision": 0.5714285714285714, "recall": 0.16666666666666666, "f1-score": 0.25806451612903225, "support": 24.0}, "accuracy": 0.46511627906976744, "macro avg": {"precision": 0.5079365079365079, "recall": 0.5043859649122807, "f1-score": 0.419941348973607, "support": 43.0}, "weighted avg": {"precision": 0.5153193060169804, "recall": 0.46511627906976744, "f1-score": 0.40111846143354024, "support": 43.0}}