{"0": {"precision": 0.8, "recall": 0.6060606060606061, "f1-score": 0.6896551724137931, "support": 33.0}, "1": {"precision": 0.4090909090909091, "recall": 0.6428571428571429, "f1-score": 0.5, "support": 14.0}, "accuracy": 0.6170212765957447, "macro avg": {"precision": 0.6045454545454546, "recall": 0.6244588744588745, "f1-score": 0.5948275862068966, "support": 47.0}, "weighted avg": {"precision": 0.6835589941972922, "recall": 0.6170212765957447, "f1-score": 0.6331621423330888, "support": 47.0}}