{"best_estimator": "KNeighborsClassifier(p=1, weights='distance')", "best_score": 0.6147455397865926, "test_score": 0.5820035460992907}