{"best_estimator": "KNeighborsClassifier(n_neighbors=15, p=1)", "best_score": 0.5833032598966774, "test_score": 0.5422958133150309}