{"0": {"precision": 0.47368421052631576, "recall": 0.9473684210526315, "f1-score": 0.631578947368421, "support": 19.0}, "1": {"precision": 0.8, "recall": 0.16666666666666666, "f1-score": 0.27586206896551724, "support": 24.0}, "accuracy": 0.5116279069767442, "macro avg": {"precision": 0.6368421052631579, "recall": 0.5570175438596491, "f1-score": 0.4537205081669691, "support": 43.0}, "weighted avg": {"precision": 0.6558139534883721, "recall": 0.5116279069767442, "f1-score": 0.4330392943063352, "support": 43.0}}