{"best_estimator": "BernoulliNB()", "best_score": 0.6664534085737184, "test_score": 0.5161290322580645}