{"best_estimator": "BernoulliNB()", "best_score": 0.6871032634806381, "test_score": 0.6370370370370371}