{"best_estimator": "BernoulliNB()", "best_score": 0.6918372272678044, "test_score": 0.646663253114866}