{"0": {"precision": 0.7058823529411765, "recall": 0.6666666666666666, "f1-score": 0.6857142857142857, "support": 18.0}, "1": {"precision": 0.5714285714285714, "recall": 0.6153846153846154, "f1-score": 0.5925925925925926, "support": 13.0}, "accuracy": 0.6451612903225806, "macro avg": {"precision": 0.6386554621848739, "recall": 0.641025641025641, "f1-score": 0.6391534391534391, "support": 31.0}, "weighted avg": {"precision": 0.6494985090810518, "recall": 0.6451612903225806, "f1-score": 0.646663253114866, "support": 31.0}}