{"best_estimator": "BernoulliNB()", "best_score": 0.6567144353832058, "test_score": 0.8088912984548658}