{"0": {"precision": 0.8666666666666667, "recall": 0.6842105263157895, "f1-score": 0.7647058823529411, "support": 19.0}, "1": {"precision": 0.625, "recall": 0.8333333333333334, "f1-score": 0.7142857142857143, "support": 12.0}, "accuracy": 0.7419354838709677, "macro avg": {"precision": 0.7458333333333333, "recall": 0.7587719298245614, "f1-score": 0.7394957983193278, "support": 31.0}, "weighted avg": {"precision": 0.7731182795698925, "recall": 0.7419354838709677, "f1-score": 0.7451883979398211, "support": 31.0}}