{"best_estimator": "HistGradientBoostingClassifier(learning_rate=0.05)", "best_score": 0.6847128890862, "test_score": 0.7357142857142857}