{"0": {"precision": 0.9230769230769231, "recall": 0.631578947368421, "f1-score": 0.75, "support": 19.0}, "1": {"precision": 0.6111111111111112, "recall": 0.9166666666666666, "f1-score": 0.7333333333333333, "support": 12.0}, "accuracy": 0.7419354838709677, "macro avg": {"precision": 0.7670940170940171, "recall": 0.7741228070175439, "f1-score": 0.7416666666666667, "support": 31.0}, "weighted avg": {"precision": 0.8023159636062863, "recall": 0.7419354838709677, "f1-score": 0.7435483870967741, "support": 31.0}}