{"best_estimator": "KNeighborsClassifier(n_neighbors=10, p=3, weights='distance')", "best_score": 0.7093392582896232, "test_score": 0.6304783092324805}