{"0": {"precision": 0.8181818181818182, "recall": 0.5, "f1-score": 0.6206896551724138, "support": 18.0}, "1": {"precision": 0.5263157894736842, "recall": 0.8333333333333334, "f1-score": 0.6451612903225806, "support": 12.0}, "accuracy": 0.6333333333333333, "macro avg": {"precision": 0.6722488038277512, "recall": 0.6666666666666667, "f1-score": 0.6329254727474972, "support": 30.0}, "weighted avg": {"precision": 0.7014354066985646, "recall": 0.6333333333333333, "f1-score": 0.6304783092324805, "support": 30.0}}