{"best_estimator": "KNeighborsClassifier(p=3, weights='distance')", "best_score": 0.741091844343666, "test_score": 0.5370018975332068}