{"best_estimator": "RandomForestClassifier(n_estimators=400)", "best_score": 0.6556742621846469, "test_score": 0.6474629468177856}