{"best_estimator": "RandomForestClassifier(max_depth=6, n_estimators=300)", "best_score": 0.6575546722219415, "test_score": 0.5769050958391772}