{"best_estimator": "RandomForestClassifier()", "best_score": 0.6462386707587419, "test_score": 0.7727288578901482}