{"best_estimator": "RandomForestClassifier(criterion='log_loss', n_estimators=200)", "best_score": 0.6752859408921384, "test_score": 0.7419354838709677}