{"precision": 0.7481650480811233, "recall": 0.7223690770365887, "f1": 0.7170611959445355}