{"0": {"precision": 0.896551724137931, "recall": 0.7222222222222222, "f1-score": 0.8, "support": 36.0}, "1": {"precision": 0.5652173913043478, "recall": 0.8125, "f1-score": 0.6666666666666666, "support": 16.0}, "accuracy": 0.75, "macro avg": {"precision": 0.7308845577211394, "recall": 0.7673611111111112, "f1-score": 0.7333333333333334, "support": 52.0}, "weighted avg": {"precision": 0.7946026986506746, "recall": 0.75, "f1-score": 0.758974358974359, "support": 52.0}}