{"0": {"precision": 0.7586206896551724, "recall": 0.8148148148148148, "f1-score": 0.7857142857142857, "support": 27.0}, "1": {"precision": 0.782608695652174, "recall": 0.72, "f1-score": 0.75, "support": 25.0}, "accuracy": 0.7692307692307693, "macro avg": {"precision": 0.7706146926536732, "recall": 0.7674074074074073, "f1-score": 0.7678571428571428, "support": 52.0}, "weighted avg": {"precision": 0.7701533848460385, "recall": 0.7692307692307693, "f1-score": 0.7685439560439561, "support": 52.0}}