{"best_estimator": "BernoulliNB()", "best_score": 0.4438131549033404, "test_score": 0.6461538461538462}