{"0": {"precision": 0.5121951219512195, "recall": 0.7777777777777778, "f1-score": 0.6176470588235294, "support": 27.0}, "1": {"precision": 0.45454545454545453, "recall": 0.2, "f1-score": 0.2777777777777778, "support": 25.0}, "accuracy": 0.5, "macro avg": {"precision": 0.48337028824833705, "recall": 0.48888888888888893, "f1-score": 0.4477124183006536, "support": 52.0}, "weighted avg": {"precision": 0.4844789356984479, "recall": 0.5, "f1-score": 0.45424836601307195, "support": 52.0}}