{"best_estimator": "BernoulliNB()", "best_score": 0.46213437881038966, "test_score": 0.6030719351570415}