{"0": {"precision": 0.5925925925925926, "recall": 0.9696969696969697, "f1-score": 0.735632183908046, "support": 33.0}, "1": {"precision": 0.5, "recall": 0.043478260869565216, "f1-score": 0.08, "support": 23.0}, "accuracy": 0.5892857142857143, "macro avg": {"precision": 0.5462962962962963, "recall": 0.5065876152832675, "f1-score": 0.40781609195402296, "support": 56.0}, "weighted avg": {"precision": 0.554563492063492, "recall": 0.5892857142857143, "f1-score": 0.46635467980295564, "support": 56.0}}