{"0": {"precision": 0.7543859649122807, "recall": 0.6323529411764706, "f1-score": 0.688, "support": 68.0}, "1": {"precision": 0.32432432432432434, "recall": 0.46153846153846156, "f1-score": 0.38095238095238093, "support": 26.0}, "accuracy": 0.5851063829787234, "macro avg": {"precision": 0.5393551446183025, "recall": 0.5469457013574661, "f1-score": 0.5344761904761904, "support": 94.0}, "weighted avg": {"precision": 0.6354327451751864, "recall": 0.5851063829787234, "f1-score": 0.6030719351570415, "support": 94.0}}