{"best_estimator": "HistGradientBoostingClassifier(learning_rate=0.05)", "best_score": 0.7001692779863969, "test_score": 0.6782673849294011}