{"best_estimator": "HistGradientBoostingClassifier()", "best_score": 0.7107219873820386, "test_score": 0.7164835164835165}