{"best_estimator": "HistGradientBoostingClassifier()", "best_score": 0.7015310449341549, "test_score": 0.8076923076923077}