{"0": {"precision": 0.8148148148148148, "recall": 0.6666666666666666, "f1-score": 0.7333333333333333, "support": 33.0}, "1": {"precision": 0.6206896551724138, "recall": 0.782608695652174, "f1-score": 0.6923076923076923, "support": 23.0}, "accuracy": 0.7142857142857143, "macro avg": {"precision": 0.7177522349936143, "recall": 0.7246376811594203, "f1-score": 0.7128205128205127, "support": 56.0}, "weighted avg": {"precision": 0.7350848385331143, "recall": 0.7142857142857143, "f1-score": 0.7164835164835165, "support": 56.0}}