{"0": {"precision": 0.6428571428571429, "recall": 0.6923076923076923, "f1-score": 0.6666666666666666, "support": 13.0}, "1": {"precision": 0.3333333333333333, "recall": 0.2857142857142857, "f1-score": 0.3076923076923077, "support": 7.0}, "accuracy": 0.55, "macro avg": {"precision": 0.48809523809523814, "recall": 0.489010989010989, "f1-score": 0.48717948717948717, "support": 20.0}, "weighted avg": {"precision": 0.5345238095238095, "recall": 0.55, "f1-score": 0.5410256410256411, "support": 20.0}}