{"0": {"precision": 0.7674418604651163, "recall": 0.4852941176470588, "f1-score": 0.5945945945945946, "support": 68.0}, "1": {"precision": 0.3137254901960784, "recall": 0.6153846153846154, "f1-score": 0.4155844155844156, "support": 26.0}, "accuracy": 0.5212765957446809, "macro avg": {"precision": 0.5405836753305974, "recall": 0.5503393665158371, "f1-score": 0.5050895050895051, "support": 94.0}, "weighted avg": {"precision": 0.641945843156659, "recall": 0.5212765957446809, "f1-score": 0.5450811408258217, "support": 94.0}}