{"0": {"precision": 0.16666666666666666, "recall": 0.125, "f1-score": 0.14285714285714285, "support": 8.0}, "1": {"precision": 0.5625, "recall": 0.6428571428571429, "f1-score": 0.6, "support": 14.0}, "accuracy": 0.45454545454545453, "macro avg": {"precision": 0.3645833333333333, "recall": 0.38392857142857145, "f1-score": 0.37142857142857144, "support": 22.0}, "weighted avg": {"precision": 0.4185606060606061, "recall": 0.45454545454545453, "f1-score": 0.43376623376623374, "support": 22.0}}