{"best_estimator": "KNeighborsClassifier(n_neighbors=20, p=1, weights='distance')", "best_score": 0.5913937416718209, "test_score": 0.5342768686421937}