{"best_estimator": "KNeighborsClassifier(n_neighbors=25, p=1, weights='distance')", "best_score": 0.5868336785775388, "test_score": 0.5217048033949442}