{"best_estimator": "RandomForestClassifier(max_depth=2, n_estimators=400)", "best_score": 0.7026347709202824, "test_score": 0.8290909090909091}