{"0": {"precision": 0.9, "recall": 0.75, "f1-score": 0.8181818181818182, "support": 36.0}, "1": {"precision": 0.5909090909090909, "recall": 0.8125, "f1-score": 0.6842105263157895, "support": 16.0}, "accuracy": 0.7692307692307693, "macro avg": {"precision": 0.7454545454545455, "recall": 0.78125, "f1-score": 0.7511961722488039, "support": 52.0}, "weighted avg": {"precision": 0.8048951048951049, "recall": 0.7692307692307693, "f1-score": 0.7769598822230402, "support": 52.0}}