{"0": {"precision": 0.8360655737704918, "recall": 0.75, "f1-score": 0.7906976744186046, "support": 68.0}, "1": {"precision": 0.48484848484848486, "recall": 0.6153846153846154, "f1-score": 0.5423728813559322, "support": 26.0}, "accuracy": 0.7127659574468085, "macro avg": {"precision": 0.6604570293094884, "recall": 0.6826923076923077, "f1-score": 0.6665352778872684, "support": 94.0}, "weighted avg": {"precision": 0.7389204215154686, "recall": 0.7127659574468085, "f1-score": 0.7220120933587165, "support": 94.0}}