{"best_estimator": "RandomForestClassifier(criterion='entropy')", "best_score": 0.7214263728773449, "test_score": 0.7685439560439561}