{"precision": 0.730762123650228, "recall": 0.7044976326365135, "f1": 0.7001527033864441}