{"0": {"precision": 1.0, "recall": 0.4090909090909091, "f1-score": 0.5806451612903226, "support": 22.0}, "1": {"precision": 0.6486486486486487, "recall": 1.0, "f1-score": 0.7868852459016393, "support": 24.0}, "accuracy": 0.717391304347826, "macro avg": {"precision": 0.8243243243243243, "recall": 0.7045454545454546, "f1-score": 0.6837652035959809, "support": 46.0}, "weighted avg": {"precision": 0.8166862514688601, "recall": 0.717391304347826, "f1-score": 0.6882486836962269, "support": 46.0}}