{"best_estimator": "BernoulliNB()", "best_score": 0.6164623808802444, "test_score": 0.7301587301587301}