{"0": {"precision": 0.6842105263157895, "recall": 0.52, "f1-score": 0.5909090909090909, "support": 25.0}, "1": {"precision": 0.5, "recall": 0.6666666666666666, "f1-score": 0.5714285714285714, "support": 18.0}, "accuracy": 0.5813953488372093, "macro avg": {"precision": 0.5921052631578947, "recall": 0.5933333333333333, "f1-score": 0.5811688311688312, "support": 43.0}, "weighted avg": {"precision": 0.6070991432068543, "recall": 0.5813953488372093, "f1-score": 0.5827544548474781, "support": 43.0}}