{"best_estimator": "BernoulliNB()", "best_score": 0.604714390391951, "test_score": 0.738095238095238}