{"best_estimator": "HistGradientBoostingClassifier(learning_rate=0.05)", "best_score": 0.6734555310421315, "test_score": 0.886002886002886}