{"best_estimator": "HistGradientBoostingClassifier(learning_rate=0.5)", "best_score": 0.7036101150081047, "test_score": 0.5839935125693968}