{"best_estimator": "HistGradientBoostingClassifier()", "best_score": 0.6218640908739647, "test_score": 0.764102564102564}