{"best_estimator": "HistGradientBoostingClassifier(learning_rate=0.05)", "best_score": 0.6507885761530783, "test_score": 0.7549559612064402}