{"best_estimator": "KNeighborsClassifier(weights='distance')", "best_score": 0.704565916286328, "test_score": 0.6507936507936508}