{"best_estimator": "KNeighborsClassifier(n_neighbors=7, p=3)", "best_score": 0.7307178025858974, "test_score": 0.8317460317460318}