{"best_estimator": "KNeighborsClassifier(p=3, weights='distance')", "best_score": 0.7398336653238995, "test_score": 0.6291150709755361}