{"best_estimator": "KNeighborsClassifier(weights='distance')", "best_score": 0.6972870295063147, "test_score": 0.7854279276896876}