{"0": {"precision": 0.9333333333333333, "recall": 0.56, "f1-score": 0.7, "support": 25.0}, "1": {"precision": 0.6071428571428571, "recall": 0.9444444444444444, "f1-score": 0.7391304347826086, "support": 18.0}, "accuracy": 0.7209302325581395, "macro avg": {"precision": 0.7702380952380952, "recall": 0.7522222222222222, "f1-score": 0.7195652173913043, "support": 43.0}, "weighted avg": {"precision": 0.7967884828349944, "recall": 0.7209302325581395, "f1-score": 0.7163801820020221, "support": 43.0}}