{"best_estimator": "RandomForestClassifier(max_depth=6)", "best_score": 0.6545618421713457, "test_score": 0.7333333333333333}