{"0": {"precision": 0.9655172413793104, "recall": 0.5957446808510638, "f1-score": 0.7368421052631579, "support": 47.0}, "1": {"precision": 0.5, "recall": 0.95, "f1-score": 0.6551724137931034, "support": 20.0}, "accuracy": 0.7014925373134329, "macro avg": {"precision": 0.7327586206896552, "recall": 0.7728723404255319, "f1-score": 0.6960072595281306, "support": 67.0}, "weighted avg": {"precision": 0.8265568708183222, "recall": 0.7014925373134329, "f1-score": 0.7124630928840372, "support": 67.0}}