{"best_estimator": "BernoulliNB()", "best_score": 0.5848559813603, "test_score": 0.5694249649368863}