{"best_estimator": "BernoulliNB()", "best_score": 0.5897634367843405, "test_score": 0.6129032258064516}