{"best_estimator": "HistGradientBoostingClassifier(learning_rate=0.01)", "best_score": 0.7753004866040021, "test_score": 0.7424731182795699}