{"best_estimator": "HistGradientBoostingClassifier(learning_rate=0.01)", "best_score": 0.7435359301810197, "test_score": 0.8355710549258937}