{"best_estimator": "HistGradientBoostingClassifier()", "best_score": 0.6865591009150434, "test_score": 0.7084485407066052}