{"best_estimator": "KNeighborsClassifier(n_neighbors=20, weights='distance')", "best_score": 0.7303901646396576, "test_score": 0.6137096774193548}