{"best_estimator": "KNeighborsClassifier(n_neighbors=10, p=1, weights='distance')", "best_score": 0.7112073912678964, "test_score": 0.774665453197155}