{"best_estimator": "KNeighborsClassifier(n_neighbors=25, weights='distance')", "best_score": 0.7147362965062868, "test_score": 0.5370018975332068}