{"best_estimator": "RandomForestClassifier(max_depth=2, n_estimators=150)", "best_score": 0.7590592195706243, "test_score": 0.743010752688172}