{"0": {"precision": 0.8, "recall": 0.47058823529411764, "f1-score": 0.5925925925925926, "support": 17.0}, "1": {"precision": 0.55, "recall": 0.8461538461538461, "f1-score": 0.6666666666666666, "support": 13.0}, "accuracy": 0.6333333333333333, "macro avg": {"precision": 0.675, "recall": 0.6583710407239819, "f1-score": 0.6296296296296295, "support": 30.0}, "weighted avg": {"precision": 0.6916666666666667, "recall": 0.6333333333333333, "f1-score": 0.6246913580246913, "support": 30.0}}