{"best_estimator": "RandomForestClassifier(max_depth=2, n_estimators=200)", "best_score": 0.7615831941883735, "test_score": 0.7096774193548387}