{"best_estimator": "BernoulliNB()", "best_score": 0.5082225465678865, "test_score": 0.5982548268646108}