{"best_estimator": "BernoulliNB()", "best_score": 0.42687006423203566, "test_score": 0.7296296296296296}