{"best_estimator": "BernoulliNB()", "best_score": 0.5352068743845588, "test_score": 0.5619448340345955}