{"best_estimator": "HistGradientBoostingClassifier(learning_rate=0.05)", "best_score": 0.6897592823736989, "test_score": 0.743010752688172}