{"best_estimator": "HistGradientBoostingClassifier(learning_rate=0.01)", "best_score": 0.6998318041719456, "test_score": 0.7077942458587619}