{"best_estimator": "HistGradientBoostingClassifier(learning_rate=0.01)", "best_score": 0.6929980511142058, "test_score": 0.7010011123470523}