{"best_estimator": "KNeighborsClassifier(n_neighbors=20, p=3)", "best_score": 0.7165219810852351, "test_score": 0.7419354838709677}