{"best_estimator": "KNeighborsClassifier(n_neighbors=25, p=3, weights='distance')", "best_score": 0.7153033773033772, "test_score": 0.8387096774193549}