{"best_estimator": "RandomForestClassifier(max_depth=2, n_estimators=400)", "best_score": 0.7423069272966437, "test_score": 0.7297619047619047}