{"best_estimator": "RandomForestClassifier(max_depth=6, n_estimators=200)", "best_score": 0.746549772027356, "test_score": 0.7751493428912785}