{"best_estimator": "RandomForestClassifier(max_depth=2, n_estimators=300)", "best_score": 0.748225439056025, "test_score": 0.743010752688172}