{"best_estimator": "AdaBoostClassifier(algorithm='SAMME', learning_rate=0.1)", "best_score": 0.6866769804458505, "test_score": 0.6515837104072398}