{"best_estimator": "BernoulliNB()", "best_score": 0.6265280074122157, "test_score": 0.5806451612903226}