{"best_estimator": "BernoulliNB()", "best_score": 0.6267046024228755, "test_score": 0.6031444835998916}