{"best_estimator": "BernoulliNB()", "best_score": 0.6014658401826815, "test_score": 0.6153225806451613}