{"best_estimator": "BernoulliNB()", "best_score": 0.6197798784301489, "test_score": 0.6153225806451613}