{"best_estimator": "BernoulliNB()", "best_score": 0.6189052467048367, "test_score": 0.5507236268526592}