{"best_estimator": "HistGradientBoostingClassifier(learning_rate=0.05)", "best_score": 0.630900579663167, "test_score": 0.6488691138301816}