{"best_estimator": "HistGradientBoostingClassifier()", "best_score": 0.6520446548456768, "test_score": 0.7115605928509154}