{"best_estimator": "KNeighborsClassifier(n_neighbors=10, p=3, weights='distance')", "best_score": 0.6979570963697532, "test_score": 0.7333333333333333}