{"best_estimator": "RandomForestClassifier()", "best_score": 0.6464397580869458, "test_score": 0.7419354838709677}