{"0": {"precision": 0.8421052631578947, "recall": 0.8421052631578947, "f1-score": 0.8421052631578947, "support": 19.0}, "1": {"precision": 0.75, "recall": 0.75, "f1-score": 0.75, "support": 12.0}, "accuracy": 0.8064516129032258, "macro avg": {"precision": 0.7960526315789473, "recall": 0.7960526315789473, "f1-score": 0.7960526315789473, "support": 31.0}, "weighted avg": {"precision": 0.8064516129032258, "recall": 0.8064516129032258, "f1-score": 0.8064516129032258, "support": 31.0}}