{"best_estimator": "RandomForestClassifier(criterion='log_loss', n_estimators=150)", "best_score": 0.6312394238106256, "test_score": 0.7451883979398211}