{"best_estimator": "RandomForestClassifier(n_estimators=200)", "best_score": 0.6519759090706817, "test_score": 0.7751493428912785}