{"0": {"precision": 0.8, "recall": 0.2222222222222222, "f1-score": 0.34782608695652173, "support": 18.0}, "1": {"precision": 0.48148148148148145, "recall": 0.9285714285714286, "f1-score": 0.6341463414634146, "support": 14.0}, "accuracy": 0.53125, "macro avg": {"precision": 0.6407407407407407, "recall": 0.5753968253968254, "f1-score": 0.4909862142099682, "support": 32.0}, "weighted avg": {"precision": 0.6606481481481481, "recall": 0.53125, "f1-score": 0.4730911983032874, "support": 32.0}}