{"0": {"precision": 0.8, "recall": 0.21052631578947367, "f1-score": 0.3333333333333333, "support": 19.0}, "1": {"precision": 0.4642857142857143, "recall": 0.9285714285714286, "f1-score": 0.6190476190476191, "support": 14.0}, "accuracy": 0.5151515151515151, "macro avg": {"precision": 0.6321428571428571, "recall": 0.5695488721804511, "f1-score": 0.47619047619047616, "support": 33.0}, "weighted avg": {"precision": 0.6575757575757577, "recall": 0.5151515151515151, "f1-score": 0.45454545454545453, "support": 33.0}}