{"best_estimator": "BernoulliNB()", "best_score": 0.45167603518762467, "test_score": 0.4765143855133744}