{"best_estimator": "HistGradientBoostingClassifier(learning_rate=0.05)", "best_score": 0.6143901205310708, "test_score": 0.6187499999999999}