{"0": {"precision": 0.6666666666666666, "recall": 0.7777777777777778, "f1-score": 0.717948717948718, "support": 18.0}, "1": {"precision": 0.6363636363636364, "recall": 0.5, "f1-score": 0.56, "support": 14.0}, "accuracy": 0.65625, "macro avg": {"precision": 0.6515151515151515, "recall": 0.6388888888888888, "f1-score": 0.6389743589743591, "support": 32.0}, "weighted avg": {"precision": 0.6534090909090908, "recall": 0.65625, "f1-score": 0.6488461538461539, "support": 32.0}}