{"best_estimator": "HistGradientBoostingClassifier(learning_rate=0.5)", "best_score": 0.6355470956037432, "test_score": 0.6488461538461539}