{"0": {"precision": 0.5238095238095238, "recall": 0.5789473684210527, "f1-score": 0.55, "support": 19.0}, "1": {"precision": 0.2727272727272727, "recall": 0.23076923076923078, "f1-score": 0.25, "support": 13.0}, "accuracy": 0.4375, "macro avg": {"precision": 0.39826839826839827, "recall": 0.40485829959514175, "f1-score": 0.4, "support": 32.0}, "weighted avg": {"precision": 0.4218073593073593, "recall": 0.4375, "f1-score": 0.42812500000000003, "support": 32.0}}