{"best_estimator": "KNeighborsClassifier(n_neighbors=7, p=3, weights='distance')", "best_score": 0.5585511725234251, "test_score": 0.3904556650246306}