{"0": {"precision": 0.7692307692307693, "recall": 0.5555555555555556, "f1-score": 0.6451612903225806, "support": 18.0}, "1": {"precision": 0.5789473684210527, "recall": 0.7857142857142857, "f1-score": 0.6666666666666666, "support": 14.0}, "accuracy": 0.65625, "macro avg": {"precision": 0.6740890688259109, "recall": 0.6706349206349207, "f1-score": 0.6559139784946236, "support": 32.0}, "weighted avg": {"precision": 0.6859817813765182, "recall": 0.65625, "f1-score": 0.6545698924731183, "support": 32.0}}