{"best_estimator": "RandomForestClassifier()", "best_score": 0.5923481888763089, "test_score": 0.6685099846390169}