{"best_estimator": "RandomForestClassifier(criterion='log_loss')", "best_score": 0.6132439312219912, "test_score": 0.7126923076923077}