{"0": {"precision": 0.8571428571428571, "recall": 0.631578947368421, "f1-score": 0.7272727272727273, "support": 19.0}, "1": {"precision": 0.631578947368421, "recall": 0.8571428571428571, "f1-score": 0.7272727272727273, "support": 14.0}, "accuracy": 0.7272727272727273, "macro avg": {"precision": 0.744360902255639, "recall": 0.744360902255639, "f1-score": 0.7272727272727273, "support": 33.0}, "weighted avg": {"precision": 0.7614490772385508, "recall": 0.7272727272727273, "f1-score": 0.7272727272727273, "support": 33.0}}