{"best_estimator": "BernoulliNB()", "best_score": 0.5639379394808011, "test_score": 0.6049853372434018}