{"best_estimator": "BernoulliNB()", "best_score": 0.5580543800530768, "test_score": 0.6245550934772021}