{"0": {"precision": 0.6071428571428571, "recall": 0.9444444444444444, "f1-score": 0.7391304347826086, "support": 18.0}, "1": {"precision": 0.5, "recall": 0.08333333333333333, "f1-score": 0.14285714285714285, "support": 12.0}, "accuracy": 0.6, "macro avg": {"precision": 0.5535714285714286, "recall": 0.5138888888888888, "f1-score": 0.4409937888198757, "support": 30.0}, "weighted avg": {"precision": 0.5642857142857143, "recall": 0.6, "f1-score": 0.5006211180124223, "support": 30.0}}