{"best_estimator": "KNeighborsClassifier(p=3)", "best_score": 0.6667430583540587, "test_score": 0.6794354838709677}