{"best_estimator": "KNeighborsClassifier(n_neighbors=7, p=3)", "best_score": 0.6514912072737146, "test_score": 0.6708211143695015}