{"best_estimator": "RandomForestClassifier(criterion='entropy', max_depth=6)", "best_score": 0.6548441960044158, "test_score": 0.6602870813397128}