{"0": {"precision": 0.8, "recall": 0.8421052631578947, "f1-score": 0.8205128205128205, "support": 19.0}, "1": {"precision": 0.7272727272727273, "recall": 0.6666666666666666, "f1-score": 0.6956521739130435, "support": 12.0}, "accuracy": 0.7741935483870968, "macro avg": {"precision": 0.7636363636363637, "recall": 0.7543859649122806, "f1-score": 0.758082497212932, "support": 31.0}, "weighted avg": {"precision": 0.7718475073313784, "recall": 0.7741935483870968, "f1-score": 0.7721796669903261, "support": 31.0}}