{"0": {"precision": 0.0, "recall": 0.0, "f1-score": 0.0, "support": 47.0}, "1": {"precision": 0.29850746268656714, "recall": 1.0, "f1-score": 0.45977011494252873, "support": 20.0}, "accuracy": 0.29850746268656714, "macro avg": {"precision": 0.14925373134328357, "recall": 0.5, "f1-score": 0.22988505747126436, "support": 67.0}, "weighted avg": {"precision": 0.08910670527957228, "recall": 0.29850746268656714, "f1-score": 0.13724481043060557, "support": 67.0}}