{"0": {"precision": 0.7, "recall": 0.2413793103448276, "f1-score": 0.358974358974359, "support": 29.0}, "1": {"precision": 0.3125, "recall": 0.7692307692307693, "f1-score": 0.4444444444444444, "support": 13.0}, "accuracy": 0.40476190476190477, "macro avg": {"precision": 0.50625, "recall": 0.5053050397877984, "f1-score": 0.4017094017094017, "support": 42.0}, "weighted avg": {"precision": 0.5800595238095237, "recall": 0.40476190476190477, "f1-score": 0.38542938542938543, "support": 42.0}}