{"best_estimator": "BernoulliNB()", "best_score": 0.40331788411567154, "test_score": 0.24704536789935186}