{"0": {"precision": 0.5666666666666667, "recall": 0.68, "f1-score": 0.6181818181818182, "support": 25.0}, "1": {"precision": 0.38461538461538464, "recall": 0.2777777777777778, "f1-score": 0.3225806451612903, "support": 18.0}, "accuracy": 0.5116279069767442, "macro avg": {"precision": 0.4756410256410256, "recall": 0.4788888888888889, "f1-score": 0.4703812316715542, "support": 43.0}, "weighted avg": {"precision": 0.49045915324985095, "recall": 0.5116279069767442, "f1-score": 0.4944417922662483, "support": 43.0}}