{"best_estimator": "HistGradientBoostingClassifier()", "best_score": 0.539570991482087, "test_score": 0.5217391304347826}