{"best_estimator": "HistGradientBoostingClassifier(learning_rate=0.05)", "best_score": 0.5121050050456315, "test_score": 0.6469622331691297}