{"best_estimator": "HistGradientBoostingClassifier()", "best_score": 0.5352120281152539, "test_score": 0.4944417922662483}