{"0": {"precision": 0.6538461538461539, "recall": 0.68, "f1-score": 0.6666666666666666, "support": 25.0}, "1": {"precision": 0.5294117647058824, "recall": 0.5, "f1-score": 0.5142857142857142, "support": 18.0}, "accuracy": 0.6046511627906976, "macro avg": {"precision": 0.5916289592760181, "recall": 0.5900000000000001, "f1-score": 0.5904761904761904, "support": 43.0}, "weighted avg": {"precision": 0.6017573397874356, "recall": 0.6046511627906976, "f1-score": 0.6028792912513842, "support": 43.0}}