{"0": {"precision": 0.6956521739130435, "recall": 0.3404255319148936, "f1-score": 0.45714285714285713, "support": 47.0}, "1": {"precision": 0.29545454545454547, "recall": 0.65, "f1-score": 0.40625, "support": 20.0}, "accuracy": 0.43283582089552236, "macro avg": {"precision": 0.49555335968379444, "recall": 0.4952127659574468, "f1-score": 0.43169642857142854, "support": 67.0}, "weighted avg": {"precision": 0.5761901952687156, "recall": 0.43283582089552236, "f1-score": 0.4419509594882729, "support": 67.0}}