{"0": {"precision": 0.6571428571428571, "recall": 0.92, "f1-score": 0.7666666666666667, "support": 25.0}, "1": {"precision": 0.75, "recall": 0.3333333333333333, "f1-score": 0.46153846153846156, "support": 18.0}, "accuracy": 0.6744186046511628, "macro avg": {"precision": 0.7035714285714285, "recall": 0.6266666666666667, "f1-score": 0.6141025641025641, "support": 43.0}, "weighted avg": {"precision": 0.6960132890365448, "recall": 0.6744186046511628, "f1-score": 0.638938580799046, "support": 43.0}}