{"best_estimator": "RandomForestClassifier(criterion='log_loss')", "best_score": 0.5303458710614068, "test_score": 0.5812124537486458}