{"precision": 0.7088997101936241, "recall": 0.6957984186054361, "f1": 0.6919677200817649}