{"best_estimator": "BernoulliNB()", "best_score": 0.5913430057091744, "test_score": 0.4568356374807988}