{"0": {"precision": 0.6666666666666666, "recall": 0.9473684210526315, "f1-score": 0.782608695652174, "support": 19.0}, "1": {"precision": 0.75, "recall": 0.25, "f1-score": 0.375, "support": 12.0}, "accuracy": 0.6774193548387096, "macro avg": {"precision": 0.7083333333333333, "recall": 0.5986842105263157, "f1-score": 0.5788043478260869, "support": 31.0}, "weighted avg": {"precision": 0.6989247311827956, "recall": 0.6774193548387096, "f1-score": 0.6248246844319776, "support": 31.0}}