{"best_estimator": "BernoulliNB()", "best_score": 0.5493177733754531, "test_score": 0.6356672780235193}