{"best_estimator": "BernoulliNB()", "best_score": 0.5308200401905039, "test_score": 0.5269238878347038}