{"best_estimator": "HistGradientBoostingClassifier(learning_rate=0.05)", "best_score": 0.6693503504505885, "test_score": 0.7647473560517039}