{"0": {"precision": 0.7, "recall": 0.7777777777777778, "f1-score": 0.7368421052631579, "support": 18.0}, "1": {"precision": 0.6363636363636364, "recall": 0.5384615384615384, "f1-score": 0.5833333333333334, "support": 13.0}, "accuracy": 0.6774193548387096, "macro avg": {"precision": 0.6681818181818182, "recall": 0.6581196581196581, "f1-score": 0.6600877192982456, "support": 31.0}, "weighted avg": {"precision": 0.6733137829912024, "recall": 0.6774193548387096, "f1-score": 0.6724674589700056, "support": 31.0}}