{"best_estimator": "KNeighborsClassifier(n_neighbors=25, p=1)", "best_score": 0.6217676851360905, "test_score": 0.6808657292528261}