{"best_estimator": "KNeighborsClassifier(n_neighbors=15, p=3)", "best_score": 0.6345677775551548, "test_score": 0.7357466063348416}