{"best_estimator": "RandomForestClassifier(criterion='entropy', n_estimators=150)", "best_score": 0.6356822657126326, "test_score": 0.7070881432732766}