{"best_estimator": "RandomForestClassifier(criterion='log_loss')", "best_score": 0.6356164294692207, "test_score": 0.6086784854108264}