{"best_estimator": "RandomForestClassifier(criterion='log_loss', n_estimators=200)", "best_score": 0.6367963545388715, "test_score": 0.6129032258064516}