{"precision": 0.7595359494024959, "recall": 0.7237248849013189, "f1": 0.7302165209124849}