{"0": {"precision": 0.6206896551724138, "recall": 0.75, "f1-score": 0.6792452830188679, "support": 24.0}, "1": {"precision": 0.4, "recall": 0.26666666666666666, "f1-score": 0.32, "support": 15.0}, "accuracy": 0.5641025641025641, "macro avg": {"precision": 0.5103448275862069, "recall": 0.5083333333333333, "f1-score": 0.4996226415094339, "support": 39.0}, "weighted avg": {"precision": 0.5358090185676393, "recall": 0.5641025641025641, "f1-score": 0.5410740203193034, "support": 39.0}}