{"0": {"precision": 0.6111111111111112, "recall": 0.9166666666666666, "f1-score": 0.7333333333333333, "support": 24.0}, "1": {"precision": 0.3333333333333333, "recall": 0.06666666666666667, "f1-score": 0.1111111111111111, "support": 15.0}, "accuracy": 0.5897435897435898, "macro avg": {"precision": 0.4722222222222222, "recall": 0.49166666666666664, "f1-score": 0.42222222222222217, "support": 39.0}, "weighted avg": {"precision": 0.5042735042735043, "recall": 0.5897435897435898, "f1-score": 0.494017094017094, "support": 39.0}}