{"0": {"precision": 0.6764705882352942, "recall": 0.9583333333333334, "f1-score": 0.7931034482758621, "support": 24.0}, "1": {"precision": 0.8, "recall": 0.26666666666666666, "f1-score": 0.4, "support": 15.0}, "accuracy": 0.6923076923076923, "macro avg": {"precision": 0.7382352941176471, "recall": 0.6125, "f1-score": 0.596551724137931, "support": 39.0}, "weighted avg": {"precision": 0.7239819004524887, "recall": 0.6923076923076923, "f1-score": 0.6419098143236075, "support": 39.0}}