{"best_estimator": "BernoulliNB()", "best_score": 0.5174099173671894, "test_score": 0.5051089261615578}