{"best_estimator": "BernoulliNB()", "best_score": 0.512375609764543, "test_score": 0.49336978810663024}