{"best_estimator": "HistGradientBoostingClassifier(learning_rate=0.05)", "best_score": 0.6703285114066893, "test_score": 0.6684969114619081}