{"best_estimator": "HistGradientBoostingClassifier(learning_rate=0.05)", "best_score": 0.6781118285475771, "test_score": 0.8651390380713689}