{"0": {"precision": 0.7931034482758621, "recall": 1.0, "f1-score": 0.8846153846153846, "support": 23.0}, "1": {"precision": 1.0, "recall": 0.6, "f1-score": 0.75, "support": 15.0}, "accuracy": 0.8421052631578947, "macro avg": {"precision": 0.896551724137931, "recall": 0.8, "f1-score": 0.8173076923076923, "support": 38.0}, "weighted avg": {"precision": 0.8747731397459164, "recall": 0.8421052631578947, "f1-score": 0.8314777327935223, "support": 38.0}}