{"best_estimator": "HistGradientBoostingClassifier(learning_rate=0.05)", "best_score": 0.6465611640743048, "test_score": 0.8314777327935223}