{"best_estimator": "HistGradientBoostingClassifier(learning_rate=0.01)", "best_score": 0.6632282328286396, "test_score": 0.737998843262001}