{"best_estimator": "HistGradientBoostingClassifier(learning_rate=0.05)", "best_score": 0.6631168638014898, "test_score": 0.6842105263157895}