{"0": {"precision": 0.75, "recall": 0.75, "f1-score": 0.75, "support": 24.0}, "1": {"precision": 0.6, "recall": 0.6, "f1-score": 0.6, "support": 15.0}, "accuracy": 0.6923076923076923, "macro avg": {"precision": 0.675, "recall": 0.675, "f1-score": 0.675, "support": 39.0}, "weighted avg": {"precision": 0.6923076923076923, "recall": 0.6923076923076923, "f1-score": 0.6923076923076923, "support": 39.0}}