{"best_estimator": "KNeighborsClassifier(n_neighbors=20, weights='distance')", "best_score": 0.6263391532190159, "test_score": 0.8461538461538461}