{"0": {"precision": 0.65, "recall": 0.5652173913043478, "f1-score": 0.6046511627906976, "support": 23.0}, "1": {"precision": 0.4444444444444444, "recall": 0.5333333333333333, "f1-score": 0.48484848484848486, "support": 15.0}, "accuracy": 0.5526315789473685, "macro avg": {"precision": 0.5472222222222223, "recall": 0.5492753623188406, "f1-score": 0.5447498238195913, "support": 38.0}, "weighted avg": {"precision": 0.5688596491228071, "recall": 0.5526315789473685, "f1-score": 0.5573606320240347, "support": 38.0}}