{"best_estimator": "KNeighborsClassifier(n_neighbors=20, p=1)", "best_score": 0.6515802793656951, "test_score": 0.6353846153846154}