{"0": {"precision": 0.6923076923076923, "recall": 0.75, "f1-score": 0.72, "support": 24.0}, "1": {"precision": 0.5384615384615384, "recall": 0.4666666666666667, "f1-score": 0.5, "support": 15.0}, "accuracy": 0.6410256410256411, "macro avg": {"precision": 0.6153846153846154, "recall": 0.6083333333333334, "f1-score": 0.61, "support": 39.0}, "weighted avg": {"precision": 0.6331360946745561, "recall": 0.6410256410256411, "f1-score": 0.6353846153846154, "support": 39.0}}