{"0": {"precision": 0.6666666666666666, "recall": 0.75, "f1-score": 0.7058823529411765, "support": 24.0}, "1": {"precision": 0.5, "recall": 0.4, "f1-score": 0.4444444444444444, "support": 15.0}, "accuracy": 0.6153846153846154, "macro avg": {"precision": 0.5833333333333333, "recall": 0.575, "f1-score": 0.5751633986928104, "support": 39.0}, "weighted avg": {"precision": 0.6025641025641025, "recall": 0.6153846153846154, "f1-score": 0.6053293112116642, "support": 39.0}}