{"0": {"precision": 0.7333333333333333, "recall": 0.9565217391304348, "f1-score": 0.8301886792452831, "support": 23.0}, "1": {"precision": 0.875, "recall": 0.4666666666666667, "f1-score": 0.6086956521739131, "support": 15.0}, "accuracy": 0.7631578947368421, "macro avg": {"precision": 0.8041666666666667, "recall": 0.7115942028985507, "f1-score": 0.7194421657095981, "support": 38.0}, "weighted avg": {"precision": 0.7892543859649123, "recall": 0.7631578947368421, "f1-score": 0.7427572211907949, "support": 38.0}}