{"0": {"precision": 0.75, "recall": 1.0, "f1-score": 0.8571428571428571, "support": 24.0}, "1": {"precision": 1.0, "recall": 0.4666666666666667, "f1-score": 0.6363636363636364, "support": 15.0}, "accuracy": 0.7948717948717948, "macro avg": {"precision": 0.875, "recall": 0.7333333333333334, "f1-score": 0.7467532467532467, "support": 39.0}, "weighted avg": {"precision": 0.8461538461538461, "recall": 0.7948717948717948, "f1-score": 0.7722277722277722, "support": 39.0}}