{"0": {"precision": 0.5238095238095238, "recall": 0.7857142857142857, "f1-score": 0.6285714285714286, "support": 28.0}, "1": {"precision": 0.5, "recall": 0.23076923076923078, "f1-score": 0.3157894736842105, "support": 26.0}, "accuracy": 0.5185185185185185, "macro avg": {"precision": 0.5119047619047619, "recall": 0.5082417582417582, "f1-score": 0.47218045112781953, "support": 54.0}, "weighted avg": {"precision": 0.5123456790123457, "recall": 0.5185185185185185, "f1-score": 0.47797270955165694, "support": 54.0}}