{"best_estimator": "BernoulliNB()", "best_score": 0.5456754040001026, "test_score": 0.3745089480576167}