{"best_estimator": "BernoulliNB()", "best_score": 0.5359152605143851, "test_score": 0.5121212121212121}