{"best_estimator": "BernoulliNB()", "best_score": 0.485533932194378, "test_score": 0.7028474486737979}