{"best_estimator": "HistGradientBoostingClassifier()", "best_score": 0.5558435303914461, "test_score": 0.5718641505566445}