{"best_estimator": "KNeighborsClassifier(p=3, weights='distance')", "best_score": 0.573711728444781, "test_score": 0.6255810466336782}