{"0": {"precision": 0.5434782608695652, "recall": 0.78125, "f1-score": 0.6410256410256411, "support": 32.0}, "1": {"precision": 0.36363636363636365, "recall": 0.16, "f1-score": 0.2222222222222222, "support": 25.0}, "accuracy": 0.5087719298245614, "macro avg": {"precision": 0.4535573122529644, "recall": 0.470625, "f1-score": 0.43162393162393164, "support": 57.0}, "weighted avg": {"precision": 0.4646002357672839, "recall": 0.5087719298245614, "f1-score": 0.45733993102414155, "support": 57.0}}