{"best_estimator": "KNeighborsClassifier(p=3, weights='distance')", "best_score": 0.5850235598761585, "test_score": 0.5119122257053292}