{"best_estimator": "KNeighborsClassifier(p=3, weights='distance')", "best_score": 0.5441383135584742, "test_score": 0.6946428571428571}