{"0": {"precision": 0.6666666666666666, "recall": 0.8235294117647058, "f1-score": 0.7368421052631579, "support": 34.0}, "1": {"precision": 0.6, "recall": 0.391304347826087, "f1-score": 0.47368421052631576, "support": 23.0}, "accuracy": 0.6491228070175439, "macro avg": {"precision": 0.6333333333333333, "recall": 0.6074168797953964, "f1-score": 0.6052631578947368, "support": 57.0}, "weighted avg": {"precision": 0.639766081871345, "recall": 0.6491228070175439, "f1-score": 0.6306555863342567, "support": 57.0}}