{"best_estimator": "RandomForestClassifier()", "best_score": 0.5929164814369663, "test_score": 0.6278560762574917}