{"best_estimator": "RandomForestClassifier(criterion='entropy', n_estimators=150)", "best_score": 0.5975315979264033, "test_score": 0.5553697542250648}