{"best_estimator": "RandomForestClassifier(n_estimators=200)", "best_score": 0.5549995202665843, "test_score": 0.59086680419043}