{"precision": 0.7428880461046278, "recall": 0.6578283531499906, "f1": 0.668423766357868}