{"best_estimator": "AdaBoostClassifier(algorithm='SAMME', learning_rate=0.05, n_estimators=400)", "best_score": 0.7378250578836807, "test_score": 0.8370243030977179}