{"0": {"precision": 0.6521739130434783, "recall": 0.8333333333333334, "f1-score": 0.7317073170731707, "support": 18.0}, "1": {"precision": 0.625, "recall": 0.38461538461538464, "f1-score": 0.47619047619047616, "support": 13.0}, "accuracy": 0.6451612903225806, "macro avg": {"precision": 0.6385869565217391, "recall": 0.608974358974359, "f1-score": 0.6039488966318234, "support": 31.0}, "weighted avg": {"precision": 0.6407784011220197, "recall": 0.6451612903225806, "f1-score": 0.6245550934772021, "support": 31.0}}