{"best_estimator": "BernoulliNB()", "best_score": 0.6213673309689789, "test_score": 0.520674486803519}