{"best_estimator": "BernoulliNB()", "best_score": 0.574087320465638, "test_score": 0.7391783843396746}