{"best_estimator": "HistGradientBoostingClassifier(learning_rate=0.001)", "best_score": 0.7496055032002992, "test_score": 0.7010101010101011}