{"best_estimator": "HistGradientBoostingClassifier(learning_rate=0.5)", "best_score": 0.7181670150336507, "test_score": 0.614516129032258}