{"best_estimator": "HistGradientBoostingClassifier(learning_rate=0.05)", "best_score": 0.7472638357870524, "test_score": 0.7379739671760045}