{"best_estimator": "HistGradientBoostingClassifier(learning_rate=0.01)", "best_score": 0.7238879666822198, "test_score": 0.8056451612903226}