{"best_estimator": "KNeighborsClassifier(n_neighbors=25, p=1)", "best_score": 0.7173669875648019, "test_score": 0.678763440860215}