{"best_estimator": "KNeighborsClassifier(p=3, weights='distance')", "best_score": 0.7247166308306594, "test_score": 0.5181771633384537}