{"best_estimator": "RandomForestClassifier(max_depth=2, n_estimators=150)", "best_score": 0.7634354826011357, "test_score": 0.8390467522836822}