{"best_estimator": "BernoulliNB()", "best_score": 0.5682901280353263, "test_score": 0.780952380952381}