{"best_estimator": "BernoulliNB()", "best_score": 0.5514103899474858, "test_score": 0.6583333333333334}