{"best_estimator": "HistGradientBoostingClassifier(learning_rate=0.01)", "best_score": 0.7435570122194682, "test_score": 0.6730462519936203}