{"0": {"precision": 0.5384615384615384, "recall": 1.0, "f1-score": 0.7, "support": 7.0}, "1": {"precision": 1.0, "recall": 0.45454545454545453, "f1-score": 0.625, "support": 11.0}, "accuracy": 0.6666666666666666, "macro avg": {"precision": 0.7692307692307692, "recall": 0.7272727272727273, "f1-score": 0.6625, "support": 18.0}, "weighted avg": {"precision": 0.8205128205128206, "recall": 0.6666666666666666, "f1-score": 0.6541666666666666, "support": 18.0}}