{"0": {"precision": 0.7142857142857143, "recall": 0.8, "f1-score": 0.7547169811320755, "support": 25.0}, "1": {"precision": 0.7222222222222222, "recall": 0.6190476190476191, "f1-score": 0.6666666666666666, "support": 21.0}, "accuracy": 0.717391304347826, "macro avg": {"precision": 0.7182539682539683, "recall": 0.7095238095238096, "f1-score": 0.7106918238993711, "support": 46.0}, "weighted avg": {"precision": 0.7179089026915114, "recall": 0.717391304347826, "f1-score": 0.7145200984413453, "support": 46.0}}