{"best_estimator": "RandomForestClassifier(max_depth=3, n_estimators=150)", "best_score": 0.7586280573918792, "test_score": 0.721840242669363}