{"0": {"precision": 0.7391304347826086, "recall": 0.68, "f1-score": 0.7083333333333334, "support": 25.0}, "1": {"precision": 0.6521739130434783, "recall": 0.7142857142857143, "f1-score": 0.6818181818181818, "support": 21.0}, "accuracy": 0.6956521739130435, "macro avg": {"precision": 0.6956521739130435, "recall": 0.6971428571428572, "f1-score": 0.6950757575757576, "support": 46.0}, "weighted avg": {"precision": 0.6994328922495273, "recall": 0.6956521739130435, "f1-score": 0.6962285902503295, "support": 46.0}}