{"best_estimator": "BernoulliNB()", "best_score": 0.5598676409923262, "test_score": 0.6050911592707258}