{"best_estimator": "BernoulliNB()", "best_score": 0.5865082690567459, "test_score": 0.5800362428269406}