{"best_estimator": "BernoulliNB()", "best_score": 0.5110804467785879, "test_score": 0.7175771088814568}