{"best_estimator": "BernoulliNB()", "best_score": 0.5172127186090545, "test_score": 0.5333333333333333}