{"0": {"precision": 0.6470588235294118, "recall": 0.5789473684210527, "f1-score": 0.6111111111111112, "support": 19.0}, "1": {"precision": 0.6923076923076923, "recall": 0.75, "f1-score": 0.72, "support": 24.0}, "accuracy": 0.6744186046511628, "macro avg": {"precision": 0.6696832579185521, "recall": 0.6644736842105263, "f1-score": 0.6655555555555556, "support": 43.0}, "weighted avg": {"precision": 0.6723140061033358, "recall": 0.6744186046511628, "f1-score": 0.6718863049095608, "support": 43.0}}