{"best_estimator": "HistGradientBoostingClassifier(learning_rate=0.05)", "best_score": 0.7905790377900731, "test_score": 0.6136696198153617}