{"best_estimator": "HistGradientBoostingClassifier(learning_rate=0.01)", "best_score": 0.7374726540866086, "test_score": 0.834920634920635}