{"0": {"precision": 1.0, "recall": 0.5, "f1-score": 0.6666666666666666, "support": 10.0}, "1": {"precision": 0.5, "recall": 1.0, "f1-score": 0.6666666666666666, "support": 5.0}, "accuracy": 0.6666666666666666, "macro avg": {"precision": 0.75, "recall": 0.75, "f1-score": 0.6666666666666666, "support": 15.0}, "weighted avg": {"precision": 0.8333333333333334, "recall": 0.6666666666666666, "f1-score": 0.6666666666666666, "support": 15.0}}