{"best_estimator": "HistGradientBoostingClassifier(learning_rate=0.01)", "best_score": 0.6991961200448611, "test_score": 0.7391304347826086}