{"best_estimator": "KNeighborsClassifier(n_neighbors=10, p=1, weights='distance')", "best_score": 0.7500095176537604, "test_score": 0.6411903147313415}