{"best_estimator": "KNeighborsClassifier(n_neighbors=25, weights='distance')", "best_score": 0.7128061766126024, "test_score": 0.7784391534391533}