{"best_estimator": "KNeighborsClassifier(n_neighbors=25, weights='distance')", "best_score": 0.716319819649486, "test_score": 0.7285714285714285}