{"best_estimator": "RandomForestClassifier(max_depth=2, n_estimators=300)", "best_score": 0.7571240374292905, "test_score": 0.792887574993479}