{"best_estimator": "AdaBoostClassifier(algorithm='SAMME', learning_rate=0.5, n_estimators=100)", "best_score": 0.5616828935271194, "test_score": 0.47594793435200905}