{"0": {"precision": 0.55, "recall": 0.6111111111111112, "f1-score": 0.5789473684210527, "support": 18.0}, "1": {"precision": 0.36363636363636365, "recall": 0.3076923076923077, "f1-score": 0.3333333333333333, "support": 13.0}, "accuracy": 0.4838709677419355, "macro avg": {"precision": 0.45681818181818185, "recall": 0.45940170940170943, "f1-score": 0.45614035087719296, "support": 31.0}, "weighted avg": {"precision": 0.47184750733137837, "recall": 0.4838709677419355, "f1-score": 0.47594793435200905, "support": 31.0}}