{"best_estimator": "HistGradientBoostingClassifier()", "best_score": 0.5125765205890509, "test_score": 0.7282296650717704}