{"best_estimator": "HistGradientBoostingClassifier(learning_rate=0.05)", "best_score": 0.539865055760075, "test_score": 0.5118135721221276}