{"best_estimator": "HistGradientBoostingClassifier(learning_rate=0.01)", "best_score": 0.5621590140351552, "test_score": 0.3997194950911641}