{"best_estimator": "KNeighborsClassifier(n_neighbors=15, p=1, weights='distance')", "best_score": 0.5385515925188951, "test_score": 0.5269238878347038}