{"best_estimator": "KNeighborsClassifier(n_neighbors=20, p=3)", "best_score": 0.5215838861094608, "test_score": 0.5726835964310226}