{"best_estimator": "KNeighborsClassifier(n_neighbors=15, p=3)", "best_score": 0.5472983534449414, "test_score": 0.6456500488758553}