{"best_estimator": "KNeighborsClassifier(n_neighbors=15, p=3)", "best_score": 0.5513443107594078, "test_score": 0.5926267281105991}