{"best_estimator": "RandomForestClassifier(criterion='entropy', n_estimators=300)", "best_score": 0.5650857406044466, "test_score": 0.5747800586510264}