{"best_estimator": "RandomForestClassifier()", "best_score": 0.5698111114292439, "test_score": 0.43694033876362065}