{"0": {"precision": 0.5416666666666666, "recall": 0.6842105263157895, "f1-score": 0.6046511627906976, "support": 19.0}, "1": {"precision": 0.14285714285714285, "recall": 0.08333333333333333, "f1-score": 0.10526315789473684, "support": 12.0}, "accuracy": 0.45161290322580644, "macro avg": {"precision": 0.34226190476190477, "recall": 0.38377192982456143, "f1-score": 0.35495716034271724, "support": 31.0}, "weighted avg": {"precision": 0.38728878648233483, "recall": 0.45161290322580644, "f1-score": 0.4113396770245193, "support": 31.0}}