{"0": {"precision": 0.6333333333333333, "recall": 1.0, "f1-score": 0.7755102040816326, "support": 19.0}, "1": {"precision": 1.0, "recall": 0.21428571428571427, "f1-score": 0.35294117647058826, "support": 14.0}, "accuracy": 0.6666666666666666, "macro avg": {"precision": 0.8166666666666667, "recall": 0.6071428571428571, "f1-score": 0.5642256902761105, "support": 33.0}, "weighted avg": {"precision": 0.7888888888888889, "recall": 0.6666666666666666, "f1-score": 0.5962384953981593, "support": 33.0}}