{"0": {"precision": 0.5333333333333333, "recall": 0.8888888888888888, "f1-score": 0.6666666666666666, "support": 18.0}, "1": {"precision": 0.0, "recall": 0.0, "f1-score": 0.0, "support": 14.0}, "accuracy": 0.5, "macro avg": {"precision": 0.26666666666666666, "recall": 0.4444444444444444, "f1-score": 0.3333333333333333, "support": 32.0}, "weighted avg": {"precision": 0.3, "recall": 0.5, "f1-score": 0.375, "support": 32.0}}