{"best_estimator": "BernoulliNB()", "best_score": 0.5039698286993933, "test_score": 0.453125}