{"0": {"precision": 0.5454545454545454, "recall": 0.631578947368421, "f1-score": 0.5853658536585366, "support": 19.0}, "1": {"precision": 0.36363636363636365, "recall": 0.2857142857142857, "f1-score": 0.32, "support": 14.0}, "accuracy": 0.48484848484848486, "macro avg": {"precision": 0.45454545454545453, "recall": 0.45864661654135336, "f1-score": 0.45268292682926825, "support": 33.0}, "weighted avg": {"precision": 0.4683195592286501, "recall": 0.48484848484848486, "f1-score": 0.47278640059127863, "support": 33.0}}