{"best_estimator": "HistGradientBoostingClassifier()", "best_score": 0.5705588361565634, "test_score": 0.6279411764705882}