{"best_estimator": "HistGradientBoostingClassifier()", "best_score": 0.5201936231237833, "test_score": 0.6545295295295295}