{"best_estimator": "KNeighborsClassifier(n_neighbors=25, weights='distance')", "best_score": 0.5694320686563508, "test_score": 0.571043771043771}