{"best_estimator": "KNeighborsClassifier(n_neighbors=20, p=3)", "best_score": 0.5445673362847403, "test_score": 0.5277997364953887}