{"best_estimator": "KNeighborsClassifier(n_neighbors=25, p=1)", "best_score": 0.5320485728847759, "test_score": 0.5504767722012963}