{"best_estimator": "KNeighborsClassifier(n_neighbors=10, weights='distance')", "best_score": 0.5327755194886578, "test_score": 0.8157342657342657}