{"best_estimator": "RandomForestClassifier(n_estimators=150)", "best_score": 0.5816715872982862, "test_score": 0.7126923076923077}