{"best_estimator": "BernoulliNB()", "best_score": 0.6787894220259771, "test_score": 0.7418831168831168}