{"0": {"precision": 0.9565217391304348, "recall": 0.6111111111111112, "f1-score": 0.7457627118644068, "support": 36.0}, "1": {"precision": 0.5483870967741935, "recall": 0.9444444444444444, "f1-score": 0.6938775510204082, "support": 18.0}, "accuracy": 0.7222222222222222, "macro avg": {"precision": 0.7524544179523142, "recall": 0.7777777777777778, "f1-score": 0.7198201314424075, "support": 54.0}, "weighted avg": {"precision": 0.8204768583450212, "recall": 0.7222222222222222, "f1-score": 0.7284676582497406, "support": 54.0}}