{"best_estimator": "BernoulliNB()", "best_score": 0.7040704234945331, "test_score": 0.7204039563515328}