{"best_estimator": "BernoulliNB()", "best_score": 0.7484422660293385, "test_score": 0.5614035087719298}