{"0": {"precision": 0.9166666666666666, "recall": 0.6875, "f1-score": 0.7857142857142857, "support": 16.0}, "1": {"precision": 0.5, "recall": 0.8333333333333334, "f1-score": 0.625, "support": 6.0}, "accuracy": 0.7272727272727273, "macro avg": {"precision": 0.7083333333333333, "recall": 0.7604166666666667, "f1-score": 0.7053571428571428, "support": 22.0}, "weighted avg": {"precision": 0.8030303030303029, "recall": 0.7272727272727273, "f1-score": 0.7418831168831168, "support": 22.0}}