{"0": {"precision": 0.9787234042553191, "recall": 0.6216216216216216, "f1-score": 0.7603305785123967, "support": 74.0}, "1": {"precision": 0.4166666666666667, "recall": 0.9523809523809523, "f1-score": 0.5797101449275363, "support": 21.0}, "accuracy": 0.6947368421052632, "macro avg": {"precision": 0.6976950354609929, "recall": 0.787001287001287, "f1-score": 0.6700203617199665, "support": 95.0}, "weighted avg": {"precision": 0.8544792833146696, "recall": 0.6947368421052632, "f1-score": 0.7204039563515328, "support": 95.0}}