{"0": {"precision": 0.8125, "recall": 0.3939393939393939, "f1-score": 0.5306122448979592, "support": 33.0}, "1": {"precision": 0.5121951219512195, "recall": 0.875, "f1-score": 0.6461538461538462, "support": 24.0}, "accuracy": 0.5964912280701754, "macro avg": {"precision": 0.6623475609756098, "recall": 0.634469696969697, "f1-score": 0.5883830455259027, "support": 57.0}, "weighted avg": {"precision": 0.6860558408215662, "recall": 0.5964912280701754, "f1-score": 0.5792613401635958, "support": 57.0}}