{"best_estimator": "HistGradientBoostingClassifier(learning_rate=0.5)", "best_score": 0.7681551678376296, "test_score": 0.6651411136536994}