{"best_estimator": "HistGradientBoostingClassifier()", "best_score": 0.7952843975563485, "test_score": 0.6194642616772109}