{"best_estimator": "HistGradientBoostingClassifier(learning_rate=0.5)", "best_score": 0.7814770769423494, "test_score": 0.7197802197802197}