{"best_estimator": "HistGradientBoostingClassifier(learning_rate=0.5)", "best_score": 0.7799014272845082, "test_score": 0.7192923839836812}