{"0": {"precision": 0.6666666666666666, "recall": 0.7272727272727273, "f1-score": 0.6956521739130435, "support": 11.0}, "1": {"precision": 0.6666666666666666, "recall": 0.6, "f1-score": 0.631578947368421, "support": 10.0}, "accuracy": 0.6666666666666666, "macro avg": {"precision": 0.6666666666666666, "recall": 0.6636363636363636, "f1-score": 0.6636155606407322, "support": 21.0}, "weighted avg": {"precision": 0.6666666666666666, "recall": 0.6666666666666666, "f1-score": 0.6651411136536994, "support": 21.0}}