{"best_estimator": "HistGradientBoostingClassifier(learning_rate=0.5)", "best_score": 0.7405883771824865, "test_score": 0.8186274509803921}