{"0": {"precision": 0.6956521739130435, "recall": 0.4444444444444444, "f1-score": 0.5423728813559322, "support": 36.0}, "1": {"precision": 0.4117647058823529, "recall": 0.6666666666666666, "f1-score": 0.509090909090909, "support": 21.0}, "accuracy": 0.5263157894736842, "macro avg": {"precision": 0.5537084398976981, "recall": 0.5555555555555556, "f1-score": 0.5257318952234207, "support": 57.0}, "weighted avg": {"precision": 0.5910620541122628, "recall": 0.5263157894736842, "f1-score": 0.5301111021003974, "support": 57.0}}