{"best_estimator": "KNeighborsClassifier(n_neighbors=25, p=3, weights='distance')", "best_score": 0.732767759457366, "test_score": 0.7462293794186959}