{"0": {"precision": 0.7333333333333333, "recall": 1.0, "f1-score": 0.8461538461538461, "support": 11.0}, "1": {"precision": 1.0, "recall": 0.6, "f1-score": 0.75, "support": 10.0}, "accuracy": 0.8095238095238095, "macro avg": {"precision": 0.8666666666666667, "recall": 0.8, "f1-score": 0.7980769230769231, "support": 21.0}, "weighted avg": {"precision": 0.8603174603174603, "recall": 0.8095238095238095, "f1-score": 0.8003663003663003, "support": 21.0}}