{"best_estimator": "RandomForestClassifier(criterion='log_loss', n_estimators=200)", "best_score": 0.7009499415038555, "test_score": 0.6902278562259307}