{"0": {"precision": 0.8048780487804879, "recall": 0.7857142857142857, "f1-score": 0.7951807228915663, "support": 42.0}, "1": {"precision": 0.4375, "recall": 0.4666666666666667, "f1-score": 0.45161290322580644, "support": 15.0}, "accuracy": 0.7017543859649122, "macro avg": {"precision": 0.6211890243902439, "recall": 0.6261904761904762, "f1-score": 0.6233968130586863, "support": 57.0}, "weighted avg": {"precision": 0.7081996148908858, "recall": 0.7017543859649122, "f1-score": 0.7047681387689979, "support": 57.0}}