{"best_estimator": "AdaBoostClassifier(algorithm='SAMME', learning_rate=0.001)", "best_score": 0.6267511959543094, "test_score": 0.5628647214854112}