{"0": {"precision": 0.782608695652174, "recall": 0.6923076923076923, "f1-score": 0.7346938775510204, "support": 26.0}, "1": {"precision": 0.4666666666666667, "recall": 0.5833333333333334, "f1-score": 0.5185185185185185, "support": 12.0}, "accuracy": 0.6578947368421053, "macro avg": {"precision": 0.6246376811594203, "recall": 0.6378205128205128, "f1-score": 0.6266061980347695, "support": 38.0}, "weighted avg": {"precision": 0.6828375286041191, "recall": 0.6578947368421053, "f1-score": 0.6664279746986514, "support": 38.0}}