{"0": {"precision": 1.0, "recall": 0.11538461538461539, "f1-score": 0.20689655172413793, "support": 26.0}, "1": {"precision": 0.3611111111111111, "recall": 1.0, "f1-score": 0.5306122448979592, "support": 13.0}, "accuracy": 0.41025641025641024, "macro avg": {"precision": 0.6805555555555556, "recall": 0.5576923076923077, "f1-score": 0.36875439831104856, "support": 39.0}, "weighted avg": {"precision": 0.787037037037037, "recall": 0.41025641025641024, "f1-score": 0.3148017827820783, "support": 39.0}}