{"best_estimator": "BernoulliNB()", "best_score": 0.3962604335704289, "test_score": 0.45614035087719296}