{"best_estimator": "BernoulliNB()", "best_score": 0.37353267446162775, "test_score": 0.19714285714285715}