{"0": {"precision": 0.72, "recall": 0.6923076923076923, "f1-score": 0.7058823529411765, "support": 26.0}, "1": {"precision": 0.38461538461538464, "recall": 0.4166666666666667, "f1-score": 0.4, "support": 12.0}, "accuracy": 0.6052631578947368, "macro avg": {"precision": 0.5523076923076923, "recall": 0.5544871794871795, "f1-score": 0.5529411764705883, "support": 38.0}, "weighted avg": {"precision": 0.614089068825911, "recall": 0.6052631578947368, "f1-score": 0.6092879256965945, "support": 38.0}}