{"best_estimator": "HistGradientBoostingClassifier()", "best_score": 0.6066205354686993, "test_score": 0.6923076923076923}