{"0": {"precision": 0.6521739130434783, "recall": 0.5769230769230769, "f1-score": 0.6122448979591837, "support": 26.0}, "1": {"precision": 0.3125, "recall": 0.38461538461538464, "f1-score": 0.3448275862068966, "support": 13.0}, "accuracy": 0.5128205128205128, "macro avg": {"precision": 0.48233695652173914, "recall": 0.4807692307692307, "f1-score": 0.47853624208304013, "support": 39.0}, "weighted avg": {"precision": 0.5389492753623188, "recall": 0.5128205128205128, "f1-score": 0.5231057940417546, "support": 39.0}}