{"0": {"precision": 0.6153846153846154, "recall": 0.6153846153846154, "f1-score": 0.6153846153846154, "support": 26.0}, "1": {"precision": 0.16666666666666666, "recall": 0.16666666666666666, "f1-score": 0.16666666666666666, "support": 12.0}, "accuracy": 0.47368421052631576, "macro avg": {"precision": 0.391025641025641, "recall": 0.391025641025641, "f1-score": 0.391025641025641, "support": 38.0}, "weighted avg": {"precision": 0.47368421052631576, "recall": 0.47368421052631576, "f1-score": 0.47368421052631576, "support": 38.0}}