{"0": {"precision": 0.75, "recall": 0.8076923076923077, "f1-score": 0.7777777777777778, "support": 26.0}, "1": {"precision": 0.5, "recall": 0.4166666666666667, "f1-score": 0.45454545454545453, "support": 12.0}, "accuracy": 0.6842105263157895, "macro avg": {"precision": 0.625, "recall": 0.6121794871794872, "f1-score": 0.6161616161616161, "support": 38.0}, "weighted avg": {"precision": 0.6710526315789473, "recall": 0.6842105263157895, "f1-score": 0.6757044125465178, "support": 38.0}}