{"best_estimator": "RandomForestClassifier(n_estimators=300)", "best_score": 0.5990540180985866, "test_score": 0.7052245999614419}