{"0": {"precision": 0.7096774193548387, "recall": 0.8461538461538461, "f1-score": 0.7719298245614035, "support": 26.0}, "1": {"precision": 0.5, "recall": 0.3076923076923077, "f1-score": 0.38095238095238093, "support": 13.0}, "accuracy": 0.6666666666666666, "macro avg": {"precision": 0.6048387096774194, "recall": 0.5769230769230769, "f1-score": 0.5764411027568922, "support": 39.0}, "weighted avg": {"precision": 0.6397849462365591, "recall": 0.6666666666666666, "f1-score": 0.6416040100250626, "support": 39.0}}