{"0": {"precision": 0.7407407407407407, "recall": 0.7692307692307693, "f1-score": 0.7547169811320755, "support": 26.0}, "1": {"precision": 0.45454545454545453, "recall": 0.4166666666666667, "f1-score": 0.43478260869565216, "support": 12.0}, "accuracy": 0.6578947368421053, "macro avg": {"precision": 0.5976430976430976, "recall": 0.592948717948718, "f1-score": 0.5947497949138638, "support": 38.0}, "weighted avg": {"precision": 0.6503632819422293, "recall": 0.6578947368421053, "f1-score": 0.6536850740468892, "support": 38.0}}