{"best_estimator": "RandomForestClassifier(n_estimators=300)", "best_score": 0.5826651767948203, "test_score": 0.726790450928382}