{"0": {"precision": 0.7407407407407407, "recall": 0.7692307692307693, "f1-score": 0.7547169811320755, "support": 26.0}, "1": {"precision": 0.5, "recall": 0.46153846153846156, "f1-score": 0.48, "support": 13.0}, "accuracy": 0.6666666666666666, "macro avg": {"precision": 0.6203703703703703, "recall": 0.6153846153846154, "f1-score": 0.6173584905660378, "support": 39.0}, "weighted avg": {"precision": 0.6604938271604939, "recall": 0.6666666666666666, "f1-score": 0.6631446540880503, "support": 39.0}}