{"best_estimator": "RandomForestClassifier(n_estimators=150)", "best_score": 0.6126296061893342, "test_score": 0.6004058546694875}