{"precision": 0.6797401093181477, "recall": 0.6850388542282284, "f1": 0.659346582319457}