{"best_estimator": "BernoulliNB()", "best_score": 0.5401575697471104, "test_score": 0.5974698102357677}