{"best_estimator": "BernoulliNB()", "best_score": 0.5294615095078481, "test_score": 0.5333333333333333}