{"0": {"precision": 0.9024390243902439, "recall": 0.7872340425531915, "f1-score": 0.8409090909090909, "support": 47.0}, "1": {"precision": 0.6296296296296297, "recall": 0.8095238095238095, "f1-score": 0.7083333333333334, "support": 21.0}, "accuracy": 0.7941176470588235, "macro avg": {"precision": 0.7660343270099368, "recall": 0.7983789260385006, "f1-score": 0.7746212121212122, "support": 68.0}, "weighted avg": {"precision": 0.8181890642435836, "recall": 0.7941176470588235, "f1-score": 0.7999665775401069, "support": 68.0}}