{"best_estimator": "KNeighborsClassifier(p=3)", "best_score": 0.6999054401467397, "test_score": 0.5422647527910686}