{"0": {"precision": 0.7894736842105263, "recall": 0.6382978723404256, "f1-score": 0.7058823529411765, "support": 47.0}, "1": {"precision": 0.43333333333333335, "recall": 0.6190476190476191, "f1-score": 0.5098039215686274, "support": 21.0}, "accuracy": 0.6323529411764706, "macro avg": {"precision": 0.6114035087719298, "recall": 0.6286727456940223, "f1-score": 0.607843137254902, "support": 68.0}, "weighted avg": {"precision": 0.6794891640866874, "recall": 0.6323529411764706, "f1-score": 0.6453287197231834, "support": 68.0}}