{"best_estimator": "RandomForestClassifier(criterion='entropy', n_estimators=300)", "best_score": 0.6129979887095615, "test_score": 0.5681818181818182}