{"best_estimator": "RandomForestClassifier(max_depth=3, n_estimators=200)", "best_score": 0.5936534509240842, "test_score": 0.5333333333333334}