{"0": {"precision": 0.23076923076923078, "recall": 0.6, "f1-score": 0.3333333333333333, "support": 5.0}, "1": {"precision": 0.0, "recall": 0.0, "f1-score": 0.0, "support": 10.0}, "accuracy": 0.2, "macro avg": {"precision": 0.11538461538461539, "recall": 0.3, "f1-score": 0.16666666666666666, "support": 15.0}, "weighted avg": {"precision": 0.07692307692307693, "recall": 0.2, "f1-score": 0.1111111111111111, "support": 15.0}}