{"best_estimator": "BernoulliNB()", "best_score": 0.4429954467330761, "test_score": 0.45989304812834225}