{"0": {"precision": 0.4772727272727273, "recall": 0.9545454545454546, "f1-score": 0.6363636363636364, "support": 22.0}, "1": {"precision": 0.5, "recall": 0.041666666666666664, "f1-score": 0.07692307692307693, "support": 24.0}, "accuracy": 0.4782608695652174, "macro avg": {"precision": 0.48863636363636365, "recall": 0.4981060606060606, "f1-score": 0.35664335664335667, "support": 46.0}, "weighted avg": {"precision": 0.4891304347826087, "recall": 0.4782608695652174, "f1-score": 0.34448160535117056, "support": 46.0}}