{"best_estimator": "BernoulliNB()", "best_score": 0.4397354668367505, "test_score": 0.5333333333333333}