{"0": {"precision": 0.7446808510638298, "recall": 0.7446808510638298, "f1-score": 0.7446808510638298, "support": 47.0}, "1": {"precision": 0.4, "recall": 0.4, "f1-score": 0.4, "support": 20.0}, "accuracy": 0.6417910447761194, "macro avg": {"precision": 0.5723404255319149, "recall": 0.5723404255319149, "f1-score": 0.5723404255319149, "support": 67.0}, "weighted avg": {"precision": 0.6417910447761194, "recall": 0.6417910447761194, "f1-score": 0.6417910447761194, "support": 67.0}}