{"best_estimator": "HistGradientBoostingClassifier()", "best_score": 0.4977981885444403, "test_score": 0.6451793051178746}