{"best_estimator": "KNeighborsClassifier(p=3)", "best_score": 0.5732399104747629, "test_score": 0.5520282186948853}