{"0": {"precision": 0.4857142857142857, "recall": 0.7727272727272727, "f1-score": 0.5964912280701754, "support": 22.0}, "1": {"precision": 0.5454545454545454, "recall": 0.25, "f1-score": 0.34285714285714286, "support": 24.0}, "accuracy": 0.5, "macro avg": {"precision": 0.5155844155844156, "recall": 0.5113636363636364, "f1-score": 0.46967418546365913, "support": 46.0}, "weighted avg": {"precision": 0.5168831168831168, "recall": 0.5, "f1-score": 0.4641604010025063, "support": 46.0}}