{"best_estimator": "RandomForestClassifier(criterion='entropy', max_depth=6)", "best_score": 0.5779872724803665, "test_score": 0.5333333333333333}