{"best_estimator": "RandomForestClassifier(criterion='entropy', max_depth=6)", "best_score": 0.5826684169924067, "test_score": 0.39814814814814814}