{"0": {"precision": 0.8, "recall": 0.3333333333333333, "f1-score": 0.47058823529411764, "support": 36.0}, "1": {"precision": 0.42857142857142855, "recall": 0.8571428571428571, "f1-score": 0.5714285714285714, "support": 21.0}, "accuracy": 0.5263157894736842, "macro avg": {"precision": 0.6142857142857143, "recall": 0.5952380952380952, "f1-score": 0.5210084033613445, "support": 57.0}, "weighted avg": {"precision": 0.6631578947368421, "recall": 0.5263157894736842, "f1-score": 0.5077399380804953, "support": 57.0}}