{"0": {"precision": 0.8888888888888888, "recall": 0.5, "f1-score": 0.64, "support": 16.0}, "1": {"precision": 0.38461538461538464, "recall": 0.8333333333333334, "f1-score": 0.5263157894736842, "support": 6.0}, "accuracy": 0.5909090909090909, "macro avg": {"precision": 0.6367521367521367, "recall": 0.6666666666666667, "f1-score": 0.5831578947368421, "support": 22.0}, "weighted avg": {"precision": 0.7513597513597513, "recall": 0.5909090909090909, "f1-score": 0.6089952153110048, "support": 22.0}}