{"best_estimator": "HistGradientBoostingClassifier()", "best_score": 0.7760488605255893, "test_score": 0.7025035115260679}