{"best_estimator": "HistGradientBoostingClassifier(learning_rate=0.05)", "best_score": 0.758561553340712, "test_score": 0.8929425837320574}