{"best_estimator": "HistGradientBoostingClassifier()", "best_score": 0.7746779811557247, "test_score": 0.6535418139190098}