{"0": {"precision": 0.9032258064516129, "recall": 0.7567567567567568, "f1-score": 0.8235294117647058, "support": 74.0}, "1": {"precision": 0.45454545454545453, "recall": 0.7142857142857143, "f1-score": 0.5555555555555556, "support": 21.0}, "accuracy": 0.7473684210526316, "macro avg": {"precision": 0.6788856304985337, "recall": 0.7355212355212355, "f1-score": 0.6895424836601307, "support": 95.0}, "weighted avg": {"precision": 0.8040438339249885, "recall": 0.7473684210526316, "f1-score": 0.7642930856553147, "support": 95.0}}