{"best_estimator": "HistGradientBoostingClassifier(learning_rate=0.05)", "best_score": 0.7659025916257154, "test_score": 0.7069147069147069}