{"best_estimator": "KNeighborsClassifier(n_neighbors=10, p=3)", "best_score": 0.7064962347563314, "test_score": 0.7030075187969924}