{"best_estimator": "KNeighborsClassifier(n_neighbors=25, p=3, weights='distance')", "best_score": 0.6786248935670771, "test_score": 0.7894736842105263}