{"0": {"precision": 0.875, "recall": 0.6363636363636364, "f1-score": 0.7368421052631579, "support": 11.0}, "1": {"precision": 0.6923076923076923, "recall": 0.9, "f1-score": 0.782608695652174, "support": 10.0}, "accuracy": 0.7619047619047619, "macro avg": {"precision": 0.7836538461538461, "recall": 0.7681818181818182, "f1-score": 0.7597254004576659, "support": 21.0}, "weighted avg": {"precision": 0.788003663003663, "recall": 0.7619047619047619, "f1-score": 0.7586357197341178, "support": 21.0}}