{"best_estimator": "KNeighborsClassifier(n_neighbors=20, p=3, weights='distance')", "best_score": 0.7075265654500482, "test_score": 0.670940170940171}