{"best_estimator": "RandomForestClassifier(n_estimators=150)", "best_score": 0.6826812624665635, "test_score": 0.6983666061705989}