{"best_estimator": "RandomForestClassifier(n_estimators=200)", "best_score": 0.5947927325710152, "test_score": 0.7313596491228069}