{"0": {"precision": 0.64, "recall": 0.9696969696969697, "f1-score": 0.7710843373493976, "support": 33.0}, "1": {"precision": 0.8571428571428571, "recall": 0.25, "f1-score": 0.3870967741935484, "support": 24.0}, "accuracy": 0.6666666666666666, "macro avg": {"precision": 0.7485714285714286, "recall": 0.6098484848484849, "f1-score": 0.579090555771473, "support": 57.0}, "weighted avg": {"precision": 0.7314285714285714, "recall": 0.6666666666666666, "f1-score": 0.60940536338904, "support": 57.0}}