{"0": {"precision": 0.7631578947368421, "recall": 0.8055555555555556, "f1-score": 0.7837837837837838, "support": 36.0}, "1": {"precision": 0.5625, "recall": 0.5, "f1-score": 0.5294117647058824, "support": 18.0}, "accuracy": 0.7037037037037037, "macro avg": {"precision": 0.662828947368421, "recall": 0.6527777777777778, "f1-score": 0.656597774244833, "support": 54.0}, "weighted avg": {"precision": 0.6962719298245614, "recall": 0.7037037037037037, "f1-score": 0.6989931107578167, "support": 54.0}}