{"best_estimator": "RandomForestClassifier(n_estimators=150)", "best_score": 0.6210851670687207, "test_score": 0.6124401913875598}