{"best_estimator": "RandomForestClassifier(n_estimators=150)", "best_score": 0.6918819758098962, "test_score": 0.4541691306918983}