{"0": {"precision": 0.9137931034482759, "recall": 0.7162162162162162, "f1-score": 0.803030303030303, "support": 74.0}, "1": {"precision": 0.43243243243243246, "recall": 0.7619047619047619, "f1-score": 0.5517241379310345, "support": 21.0}, "accuracy": 0.7263157894736842, "macro avg": {"precision": 0.6731127679403541, "recall": 0.739060489060489, "f1-score": 0.6773772204806687, "support": 95.0}, "weighted avg": {"precision": 0.8073870603816157, "recall": 0.7263157894736842, "f1-score": 0.7474784139030963, "support": 95.0}}