{"0": {"precision": 0.391304347826087, "recall": 0.36, "f1-score": 0.375, "support": 25.0}, "1": {"precision": 0.30434782608695654, "recall": 0.3333333333333333, "f1-score": 0.3181818181818182, "support": 21.0}, "accuracy": 0.34782608695652173, "macro avg": {"precision": 0.34782608695652173, "recall": 0.3466666666666667, "f1-score": 0.34659090909090906, "support": 46.0}, "weighted avg": {"precision": 0.3516068052930057, "recall": 0.34782608695652173, "f1-score": 0.34906126482213434, "support": 46.0}}