{"best_estimator": "BernoulliNB()", "best_score": 0.5230736957549478, "test_score": 0.34888241010689985}