{"best_estimator": "BernoulliNB()", "best_score": 0.50316059496515, "test_score": 0.47619047619047616}