{"best_estimator": "BernoulliNB()", "best_score": 0.5521669475224965, "test_score": 0.559103769395704}