{"best_estimator": "HistGradientBoostingClassifier(learning_rate=0.001)", "best_score": 0.7314867035525813, "test_score": 0.6879666227492314}