{"0": {"precision": 0.8846153846153846, "recall": 0.5227272727272727, "f1-score": 0.6571428571428571, "support": 44.0}, "1": {"precision": 0.4878048780487805, "recall": 0.8695652173913043, "f1-score": 0.625, "support": 23.0}, "accuracy": 0.6417910447761194, "macro avg": {"precision": 0.6862101313320825, "recall": 0.6961462450592886, "f1-score": 0.6410714285714285, "support": 67.0}, "weighted avg": {"precision": 0.7483968525104309, "recall": 0.6417910447761194, "f1-score": 0.6461087420042644, "support": 67.0}}