{"0": {"precision": 0.8636363636363636, "recall": 0.6551724137931034, "f1-score": 0.7450980392156863, "support": 29.0}, "1": {"precision": 0.5, "recall": 0.7692307692307693, "f1-score": 0.6060606060606061, "support": 13.0}, "accuracy": 0.6904761904761905, "macro avg": {"precision": 0.6818181818181819, "recall": 0.7122015915119364, "f1-score": 0.6755793226381461, "support": 42.0}, "weighted avg": {"precision": 0.7510822510822511, "recall": 0.6904761904761905, "f1-score": 0.7020626432391138, "support": 42.0}}