{"best_estimator": "KNeighborsClassifier(n_neighbors=10, weights='distance')", "best_score": 0.7126737053974539, "test_score": 0.6147230822153422}