{"best_estimator": "KNeighborsClassifier(n_neighbors=10)", "best_score": 0.7506301245741044, "test_score": 0.5993355481727575}