{"0": {"precision": 1.0, "recall": 0.8571428571428571, "f1-score": 0.9230769230769231, "support": 7.0}, "1": {"precision": 0.9166666666666666, "recall": 1.0, "f1-score": 0.9565217391304348, "support": 11.0}, "accuracy": 0.9444444444444444, "macro avg": {"precision": 0.9583333333333333, "recall": 0.9285714285714286, "f1-score": 0.939799331103679, "support": 18.0}, "weighted avg": {"precision": 0.949074074074074, "recall": 0.9444444444444444, "f1-score": 0.9435154217762913, "support": 18.0}}