{"best_estimator": "RandomForestClassifier(max_depth=2, n_estimators=300)", "best_score": 0.7422666615524882, "test_score": 0.8888888888888888}