{"0": {"precision": 0.9411764705882353, "recall": 0.5714285714285714, "f1-score": 0.7111111111111111, "support": 28.0}, "1": {"precision": 0.5, "recall": 0.9230769230769231, "f1-score": 0.6486486486486487, "support": 13.0}, "accuracy": 0.6829268292682927, "macro avg": {"precision": 0.7205882352941176, "recall": 0.7472527472527473, "f1-score": 0.67987987987988, "support": 41.0}, "weighted avg": {"precision": 0.8012912482065997, "recall": 0.6829268292682927, "f1-score": 0.691305940086428, "support": 41.0}}