{"best_estimator": "BernoulliNB()", "best_score": 0.594437706486211, "test_score": 0.4964406581864861}