{"0": {"precision": 0.8333333333333334, "recall": 0.18518518518518517, "f1-score": 0.30303030303030304, "support": 27.0}, "1": {"precision": 0.35294117647058826, "recall": 0.9230769230769231, "f1-score": 0.5106382978723404, "support": 13.0}, "accuracy": 0.425, "macro avg": {"precision": 0.5931372549019608, "recall": 0.5541310541310541, "f1-score": 0.40683430045132174, "support": 40.0}, "weighted avg": {"precision": 0.6772058823529412, "recall": 0.425, "f1-score": 0.3705029013539652, "support": 40.0}}