{"0": {"precision": 0.75, "recall": 0.2222222222222222, "f1-score": 0.34285714285714286, "support": 27.0}, "1": {"precision": 0.34375, "recall": 0.8461538461538461, "f1-score": 0.4888888888888889, "support": 13.0}, "accuracy": 0.425, "macro avg": {"precision": 0.546875, "recall": 0.5341880341880342, "f1-score": 0.41587301587301584, "support": 40.0}, "weighted avg": {"precision": 0.61796875, "recall": 0.425, "f1-score": 0.39031746031746034, "support": 40.0}}