{"best_estimator": "BernoulliNB()", "best_score": 0.5872922361709305, "test_score": 0.39031746031746034}