{"0": {"precision": 0.9090909090909091, "recall": 0.37037037037037035, "f1-score": 0.5263157894736842, "support": 27.0}, "1": {"precision": 0.41379310344827586, "recall": 0.9230769230769231, "f1-score": 0.5714285714285714, "support": 13.0}, "accuracy": 0.55, "macro avg": {"precision": 0.6614420062695925, "recall": 0.6467236467236468, "f1-score": 0.5488721804511278, "support": 40.0}, "weighted avg": {"precision": 0.7481191222570532, "recall": 0.55, "f1-score": 0.5409774436090224, "support": 40.0}}