{"best_estimator": "BernoulliNB()", "best_score": 0.5768703352157174, "test_score": 0.5409774436090224}