{"best_estimator": "HistGradientBoostingClassifier()", "best_score": 0.739853988085722, "test_score": 0.8943573667711598}