{"best_estimator": "HistGradientBoostingClassifier(learning_rate=0.05)", "best_score": 0.7596305856773129, "test_score": 0.7220000000000001}