{"best_estimator": "HistGradientBoostingClassifier(learning_rate=0.05)", "best_score": 0.7545382855037636, "test_score": 0.7342366757000903}