{"0": {"precision": 0.8888888888888888, "recall": 0.5925925925925926, "f1-score": 0.7111111111111111, "support": 27.0}, "1": {"precision": 0.5, "recall": 0.8461538461538461, "f1-score": 0.6285714285714286, "support": 13.0}, "accuracy": 0.675, "macro avg": {"precision": 0.6944444444444444, "recall": 0.7193732193732194, "f1-score": 0.6698412698412699, "support": 40.0}, "weighted avg": {"precision": 0.7625, "recall": 0.675, "f1-score": 0.6842857142857143, "support": 40.0}}