{"best_estimator": "KNeighborsClassifier(n_neighbors=25, p=3, weights='distance')", "best_score": 0.7269327839638846, "test_score": 0.764329268292683}