{"best_estimator": "RandomForestClassifier(n_estimators=400)", "best_score": 0.6763459809744796, "test_score": 0.6416666666666667}