{"best_estimator": "RandomForestClassifier(n_estimators=200)", "best_score": 0.6338826309176272, "test_score": 0.5774294670846395}