{"best_estimator": "RandomForestClassifier()", "best_score": 0.6611191980249542, "test_score": 0.5948028673835125}