{"0": {"precision": 0.56, "recall": 0.7777777777777778, "f1-score": 0.6511627906976745, "support": 18.0}, "1": {"precision": 0.42857142857142855, "recall": 0.21428571428571427, "f1-score": 0.2857142857142857, "support": 14.0}, "accuracy": 0.53125, "macro avg": {"precision": 0.49428571428571433, "recall": 0.49603174603174605, "f1-score": 0.4684385382059801, "support": 32.0}, "weighted avg": {"precision": 0.5025000000000001, "recall": 0.53125, "f1-score": 0.4912790697674419, "support": 32.0}}