{"0": {"precision": 0.7368421052631579, "recall": 0.7777777777777778, "f1-score": 0.7567567567567568, "support": 18.0}, "1": {"precision": 0.6923076923076923, "recall": 0.6428571428571429, "f1-score": 0.6666666666666666, "support": 14.0}, "accuracy": 0.71875, "macro avg": {"precision": 0.714574898785425, "recall": 0.7103174603174603, "f1-score": 0.7117117117117118, "support": 32.0}, "weighted avg": {"precision": 0.7173582995951416, "recall": 0.71875, "f1-score": 0.7173423423423424, "support": 32.0}}