{"best_estimator": "BernoulliNB()", "best_score": 0.48447545452235624, "test_score": 0.4855614973262032}