{"best_estimator": "HistGradientBoostingClassifier(learning_rate=0.5)", "best_score": 0.5475304205170992, "test_score": 0.7509803921568627}