{"best_estimator": "KNeighborsClassifier(n_neighbors=7, p=1)", "best_score": 0.5888110052451093, "test_score": 0.6038159371492704}