{"best_estimator": "KNeighborsClassifier(n_neighbors=25, weights='distance')", "best_score": 0.5605049765672799, "test_score": 0.5742753623188406}