{"best_estimator": "KNeighborsClassifier(n_neighbors=20, p=1)", "best_score": 0.561745406196849, "test_score": 0.5178287380699894}