{"best_estimator": "KNeighborsClassifier(n_neighbors=25, p=1)", "best_score": 0.5195085571603999, "test_score": 0.6928904428904429}