{"best_estimator": "RandomForestClassifier(n_estimators=400)", "best_score": 0.5838352873338873, "test_score": 0.7749867444326617}