{"best_estimator": "RandomForestClassifier()", "best_score": 0.586569887601981, "test_score": 0.6679092885989438}