{"0": {"precision": 0.5714285714285714, "recall": 0.8888888888888888, "f1-score": 0.6956521739130435, "support": 18.0}, "1": {"precision": 0.5, "recall": 0.14285714285714285, "f1-score": 0.2222222222222222, "support": 14.0}, "accuracy": 0.5625, "macro avg": {"precision": 0.5357142857142857, "recall": 0.5158730158730158, "f1-score": 0.45893719806763283, "support": 32.0}, "weighted avg": {"precision": 0.5401785714285714, "recall": 0.5625, "f1-score": 0.48852657004830913, "support": 32.0}}