{"0": {"precision": 0.75, "recall": 0.9473684210526315, "f1-score": 0.8372093023255814, "support": 19.0}, "1": {"precision": 0.8888888888888888, "recall": 0.5714285714285714, "f1-score": 0.6956521739130435, "support": 14.0}, "accuracy": 0.7878787878787878, "macro avg": {"precision": 0.8194444444444444, "recall": 0.7593984962406015, "f1-score": 0.7664307381193125, "support": 33.0}, "weighted avg": {"precision": 0.8089225589225588, "recall": 0.7878787878787878, "f1-score": 0.7771547629990502, "support": 33.0}}