{"precision": 0.6983872830045446, "recall": 0.6754249280983659, "f1": 0.6789650694317085}