{"precision": 0.6794996030249266, "recall": 0.6659810492366174, "f1": 0.657995788294357}