{"best_estimator": "BernoulliNB()", "best_score": 0.5775131473408964, "test_score": 0.7276887871853547}