{"0": {"precision": 0.9166666666666666, "recall": 0.3235294117647059, "f1-score": 0.4782608695652174, "support": 34.0}, "1": {"precision": 0.425, "recall": 0.9444444444444444, "f1-score": 0.5862068965517241, "support": 18.0}, "accuracy": 0.5384615384615384, "macro avg": {"precision": 0.6708333333333333, "recall": 0.6339869281045751, "f1-score": 0.5322338830584707, "support": 52.0}, "weighted avg": {"precision": 0.7464743589743589, "recall": 0.5384615384615384, "f1-score": 0.5156268019836235, "support": 52.0}}