{"best_estimator": "BernoulliNB()", "best_score": 0.5796792730924073, "test_score": 0.5601503759398496}