{"best_estimator": "BernoulliNB()", "best_score": 0.6272172928043374, "test_score": 0.5156268019836235}