{"0": {"precision": 0.9310344827586207, "recall": 0.75, "f1-score": 0.8307692307692308, "support": 36.0}, "1": {"precision": 0.64, "recall": 0.8888888888888888, "f1-score": 0.7441860465116279, "support": 18.0}, "accuracy": 0.7962962962962963, "macro avg": {"precision": 0.7855172413793103, "recall": 0.8194444444444444, "f1-score": 0.7874776386404294, "support": 54.0}, "weighted avg": {"precision": 0.8340229885057471, "recall": 0.7962962962962963, "f1-score": 0.8019081693500298, "support": 54.0}}