{"best_estimator": "HistGradientBoostingClassifier(learning_rate=0.05)", "best_score": 0.747122437275927, "test_score": 0.8372920222537817}