{"best_estimator": "HistGradientBoostingClassifier(learning_rate=0.05)", "best_score": 0.7705125419614951, "test_score": 0.8249721293199553}