{"best_estimator": "HistGradientBoostingClassifier()", "best_score": 0.7595163878494906, "test_score": 0.6687979539641944}