{"best_estimator": "HistGradientBoostingClassifier(learning_rate=0.5)", "best_score": 0.7720683561948638, "test_score": 0.8019081693500298}