{"best_estimator": "HistGradientBoostingClassifier(learning_rate=0.5)", "best_score": 0.779104071456883, "test_score": 0.9470735662686127}