{"0": {"precision": 0.9264705882352942, "recall": 0.8513513513513513, "f1-score": 0.8873239436619719, "support": 74.0}, "1": {"precision": 0.5769230769230769, "recall": 0.75, "f1-score": 0.6521739130434783, "support": 20.0}, "accuracy": 0.8297872340425532, "macro avg": {"precision": 0.7516968325791855, "recall": 0.8006756756756757, "f1-score": 0.769748928352725, "support": 94.0}, "weighted avg": {"precision": 0.852098777317801, "recall": 0.8297872340425532, "f1-score": 0.8372920222537817, "support": 94.0}}