{"0": {"precision": 0.8125, "recall": 0.8125, "f1-score": 0.8125, "support": 16.0}, "1": {"precision": 0.5, "recall": 0.5, "f1-score": 0.5, "support": 6.0}, "accuracy": 0.7272727272727273, "macro avg": {"precision": 0.65625, "recall": 0.65625, "f1-score": 0.65625, "support": 22.0}, "weighted avg": {"precision": 0.7272727272727273, "recall": 0.7272727272727273, "f1-score": 0.7272727272727273, "support": 22.0}}