{"0": {"precision": 0.8888888888888888, "recall": 0.6153846153846154, "f1-score": 0.7272727272727273, "support": 39.0}, "1": {"precision": 0.4, "recall": 0.7692307692307693, "f1-score": 0.5263157894736842, "support": 13.0}, "accuracy": 0.6538461538461539, "macro avg": {"precision": 0.6444444444444444, "recall": 0.6923076923076923, "f1-score": 0.6267942583732058, "support": 52.0}, "weighted avg": {"precision": 0.7666666666666667, "recall": 0.6538461538461539, "f1-score": 0.6770334928229664, "support": 52.0}}