{"best_estimator": "KNeighborsClassifier(p=3, weights='distance')", "best_score": 0.7948413773115829, "test_score": 0.8589743589743589}