{"0": {"precision": 1.0, "recall": 0.8, "f1-score": 0.8888888888888888, "support": 15.0}, "1": {"precision": 0.625, "recall": 1.0, "f1-score": 0.7692307692307693, "support": 5.0}, "accuracy": 0.85, "macro avg": {"precision": 0.8125, "recall": 0.9, "f1-score": 0.829059829059829, "support": 20.0}, "weighted avg": {"precision": 0.90625, "recall": 0.85, "f1-score": 0.8589743589743589, "support": 20.0}}