{"0": {"precision": 0.9090909090909091, "recall": 0.625, "f1-score": 0.7407407407407407, "support": 32.0}, "1": {"precision": 0.6470588235294118, "recall": 0.9166666666666666, "f1-score": 0.7586206896551724, "support": 24.0}, "accuracy": 0.75, "macro avg": {"precision": 0.7780748663101604, "recall": 0.7708333333333333, "f1-score": 0.7496807151979565, "support": 56.0}, "weighted avg": {"precision": 0.7967914438502675, "recall": 0.75, "f1-score": 0.7484035759897828, "support": 56.0}}