{"0": {"precision": 0.96875, "recall": 0.8378378378378378, "f1-score": 0.8985507246376812, "support": 74.0}, "1": {"precision": 0.6, "recall": 0.9, "f1-score": 0.72, "support": 20.0}, "accuracy": 0.851063829787234, "macro avg": {"precision": 0.784375, "recall": 0.8689189189189189, "f1-score": 0.8092753623188406, "support": 94.0}, "weighted avg": {"precision": 0.8902925531914894, "recall": 0.851063829787234, "f1-score": 0.8605612087573236, "support": 94.0}}