{"best_estimator": "KNeighborsClassifier(n_neighbors=10, p=3, weights='distance')", "best_score": 0.7973382686516135, "test_score": 0.6363636363636365}