{"best_estimator": "KNeighborsClassifier(p=3, weights='distance')", "best_score": 0.8051146224067314, "test_score": 0.7778028423189713}