{"0": {"precision": 0.967741935483871, "recall": 0.8108108108108109, "f1-score": 0.8823529411764706, "support": 74.0}, "1": {"precision": 0.5625, "recall": 0.9, "f1-score": 0.6923076923076923, "support": 20.0}, "accuracy": 0.8297872340425532, "macro avg": {"precision": 0.7651209677419355, "recall": 0.8554054054054054, "f1-score": 0.7873303167420814, "support": 94.0}, "weighted avg": {"precision": 0.8815202470830473, "recall": 0.8297872340425532, "f1-score": 0.8419177818426881, "support": 94.0}}