{"best_estimator": "RandomForestClassifier(n_estimators=150)", "best_score": 0.7955737145652317, "test_score": 0.6258503401360543}