{"best_estimator": "BernoulliNB()", "best_score": 0.5508229135871472, "test_score": 0.48494623655913977}