{"best_estimator": "BernoulliNB()", "best_score": 0.5547101885580543, "test_score": 0.5619448340345955}