{"best_estimator": "BernoulliNB()", "best_score": 0.5714452778118816, "test_score": 0.6129032258064516}