{"best_estimator": "BernoulliNB()", "best_score": 0.5305339725880529, "test_score": 0.7340124504810414}