{"best_estimator": "BernoulliNB()", "best_score": 0.5486347851277229, "test_score": 0.5824884792626728}