{"best_estimator": "BernoulliNB()", "best_score": 0.5720653285270231, "test_score": 0.46275659824046916}