{"0": {"precision": 0.5454545454545454, "recall": 0.6666666666666666, "f1-score": 0.6, "support": 18.0}, "1": {"precision": 0.3333333333333333, "recall": 0.23076923076923078, "f1-score": 0.2727272727272727, "support": 13.0}, "accuracy": 0.4838709677419355, "macro avg": {"precision": 0.43939393939393934, "recall": 0.4487179487179487, "f1-score": 0.43636363636363634, "support": 31.0}, "weighted avg": {"precision": 0.4565004887585532, "recall": 0.4838709677419355, "f1-score": 0.46275659824046916, "support": 31.0}}