{"best_estimator": "HistGradientBoostingClassifier(learning_rate=0.01)", "best_score": 0.7511708102917312, "test_score": 0.7697994768962511}