{"best_estimator": "HistGradientBoostingClassifier(learning_rate=0.01)", "best_score": 0.7449442152267723, "test_score": 0.7435619409053944}