{"best_estimator": "HistGradientBoostingClassifier(learning_rate=0.01)", "best_score": 0.7798476787842935, "test_score": 0.7077942458587619}