{"best_estimator": "KNeighborsClassifier(p=3, weights='distance')", "best_score": 0.7371141335501479, "test_score": 0.564256581386726}