{"0": {"precision": 0.6666666666666666, "recall": 0.47058823529411764, "f1-score": 0.5517241379310345, "support": 17.0}, "1": {"precision": 0.5, "recall": 0.6923076923076923, "f1-score": 0.5806451612903226, "support": 13.0}, "accuracy": 0.5666666666666667, "macro avg": {"precision": 0.5833333333333333, "recall": 0.5814479638009049, "f1-score": 0.5661846496106786, "support": 30.0}, "weighted avg": {"precision": 0.5944444444444444, "recall": 0.5666666666666667, "f1-score": 0.564256581386726, "support": 30.0}}