{"best_estimator": "KNeighborsClassifier(p=3)", "best_score": 0.7117059206792716, "test_score": 0.6414534668149796}