{"0": {"precision": 1.0, "recall": 0.8235294117647058, "f1-score": 0.9032258064516129, "support": 17.0}, "1": {"precision": 0.8235294117647058, "recall": 1.0, "f1-score": 0.9032258064516129, "support": 14.0}, "accuracy": 0.9032258064516129, "macro avg": {"precision": 0.9117647058823529, "recall": 0.9117647058823529, "f1-score": 0.9032258064516129, "support": 31.0}, "weighted avg": {"precision": 0.9203036053130931, "recall": 0.9032258064516129, "f1-score": 0.9032258064516129, "support": 31.0}}