{"best_estimator": "RandomForestClassifier(max_depth=2, n_estimators=300)", "best_score": 0.7759207928536471, "test_score": 0.6104838709677418}