{"best_estimator": "RandomForestClassifier(max_depth=2, n_estimators=150)", "best_score": 0.7490600762624193, "test_score": 0.6927288578901483}