{"best_estimator": "HistGradientBoostingClassifier(learning_rate=0.01)", "best_score": 0.750060343568769, "test_score": 0.5555555555555556}