{"best_estimator": "HistGradientBoostingClassifier(learning_rate=0.01)", "best_score": 0.7086675599596498, "test_score": 0.7391304347826086}