{"best_estimator": "HistGradientBoostingClassifier(learning_rate=0.01)", "best_score": 0.7104998030556051, "test_score": 0.7119687723349277}