{"best_estimator": "KNeighborsClassifier(n_neighbors=25, p=1)", "best_score": 0.7063325196717567, "test_score": 0.6355555555555555}