{"best_estimator": "RandomForestClassifier(max_depth=2, n_estimators=300)", "best_score": 0.7485466096508755, "test_score": 0.7407407407407407}