{"0": {"precision": 0.8947368421052632, "recall": 0.68, "f1-score": 0.7727272727272727, "support": 25.0}, "1": {"precision": 0.7037037037037037, "recall": 0.9047619047619048, "f1-score": 0.7916666666666666, "support": 21.0}, "accuracy": 0.782608695652174, "macro avg": {"precision": 0.7992202729044835, "recall": 0.7923809523809524, "f1-score": 0.7821969696969697, "support": 46.0}, "weighted avg": {"precision": 0.8075260615306383, "recall": 0.782608695652174, "f1-score": 0.7813735177865612, "support": 46.0}}