{"0": {"precision": 0.8709677419354839, "recall": 0.6136363636363636, "f1-score": 0.72, "support": 44.0}, "1": {"precision": 0.5277777777777778, "recall": 0.8260869565217391, "f1-score": 0.6440677966101694, "support": 23.0}, "accuracy": 0.6865671641791045, "macro avg": {"precision": 0.6993727598566308, "recall": 0.7198616600790514, "f1-score": 0.6820338983050847, "support": 67.0}, "weighted avg": {"precision": 0.7531562617022415, "recall": 0.6865671641791045, "f1-score": 0.6939337212243865, "support": 67.0}}