{"best_estimator": "BernoulliNB()", "best_score": 0.45482076262302373, "test_score": 0.5337121029739836}