{"best_estimator": "BernoulliNB()", "best_score": 0.4483974712052131, "test_score": 0.601656314699793}