{"0": {"precision": 0.6551724137931034, "recall": 0.76, "f1-score": 0.7037037037037037, "support": 25.0}, "1": {"precision": 0.5714285714285714, "recall": 0.4444444444444444, "f1-score": 0.5, "support": 18.0}, "accuracy": 0.627906976744186, "macro avg": {"precision": 0.6133004926108374, "recall": 0.6022222222222222, "f1-score": 0.6018518518518519, "support": 43.0}, "weighted avg": {"precision": 0.6201168518730668, "recall": 0.627906976744186, "f1-score": 0.6184323858742463, "support": 43.0}}