{"best_estimator": "HistGradientBoostingClassifier(learning_rate=0.01)", "best_score": 0.5898343508194615, "test_score": 0.5444444444444445}