{"best_estimator": "HistGradientBoostingClassifier(learning_rate=0.5)", "best_score": 0.550899028542329, "test_score": 0.6071428571428572}