{"best_estimator": "KNeighborsClassifier(p=3, weights='distance')", "best_score": 0.5626079826637583, "test_score": 0.4102564102564103}