{"best_estimator": "RandomForestClassifier(criterion='entropy')", "best_score": 0.566711757892219, "test_score": 0.6923343924385229}