{"best_estimator": "RandomForestClassifier(criterion='log_loss', n_estimators=200)", "best_score": 0.5440315523991242, "test_score": 0.6106312292358804}