{"best_estimator": "RandomForestClassifier(criterion='entropy')", "best_score": 0.5606961492268786, "test_score": 0.25925925925925924}