{"best_estimator": "RandomForestClassifier(criterion='log_loss')", "best_score": 0.5757165021681885, "test_score": 0.44720496894409933}