{"best_estimator": "RandomForestClassifier(criterion='log_loss')", "best_score": 0.5554412315637799, "test_score": 0.5555555555555556}