{"best_estimator": "AdaBoostClassifier(algorithm='SAMME', learning_rate=0.01, n_estimators=300)", "best_score": 0.7667324531682316, "test_score": 0.5762631880540668}