{"best_estimator": "HistGradientBoostingClassifier(learning_rate=0.05)", "best_score": 0.7079447487260532, "test_score": 0.7424731182795699}