{"best_estimator": "HistGradientBoostingClassifier(learning_rate=0.5)", "best_score": 0.7228736554450839, "test_score": 0.5171402568510466}