{"best_estimator": "HistGradientBoostingClassifier(learning_rate=0.05)", "best_score": 0.7054621654068054, "test_score": 0.7114976236222066}