{"best_estimator": "HistGradientBoostingClassifier(learning_rate=0.01)", "best_score": 0.7249430092712271, "test_score": 0.7345238095238095}