{"best_estimator": "RandomForestClassifier(max_depth=2, n_estimators=200)", "best_score": 0.7764193033030296, "test_score": 0.6055841691515315}