{"best_estimator": "RandomForestClassifier(max_depth=2)", "best_score": 0.7410675575749737, "test_score": 0.8387096774193549}