{"0": {"precision": 0.875, "recall": 0.3888888888888889, "f1-score": 0.5384615384615384, "support": 18.0}, "1": {"precision": 0.5, "recall": 0.9166666666666666, "f1-score": 0.6470588235294118, "support": 12.0}, "accuracy": 0.6, "macro avg": {"precision": 0.6875, "recall": 0.6527777777777778, "f1-score": 0.5927601809954751, "support": 30.0}, "weighted avg": {"precision": 0.725, "recall": 0.6, "f1-score": 0.5819004524886878, "support": 30.0}}