{"0": {"precision": 1.0, "recall": 0.47368421052631576, "f1-score": 0.6428571428571429, "support": 19.0}, "1": {"precision": 0.5454545454545454, "recall": 1.0, "f1-score": 0.7058823529411765, "support": 12.0}, "accuracy": 0.6774193548387096, "macro avg": {"precision": 0.7727272727272727, "recall": 0.7368421052631579, "f1-score": 0.6743697478991597, "support": 31.0}, "weighted avg": {"precision": 0.8240469208211144, "recall": 0.6774193548387096, "f1-score": 0.6672539983735429, "support": 31.0}}