{"0": {"precision": 1.0, "recall": 0.631578947368421, "f1-score": 0.7741935483870968, "support": 19.0}, "1": {"precision": 0.631578947368421, "recall": 1.0, "f1-score": 0.7741935483870968, "support": 12.0}, "accuracy": 0.7741935483870968, "macro avg": {"precision": 0.8157894736842105, "recall": 0.8157894736842105, "f1-score": 0.7741935483870968, "support": 31.0}, "weighted avg": {"precision": 0.8573853989813243, "recall": 0.7741935483870968, "f1-score": 0.7741935483870968, "support": 31.0}}