{"best_estimator": "AdaBoostClassifier(algorithm='SAMME', learning_rate=0.5)", "best_score": 0.6974414245982147, "test_score": 0.5819004524886878}