{"best_estimator": "BernoulliNB()", "best_score": 0.6100854390364848, "test_score": 0.6096774193548387}