{"best_estimator": "BernoulliNB()", "best_score": 0.608536061487135, "test_score": 0.5806451612903226}