{"best_estimator": "HistGradientBoostingClassifier(learning_rate=0.05)", "best_score": 0.687139359800751, "test_score": 0.571043771043771}