{"best_estimator": "HistGradientBoostingClassifier()", "best_score": 0.6975474468773913, "test_score": 0.6399703374119392}