{"best_estimator": "HistGradientBoostingClassifier(learning_rate=0.5)", "best_score": 0.7019118251987335, "test_score": 0.5502688172043011}