{"best_estimator": "HistGradientBoostingClassifier(learning_rate=0.05)", "best_score": 0.6652886705646559, "test_score": 0.8397558849171753}