{"0": {"precision": 0.9411764705882353, "recall": 0.8421052631578947, "f1-score": 0.8888888888888888, "support": 19.0}, "1": {"precision": 0.7857142857142857, "recall": 0.9166666666666666, "f1-score": 0.8461538461538461, "support": 12.0}, "accuracy": 0.8709677419354839, "macro avg": {"precision": 0.8634453781512605, "recall": 0.8793859649122806, "f1-score": 0.8675213675213675, "support": 31.0}, "weighted avg": {"precision": 0.8809975603144484, "recall": 0.8709677419354839, "f1-score": 0.8723462917011304, "support": 31.0}}