{"0": {"precision": 0.8888888888888888, "recall": 0.8421052631578947, "f1-score": 0.8648648648648649, "support": 19.0}, "1": {"precision": 0.7692307692307693, "recall": 0.8333333333333334, "f1-score": 0.8, "support": 12.0}, "accuracy": 0.8387096774193549, "macro avg": {"precision": 0.829059829059829, "recall": 0.8377192982456141, "f1-score": 0.8324324324324325, "support": 31.0}, "weighted avg": {"precision": 0.8425696167631651, "recall": 0.8387096774193549, "f1-score": 0.8397558849171753, "support": 31.0}}