{"best_estimator": "HistGradientBoostingClassifier(learning_rate=0.001)", "best_score": 0.6823206739662154, "test_score": 0.8723462917011304}