{"best_estimator": "KNeighborsClassifier(p=3)", "best_score": 0.7141931669119653, "test_score": 0.6496671786994368}