{"best_estimator": "KNeighborsClassifier(p=3, weights='distance')", "best_score": 0.7359039976401709, "test_score": 0.6177825969097316}