{"best_estimator": "KNeighborsClassifier(p=3)", "best_score": 0.708926387688715, "test_score": 0.8723462917011304}