{"best_estimator": "KNeighborsClassifier(n_neighbors=7, weights='distance')", "best_score": 0.7165615087265985, "test_score": 0.5455645161290323}