{"best_estimator": "AdaBoostClassifier(algorithm='SAMME', learning_rate=0.1)", "best_score": 0.7803064987863386, "test_score": 0.6327781269641736}