{"0": {"precision": 0.8333333333333334, "recall": 0.37037037037037035, "f1-score": 0.5128205128205128, "support": 27.0}, "1": {"precision": 0.39285714285714285, "recall": 0.8461538461538461, "f1-score": 0.5365853658536586, "support": 13.0}, "accuracy": 0.525, "macro avg": {"precision": 0.6130952380952381, "recall": 0.6082621082621082, "f1-score": 0.5247029393370857, "support": 40.0}, "weighted avg": {"precision": 0.6901785714285714, "recall": 0.525, "f1-score": 0.5205440900562852, "support": 40.0}}