{"best_estimator": "BernoulliNB()", "best_score": 0.5768525096721994, "test_score": 0.6552631578947368}