{"best_estimator": "BernoulliNB()", "best_score": 0.57392245412869, "test_score": 0.5295454545454545}