{"0": {"precision": 0.9166666666666666, "recall": 0.4074074074074074, "f1-score": 0.5641025641025641, "support": 27.0}, "1": {"precision": 0.42857142857142855, "recall": 0.9230769230769231, "f1-score": 0.5853658536585366, "support": 13.0}, "accuracy": 0.575, "macro avg": {"precision": 0.6726190476190476, "recall": 0.6652421652421653, "f1-score": 0.5747342088805503, "support": 40.0}, "weighted avg": {"precision": 0.7580357142857143, "recall": 0.575, "f1-score": 0.5710131332082551, "support": 40.0}}