{"best_estimator": "BernoulliNB()", "best_score": 0.5861102546280369, "test_score": 0.48997493734335845}