{"0": {"precision": 1.0, "recall": 0.37037037037037035, "f1-score": 0.5405405405405406, "support": 27.0}, "1": {"precision": 0.43333333333333335, "recall": 1.0, "f1-score": 0.6046511627906976, "support": 13.0}, "accuracy": 0.575, "macro avg": {"precision": 0.7166666666666667, "recall": 0.6851851851851851, "f1-score": 0.5725958516656191, "support": 40.0}, "weighted avg": {"precision": 0.8158333333333333, "recall": 0.575, "f1-score": 0.5613764927718415, "support": 40.0}}