{"best_estimator": "BernoulliNB()", "best_score": 0.5794340646512846, "test_score": 0.5710131332082551}