{"best_estimator": "HistGradientBoostingClassifier()", "best_score": 0.7612527151774584, "test_score": 0.7725454545454545}