{"best_estimator": "HistGradientBoostingClassifier(learning_rate=0.01)", "best_score": 0.752896331743878, "test_score": 0.6106666666666667}