{"best_estimator": "KNeighborsClassifier(n_neighbors=25, p=3)", "best_score": 0.7363674806693166, "test_score": 0.7092071611253197}