{"best_estimator": "RandomForestClassifier(criterion='entropy')", "best_score": 0.6215450036756308, "test_score": 0.6644083107497741}