{"best_estimator": "RandomForestClassifier()", "best_score": 0.6544224437236359, "test_score": 0.6302507836990595}