{"best_estimator": "RandomForestClassifier(n_estimators=150)", "best_score": 0.64790286400213, "test_score": 0.7662471395881008}