{"best_estimator": "RandomForestClassifier(n_estimators=150)", "best_score": 0.6574901522449998, "test_score": 0.6501962433417438}