{"best_estimator": "AdaBoostClassifier(algorithm='SAMME', learning_rate=0.5)", "best_score": 0.5648922032202377, "test_score": 0.6666666666666666}