{"best_estimator": "BernoulliNB()", "best_score": 0.45160811857718175, "test_score": 0.3953328757721345}