{"best_estimator": "BernoulliNB()", "best_score": 0.44542784881517844, "test_score": 0.45029624753127057}