{"best_estimator": "BernoulliNB()", "best_score": 0.43845938375350146, "test_score": 0.5149769585253456}