{"best_estimator": "HistGradientBoostingClassifier(learning_rate=0.5)", "best_score": 0.5576957410747616, "test_score": 0.5694249649368863}