{"best_estimator": "HistGradientBoostingClassifier(learning_rate=0.5)", "best_score": 0.5091752833960033, "test_score": 0.6774193548387096}