{"best_estimator": "HistGradientBoostingClassifier()", "best_score": 0.5473258270370467, "test_score": 0.7419354838709677}