{"best_estimator": "KNeighborsClassifier(n_neighbors=25, p=3)", "best_score": 0.552816559957588, "test_score": 0.549789621318373}