{"best_estimator": "RandomForestClassifier(criterion='entropy', n_estimators=150)", "best_score": 0.5442093365355815, "test_score": 0.5747800586510264}