{"best_estimator": "RandomForestClassifier(criterion='log_loss')", "best_score": 0.5581557295827255, "test_score": 0.6327975722153534}