{"0": {"precision": 0.8181818181818182, "recall": 0.3103448275862069, "f1-score": 0.45, "support": 29.0}, "1": {"precision": 0.3548387096774194, "recall": 0.8461538461538461, "f1-score": 0.5, "support": 13.0}, "accuracy": 0.47619047619047616, "macro avg": {"precision": 0.5865102639296188, "recall": 0.5782493368700266, "f1-score": 0.475, "support": 42.0}, "weighted avg": {"precision": 0.6747660941209329, "recall": 0.47619047619047616, "f1-score": 0.4654761904761905, "support": 42.0}}