{"best_estimator": "BernoulliNB()", "best_score": 0.5974684451182147, "test_score": 0.738095238095238}