{"best_estimator": "BernoulliNB()", "best_score": 0.6103571469232747, "test_score": 0.5827544548474781}