{"best_estimator": "BernoulliNB()", "best_score": 0.6090417742570235, "test_score": 0.6140993147470196}