{"best_estimator": "HistGradientBoostingClassifier(learning_rate=0.05)", "best_score": 0.6742436682639796, "test_score": 0.8317460317460318}