{"best_estimator": "HistGradientBoostingClassifier()", "best_score": 0.6843034413518352, "test_score": 0.7140685461580984}