{"best_estimator": "HistGradientBoostingClassifier(learning_rate=0.05)", "best_score": 0.6680462539127232, "test_score": 0.691358024691358}