{"best_estimator": "KNeighborsClassifier(p=3, weights='distance')", "best_score": 0.7030172116260133, "test_score": 0.6277836691410392}