{"best_estimator": "KNeighborsClassifier(p=3)", "best_score": 0.7330277472960939, "test_score": 0.5731815932706581}