{"best_estimator": "KNeighborsClassifier(p=3, weights='distance')", "best_score": 0.7248509897741894, "test_score": 0.8038277511961722}