{"0": {"precision": 0.7692307692307693, "recall": 0.8, "f1-score": 0.7843137254901961, "support": 25.0}, "1": {"precision": 0.7058823529411765, "recall": 0.6666666666666666, "f1-score": 0.6857142857142857, "support": 18.0}, "accuracy": 0.7441860465116279, "macro avg": {"precision": 0.7375565610859729, "recall": 0.7333333333333334, "f1-score": 0.735014005602241, "support": 43.0}, "weighted avg": {"precision": 0.742712827528149, "recall": 0.7441860465116279, "f1-score": 0.7430395413979546, "support": 43.0}}