{"best_estimator": "RandomForestClassifier(criterion='log_loss', n_estimators=300)", "best_score": 0.6108020013070864, "test_score": 0.5057471264367815}