{"best_estimator": "RandomForestClassifier(max_depth=6)", "best_score": 0.6364655685749152, "test_score": 0.738095238095238}