{"best_estimator": "RandomForestClassifier(criterion='entropy', n_estimators=300)", "best_score": 0.6410674567373358, "test_score": 0.6683914936581057}