{"0": {"precision": 0.5833333333333334, "recall": 0.3888888888888889, "f1-score": 0.4666666666666667, "support": 18.0}, "1": {"precision": 0.42105263157894735, "recall": 0.6153846153846154, "f1-score": 0.5, "support": 13.0}, "accuracy": 0.4838709677419355, "macro avg": {"precision": 0.5021929824561404, "recall": 0.5021367521367521, "f1-score": 0.48333333333333334, "support": 31.0}, "weighted avg": {"precision": 0.5152801358234295, "recall": 0.4838709677419355, "f1-score": 0.4806451612903226, "support": 31.0}}