{"best_estimator": "AdaBoostClassifier(algorithm='SAMME', learning_rate=0.001)", "best_score": 0.4780177229564595, "test_score": 0.2624633431085044}