{"0": {"precision": 0.25, "recall": 0.05555555555555555, "f1-score": 0.09090909090909091, "support": 18.0}, "1": {"precision": 0.37037037037037035, "recall": 0.7692307692307693, "f1-score": 0.5, "support": 13.0}, "accuracy": 0.3548387096774194, "macro avg": {"precision": 0.3101851851851852, "recall": 0.4123931623931624, "f1-score": 0.29545454545454547, "support": 31.0}, "weighted avg": {"precision": 0.3004778972520908, "recall": 0.3548387096774194, "f1-score": 0.2624633431085044, "support": 31.0}}