{"best_estimator": "HistGradientBoostingClassifier()", "best_score": 0.5065317013798942, "test_score": 0.5129904097646034}