{"best_estimator": "HistGradientBoostingClassifier()", "best_score": 0.48079675534137883, "test_score": 0.5824202082266597}