{"best_estimator": "HistGradientBoostingClassifier(learning_rate=0.5)", "best_score": 0.5349799338528393, "test_score": 0.541454442558008}