{"best_estimator": "RandomForestClassifier(criterion='log_loss')", "best_score": 0.5084185548100104, "test_score": 0.7115605928509154}