{"best_estimator": "RandomForestClassifier(n_estimators=150)", "best_score": 0.5754723419000048, "test_score": 0.6995616499943801}