{"best_estimator": "RandomForestClassifier(n_estimators=300)", "best_score": 0.5353504303659914, "test_score": 0.5532120209539565}