{"best_estimator": "RandomForestClassifier()", "best_score": 0.5478380693347878, "test_score": 0.5483870967741935}