{"best_estimator": "BernoulliNB()", "best_score": 0.5049860025572571, "test_score": 0.5504767722012963}