{"best_estimator": "BernoulliNB()", "best_score": 0.5264747516601355, "test_score": 0.508881230116649}