{"best_estimator": "BernoulliNB()", "best_score": 0.5204532383635623, "test_score": 0.5251095118898623}