{"0": {"precision": 0.6071428571428571, "recall": 0.8947368421052632, "f1-score": 0.723404255319149, "support": 19.0}, "1": {"precision": 0.6, "recall": 0.21428571428571427, "f1-score": 0.3157894736842105, "support": 14.0}, "accuracy": 0.6060606060606061, "macro avg": {"precision": 0.6035714285714285, "recall": 0.5545112781954887, "f1-score": 0.5195968645016797, "support": 33.0}, "weighted avg": {"precision": 0.604112554112554, "recall": 0.6060606060606061, "f1-score": 0.5504767722012963, "support": 33.0}}