{"best_estimator": "BernoulliNB()", "best_score": 0.5294010853499802, "test_score": 0.502104377104377}