{"best_estimator": "HistGradientBoostingClassifier(learning_rate=0.05)", "best_score": 0.6112017402684372, "test_score": 0.6452294685990339}