{"best_estimator": "HistGradientBoostingClassifier()", "best_score": 0.56222796197503, "test_score": 0.6233766233766234}