{"0": {"precision": 0.5238095238095238, "recall": 0.6111111111111112, "f1-score": 0.5641025641025641, "support": 18.0}, "1": {"precision": 0.36363636363636365, "recall": 0.2857142857142857, "f1-score": 0.32, "support": 14.0}, "accuracy": 0.46875, "macro avg": {"precision": 0.44372294372294374, "recall": 0.44841269841269843, "f1-score": 0.4420512820512821, "support": 32.0}, "weighted avg": {"precision": 0.45373376623376627, "recall": 0.46875, "f1-score": 0.4573076923076923, "support": 32.0}}