{"best_estimator": "HistGradientBoostingClassifier(learning_rate=0.05)", "best_score": 0.5765448145832556, "test_score": 0.6679092885989438}