{"best_estimator": "HistGradientBoostingClassifier(learning_rate=0.5)", "best_score": 0.6163305363431671, "test_score": 0.4573076923076923}