{"best_estimator": "HistGradientBoostingClassifier(learning_rate=0.05)", "best_score": 0.6119717279534409, "test_score": 0.6579704704704705}