{"best_estimator": "KNeighborsClassifier(n_neighbors=25, p=1)", "best_score": 0.554741316914925, "test_score": 0.5957832832832832}