{"best_estimator": "RandomForestClassifier(n_estimators=300)", "best_score": 0.6105818904981561, "test_score": 0.6075291592532972}