{"best_estimator": "RandomForestClassifier(n_estimators=400)", "best_score": 0.5824577110755484, "test_score": 0.696969696969697}