{"best_estimator": "RandomForestClassifier(n_estimators=150)", "best_score": 0.5126121161705586, "test_score": 0.6861471861471862}