{"best_estimator": "AdaBoostClassifier(algorithm='SAMME', learning_rate=0.001)", "best_score": 0.7237879731812402, "test_score": 0.9435154217762913}