{"best_estimator": "BernoulliNB()", "best_score": 0.3333473595623816, "test_score": 0.16666666666666666}