{"best_estimator": "BernoulliNB()", "best_score": 0.3333597359735974, "test_score": 0.46360153256704983}