{"best_estimator": "KNeighborsClassifier(n_neighbors=20, p=3, weights='distance')", "best_score": 0.705763655008019, "test_score": 0.7250420168067228}