{"best_estimator": "KNeighborsClassifier(n_neighbors=20, weights='distance')", "best_score": 0.7308853909199848, "test_score": 0.6148148148148148}