{"best_estimator": "KNeighborsClassifier(n_neighbors=25, p=3)", "best_score": 0.714014272106484, "test_score": 0.9435154217762913}