{"best_estimator": "KNeighborsClassifier(n_neighbors=20, p=3)", "best_score": 0.7677174236260769, "test_score": 0.6100380450687738}