{"best_estimator": "KNeighborsClassifier(n_neighbors=25, p=3)", "best_score": 0.6952860837047738, "test_score": 0.7333333333333333}