{"best_estimator": "RandomForestClassifier(criterion='entropy', max_depth=3)", "best_score": 0.7689279724704619, "test_score": 0.6148148148148148}