{"best_estimator": "RandomForestClassifier(max_depth=2)", "best_score": 0.742070627925458, "test_score": 0.782608695652174}