{"best_estimator": "BernoulliNB()", "best_score": 0.6070914603158324, "test_score": 0.5681818181818182}