{"0": {"precision": 0.4857142857142857, "recall": 0.85, "f1-score": 0.6181818181818182, "support": 20.0}, "1": {"precision": 0.7, "recall": 0.28, "f1-score": 0.4, "support": 25.0}, "accuracy": 0.5333333333333333, "macro avg": {"precision": 0.5928571428571429, "recall": 0.565, "f1-score": 0.509090909090909, "support": 45.0}, "weighted avg": {"precision": 0.6047619047619048, "recall": 0.5333333333333333, "f1-score": 0.49696969696969695, "support": 45.0}}