{"best_estimator": "HistGradientBoostingClassifier(learning_rate=0.01)", "best_score": 0.7345143117164855, "test_score": 0.9339366515837104}