{"best_estimator": "HistGradientBoostingClassifier(learning_rate=0.05)", "best_score": 0.7549841176977314, "test_score": 0.692901984575215}