{"best_estimator": "HistGradientBoostingClassifier(learning_rate=0.05)", "best_score": 0.7427183987048043, "test_score": 0.5814141414141414}