{"best_estimator": "HistGradientBoostingClassifier(learning_rate=0.5)", "best_score": 0.7804406390156797, "test_score": 0.627906976744186}