{"0": {"precision": 0.7222222222222222, "recall": 0.6842105263157895, "f1-score": 0.7027027027027027, "support": 19.0}, "1": {"precision": 0.76, "recall": 0.7916666666666666, "f1-score": 0.7755102040816326, "support": 24.0}, "accuracy": 0.7441860465116279, "macro avg": {"precision": 0.741111111111111, "recall": 0.7379385964912281, "f1-score": 0.7391064533921676, "support": 43.0}, "weighted avg": {"precision": 0.7433074935400517, "recall": 0.7441860465116279, "f1-score": 0.7433394476583846, "support": 43.0}}