{"0": {"precision": 0.9333333333333333, "recall": 0.3181818181818182, "f1-score": 0.4745762711864407, "support": 44.0}, "1": {"precision": 0.4230769230769231, "recall": 0.9565217391304348, "f1-score": 0.5866666666666667, "support": 23.0}, "accuracy": 0.5373134328358209, "macro avg": {"precision": 0.6782051282051282, "recall": 0.6373517786561265, "f1-score": 0.5306214689265537, "support": 67.0}, "weighted avg": {"precision": 0.7581706850363568, "recall": 0.5373134328358209, "f1-score": 0.5130550636647272, "support": 67.0}}