{"best_estimator": "KNeighborsClassifier(n_neighbors=20, p=1)", "best_score": 0.7029414943254414, "test_score": 0.5130550636647272}