{"0": {"precision": 0.6956521739130435, "recall": 0.8, "f1-score": 0.7441860465116279, "support": 20.0}, "1": {"precision": 0.8181818181818182, "recall": 0.72, "f1-score": 0.7659574468085106, "support": 25.0}, "accuracy": 0.7555555555555555, "macro avg": {"precision": 0.7569169960474309, "recall": 0.76, "f1-score": 0.7550717466600693, "support": 45.0}, "weighted avg": {"precision": 0.7637241985068073, "recall": 0.7555555555555555, "f1-score": 0.756281268898785, "support": 45.0}}