{"best_estimator": "RandomForestClassifier(max_depth=2, n_estimators=300)", "best_score": 0.7767356546317578, "test_score": 0.756281268898785}