{"best_estimator": "RandomForestClassifier(n_estimators=150)", "best_score": 0.7700549337521552, "test_score": 0.7612100451909782}