{"0": {"precision": 0.5555555555555556, "recall": 0.7894736842105263, "f1-score": 0.6521739130434783, "support": 19.0}, "1": {"precision": 0.3333333333333333, "recall": 0.14285714285714285, "f1-score": 0.2, "support": 14.0}, "accuracy": 0.5151515151515151, "macro avg": {"precision": 0.4444444444444444, "recall": 0.46616541353383456, "f1-score": 0.4260869565217391, "support": 33.0}, "weighted avg": {"precision": 0.46127946127946123, "recall": 0.5151515151515151, "f1-score": 0.46034255599472995, "support": 33.0}}