{"0": {"precision": 0.5757575757575758, "recall": 1.0, "f1-score": 0.7307692307692307, "support": 19.0}, "1": {"precision": 0.0, "recall": 0.0, "f1-score": 0.0, "support": 14.0}, "accuracy": 0.5757575757575758, "macro avg": {"precision": 0.2878787878787879, "recall": 0.5, "f1-score": 0.36538461538461536, "support": 33.0}, "weighted avg": {"precision": 0.3314967860422406, "recall": 0.5757575757575758, "f1-score": 0.4207459207459207, "support": 33.0}}