{"best_estimator": "BernoulliNB()", "best_score": 0.48623330315815033, "test_score": 0.5981695869837297}