{"0": {"precision": 0.6, "recall": 0.9473684210526315, "f1-score": 0.7346938775510204, "support": 19.0}, "1": {"precision": 0.6666666666666666, "recall": 0.14285714285714285, "f1-score": 0.23529411764705882, "support": 14.0}, "accuracy": 0.6060606060606061, "macro avg": {"precision": 0.6333333333333333, "recall": 0.5451127819548872, "f1-score": 0.4849939975990396, "support": 33.0}, "weighted avg": {"precision": 0.6282828282828283, "recall": 0.6060606060606061, "f1-score": 0.5228273127432792, "support": 33.0}}