{"best_estimator": "BernoulliNB()", "best_score": 0.49158712885372513, "test_score": 0.48852657004830913}