{"best_estimator": "BernoulliNB()", "best_score": 0.5011703442684275, "test_score": 0.4207459207459207}