{"best_estimator": "HistGradientBoostingClassifier()", "best_score": 0.6293253124435838, "test_score": 0.6770833333333334}