{"best_estimator": "HistGradientBoostingClassifier(learning_rate=0.5)", "best_score": 0.600364565847441, "test_score": 0.57004662004662}