{"0": {"precision": 0.7083333333333334, "recall": 0.8947368421052632, "f1-score": 0.7906976744186046, "support": 19.0}, "1": {"precision": 0.7777777777777778, "recall": 0.5, "f1-score": 0.6086956521739131, "support": 14.0}, "accuracy": 0.7272727272727273, "macro avg": {"precision": 0.7430555555555556, "recall": 0.6973684210526316, "f1-score": 0.6996966632962589, "support": 33.0}, "weighted avg": {"precision": 0.7377946127946128, "recall": 0.7272727272727273, "f1-score": 0.7134846952844931, "support": 33.0}}