{"best_estimator": "HistGradientBoostingClassifier(learning_rate=0.05)", "best_score": 0.5592351074101026, "test_score": 0.6592980295566502}