{"0": {"precision": 0.6521739130434783, "recall": 0.7894736842105263, "f1-score": 0.7142857142857143, "support": 19.0}, "1": {"precision": 0.5555555555555556, "recall": 0.38461538461538464, "f1-score": 0.45454545454545453, "support": 13.0}, "accuracy": 0.625, "macro avg": {"precision": 0.6038647342995169, "recall": 0.5870445344129555, "f1-score": 0.5844155844155844, "support": 32.0}, "weighted avg": {"precision": 0.6129227053140097, "recall": 0.625, "f1-score": 0.6087662337662337, "support": 32.0}}