{"0": {"precision": 0.5789473684210527, "recall": 0.5789473684210527, "f1-score": 0.5789473684210527, "support": 19.0}, "1": {"precision": 0.38461538461538464, "recall": 0.38461538461538464, "f1-score": 0.38461538461538464, "support": 13.0}, "accuracy": 0.5, "macro avg": {"precision": 0.4817813765182186, "recall": 0.4817813765182186, "f1-score": 0.4817813765182186, "support": 32.0}, "weighted avg": {"precision": 0.5, "recall": 0.5, "f1-score": 0.5, "support": 32.0}}