{"best_estimator": "RandomForestClassifier(criterion='log_loss')", "best_score": 0.5842177097985661, "test_score": 0.503968253968254}