{"best_estimator": "RandomForestClassifier()", "best_score": 0.6117138401451895, "test_score": 0.6115702479338843}