{"best_estimator": "RandomForestClassifier(criterion='entropy', n_estimators=150)", "best_score": 0.5612456193391533, "test_score": 0.7543123543123543}