{"best_estimator": "RandomForestClassifier(n_estimators=400)", "best_score": 0.6289376152057737, "test_score": 0.696969696969697}