{"best_estimator": "RandomForestClassifier(criterion='entropy', n_estimators=300)", "best_score": 0.5603530844166532, "test_score": 0.8003246753246753}