{"best_estimator": "RandomForestClassifier(criterion='entropy')", "best_score": 0.5615895998947951, "test_score": 0.6537820512820514}