{"0": {"precision": 0.5833333333333334, "recall": 0.7777777777777778, "f1-score": 0.6666666666666666, "support": 18.0}, "1": {"precision": 0.5, "recall": 0.2857142857142857, "f1-score": 0.36363636363636365, "support": 14.0}, "accuracy": 0.5625, "macro avg": {"precision": 0.5416666666666667, "recall": 0.5317460317460317, "f1-score": 0.5151515151515151, "support": 32.0}, "weighted avg": {"precision": 0.546875, "recall": 0.5625, "f1-score": 0.5340909090909091, "support": 32.0}}