{"0": {"precision": 0.6296296296296297, "recall": 0.8947368421052632, "f1-score": 0.7391304347826086, "support": 19.0}, "1": {"precision": 0.6666666666666666, "recall": 0.2857142857142857, "f1-score": 0.4, "support": 14.0}, "accuracy": 0.6363636363636364, "macro avg": {"precision": 0.6481481481481481, "recall": 0.5902255639097744, "f1-score": 0.5695652173913044, "support": 33.0}, "weighted avg": {"precision": 0.6453423120089787, "recall": 0.6363636363636364, "f1-score": 0.5952569169960474, "support": 33.0}}