{"best_estimator": "BernoulliNB()", "best_score": 0.4927709172756433, "test_score": 0.4713541666666667}