{"best_estimator": "BernoulliNB()", "best_score": 0.48471338736403613, "test_score": 0.546875}