{"best_estimator": "BernoulliNB()", "best_score": 0.49787660034905395, "test_score": 0.6196637426900584}