{"0": {"precision": 0.5625, "recall": 0.9473684210526315, "f1-score": 0.7058823529411765, "support": 19.0}, "1": {"precision": 0.0, "recall": 0.0, "f1-score": 0.0, "support": 14.0}, "accuracy": 0.5454545454545454, "macro avg": {"precision": 0.28125, "recall": 0.47368421052631576, "f1-score": 0.35294117647058826, "support": 33.0}, "weighted avg": {"precision": 0.32386363636363635, "recall": 0.5454545454545454, "f1-score": 0.40641711229946526, "support": 33.0}}