{"best_estimator": "HistGradientBoostingClassifier()", "best_score": 0.59449240998189, "test_score": 0.4649358974358974}