{"best_estimator": "HistGradientBoostingClassifier()", "best_score": 0.577779921397813, "test_score": 0.7416666666666667}