{"best_estimator": "HistGradientBoostingClassifier()", "best_score": 0.5887271009348096, "test_score": 0.6464077412513256}