{"best_estimator": "HistGradientBoostingClassifier(learning_rate=0.5)", "best_score": 0.5560752682689639, "test_score": 0.6899801587301587}