{"best_estimator": "KNeighborsClassifier(n_neighbors=20, weights='distance')", "best_score": 0.5907412125056434, "test_score": 0.47835497835497837}