{"best_estimator": "KNeighborsClassifier(n_neighbors=7, p=1)", "best_score": 0.5645625978329308, "test_score": 0.6488461538461539}