{"best_estimator": "KNeighborsClassifier(p=1)", "best_score": 0.5540304321688894, "test_score": 0.6685099846390169}