{"best_estimator": "KNeighborsClassifier(n_neighbors=25, p=1)", "best_score": 0.57260297991853, "test_score": 0.6363636363636364}