{"0": {"precision": 0.6842105263157895, "recall": 0.6842105263157895, "f1-score": 0.6842105263157895, "support": 19.0}, "1": {"precision": 0.5714285714285714, "recall": 0.5714285714285714, "f1-score": 0.5714285714285714, "support": 14.0}, "accuracy": 0.6363636363636364, "macro avg": {"precision": 0.6278195488721805, "recall": 0.6278195488721805, "f1-score": 0.6278195488721805, "support": 33.0}, "weighted avg": {"precision": 0.6363636363636364, "recall": 0.6363636363636364, "f1-score": 0.6363636363636364, "support": 33.0}}