{"best_estimator": "RandomForestClassifier(n_estimators=400)", "best_score": 0.5564257763338695, "test_score": 0.6679092885989438}