{"best_estimator": "RandomForestClassifier()", "best_score": 0.5918248712201677, "test_score": 0.6685099846390169}