{"best_estimator": "RandomForestClassifier(criterion='entropy', n_estimators=300)", "best_score": 0.5772980978648252, "test_score": 0.6187499999999999}