{"best_estimator": "RandomForestClassifier(n_estimators=150)", "best_score": 0.5653901571019976, "test_score": 0.6537820512820514}