{"0": {"precision": 0.7727272727272727, "recall": 0.9444444444444444, "f1-score": 0.85, "support": 18.0}, "1": {"precision": 0.9, "recall": 0.6428571428571429, "f1-score": 0.75, "support": 14.0}, "accuracy": 0.8125, "macro avg": {"precision": 0.8363636363636364, "recall": 0.7936507936507937, "f1-score": 0.8, "support": 32.0}, "weighted avg": {"precision": 0.8284090909090909, "recall": 0.8125, "f1-score": 0.8062499999999999, "support": 32.0}}