{"best_estimator": "RandomForestClassifier(n_estimators=150)", "best_score": 0.5783639751992685, "test_score": 0.696969696969697}