{"0": {"precision": 0.9285714285714286, "recall": 0.5909090909090909, "f1-score": 0.7222222222222222, "support": 44.0}, "1": {"precision": 0.5384615384615384, "recall": 0.9130434782608695, "f1-score": 0.6774193548387096, "support": 23.0}, "accuracy": 0.7014925373134329, "macro avg": {"precision": 0.7335164835164836, "recall": 0.7519762845849802, "f1-score": 0.6998207885304659, "support": 67.0}, "weighted avg": {"precision": 0.794653108085944, "recall": 0.7014925373134329, "f1-score": 0.7068421334189269, "support": 67.0}}