{"best_estimator": "AdaBoostClassifier(algorithm='SAMME', learning_rate=0.05)", "best_score": 0.8029965305375104, "test_score": 0.7068421334189269}