{"0": {"precision": 0.725, "recall": 0.6590909090909091, "f1-score": 0.6904761904761905, "support": 44.0}, "1": {"precision": 0.4444444444444444, "recall": 0.5217391304347826, "f1-score": 0.48, "support": 23.0}, "accuracy": 0.6119402985074627, "macro avg": {"precision": 0.5847222222222221, "recall": 0.5904150197628458, "f1-score": 0.5852380952380952, "support": 67.0}, "weighted avg": {"precision": 0.6286898839137645, "recall": 0.6119402985074627, "f1-score": 0.6182231698649608, "support": 67.0}}