{"best_estimator": "BernoulliNB()", "best_score": 0.5785686466916763, "test_score": 0.6050911592707258}