{"best_estimator": "BernoulliNB()", "best_score": 0.5884129355984066, "test_score": 0.6182231698649608}