{"best_estimator": "BernoulliNB()", "best_score": 0.6081013953948682, "test_score": 0.525858123569794}