{"0": {"precision": 0.6, "recall": 0.9, "f1-score": 0.72, "support": 20.0}, "1": {"precision": 0.8666666666666667, "recall": 0.52, "f1-score": 0.65, "support": 25.0}, "accuracy": 0.6888888888888889, "macro avg": {"precision": 0.7333333333333334, "recall": 0.71, "f1-score": 0.685, "support": 45.0}, "weighted avg": {"precision": 0.7481481481481482, "recall": 0.6888888888888889, "f1-score": 0.6811111111111111, "support": 45.0}}