{"best_estimator": "RandomForestClassifier(max_depth=2)", "best_score": 0.7790432395133888, "test_score": 0.7407407407407407}