{"best_estimator": "RandomForestClassifier(max_depth=2, n_estimators=300)", "best_score": 0.7581578030734668, "test_score": 0.8227513227513228}