{"best_estimator": "BernoulliNB()", "best_score": 0.5630954703736615, "test_score": 0.5681818181818182}