{"best_estimator": "BernoulliNB()", "best_score": 0.5697785567903236, "test_score": 0.585185185185185}