{"best_estimator": "HistGradientBoostingClassifier(learning_rate=0.01)", "best_score": 0.7468061820642171, "test_score": 0.8046253469010175}