{"best_estimator": "HistGradientBoostingClassifier(learning_rate=0.01)", "best_score": 0.735095044743973, "test_score": 0.6046079524340394}