{"best_estimator": "KNeighborsClassifier(n_neighbors=10, p=1, weights='distance')", "best_score": 0.7316200770882638, "test_score": 0.8842592592592592}