{"best_estimator": "KNeighborsClassifier(n_neighbors=15, weights='distance')", "best_score": 0.745134080399615, "test_score": 0.5993355481727575}