{"0": {"precision": 0.5625, "recall": 0.47368421052631576, "f1-score": 0.5142857142857142, "support": 19.0}, "1": {"precision": 0.6296296296296297, "recall": 0.7083333333333334, "f1-score": 0.6666666666666666, "support": 24.0}, "accuracy": 0.6046511627906976, "macro avg": {"precision": 0.5960648148148149, "recall": 0.5910087719298246, "f1-score": 0.5904761904761904, "support": 43.0}, "weighted avg": {"precision": 0.599967700258398, "recall": 0.6046511627906976, "f1-score": 0.5993355481727575, "support": 43.0}}