{"best_estimator": "KNeighborsClassifier(n_neighbors=10, p=1, weights='distance')", "best_score": 0.7178825318825319, "test_score": 0.6071428571428572}