{"best_estimator": "RandomForestClassifier(max_depth=2, n_estimators=200)", "best_score": 0.7584113022317437, "test_score": 0.8678571428571428}