{"best_estimator": "RandomForestClassifier(criterion='entropy', max_depth=2)", "best_score": 0.7747849132863147, "test_score": 0.7372730939895119}