{"best_estimator": "RandomForestClassifier(max_depth=3)", "best_score": 0.751695375989327, "test_score": 0.8888888888888888}