{"0": {"precision": 1.0, "recall": 0.5172413793103449, "f1-score": 0.6818181818181818, "support": 29.0}, "1": {"precision": 0.48148148148148145, "recall": 1.0, "f1-score": 0.65, "support": 13.0}, "accuracy": 0.6666666666666666, "macro avg": {"precision": 0.7407407407407407, "recall": 0.7586206896551724, "f1-score": 0.6659090909090909, "support": 42.0}, "weighted avg": {"precision": 0.8395061728395061, "recall": 0.6666666666666666, "f1-score": 0.6719696969696969, "support": 42.0}}