{"best_estimator": "BernoulliNB()", "best_score": 0.6098579465213637, "test_score": 0.5440515036599348}