{"best_estimator": "BernoulliNB()", "best_score": 0.6141480781333231, "test_score": 0.5144724556489262}