{"best_estimator": "BernoulliNB()", "best_score": 0.5717607491546423, "test_score": 0.9320574162679426}