{"best_estimator": "BernoulliNB()", "best_score": 0.5962133456578993, "test_score": 0.6177070583435333}