{"best_estimator": "HistGradientBoostingClassifier(learning_rate=0.001)", "best_score": 0.7378524580339371, "test_score": 0.780952380952381}