{"0": {"precision": 0.7333333333333333, "recall": 0.5789473684210527, "f1-score": 0.6470588235294118, "support": 19.0}, "1": {"precision": 0.7142857142857143, "recall": 0.8333333333333334, "f1-score": 0.7692307692307693, "support": 24.0}, "accuracy": 0.7209302325581395, "macro avg": {"precision": 0.7238095238095238, "recall": 0.7061403508771931, "f1-score": 0.7081447963800905, "support": 43.0}, "weighted avg": {"precision": 0.722702104097453, "recall": 0.7209302325581395, "f1-score": 0.7152478164790067, "support": 43.0}}