{"best_estimator": "KNeighborsClassifier(n_neighbors=10, weights='distance')", "best_score": 0.7323690968201261, "test_score": 0.4618181818181818}