{"0": {"precision": 0.5714285714285714, "recall": 0.631578947368421, "f1-score": 0.6, "support": 19.0}, "1": {"precision": 0.6818181818181818, "recall": 0.625, "f1-score": 0.6521739130434783, "support": 24.0}, "accuracy": 0.627906976744186, "macro avg": {"precision": 0.6266233766233766, "recall": 0.6282894736842105, "f1-score": 0.6260869565217391, "support": 43.0}, "weighted avg": {"precision": 0.6330413772274237, "recall": 0.627906976744186, "f1-score": 0.6291203235591507, "support": 43.0}}