{"best_estimator": "KNeighborsClassifier(n_neighbors=7, weights='distance')", "best_score": 0.7279441219820486, "test_score": 0.6455026455026455}