{"0": {"precision": 1.0, "recall": 0.4230769230769231, "f1-score": 0.5945945945945946, "support": 26.0}, "1": {"precision": 0.4642857142857143, "recall": 1.0, "f1-score": 0.6341463414634146, "support": 13.0}, "accuracy": 0.6153846153846154, "macro avg": {"precision": 0.7321428571428572, "recall": 0.7115384615384616, "f1-score": 0.6143704680290046, "support": 39.0}, "weighted avg": {"precision": 0.8214285714285714, "recall": 0.6153846153846154, "f1-score": 0.6077785102175346, "support": 39.0}}