{"0": {"precision": 1.0, "recall": 0.4230769230769231, "f1-score": 0.5945945945945946, "support": 26.0}, "1": {"precision": 0.4444444444444444, "recall": 1.0, "f1-score": 0.6153846153846154, "support": 12.0}, "accuracy": 0.6052631578947368, "macro avg": {"precision": 0.7222222222222222, "recall": 0.7115384615384616, "f1-score": 0.6049896049896051, "support": 38.0}, "weighted avg": {"precision": 0.8245614035087719, "recall": 0.6052631578947368, "f1-score": 0.6011598643177591, "support": 38.0}}