{"0": {"precision": 1.0, "recall": 0.5769230769230769, "f1-score": 0.7317073170731707, "support": 26.0}, "1": {"precision": 0.5217391304347826, "recall": 1.0, "f1-score": 0.6857142857142857, "support": 12.0}, "accuracy": 0.7105263157894737, "macro avg": {"precision": 0.7608695652173914, "recall": 0.7884615384615384, "f1-score": 0.7087108013937282, "support": 38.0}, "weighted avg": {"precision": 0.8489702517162471, "recall": 0.7105263157894737, "f1-score": 0.717183201907207, "support": 38.0}}