{"0": {"precision": 1.0, "recall": 0.48148148148148145, "f1-score": 0.65, "support": 27.0}, "1": {"precision": 0.46153846153846156, "recall": 1.0, "f1-score": 0.631578947368421, "support": 12.0}, "accuracy": 0.6410256410256411, "macro avg": {"precision": 0.7307692307692308, "recall": 0.7407407407407407, "f1-score": 0.6407894736842106, "support": 39.0}, "weighted avg": {"precision": 0.834319526627219, "recall": 0.6410256410256411, "f1-score": 0.644331983805668, "support": 39.0}}