{"0": {"precision": 0.9, "recall": 0.3333333333333333, "f1-score": 0.4864864864864865, "support": 27.0}, "1": {"precision": 0.3793103448275862, "recall": 0.9166666666666666, "f1-score": 0.5365853658536586, "support": 12.0}, "accuracy": 0.5128205128205128, "macro avg": {"precision": 0.6396551724137931, "recall": 0.625, "f1-score": 0.5115359261700725, "support": 39.0}, "weighted avg": {"precision": 0.7397877984084881, "recall": 0.5128205128205128, "f1-score": 0.5019015262917702, "support": 39.0}}