{"0": {"precision": 0.875, "recall": 0.5185185185185185, "f1-score": 0.6511627906976745, "support": 27.0}, "1": {"precision": 0.43478260869565216, "recall": 0.8333333333333334, "f1-score": 0.5714285714285714, "support": 12.0}, "accuracy": 0.6153846153846154, "macro avg": {"precision": 0.654891304347826, "recall": 0.6759259259259259, "f1-score": 0.6112956810631229, "support": 39.0}, "weighted avg": {"precision": 0.7395484949832777, "recall": 0.6153846153846154, "f1-score": 0.6266291847687198, "support": 39.0}}