{"best_estimator": "BernoulliNB()", "best_score": 0.6506240426953402, "test_score": 0.25747607655502397}