{"best_estimator": "BernoulliNB()", "best_score": 0.5634120452952729, "test_score": 0.6266291847687198}