{"best_estimator": "BernoulliNB()", "best_score": 0.6279739414603969, "test_score": 0.5907415597818074}