{"0": {"precision": 1.0, "recall": 0.8846153846153846, "f1-score": 0.9387755102040817, "support": 26.0}, "1": {"precision": 0.8, "recall": 1.0, "f1-score": 0.8888888888888888, "support": 12.0}, "accuracy": 0.9210526315789473, "macro avg": {"precision": 0.9, "recall": 0.9423076923076923, "f1-score": 0.9138321995464853, "support": 38.0}, "weighted avg": {"precision": 0.9368421052631579, "recall": 0.9210526315789473, "f1-score": 0.9230218403150733, "support": 38.0}}