{"best_estimator": "HistGradientBoostingClassifier(learning_rate=0.5)", "best_score": 0.7834203691878074, "test_score": 0.7741027445460943}