{"best_estimator": "HistGradientBoostingClassifier()", "best_score": 0.7837503686117049, "test_score": 0.7485207100591716}