{"0": {"precision": 0.8064516129032258, "recall": 0.9259259259259259, "f1-score": 0.8620689655172413, "support": 27.0}, "1": {"precision": 0.75, "recall": 0.5, "f1-score": 0.6, "support": 12.0}, "accuracy": 0.7948717948717948, "macro avg": {"precision": 0.7782258064516129, "recall": 0.712962962962963, "f1-score": 0.7310344827586206, "support": 39.0}, "weighted avg": {"precision": 0.7890818858560794, "recall": 0.7948717948717948, "f1-score": 0.7814323607427055, "support": 39.0}}