{"0": {"precision": 0.84, "recall": 0.7777777777777778, "f1-score": 0.8076923076923077, "support": 27.0}, "1": {"precision": 0.5714285714285714, "recall": 0.6666666666666666, "f1-score": 0.6153846153846154, "support": 12.0}, "accuracy": 0.7435897435897436, "macro avg": {"precision": 0.7057142857142857, "recall": 0.7222222222222222, "f1-score": 0.7115384615384616, "support": 39.0}, "weighted avg": {"precision": 0.7573626373626373, "recall": 0.7435897435897436, "f1-score": 0.7485207100591716, "support": 39.0}}