{"best_estimator": "HistGradientBoostingClassifier(learning_rate=0.5)", "best_score": 0.7935686229379436, "test_score": 0.9230218403150733}