{"best_estimator": "HistGradientBoostingClassifier(learning_rate=0.05)", "best_score": 0.7523663074716176, "test_score": 0.9473684210526315}