{"0": {"precision": 0.8695652173913043, "recall": 0.7692307692307693, "f1-score": 0.8163265306122449, "support": 26.0}, "1": {"precision": 0.625, "recall": 0.7692307692307693, "f1-score": 0.6896551724137931, "support": 13.0}, "accuracy": 0.7692307692307693, "macro avg": {"precision": 0.7472826086956521, "recall": 0.7692307692307693, "f1-score": 0.752990851513019, "support": 39.0}, "weighted avg": {"precision": 0.7880434782608696, "recall": 0.7692307692307693, "f1-score": 0.7741027445460943, "support": 39.0}}