{"best_estimator": "HistGradientBoostingClassifier(learning_rate=0.001)", "best_score": 0.7978386810315854, "test_score": 0.7282051282051282}