{"0": {"precision": 0.782608695652174, "recall": 0.6923076923076923, "f1-score": 0.7346938775510204, "support": 26.0}, "1": {"precision": 0.5, "recall": 0.6153846153846154, "f1-score": 0.5517241379310345, "support": 13.0}, "accuracy": 0.6666666666666666, "macro avg": {"precision": 0.6413043478260869, "recall": 0.6538461538461539, "f1-score": 0.6432090077410275, "support": 39.0}, "weighted avg": {"precision": 0.6884057971014493, "recall": 0.6666666666666666, "f1-score": 0.6737039643443585, "support": 39.0}}