{"best_estimator": "KNeighborsClassifier(p=3, weights='distance')", "best_score": 0.8108968278704513, "test_score": 0.6758178906428736}