{"best_estimator": "KNeighborsClassifier(weights='distance')", "best_score": 0.811718355275589, "test_score": 0.7933603238866397}