{"best_estimator": "RandomForestClassifier(criterion='log_loss')", "best_score": 0.7803711125984076, "test_score": 0.7209288824383163}