{"0": {"precision": 0.9130434782608695, "recall": 0.8076923076923077, "f1-score": 0.8571428571428571, "support": 26.0}, "1": {"precision": 0.6875, "recall": 0.8461538461538461, "f1-score": 0.7586206896551724, "support": 13.0}, "accuracy": 0.8205128205128205, "macro avg": {"precision": 0.8002717391304348, "recall": 0.8269230769230769, "f1-score": 0.8078817733990147, "support": 39.0}, "weighted avg": {"precision": 0.8378623188405797, "recall": 0.8205128205128205, "f1-score": 0.8243021346469621, "support": 39.0}}