{"best_estimator": "RandomForestClassifier()", "best_score": 0.7865256945197002, "test_score": 0.5961904761904762}