{"best_estimator": "RandomForestClassifier(max_depth=2)", "best_score": 0.7779199462662866, "test_score": 0.6657619658903356}