{"0": {"precision": 0.5652173913043478, "recall": 0.5, "f1-score": 0.5306122448979592, "support": 26.0}, "1": {"precision": 0.4583333333333333, "recall": 0.5238095238095238, "f1-score": 0.4888888888888889, "support": 21.0}, "accuracy": 0.5106382978723404, "macro avg": {"precision": 0.5117753623188406, "recall": 0.5119047619047619, "f1-score": 0.509750566893424, "support": 47.0}, "weighted avg": {"precision": 0.5174606845513413, "recall": 0.5106382978723404, "f1-score": 0.511969894340715, "support": 47.0}}