{"0": {"precision": 0.76, "recall": 0.5757575757575758, "f1-score": 0.6551724137931034, "support": 33.0}, "1": {"precision": 0.36363636363636365, "recall": 0.5714285714285714, "f1-score": 0.4444444444444444, "support": 14.0}, "accuracy": 0.574468085106383, "macro avg": {"precision": 0.5618181818181818, "recall": 0.5735930735930737, "f1-score": 0.5498084291187739, "support": 47.0}, "weighted avg": {"precision": 0.6419342359767892, "recall": 0.574468085106383, "f1-score": 0.5924023803700986, "support": 47.0}}