{"0": {"precision": 0.4782608695652174, "recall": 0.5789473684210527, "f1-score": 0.5238095238095238, "support": 19.0}, "1": {"precision": 0.6, "recall": 0.5, "f1-score": 0.5454545454545454, "support": 24.0}, "accuracy": 0.5348837209302325, "macro avg": {"precision": 0.5391304347826087, "recall": 0.5394736842105263, "f1-score": 0.5346320346320346, "support": 43.0}, "weighted avg": {"precision": 0.5462082912032357, "recall": 0.5348837209302325, "f1-score": 0.5358904661230243, "support": 43.0}}