{"best_estimator": "BernoulliNB()", "best_score": 0.5514894541055269, "test_score": 0.5716034271725826}