{"best_estimator": "BernoulliNB()", "best_score": 0.6228122135833296, "test_score": 0.7685185185185186}