{"best_estimator": "BernoulliNB()", "best_score": 0.6235616978143007, "test_score": 0.6666666666666666}