{"best_estimator": "HistGradientBoostingClassifier()", "best_score": 0.541737738786907, "test_score": 0.7185185185185186}