{"0": {"precision": 0.5666666666666667, "recall": 0.68, "f1-score": 0.6181818181818182, "support": 25.0}, "1": {"precision": 0.6, "recall": 0.48, "f1-score": 0.5333333333333333, "support": 25.0}, "accuracy": 0.58, "macro avg": {"precision": 0.5833333333333333, "recall": 0.5800000000000001, "f1-score": 0.5757575757575757, "support": 50.0}, "weighted avg": {"precision": 0.5833333333333333, "recall": 0.58, "f1-score": 0.5757575757575758, "support": 50.0}}