{"best_estimator": "HistGradientBoostingClassifier(learning_rate=0.5)", "best_score": 0.6431202779978642, "test_score": 0.5757575757575758}