{"best_estimator": "HistGradientBoostingClassifier(learning_rate=0.5)", "best_score": 0.5764869928374997, "test_score": 0.5375565610859728}