{"best_estimator": "HistGradientBoostingClassifier(learning_rate=0.01)", "best_score": 0.6272795771756707, "test_score": 0.5706407563025211}