{"best_estimator": "HistGradientBoostingClassifier()", "best_score": 0.5382265112687721, "test_score": 0.5873369938229237}