{"best_estimator": "KNeighborsClassifier(p=3, weights='distance')", "best_score": 0.6083528705907135, "test_score": 0.605936850066175}