{"best_estimator": "KNeighborsClassifier(n_neighbors=10, p=3, weights='distance')", "best_score": 0.602152596659207, "test_score": 0.4714285714285714}