{"best_estimator": "RandomForestClassifier(n_estimators=300)", "best_score": 0.5993752499683446, "test_score": 0.8666666666666667}