{"best_estimator": "RandomForestClassifier(criterion='log_loss')", "best_score": 0.5875911011550166, "test_score": 0.5017362938019573}