{"best_estimator": "RandomForestClassifier(criterion='log_loss')", "best_score": 0.5820898819033032, "test_score": 0.5008547008547009}