{"best_estimator": "AdaBoostClassifier(algorithm='SAMME', learning_rate=0.01, n_estimators=200)", "best_score": 0.6737809576383672, "test_score": 0.7382964180276609}