{"best_estimator": "BernoulliNB()", "best_score": 0.5196855839183129, "test_score": 0.42084161857186736}