{"best_estimator": "BernoulliNB()", "best_score": 0.5120169788746176, "test_score": 0.46635467980295564}