{"0": {"precision": 0.54, "recall": 1.0, "f1-score": 0.7012987012987013, "support": 27.0}, "1": {"precision": 1.0, "recall": 0.08, "f1-score": 0.14814814814814814, "support": 25.0}, "accuracy": 0.5576923076923077, "macro avg": {"precision": 0.77, "recall": 0.54, "f1-score": 0.4247234247234247, "support": 52.0}, "weighted avg": {"precision": 0.7611538461538461, "recall": 0.5576923076923077, "f1-score": 0.43536093536093534, "support": 52.0}}