{"best_estimator": "BernoulliNB()", "best_score": 0.5039152872150632, "test_score": 0.5333333333333334}