{"0": {"precision": 0.6551724137931034, "recall": 0.6785714285714286, "f1-score": 0.6666666666666666, "support": 28.0}, "1": {"precision": 0.64, "recall": 0.6153846153846154, "f1-score": 0.6274509803921569, "support": 26.0}, "accuracy": 0.6481481481481481, "macro avg": {"precision": 0.6475862068965517, "recall": 0.646978021978022, "f1-score": 0.6470588235294117, "support": 54.0}, "weighted avg": {"precision": 0.6478671775223499, "recall": 0.6481481481481481, "f1-score": 0.6477850399419026, "support": 54.0}}