{"0": {"precision": 0.6153846153846154, "recall": 0.8888888888888888, "f1-score": 0.7272727272727273, "support": 27.0}, "1": {"precision": 0.7692307692307693, "recall": 0.4, "f1-score": 0.5263157894736842, "support": 25.0}, "accuracy": 0.6538461538461539, "macro avg": {"precision": 0.6923076923076923, "recall": 0.6444444444444444, "f1-score": 0.6267942583732058, "support": 52.0}, "weighted avg": {"precision": 0.6893491124260357, "recall": 0.6538461538461539, "f1-score": 0.6306588148693412, "support": 52.0}}