{"best_estimator": "HistGradientBoostingClassifier(learning_rate=0.05)", "best_score": 0.6560444966659211, "test_score": 0.6973228898760814}