{"best_estimator": "KNeighborsClassifier(n_neighbors=25, p=1)", "best_score": 0.6211645770217117, "test_score": 0.6828559579686303}