{"best_estimator": "KNeighborsClassifier(n_neighbors=15, p=1)", "best_score": 0.5988414317219152, "test_score": 0.5108173076923077}