{"0": {"precision": 0.675, "recall": 0.75, "f1-score": 0.7105263157894737, "support": 36.0}, "1": {"precision": 0.25, "recall": 0.1875, "f1-score": 0.21428571428571427, "support": 16.0}, "accuracy": 0.5769230769230769, "macro avg": {"precision": 0.4625, "recall": 0.46875, "f1-score": 0.462406015037594, "support": 52.0}, "weighted avg": {"precision": 0.5442307692307693, "recall": 0.5769230769230769, "f1-score": 0.557836899942163, "support": 52.0}}