{"best_estimator": "KNeighborsClassifier(n_neighbors=25, p=1)", "best_score": 0.6141559466657045, "test_score": 0.6316326530612245}