{"best_estimator": "RandomForestClassifier(max_depth=3, n_estimators=400)", "best_score": 0.686931142727925, "test_score": 0.6867132867132866}