{"0": {"precision": 0.696969696969697, "recall": 0.8518518518518519, "f1-score": 0.7666666666666667, "support": 27.0}, "1": {"precision": 0.7894736842105263, "recall": 0.6, "f1-score": 0.6818181818181818, "support": 25.0}, "accuracy": 0.7307692307692307, "macro avg": {"precision": 0.7432216905901117, "recall": 0.7259259259259259, "f1-score": 0.7242424242424242, "support": 52.0}, "weighted avg": {"precision": 0.7414427677585572, "recall": 0.7307692307692307, "f1-score": 0.7258741258741259, "support": 52.0}}