{"0": {"precision": 0.7, "recall": 0.75, "f1-score": 0.7241379310344828, "support": 28.0}, "1": {"precision": 0.7083333333333334, "recall": 0.6538461538461539, "f1-score": 0.68, "support": 26.0}, "accuracy": 0.7037037037037037, "macro avg": {"precision": 0.7041666666666666, "recall": 0.7019230769230769, "f1-score": 0.7020689655172414, "support": 54.0}, "weighted avg": {"precision": 0.7040123456790123, "recall": 0.7037037037037037, "f1-score": 0.7028863346104726, "support": 54.0}}