{"0": {"precision": 0.5384615384615384, "recall": 0.6176470588235294, "f1-score": 0.5753424657534246, "support": 34.0}, "1": {"precision": 0.2777777777777778, "recall": 0.21739130434782608, "f1-score": 0.24390243902439024, "support": 23.0}, "accuracy": 0.45614035087719296, "macro avg": {"precision": 0.4081196581196581, "recall": 0.41751918158567775, "f1-score": 0.40962245238890743, "support": 57.0}, "weighted avg": {"precision": 0.4332733543259859, "recall": 0.45614035087719296, "f1-score": 0.4416035075996037, "support": 57.0}}