{"best_estimator": "BernoulliNB()", "best_score": 0.48501192610284766, "test_score": 0.644780701754386}