{"0": {"precision": 0.7362637362637363, "recall": 0.9710144927536232, "f1-score": 0.8375, "support": 69.0}, "1": {"precision": 0.5, "recall": 0.07692307692307693, "f1-score": 0.13333333333333333, "support": 26.0}, "accuracy": 0.7263157894736842, "macro avg": {"precision": 0.6181318681318682, "recall": 0.5239687848383501, "f1-score": 0.48541666666666666, "support": 95.0}, "weighted avg": {"precision": 0.6716020821283979, "recall": 0.7263157894736842, "f1-score": 0.644780701754386, "support": 95.0}}