{"best_estimator": "BernoulliNB()", "best_score": 0.5248667994140945, "test_score": 0.524812030075188}