{"0": {"precision": 0.7974683544303798, "recall": 0.9130434782608695, "f1-score": 0.8513513513513513, "support": 69.0}, "1": {"precision": 0.625, "recall": 0.38461538461538464, "f1-score": 0.47619047619047616, "support": 26.0}, "accuracy": 0.7684210526315789, "macro avg": {"precision": 0.7112341772151899, "recall": 0.6488294314381271, "f1-score": 0.6637709137709138, "support": 95.0}, "weighted avg": {"precision": 0.7502664890073285, "recall": 0.7684210526315789, "f1-score": 0.7486757434125855, "support": 95.0}}