{"0": {"precision": 0.8, "recall": 0.6829268292682927, "f1-score": 0.7368421052631579, "support": 41.0}, "1": {"precision": 0.4090909090909091, "recall": 0.5625, "f1-score": 0.47368421052631576, "support": 16.0}, "accuracy": 0.6491228070175439, "macro avg": {"precision": 0.6045454545454546, "recall": 0.6227134146341464, "f1-score": 0.6052631578947368, "support": 57.0}, "weighted avg": {"precision": 0.6902711323763956, "recall": 0.6491228070175439, "f1-score": 0.6629732225300092, "support": 57.0}}