{"best_estimator": "HistGradientBoostingClassifier()", "best_score": 0.5611472337374026, "test_score": 0.6629732225300092}