{"best_estimator": "KNeighborsClassifier(n_neighbors=15)", "best_score": 0.5477936792511822, "test_score": 0.37550239234449756}