{"best_estimator": "KNeighborsClassifier(p=3, weights='distance')", "best_score": 0.5615811493228131, "test_score": 0.5730605583726759}