{"best_estimator": "RandomForestClassifier(n_estimators=400)", "best_score": 0.5045049311070158, "test_score": 0.5207219588979144}