{"best_estimator": "RandomForestClassifier()", "best_score": 0.5994521121818535, "test_score": 0.6190242340130244}