{"best_estimator": "RandomForestClassifier(criterion='entropy', n_estimators=300)", "best_score": 0.5603308158205753, "test_score": 0.5432098765432097}