{"0": {"precision": 0.5217391304347826, "recall": 0.46153846153846156, "f1-score": 0.4897959183673469, "support": 26.0}, "1": {"precision": 0.4166666666666667, "recall": 0.47619047619047616, "f1-score": 0.4444444444444444, "support": 21.0}, "accuracy": 0.46808510638297873, "macro avg": {"precision": 0.4692028985507246, "recall": 0.46886446886446886, "f1-score": 0.4671201814058957, "support": 47.0}, "weighted avg": {"precision": 0.47479185938945423, "recall": 0.46808510638297873, "f1-score": 0.46953249384860324, "support": 47.0}}