{"0": {"precision": 0.75, "recall": 0.2, "f1-score": 0.3157894736842105, "support": 45.0}, "1": {"precision": 0.35714285714285715, "recall": 0.8695652173913043, "f1-score": 0.5063291139240507, "support": 23.0}, "accuracy": 0.4264705882352941, "macro avg": {"precision": 0.5535714285714286, "recall": 0.5347826086956522, "f1-score": 0.4110592938041306, "support": 68.0}, "weighted avg": {"precision": 0.6171218487394958, "recall": 0.4264705882352941, "f1-score": 0.3802367049418035, "support": 68.0}}