{"best_estimator": "BernoulliNB()", "best_score": 0.5385080650047908, "test_score": 0.4843927648578812}