{"0": {"precision": 0.7272727272727273, "recall": 0.6153846153846154, "f1-score": 0.6666666666666666, "support": 13.0}, "1": {"precision": 0.2857142857142857, "recall": 0.4, "f1-score": 0.3333333333333333, "support": 5.0}, "accuracy": 0.5555555555555556, "macro avg": {"precision": 0.5064935064935066, "recall": 0.5076923076923077, "f1-score": 0.5, "support": 18.0}, "weighted avg": {"precision": 0.6046176046176046, "recall": 0.5555555555555556, "f1-score": 0.574074074074074, "support": 18.0}}