{"best_estimator": "BernoulliNB()", "best_score": 0.5473468573069948, "test_score": 0.574074074074074}