{"0": {"precision": 0.8, "recall": 0.12121212121212122, "f1-score": 0.21052631578947367, "support": 33.0}, "1": {"precision": 0.30952380952380953, "recall": 0.9285714285714286, "f1-score": 0.4642857142857143, "support": 14.0}, "accuracy": 0.3617021276595745, "macro avg": {"precision": 0.5547619047619048, "recall": 0.524891774891775, "f1-score": 0.337406015037594, "support": 47.0}, "weighted avg": {"precision": 0.6539007092198582, "recall": 0.3617021276595745, "f1-score": 0.28611422172452405, "support": 47.0}}