{"best_estimator": "BernoulliNB()", "best_score": 0.4699162337061512, "test_score": 0.28611422172452405}