{"best_estimator": "BernoulliNB()", "best_score": 0.4494065759496828, "test_score": 0.31030671456203374}