{"best_estimator": "HistGradientBoostingClassifier()", "best_score": 0.6341802799048812, "test_score": 0.5481922332986162}