{"best_estimator": "HistGradientBoostingClassifier()", "best_score": 0.5762042074929195, "test_score": 0.6369047619047619}