{"best_estimator": "HistGradientBoostingClassifier(learning_rate=0.05)", "best_score": 0.5883577855208256, "test_score": 0.5008547008547009}