{"best_estimator": "HistGradientBoostingClassifier(learning_rate=0.5)", "best_score": 0.5994045383967391, "test_score": 0.6662872045369873}