{"best_estimator": "HistGradientBoostingClassifier(learning_rate=0.5)", "best_score": 0.551242619210427, "test_score": 0.7777777777777778}