{"0": {"precision": 0.5806451612903226, "recall": 0.72, "f1-score": 0.6428571428571429, "support": 25.0}, "1": {"precision": 0.631578947368421, "recall": 0.48, "f1-score": 0.5454545454545454, "support": 25.0}, "accuracy": 0.6, "macro avg": {"precision": 0.6061120543293719, "recall": 0.6, "f1-score": 0.5941558441558441, "support": 50.0}, "weighted avg": {"precision": 0.6061120543293719, "recall": 0.6, "f1-score": 0.5941558441558442, "support": 50.0}}