{"best_estimator": "KNeighborsClassifier(n_neighbors=25, p=3, weights='distance')", "best_score": 0.5542880343877737, "test_score": 0.47628696868818443}