{"0": {"precision": 0.6, "recall": 0.5454545454545454, "f1-score": 0.5714285714285714, "support": 11.0}, "1": {"precision": 0.375, "recall": 0.42857142857142855, "f1-score": 0.4, "support": 7.0}, "accuracy": 0.5, "macro avg": {"precision": 0.4875, "recall": 0.487012987012987, "f1-score": 0.4857142857142857, "support": 18.0}, "weighted avg": {"precision": 0.5125, "recall": 0.5, "f1-score": 0.5047619047619047, "support": 18.0}}