{"best_estimator": "KNeighborsClassifier(p=3, weights='distance')", "best_score": 0.5863450121535176, "test_score": 0.5974235104669887}