{"best_estimator": "RandomForestClassifier(criterion='entropy', n_estimators=150)", "best_score": 0.5977309958284869, "test_score": 0.6369047619047619}