{"best_estimator": "RandomForestClassifier(n_estimators=150)", "best_score": 0.5465047874326684, "test_score": 0.6595744680851063}