{"best_estimator": "AdaBoostClassifier(algorithm='SAMME', learning_rate=0.01, n_estimators=400)", "best_score": 0.7203448595368982, "test_score": 0.7674523007856341}