{"best_estimator": "AdaBoostClassifier(algorithm='SAMME', learning_rate=0.01, n_estimators=300)", "best_score": 0.7530651571372102, "test_score": 0.6399703374119392}