{"best_estimator": "BernoulliNB()", "best_score": 0.5012338571792353, "test_score": 0.5252102499309038}