{"0": {"precision": 0.5652173913043478, "recall": 0.7647058823529411, "f1-score": 0.65, "support": 17.0}, "1": {"precision": 0.5, "recall": 0.2857142857142857, "f1-score": 0.36363636363636365, "support": 14.0}, "accuracy": 0.5483870967741935, "macro avg": {"precision": 0.5326086956521738, "recall": 0.5252100840336134, "f1-score": 0.5068181818181818, "support": 31.0}, "weighted avg": {"precision": 0.5357643758765779, "recall": 0.5483870967741935, "f1-score": 0.520674486803519, "support": 31.0}}