{"best_estimator": "BernoulliNB()", "best_score": 0.5090031658776936, "test_score": 0.6642228739002932}