{"best_estimator": "HistGradientBoostingClassifier(learning_rate=0.01)", "best_score": 0.6749816045577265, "test_score": 0.6153429113580916}