{"best_estimator": "HistGradientBoostingClassifier(learning_rate=0.01)", "best_score": 0.681443091099647, "test_score": 0.8393923877794844}