{"best_estimator": "KNeighborsClassifier(n_neighbors=25, weights='distance')", "best_score": 0.7260035830588875, "test_score": 0.7674523007856341}