{"best_estimator": "KNeighborsClassifier(n_neighbors=25)", "best_score": 0.7421617610353881, "test_score": 0.6104838709677418}