{"best_estimator": "KNeighborsClassifier(n_neighbors=20, weights='distance')", "best_score": 0.7116040418120207, "test_score": 0.7419354838709677}