{"best_estimator": "KNeighborsClassifier(n_neighbors=20)", "best_score": 0.705554572469273, "test_score": 0.710284154110628}