{"best_estimator": "KNeighborsClassifier(n_neighbors=25)", "best_score": 0.7332855845908479, "test_score": 0.6774193548387096}