{"best_estimator": "RandomForestClassifier(max_depth=2, n_estimators=150)", "best_score": 0.75250960846355, "test_score": 0.7419354838709677}