{"0": {"precision": 0.5333333333333333, "recall": 0.64, "f1-score": 0.5818181818181818, "support": 25.0}, "1": {"precision": 0.55, "recall": 0.44, "f1-score": 0.4888888888888889, "support": 25.0}, "accuracy": 0.54, "macro avg": {"precision": 0.5416666666666667, "recall": 0.54, "f1-score": 0.5353535353535354, "support": 50.0}, "weighted avg": {"precision": 0.5416666666666667, "recall": 0.54, "f1-score": 0.5353535353535354, "support": 50.0}}