{"0": {"precision": 0.42857142857142855, "recall": 0.631578947368421, "f1-score": 0.5106382978723404, "support": 19.0}, "1": {"precision": 0.5333333333333333, "recall": 0.3333333333333333, "f1-score": 0.41025641025641024, "support": 24.0}, "accuracy": 0.46511627906976744, "macro avg": {"precision": 0.4809523809523809, "recall": 0.48245614035087714, "f1-score": 0.4604473540643753, "support": 43.0}, "weighted avg": {"precision": 0.4870431893687708, "recall": 0.46511627906976744, "f1-score": 0.45461119780763515, "support": 43.0}}