{"0": {"precision": 0.75, "recall": 0.23076923076923078, "f1-score": 0.35294117647058826, "support": 13.0}, "1": {"precision": 0.2857142857142857, "recall": 0.8, "f1-score": 0.42105263157894735, "support": 5.0}, "accuracy": 0.3888888888888889, "macro avg": {"precision": 0.5178571428571428, "recall": 0.5153846153846154, "f1-score": 0.38699690402476783, "support": 18.0}, "weighted avg": {"precision": 0.621031746031746, "recall": 0.3888888888888889, "f1-score": 0.37186102511179914, "support": 18.0}}