{"best_estimator": "BernoulliNB()", "best_score": 0.4534512018597646, "test_score": 0.47081339712918663}