{"best_estimator": "BernoulliNB()", "best_score": 0.4421704369566862, "test_score": 0.31030671456203374}