{"best_estimator": "BernoulliNB()", "best_score": 0.4981901927722836, "test_score": 0.4666666666666667}