{"0": {"precision": 0.725, "recall": 0.6444444444444445, "f1-score": 0.6823529411764706, "support": 45.0}, "1": {"precision": 0.42857142857142855, "recall": 0.5217391304347826, "f1-score": 0.47058823529411764, "support": 23.0}, "accuracy": 0.6029411764705882, "macro avg": {"precision": 0.5767857142857142, "recall": 0.5830917874396135, "f1-score": 0.5764705882352941, "support": 68.0}, "weighted avg": {"precision": 0.6247373949579832, "recall": 0.6029411764705882, "f1-score": 0.610726643598616, "support": 68.0}}