{"best_estimator": "HistGradientBoostingClassifier()", "best_score": 0.6121651419573934, "test_score": 0.4938493310586333}