{"0": {"precision": 0.75, "recall": 0.6363636363636364, "f1-score": 0.6885245901639344, "support": 33.0}, "1": {"precision": 0.3684210526315789, "recall": 0.5, "f1-score": 0.42424242424242425, "support": 14.0}, "accuracy": 0.5957446808510638, "macro avg": {"precision": 0.5592105263157895, "recall": 0.5681818181818181, "f1-score": 0.5563835072031793, "support": 47.0}, "weighted avg": {"precision": 0.6363381858902576, "recall": 0.5957446808510638, "f1-score": 0.6098022428681653, "support": 47.0}}