{"best_estimator": "HistGradientBoostingClassifier()", "best_score": 0.5884457126265781, "test_score": 0.6098022428681653}