{"best_estimator": "HistGradientBoostingClassifier(learning_rate=0.5)", "best_score": 0.5865549853449666, "test_score": 0.6035714285714285}