{"best_estimator": "RandomForestClassifier(max_depth=6)", "best_score": 0.5936400400237016, "test_score": 0.5390946502057612}