{"best_estimator": "RandomForestClassifier(max_depth=6, n_estimators=150)", "best_score": 0.6328424431426696, "test_score": 0.6105423132298832}