{"best_estimator": "RandomForestClassifier(n_estimators=200)", "best_score": 0.5857391683913529, "test_score": 0.675123326286117}