{"best_estimator": "RandomForestClassifier(n_estimators=200)", "best_score": 0.5875050498125695, "test_score": 0.6886949700951073}