{"0": {"precision": 0.41379310344827586, "recall": 0.631578947368421, "f1-score": 0.5, "support": 19.0}, "1": {"precision": 0.5, "recall": 0.2916666666666667, "f1-score": 0.3684210526315789, "support": 24.0}, "accuracy": 0.4418604651162791, "macro avg": {"precision": 0.4568965517241379, "recall": 0.4616228070175439, "f1-score": 0.4342105263157895, "support": 43.0}, "weighted avg": {"precision": 0.4619085805934242, "recall": 0.4418604651162791, "f1-score": 0.42656058751529985, "support": 43.0}}