{"0": {"precision": 0.5641025641025641, "recall": 0.88, "f1-score": 0.6875, "support": 25.0}, "1": {"precision": 0.7272727272727273, "recall": 0.32, "f1-score": 0.4444444444444444, "support": 25.0}, "accuracy": 0.6, "macro avg": {"precision": 0.6456876456876457, "recall": 0.6, "f1-score": 0.5659722222222222, "support": 50.0}, "weighted avg": {"precision": 0.6456876456876458, "recall": 0.6, "f1-score": 0.5659722222222222, "support": 50.0}}