{"best_estimator": "BernoulliNB()", "best_score": 0.6397094919927683, "test_score": 0.6369047619047619}