{"best_estimator": "BernoulliNB()", "best_score": 0.6029269627385576, "test_score": 0.5983488132094943}