{"best_estimator": "HistGradientBoostingClassifier(learning_rate=0.5)", "best_score": 0.5645384990049713, "test_score": 0.7740960353447273}