{"best_estimator": "HistGradientBoostingClassifier()", "best_score": 0.5599527332580893, "test_score": 0.7805555555555556}