{"best_estimator": "HistGradientBoostingClassifier(learning_rate=0.5)", "best_score": 0.5845722265837563, "test_score": 0.5008547008547009}