{"best_estimator": "KNeighborsClassifier(n_neighbors=20, p=3, weights='distance')", "best_score": 0.5889046003125181, "test_score": 0.6805555555555556}