{"0": {"precision": 0.8235294117647058, "recall": 0.42424242424242425, "f1-score": 0.56, "support": 33.0}, "1": {"precision": 0.36666666666666664, "recall": 0.7857142857142857, "f1-score": 0.5, "support": 14.0}, "accuracy": 0.5319148936170213, "macro avg": {"precision": 0.5950980392156863, "recall": 0.604978354978355, "f1-score": 0.53, "support": 47.0}, "weighted avg": {"precision": 0.6874426366291198, "recall": 0.5319148936170213, "f1-score": 0.5421276595744681, "support": 47.0}}