{"best_estimator": "RandomForestClassifier(n_estimators=200)", "best_score": 0.5610688393138772, "test_score": 0.5020363110417538}