{"0": {"precision": 0.625, "recall": 0.7692307692307693, "f1-score": 0.6896551724137931, "support": 26.0}, "1": {"precision": 0.6, "recall": 0.42857142857142855, "f1-score": 0.5, "support": 21.0}, "accuracy": 0.6170212765957447, "macro avg": {"precision": 0.6125, "recall": 0.5989010989010989, "f1-score": 0.5948275862068966, "support": 47.0}, "weighted avg": {"precision": 0.6138297872340426, "recall": 0.6170212765957447, "f1-score": 0.6049156272927366, "support": 47.0}}