{"best_estimator": "RandomForestClassifier(criterion='entropy', n_estimators=300)", "best_score": 0.5833691264186093, "test_score": 0.7805555555555556}