{"0": {"precision": 0.5416666666666666, "recall": 0.6842105263157895, "f1-score": 0.6046511627906976, "support": 19.0}, "1": {"precision": 0.3333333333333333, "recall": 0.21428571428571427, "f1-score": 0.2608695652173913, "support": 14.0}, "accuracy": 0.48484848484848486, "macro avg": {"precision": 0.4375, "recall": 0.4492481203007519, "f1-score": 0.4327603640040445, "support": 33.0}, "weighted avg": {"precision": 0.45328282828282823, "recall": 0.48484848484848486, "f1-score": 0.4588044244262646, "support": 33.0}}