{"0": {"precision": 0.75, "recall": 0.8333333333333334, "f1-score": 0.7894736842105263, "support": 18.0}, "1": {"precision": 0.75, "recall": 0.6428571428571429, "f1-score": 0.6923076923076923, "support": 14.0}, "accuracy": 0.75, "macro avg": {"precision": 0.75, "recall": 0.7380952380952381, "f1-score": 0.7408906882591093, "support": 32.0}, "weighted avg": {"precision": 0.75, "recall": 0.75, "f1-score": 0.7469635627530364, "support": 32.0}}