{"best_estimator": "BernoulliNB()", "best_score": 0.5149070705593182, "test_score": 0.5981695869837297}