{"best_estimator": "BernoulliNB()", "best_score": 0.5118917618836878, "test_score": 0.449416130088399}