{"best_estimator": "BernoulliNB()", "best_score": 0.5035862220247219, "test_score": 0.505050505050505}