{"best_estimator": "HistGradientBoostingClassifier(learning_rate=0.5)", "best_score": 0.5424728073120173, "test_score": 0.5908333333333333}