{"best_estimator": "KNeighborsClassifier(p=3)", "best_score": 0.5914437440541154, "test_score": 0.5757575757575758}