{"best_estimator": "RandomForestClassifier(criterion='entropy', n_estimators=200)", "best_score": 0.5746539886525974, "test_score": 0.6888157894736843}