{"best_estimator": "RandomForestClassifier(criterion='entropy', n_estimators=200)", "best_score": 0.5715786098805599, "test_score": 0.5606060606060606}