{"0": {"precision": 0.6923076923076923, "recall": 0.9473684210526315, "f1-score": 0.8, "support": 19.0}, "1": {"precision": 0.8333333333333334, "recall": 0.38461538461538464, "f1-score": 0.5263157894736842, "support": 13.0}, "accuracy": 0.71875, "macro avg": {"precision": 0.7628205128205128, "recall": 0.6659919028340081, "f1-score": 0.6631578947368422, "support": 32.0}, "weighted avg": {"precision": 0.749599358974359, "recall": 0.71875, "f1-score": 0.6888157894736843, "support": 32.0}}