{"0": {"precision": 1.0, "recall": 0.6666666666666666, "f1-score": 0.8, "support": 18.0}, "1": {"precision": 0.6842105263157895, "recall": 1.0, "f1-score": 0.8125, "support": 13.0}, "accuracy": 0.8064516129032258, "macro avg": {"precision": 0.8421052631578947, "recall": 0.8333333333333333, "f1-score": 0.80625, "support": 31.0}, "weighted avg": {"precision": 0.8675721561969439, "recall": 0.8064516129032258, "f1-score": 0.8052419354838709, "support": 31.0}}