{"best_estimator": "BernoulliNB()", "best_score": 0.6312728203749144, "test_score": 0.5922249793217534}