{"best_estimator": "BernoulliNB()", "best_score": 0.6067920021325177, "test_score": 0.6035714285714285}