{"best_estimator": "BernoulliNB()", "best_score": 0.6310515698176533, "test_score": 0.5806451612903226}