{"best_estimator": "HistGradientBoostingClassifier(learning_rate=0.01)", "best_score": 0.6809854100057711, "test_score": 0.646663253114866}