{"best_estimator": "HistGradientBoostingClassifier()", "best_score": 0.6744245068626551, "test_score": 0.6153225806451613}