{"best_estimator": "HistGradientBoostingClassifier(learning_rate=0.5)", "best_score": 0.6729162580820496, "test_score": 0.5191627060370109}