{"best_estimator": "HistGradientBoostingClassifier(learning_rate=0.01)", "best_score": 0.679091207105712, "test_score": 0.7435483870967741}