{"best_estimator": "HistGradientBoostingClassifier(learning_rate=0.01)", "best_score": 0.6766282393949419, "test_score": 0.6177825969097316}