{"best_estimator": "RandomForestClassifier(n_estimators=150)", "best_score": 0.6204731708160848, "test_score": 0.8723462917011304}