{"0": {"precision": 0.8823529411764706, "recall": 0.7894736842105263, "f1-score": 0.8333333333333334, "support": 19.0}, "1": {"precision": 0.7142857142857143, "recall": 0.8333333333333334, "f1-score": 0.7692307692307693, "support": 12.0}, "accuracy": 0.8064516129032258, "macro avg": {"precision": 0.7983193277310925, "recall": 0.8114035087719298, "f1-score": 0.8012820512820513, "support": 31.0}, "weighted avg": {"precision": 0.8172946597994036, "recall": 0.8064516129032258, "f1-score": 0.8085194375516956, "support": 31.0}}