{"0": {"precision": 0.5, "recall": 0.4411764705882353, "f1-score": 0.46875, "support": 34.0}, "1": {"precision": 0.2962962962962963, "recall": 0.34782608695652173, "f1-score": 0.32, "support": 23.0}, "accuracy": 0.40350877192982454, "macro avg": {"precision": 0.39814814814814814, "recall": 0.3945012787723785, "f1-score": 0.39437500000000003, "support": 57.0}, "weighted avg": {"precision": 0.4178037686809617, "recall": 0.40350877192982454, "f1-score": 0.4087280701754386, "support": 57.0}}