{"0": {"precision": 0.7361111111111112, "recall": 0.7681159420289855, "f1-score": 0.75177304964539, "support": 69.0}, "1": {"precision": 0.30434782608695654, "recall": 0.2692307692307692, "f1-score": 0.2857142857142857, "support": 26.0}, "accuracy": 0.631578947368421, "macro avg": {"precision": 0.5202294685990339, "recall": 0.5186733556298774, "f1-score": 0.5187436676798378, "support": 95.0}, "weighted avg": {"precision": 0.6179443173150267, "recall": 0.631578947368421, "f1-score": 0.6242201247800352, "support": 95.0}}