{"best_estimator": "BernoulliNB()", "best_score": 0.3572741068986512, "test_score": 0.494949494949495}