{"best_estimator": "BernoulliNB()", "best_score": 0.3628227304566081, "test_score": 0.1176163549369291}