{"0": {"precision": 0.7746478873239436, "recall": 0.7971014492753623, "f1-score": 0.7857142857142857, "support": 69.0}, "1": {"precision": 0.4166666666666667, "recall": 0.38461538461538464, "f1-score": 0.4, "support": 26.0}, "accuracy": 0.6842105263157895, "macro avg": {"precision": 0.5956572769953051, "recall": 0.5908584169453734, "f1-score": 0.5928571428571429, "support": 95.0}, "weighted avg": {"precision": 0.6766740795651099, "recall": 0.6842105263157895, "f1-score": 0.6801503759398496, "support": 95.0}}