{"0": {"precision": 0.5333333333333333, "recall": 0.5714285714285714, "f1-score": 0.5517241379310345, "support": 28.0}, "1": {"precision": 0.5, "recall": 0.46153846153846156, "f1-score": 0.48, "support": 26.0}, "accuracy": 0.5185185185185185, "macro avg": {"precision": 0.5166666666666666, "recall": 0.5164835164835164, "f1-score": 0.5158620689655172, "support": 54.0}, "weighted avg": {"precision": 0.5172839506172839, "recall": 0.5185185185185185, "f1-score": 0.5171902937420179, "support": 54.0}}