{"0": {"precision": 0.6153846153846154, "recall": 0.7058823529411765, "f1-score": 0.6575342465753424, "support": 34.0}, "1": {"precision": 0.4444444444444444, "recall": 0.34782608695652173, "f1-score": 0.3902439024390244, "support": 23.0}, "accuracy": 0.5614035087719298, "macro avg": {"precision": 0.5299145299145299, "recall": 0.5268542199488491, "f1-score": 0.5238890745071834, "support": 57.0}, "weighted avg": {"precision": 0.5464087569350727, "recall": 0.5614035087719298, "f1-score": 0.5496802480641966, "support": 57.0}}