{"0": {"precision": 0.5555555555555556, "recall": 0.625, "f1-score": 0.5882352941176471, "support": 8.0}, "1": {"precision": 0.7692307692307693, "recall": 0.7142857142857143, "f1-score": 0.7407407407407407, "support": 14.0}, "accuracy": 0.6818181818181818, "macro avg": {"precision": 0.6623931623931625, "recall": 0.6696428571428572, "f1-score": 0.6644880174291938, "support": 22.0}, "weighted avg": {"precision": 0.6915306915306916, "recall": 0.6818181818181818, "f1-score": 0.6852842146959794, "support": 22.0}}