{"best_estimator": "KNeighborsClassifier(weights='distance')", "best_score": 0.5000961243053677, "test_score": 0.3432098765432099}