{"best_estimator": "KNeighborsClassifier(weights='distance')", "best_score": 0.4605163081528296, "test_score": 0.5610002016535591}