{"best_estimator": "KNeighborsClassifier(weights='distance')", "best_score": 0.5400516023682858, "test_score": 0.45953752811892473}