{"best_estimator": "KNeighborsClassifier(p=3, weights='distance')", "best_score": 0.5180198774773821, "test_score": 0.49633173843700157}