{"0": {"precision": 0.7352941176470589, "recall": 0.36231884057971014, "f1-score": 0.4854368932038835, "support": 69.0}, "1": {"precision": 0.2786885245901639, "recall": 0.6538461538461539, "f1-score": 0.39080459770114945, "support": 26.0}, "accuracy": 0.4421052631578947, "macro avg": {"precision": 0.5069913211186114, "recall": 0.508082497212932, "f1-score": 0.43812074545251645, "support": 95.0}, "weighted avg": {"precision": 0.6103283763893824, "recall": 0.4421052631578947, "f1-score": 0.45953752811892473, "support": 95.0}}