{"best_estimator": "KNeighborsClassifier(p=3, weights='distance')", "best_score": 0.4923136072759549, "test_score": 0.543859649122807}