{"best_estimator": "KNeighborsClassifier(p=3, weights='distance')", "best_score": 0.4710109061969391, "test_score": 0.3714285714285714}