{"0": {"precision": 0.65, "recall": 0.7647058823529411, "f1-score": 0.7027027027027027, "support": 34.0}, "1": {"precision": 0.5294117647058824, "recall": 0.391304347826087, "f1-score": 0.45, "support": 23.0}, "accuracy": 0.6140350877192983, "macro avg": {"precision": 0.5897058823529412, "recall": 0.578005115089514, "f1-score": 0.5763513513513514, "support": 57.0}, "weighted avg": {"precision": 0.601341589267286, "recall": 0.6140350877192983, "f1-score": 0.6007349454717876, "support": 57.0}}