{"best_estimator": "RandomForestClassifier(criterion='log_loss', n_estimators=300)", "best_score": 0.5501802579548969, "test_score": 0.46315789473684205}