{"best_estimator": "RandomForestClassifier(n_estimators=200)", "best_score": 0.5919475193427534, "test_score": 0.6827093275974099}