{"best_estimator": "AdaBoostClassifier(algorithm='SAMME', learning_rate=0.05, n_estimators=100)", "best_score": 0.7722925084095955, "test_score": 0.8393923877794844}