{"best_estimator": "BernoulliNB()", "best_score": 0.5233773889671858, "test_score": 0.652073732718894}