{"best_estimator": "BernoulliNB()", "best_score": 0.5406463402587989, "test_score": 0.4742587161942}