{"0": {"precision": 0.5555555555555556, "recall": 0.8823529411764706, "f1-score": 0.6818181818181818, "support": 17.0}, "1": {"precision": 0.5, "recall": 0.14285714285714285, "f1-score": 0.2222222222222222, "support": 14.0}, "accuracy": 0.5483870967741935, "macro avg": {"precision": 0.5277777777777778, "recall": 0.5126050420168067, "f1-score": 0.452020202020202, "support": 31.0}, "weighted avg": {"precision": 0.5304659498207884, "recall": 0.5483870967741935, "f1-score": 0.4742587161942, "support": 31.0}}