{"best_estimator": "KNeighborsClassifier(n_neighbors=20, p=1)", "best_score": 0.7300518967531318, "test_score": 0.7333333333333333}