{"best_estimator": "KNeighborsClassifier(n_neighbors=20, weights='distance')", "best_score": 0.7364335712475742, "test_score": 0.7084485407066052}