{"best_estimator": "RandomForestClassifier(max_depth=3, n_estimators=200)", "best_score": 0.7837263998077072, "test_score": 0.7653689284390063}