{"0": {"precision": 0.7647058823529411, "recall": 0.8297872340425532, "f1-score": 0.7959183673469388, "support": 47.0}, "1": {"precision": 0.5, "recall": 0.4, "f1-score": 0.4444444444444444, "support": 20.0}, "accuracy": 0.7014925373134329, "macro avg": {"precision": 0.6323529411764706, "recall": 0.6148936170212767, "f1-score": 0.6201814058956916, "support": 67.0}, "weighted avg": {"precision": 0.6856892010535557, "recall": 0.7014925373134329, "f1-score": 0.6910007784208211, "support": 67.0}}