{"best_estimator": "HistGradientBoostingClassifier(learning_rate=0.5)", "best_score": 0.561032032567237, "test_score": 0.5679012345679013}