{"best_estimator": "HistGradientBoostingClassifier(learning_rate=0.5)", "best_score": 0.5720153297939887, "test_score": 0.5363636363636364}