{"0": {"precision": 0.41379310344827586, "recall": 0.5454545454545454, "f1-score": 0.47058823529411764, "support": 22.0}, "1": {"precision": 0.4117647058823529, "recall": 0.2916666666666667, "f1-score": 0.34146341463414637, "support": 24.0}, "accuracy": 0.41304347826086957, "macro avg": {"precision": 0.4127789046653144, "recall": 0.4185606060606061, "f1-score": 0.406025824964132, "support": 46.0}, "weighted avg": {"precision": 0.41273480906605525, "recall": 0.41304347826086957, "f1-score": 0.40321876364543696, "support": 46.0}}