{"best_estimator": "HistGradientBoostingClassifier()", "best_score": 0.5684973938727289, "test_score": 0.6258503401360545}