{"best_estimator": "KNeighborsClassifier(p=1, weights='distance')", "best_score": 0.5933463139213544, "test_score": 0.514825105621741}