{"best_estimator": "KNeighborsClassifier(n_neighbors=15, weights='distance')", "best_score": 0.5621007813210039, "test_score": 0.5555555555555556}