{"best_estimator": "RandomForestClassifier(criterion='entropy', n_estimators=150)", "best_score": 0.5736277277819516, "test_score": 0.4728778467908903}