{"0": {"precision": 0.7954545454545454, "recall": 0.7446808510638298, "f1-score": 0.7692307692307693, "support": 47.0}, "1": {"precision": 0.4782608695652174, "recall": 0.55, "f1-score": 0.5116279069767442, "support": 20.0}, "accuracy": 0.6865671641791045, "macro avg": {"precision": 0.6368577075098814, "recall": 0.6473404255319148, "f1-score": 0.6404293381037567, "support": 67.0}, "weighted avg": {"precision": 0.7007698660845968, "recall": 0.6865671641791045, "f1-score": 0.6923343924385229, "support": 67.0}}