{"best_estimator": "AdaBoostClassifier(algorithm='SAMME', learning_rate=0.1)", "best_score": 0.6853384626942812, "test_score": 0.6672539983735429}