{"best_estimator": "BernoulliNB()", "best_score": 0.6528790951086341, "test_score": 0.5161290322580645}