{"best_estimator": "BernoulliNB()", "best_score": 0.6450684797506722, "test_score": 0.49359959037378387}