{"best_estimator": "BernoulliNB()", "best_score": 0.623726312229317, "test_score": 0.6473859844271413}