{"best_estimator": "HistGradientBoostingClassifier()", "best_score": 0.6379191012845205, "test_score": 0.7114976236222066}