{"best_estimator": "HistGradientBoostingClassifier(learning_rate=0.01)", "best_score": 0.6737245929195985, "test_score": 0.6036199095022624}