{"best_estimator": "HistGradientBoostingClassifier()", "best_score": 0.6939992220899649, "test_score": 0.5779250217959897}