{"best_estimator": "HistGradientBoostingClassifier(learning_rate=0.05)", "best_score": 0.6762024026881504, "test_score": 0.6474629468177856}