{"best_estimator": "HistGradientBoostingClassifier()", "best_score": 0.6863354989519047, "test_score": 0.6474629468177856}