{"best_estimator": "KNeighborsClassifier(p=3, weights='distance')", "best_score": 0.7039824195402613, "test_score": 0.7446925834022609}