{"best_estimator": "RandomForestClassifier(n_estimators=200)", "best_score": 0.6429098799150713, "test_score": 0.6419966195562269}