{"best_estimator": "RandomForestClassifier(max_depth=2)", "best_score": 0.642271393556731, "test_score": 0.6036199095022624}