{"best_estimator": "RandomForestClassifier(criterion='log_loss')", "best_score": 0.6383503106837892, "test_score": 0.6327975722153534}