{"0": {"precision": 1.0, "recall": 0.6785714285714286, "f1-score": 0.8085106382978723, "support": 28.0}, "1": {"precision": 0.5909090909090909, "recall": 1.0, "f1-score": 0.7428571428571429, "support": 13.0}, "accuracy": 0.7804878048780488, "macro avg": {"precision": 0.7954545454545454, "recall": 0.8392857142857143, "f1-score": 0.7756838905775076, "support": 41.0}, "weighted avg": {"precision": 0.8702882483370288, "recall": 0.7804878048780488, "f1-score": 0.7876936763288606, "support": 41.0}}