{"0": {"precision": 1.0, "recall": 0.7407407407407407, "f1-score": 0.851063829787234, "support": 27.0}, "1": {"precision": 0.65, "recall": 1.0, "f1-score": 0.7878787878787878, "support": 13.0}, "accuracy": 0.825, "macro avg": {"precision": 0.825, "recall": 0.8703703703703703, "f1-score": 0.819471308833011, "support": 40.0}, "weighted avg": {"precision": 0.8862500000000001, "recall": 0.825, "f1-score": 0.830528691166989, "support": 40.0}}