{"best_estimator": "BernoulliNB()", "best_score": 0.5951740756836157, "test_score": 0.6658886684560625}