{"best_estimator": "BernoulliNB()", "best_score": 0.5905390446954283, "test_score": 0.38697916666666665}