{"best_estimator": "BernoulliNB()", "best_score": 0.572819758470541, "test_score": 0.5295454545454545}