{"0": {"precision": 1.0, "recall": 0.3333333333333333, "f1-score": 0.5, "support": 27.0}, "1": {"precision": 0.41935483870967744, "recall": 1.0, "f1-score": 0.5909090909090909, "support": 13.0}, "accuracy": 0.55, "macro avg": {"precision": 0.7096774193548387, "recall": 0.6666666666666666, "f1-score": 0.5454545454545454, "support": 40.0}, "weighted avg": {"precision": 0.8112903225806452, "recall": 0.55, "f1-score": 0.5295454545454545, "support": 40.0}}