{"best_estimator": "HistGradientBoostingClassifier()", "best_score": 0.7634190744655861, "test_score": 0.7800202839756591}