{"best_estimator": "HistGradientBoostingClassifier()", "best_score": 0.7487810768410995, "test_score": 0.7725454545454545}