{"0": {"precision": 0.9166666666666666, "recall": 0.8148148148148148, "f1-score": 0.8627450980392157, "support": 27.0}, "1": {"precision": 0.6875, "recall": 0.8461538461538461, "f1-score": 0.7586206896551724, "support": 13.0}, "accuracy": 0.825, "macro avg": {"precision": 0.8020833333333333, "recall": 0.8304843304843305, "f1-score": 0.810682893847194, "support": 40.0}, "weighted avg": {"precision": 0.8421875, "recall": 0.825, "f1-score": 0.8289046653144017, "support": 40.0}}