{"best_estimator": "HistGradientBoostingClassifier(learning_rate=0.01)", "best_score": 0.7581482867698243, "test_score": 0.8032967032967033}