{"0": {"precision": 0.8823529411764706, "recall": 0.5555555555555556, "f1-score": 0.6818181818181818, "support": 27.0}, "1": {"precision": 0.4782608695652174, "recall": 0.8461538461538461, "f1-score": 0.6111111111111112, "support": 13.0}, "accuracy": 0.65, "macro avg": {"precision": 0.6803069053708439, "recall": 0.7008547008547008, "f1-score": 0.6464646464646464, "support": 40.0}, "weighted avg": {"precision": 0.7510230179028132, "recall": 0.65, "f1-score": 0.6588383838383838, "support": 40.0}}