{"0": {"precision": 0.9523809523809523, "recall": 0.7407407407407407, "f1-score": 0.8333333333333334, "support": 27.0}, "1": {"precision": 0.631578947368421, "recall": 0.9230769230769231, "f1-score": 0.75, "support": 13.0}, "accuracy": 0.8, "macro avg": {"precision": 0.7919799498746867, "recall": 0.8319088319088319, "f1-score": 0.7916666666666667, "support": 40.0}, "weighted avg": {"precision": 0.8481203007518797, "recall": 0.8, "f1-score": 0.80625, "support": 40.0}}