{"best_estimator": "KNeighborsClassifier(p=3, weights='distance')", "best_score": 0.6796495097358883, "test_score": 0.7331468071099407}