{"best_estimator": "KNeighborsClassifier(n_neighbors=10, p=3, weights='distance')", "best_score": 0.7043716729359539, "test_score": 0.7328571428571429}