{"0": {"precision": 0.95, "recall": 0.6785714285714286, "f1-score": 0.7916666666666666, "support": 28.0}, "1": {"precision": 0.5714285714285714, "recall": 0.9230769230769231, "f1-score": 0.7058823529411765, "support": 13.0}, "accuracy": 0.7560975609756098, "macro avg": {"precision": 0.7607142857142857, "recall": 0.8008241758241759, "f1-score": 0.7487745098039216, "support": 41.0}, "weighted avg": {"precision": 0.829965156794425, "recall": 0.7560975609756098, "f1-score": 0.764466762314682, "support": 41.0}}