{"best_estimator": "RandomForestClassifier(criterion='entropy', n_estimators=150)", "best_score": 0.6119246708233707, "test_score": 0.7501401738155312}