{"best_estimator": "RandomForestClassifier(n_estimators=300)", "best_score": 0.646539083299994, "test_score": 0.7464624676445211}