{"best_estimator": "AdaBoostClassifier(algorithm='SAMME', learning_rate=0.01, n_estimators=200)", "best_score": 0.7838050489776968, "test_score": 0.7408602150537634}