{"0": {"precision": 0.875, "recall": 0.8235294117647058, "f1-score": 0.8484848484848485, "support": 17.0}, "1": {"precision": 0.7857142857142857, "recall": 0.8461538461538461, "f1-score": 0.8148148148148148, "support": 13.0}, "accuracy": 0.8333333333333334, "macro avg": {"precision": 0.8303571428571428, "recall": 0.8348416289592759, "f1-score": 0.8316498316498316, "support": 30.0}, "weighted avg": {"precision": 0.8363095238095238, "recall": 0.8333333333333334, "f1-score": 0.8338945005611672, "support": 30.0}}