{"best_estimator": "AdaBoostClassifier(algorithm='SAMME', learning_rate=0.001, n_estimators=200)", "best_score": 0.780946495165401, "test_score": 0.7403225806451613}