{"best_estimator": "BernoulliNB()", "best_score": 0.36339136990754073, "test_score": 0.3884408602150538}