{"best_estimator": "BernoulliNB()", "best_score": 0.3385956793090997, "test_score": 0.4265964450296248}