{"best_estimator": "BernoulliNB()", "best_score": 0.3269682222825024, "test_score": 0.3884408602150538}