{"best_estimator": "HistGradientBoostingClassifier(learning_rate=0.01)", "best_score": 0.7723029082546657, "test_score": 0.774665453197155}