{"0": {"precision": 0.7368421052631579, "recall": 0.7777777777777778, "f1-score": 0.7567567567567568, "support": 18.0}, "1": {"precision": 0.6666666666666666, "recall": 0.6153846153846154, "f1-score": 0.64, "support": 13.0}, "accuracy": 0.7096774193548387, "macro avg": {"precision": 0.7017543859649122, "recall": 0.6965811965811965, "f1-score": 0.6983783783783784, "support": 31.0}, "weighted avg": {"precision": 0.7074136955291453, "recall": 0.7096774193548387, "f1-score": 0.7077942458587619, "support": 31.0}}