{"best_estimator": "KNeighborsClassifier(n_neighbors=20, p=1, weights='distance')", "best_score": 0.7295956936642802, "test_score": 0.8387096774193549}