{"best_estimator": "RandomForestClassifier(max_depth=2, n_estimators=300)", "best_score": 0.7908559386655549, "test_score": 0.7741935483870968}