{"best_estimator": "BernoulliNB()", "best_score": 0.5352428875542542, "test_score": 0.5299120234604107}