{"best_estimator": "BernoulliNB()", "best_score": 0.5337326781746515, "test_score": 0.549789621318373}