{"best_estimator": "BernoulliNB()", "best_score": 0.5351786849023584, "test_score": 0.5747800586510264}