{"best_estimator": "BernoulliNB()", "best_score": 0.5400308763583539, "test_score": 0.5620723362658847}