{"best_estimator": "HistGradientBoostingClassifier(learning_rate=0.05)", "best_score": 0.6472031953949855, "test_score": 0.6428596338273758}