{"best_estimator": "KNeighborsClassifier(p=3, weights='distance')", "best_score": 0.6588864545529888, "test_score": 0.6995616499943801}