{"best_estimator": "RandomForestClassifier(max_depth=6, n_estimators=400)", "best_score": 0.6829664633667472, "test_score": 0.6327975722153534}