{"best_estimator": "RandomForestClassifier(criterion='entropy', max_depth=6)", "best_score": 0.6516755958292323, "test_score": 0.5970674486803519}