{"0": {"precision": 0.5714285714285714, "recall": 0.23529411764705882, "f1-score": 0.3333333333333333, "support": 17.0}, "1": {"precision": 0.4583333333333333, "recall": 0.7857142857142857, "f1-score": 0.5789473684210527, "support": 14.0}, "accuracy": 0.4838709677419355, "macro avg": {"precision": 0.5148809523809523, "recall": 0.5105042016806722, "f1-score": 0.45614035087719296, "support": 31.0}, "weighted avg": {"precision": 0.520353302611367, "recall": 0.4838709677419355, "f1-score": 0.4442558007923033, "support": 31.0}}