{"best_estimator": "BernoulliNB()", "best_score": 0.4511989343785179, "test_score": 0.5831918505942276}