{"best_estimator": "HistGradientBoostingClassifier(learning_rate=0.05)", "best_score": 0.7366353678016895, "test_score": 0.6459028550241008}