{"best_estimator": "KNeighborsClassifier(n_neighbors=20, p=1, weights='distance')", "best_score": 0.7249770691098686, "test_score": 0.6666666666666666}