{"best_estimator": "RandomForestClassifier(max_depth=2, n_estimators=150)", "best_score": 0.7594656742216251, "test_score": 0.6713201409596097}