{"best_estimator": "AdaBoostClassifier(algorithm='SAMME', learning_rate=0.5, n_estimators=150)", "best_score": 0.47985431812818824, "test_score": 0.4419642857142857}