{"0": {"precision": 0.5454545454545454, "recall": 0.6, "f1-score": 0.5714285714285714, "support": 20.0}, "1": {"precision": 0.2727272727272727, "recall": 0.23076923076923078, "f1-score": 0.25, "support": 13.0}, "accuracy": 0.45454545454545453, "macro avg": {"precision": 0.40909090909090906, "recall": 0.41538461538461535, "f1-score": 0.4107142857142857, "support": 33.0}, "weighted avg": {"precision": 0.4380165289256198, "recall": 0.45454545454545453, "f1-score": 0.44480519480519476, "support": 33.0}}