{"best_estimator": "BernoulliNB()", "best_score": 0.3363991682691556, "test_score": 0.22266139657444003}