{"best_estimator": "BernoulliNB()", "best_score": 0.3459141333940828, "test_score": 0.28532948532948527}