{"best_estimator": "HistGradientBoostingClassifier(learning_rate=0.5)", "best_score": 0.5184944245330282, "test_score": 0.4649358974358974}