{"best_estimator": "HistGradientBoostingClassifier(learning_rate=0.5)", "best_score": 0.4749390880873386, "test_score": 0.6739718614718614}