{"best_estimator": "HistGradientBoostingClassifier(learning_rate=0.5)", "best_score": 0.5038634019545786, "test_score": 0.4275230941897608}