{"best_estimator": "KNeighborsClassifier(p=1, weights='distance')", "best_score": 0.40155003798092787, "test_score": 0.5335960960960962}