{"0": {"precision": 0.6, "recall": 0.45, "f1-score": 0.5142857142857142, "support": 20.0}, "1": {"precision": 0.3888888888888889, "recall": 0.5384615384615384, "f1-score": 0.45161290322580644, "support": 13.0}, "accuracy": 0.48484848484848486, "macro avg": {"precision": 0.49444444444444446, "recall": 0.49423076923076925, "f1-score": 0.48294930875576036, "support": 33.0}, "weighted avg": {"precision": 0.5168350168350169, "recall": 0.48484848484848486, "f1-score": 0.489596425080296, "support": 33.0}}