{"0": {"precision": 0.5384615384615384, "recall": 0.3684210526315789, "f1-score": 0.4375, "support": 19.0}, "1": {"precision": 0.3684210526315789, "recall": 0.5384615384615384, "f1-score": 0.4375, "support": 13.0}, "accuracy": 0.4375, "macro avg": {"precision": 0.45344129554655865, "recall": 0.45344129554655865, "f1-score": 0.4375, "support": 32.0}, "weighted avg": {"precision": 0.46938259109311736, "recall": 0.4375, "f1-score": 0.4375, "support": 32.0}}