{"best_estimator": "RandomForestClassifier(criterion='log_loss', n_estimators=200)", "best_score": 0.4749485652737957, "test_score": 0.4649358974358974}