{"best_estimator": "RandomForestClassifier()", "best_score": 0.4975060287842135, "test_score": 0.5821182396606575}