{"best_estimator": "RandomForestClassifier(criterion='log_loss', n_estimators=400)", "best_score": 0.43062629311320305, "test_score": 0.5908333333333333}