{"0": {"precision": 0.5263157894736842, "recall": 0.5263157894736842, "f1-score": 0.5263157894736842, "support": 19.0}, "1": {"precision": 0.3076923076923077, "recall": 0.3076923076923077, "f1-score": 0.3076923076923077, "support": 13.0}, "accuracy": 0.4375, "macro avg": {"precision": 0.41700404858299595, "recall": 0.41700404858299595, "f1-score": 0.41700404858299595, "support": 32.0}, "weighted avg": {"precision": 0.4375, "recall": 0.4375, "f1-score": 0.4375, "support": 32.0}}