{"best_estimator": "RandomForestClassifier(criterion='entropy', n_estimators=300)", "best_score": 0.41508236082205807, "test_score": 0.4092217217217217}