{"best_estimator": "BernoulliNB()", "best_score": 0.6371589688423593, "test_score": 0.49885583524027466}