{"best_estimator": "BernoulliNB()", "best_score": 0.7020992849323944, "test_score": 0.6433913017977068}