{"best_estimator": "BernoulliNB()", "best_score": 0.6381274729138825, "test_score": 0.4414715719063545}