{"0": {"precision": 0.5918367346938775, "recall": 0.90625, "f1-score": 0.7160493827160493, "support": 32.0}, "1": {"precision": 0.5714285714285714, "recall": 0.16666666666666666, "f1-score": 0.25806451612903225, "support": 24.0}, "accuracy": 0.5892857142857143, "macro avg": {"precision": 0.5816326530612245, "recall": 0.5364583333333334, "f1-score": 0.4870569494225408, "support": 56.0}, "weighted avg": {"precision": 0.5830903790087464, "recall": 0.5892857142857143, "f1-score": 0.5197701541787563, "support": 56.0}}