{"best_estimator": "BernoulliNB()", "best_score": 0.6656144622379033, "test_score": 0.5197701541787563}