{"best_estimator": "HistGradientBoostingClassifier()", "best_score": 0.7630589047828867, "test_score": 0.8317460317460318}