{"best_estimator": "HistGradientBoostingClassifier(learning_rate=0.5)", "best_score": 0.7253252193073975, "test_score": 0.496818970503181}