{"best_estimator": "HistGradientBoostingClassifier(learning_rate=0.05)", "best_score": 0.7231322098457518, "test_score": 0.8372770294867128}