{"0": {"precision": 0.9230769230769231, "recall": 0.8, "f1-score": 0.8571428571428571, "support": 15.0}, "1": {"precision": 0.5714285714285714, "recall": 0.8, "f1-score": 0.6666666666666666, "support": 5.0}, "accuracy": 0.8, "macro avg": {"precision": 0.7472527472527473, "recall": 0.8, "f1-score": 0.7619047619047619, "support": 20.0}, "weighted avg": {"precision": 0.8351648351648352, "recall": 0.8, "f1-score": 0.8095238095238095, "support": 20.0}}