{"0": {"precision": 0.8484848484848485, "recall": 0.717948717948718, "f1-score": 0.7777777777777778, "support": 39.0}, "1": {"precision": 0.42105263157894735, "recall": 0.6153846153846154, "f1-score": 0.5, "support": 13.0}, "accuracy": 0.6923076923076923, "macro avg": {"precision": 0.634768740031898, "recall": 0.6666666666666667, "f1-score": 0.6388888888888888, "support": 52.0}, "weighted avg": {"precision": 0.7416267942583732, "recall": 0.6923076923076923, "f1-score": 0.7083333333333333, "support": 52.0}}