{"best_estimator": "KNeighborsClassifier(p=3)", "best_score": 0.7433352715030335, "test_score": 0.6577107103422892}