{"best_estimator": "KNeighborsClassifier(n_neighbors=15, p=3, weights='distance')", "best_score": 0.7106990756385337, "test_score": 0.8095238095238095}