{"best_estimator": "KNeighborsClassifier(n_neighbors=15, p=3, weights='distance')", "best_score": 0.7174998770790527, "test_score": 0.7080213903743315}