{"best_estimator": "KNeighborsClassifier(n_neighbors=7)", "best_score": 0.7364143743149164, "test_score": 0.7083333333333333}