{"0": {"precision": 0.6571428571428571, "recall": 0.71875, "f1-score": 0.6865671641791045, "support": 32.0}, "1": {"precision": 0.5714285714285714, "recall": 0.5, "f1-score": 0.5333333333333333, "support": 24.0}, "accuracy": 0.625, "macro avg": {"precision": 0.6142857142857143, "recall": 0.609375, "f1-score": 0.609950248756219, "support": 56.0}, "weighted avg": {"precision": 0.6204081632653061, "recall": 0.625, "f1-score": 0.6208955223880598, "support": 56.0}}