{"best_estimator": "RandomForestClassifier(criterion='log_loss', n_estimators=400)", "best_score": 0.7469911913830014, "test_score": 0.7401433691756273}