{"best_estimator": "RandomForestClassifier(criterion='entropy')", "best_score": 0.7314616476738901, "test_score": 0.7883040935672515}