{"0": {"precision": 0.6363636363636364, "recall": 0.7777777777777778, "f1-score": 0.7, "support": 9.0}, "1": {"precision": 0.75, "recall": 0.6, "f1-score": 0.6666666666666666, "support": 10.0}, "accuracy": 0.6842105263157895, "macro avg": {"precision": 0.6931818181818181, "recall": 0.6888888888888889, "f1-score": 0.6833333333333333, "support": 19.0}, "weighted avg": {"precision": 0.6961722488038277, "recall": 0.6842105263157895, "f1-score": 0.6824561403508771, "support": 19.0}}