{"best_estimator": "RandomForestClassifier(criterion='log_loss')", "best_score": 0.7283114867208615, "test_score": 0.8467532467532467}