{"best_estimator": "RandomForestClassifier(criterion='log_loss')", "best_score": 0.730140686945261, "test_score": 0.562232905982906}