{"0": {"precision": 0.7083333333333334, "recall": 0.6538461538461539, "f1-score": 0.68, "support": 26.0}, "1": {"precision": 0.47058823529411764, "recall": 0.5333333333333333, "f1-score": 0.5, "support": 15.0}, "accuracy": 0.6097560975609756, "macro avg": {"precision": 0.5894607843137255, "recall": 0.5935897435897436, "f1-score": 0.5900000000000001, "support": 41.0}, "weighted avg": {"precision": 0.6213534194165471, "recall": 0.6097560975609756, "f1-score": 0.6141463414634146, "support": 41.0}}