{"best_estimator": "BernoulliNB()", "best_score": 0.44933099162060774, "test_score": 0.35027472527472525}