{"best_estimator": "BernoulliNB()", "best_score": 0.450983498273373, "test_score": 0.3092516314157449}