{"best_estimator": "BernoulliNB()", "best_score": 0.4100535943161904, "test_score": 0.39300202839756593}