{"best_estimator": "BernoulliNB()", "best_score": 0.459973842185712, "test_score": 0.25641025641025644}