{"best_estimator": "HistGradientBoostingClassifier()", "best_score": 0.5681843054431697, "test_score": 0.7046035805626598}