{"best_estimator": "HistGradientBoostingClassifier(learning_rate=0.05)", "best_score": 0.5599179792602706, "test_score": 0.62379896526238}