{"best_estimator": "HistGradientBoostingClassifier()", "best_score": 0.6099083370705867, "test_score": 0.584045584045584}