{"best_estimator": "HistGradientBoostingClassifier(learning_rate=0.05)", "best_score": 0.5714355181170622, "test_score": 0.74002849002849}