{"0": {"precision": 0.8666666666666667, "recall": 0.52, "f1-score": 0.65, "support": 25.0}, "1": {"precision": 0.52, "recall": 0.8666666666666667, "f1-score": 0.65, "support": 15.0}, "accuracy": 0.65, "macro avg": {"precision": 0.6933333333333334, "recall": 0.6933333333333334, "f1-score": 0.65, "support": 40.0}, "weighted avg": {"precision": 0.7366666666666667, "recall": 0.65, "f1-score": 0.65, "support": 40.0}}