{"best_estimator": "KNeighborsClassifier(n_neighbors=20, p=3, weights='distance')", "best_score": 0.5162652466798334, "test_score": 0.5365853658536586}