{"best_estimator": "RandomForestClassifier(criterion='log_loss')", "best_score": 0.537287645417076, "test_score": 0.6623780487804878}