{"best_estimator": "RandomForestClassifier(criterion='entropy', n_estimators=300)", "best_score": 0.5332209079906217, "test_score": 0.6454996186117467}