{"best_estimator": "BernoulliNB()", "best_score": 0.5804987973740844, "test_score": 0.46546382358301436}