{"0": {"precision": 0.5675675675675675, "recall": 0.84, "f1-score": 0.6774193548387096, "support": 25.0}, "1": {"precision": 0.5555555555555556, "recall": 0.23809523809523808, "f1-score": 0.3333333333333333, "support": 21.0}, "accuracy": 0.5652173913043478, "macro avg": {"precision": 0.5615615615615616, "recall": 0.539047619047619, "f1-score": 0.5053763440860215, "support": 46.0}, "weighted avg": {"precision": 0.5620838229533882, "recall": 0.5652173913043478, "f1-score": 0.520336605890603, "support": 46.0}}