{"best_estimator": "KNeighborsClassifier(n_neighbors=15, p=1)", "best_score": 0.712009488762039, "test_score": 0.611111111111111}