{"best_estimator": "KNeighborsClassifier(n_neighbors=20, p=1)", "best_score": 0.7173173883698621, "test_score": 0.8005937654626422}