{"best_estimator": "RandomForestClassifier(max_depth=2, n_estimators=150)", "best_score": 0.7404299083719288, "test_score": 0.8888888888888888}