{"0": {"precision": 0.85, "recall": 0.6538461538461539, "f1-score": 0.7391304347826086, "support": 26.0}, "1": {"precision": 0.5263157894736842, "recall": 0.7692307692307693, "f1-score": 0.625, "support": 13.0}, "accuracy": 0.6923076923076923, "macro avg": {"precision": 0.6881578947368421, "recall": 0.7115384615384616, "f1-score": 0.6820652173913043, "support": 39.0}, "weighted avg": {"precision": 0.7421052631578947, "recall": 0.6923076923076923, "f1-score": 0.7010869565217391, "support": 39.0}}