{"0": {"precision": 0.8214285714285714, "recall": 0.8518518518518519, "f1-score": 0.8363636363636363, "support": 27.0}, "1": {"precision": 0.6363636363636364, "recall": 0.5833333333333334, "f1-score": 0.6086956521739131, "support": 12.0}, "accuracy": 0.7692307692307693, "macro avg": {"precision": 0.7288961038961039, "recall": 0.7175925925925926, "f1-score": 0.7225296442687748, "support": 39.0}, "weighted avg": {"precision": 0.7644855144855145, "recall": 0.7692307692307693, "f1-score": 0.7663119489206446, "support": 39.0}}