{"best_estimator": "BernoulliNB()", "best_score": 0.619363894018419, "test_score": 0.6352357320099256}