{"0": {"precision": 0.6764705882352942, "recall": 0.8846153846153846, "f1-score": 0.7666666666666667, "support": 26.0}, "1": {"precision": 0.4, "recall": 0.15384615384615385, "f1-score": 0.2222222222222222, "support": 13.0}, "accuracy": 0.6410256410256411, "macro avg": {"precision": 0.5382352941176471, "recall": 0.5192307692307692, "f1-score": 0.49444444444444446, "support": 39.0}, "weighted avg": {"precision": 0.5843137254901961, "recall": 0.6410256410256411, "f1-score": 0.5851851851851853, "support": 39.0}}