{"best_estimator": "BernoulliNB()", "best_score": 0.6439520215536458, "test_score": 0.6450388265746333}