{"best_estimator": "BernoulliNB()", "best_score": 0.658635638832794, "test_score": 0.6444444444444445}