{"best_estimator": "BernoulliNB()", "best_score": 0.6166512447326935, "test_score": 0.7136752136752137}