{"best_estimator": "BernoulliNB()", "best_score": 0.6425409525978959, "test_score": 0.5851851851851853}