{"best_estimator": "BernoulliNB()", "best_score": 0.622214541830398, "test_score": 0.6479128856624319}