{"best_estimator": "HistGradientBoostingClassifier(learning_rate=0.05)", "best_score": 0.7428816978505896, "test_score": 0.7204066811909948}