{"0": {"precision": 0.875, "recall": 0.8076923076923077, "f1-score": 0.84, "support": 26.0}, "1": {"precision": 0.6428571428571429, "recall": 0.75, "f1-score": 0.6923076923076923, "support": 12.0}, "accuracy": 0.7894736842105263, "macro avg": {"precision": 0.7589285714285714, "recall": 0.7788461538461539, "f1-score": 0.7661538461538462, "support": 38.0}, "weighted avg": {"precision": 0.8016917293233083, "recall": 0.7894736842105263, "f1-score": 0.7933603238866397, "support": 38.0}}