{"best_estimator": "HistGradientBoostingClassifier(learning_rate=0.05)", "best_score": 0.747965748305141, "test_score": 0.8224092888243834}