{"best_estimator": "HistGradientBoostingClassifier()", "best_score": 0.7234585194955522, "test_score": 0.7663119489206446}