{"0": {"precision": 0.8076923076923077, "recall": 0.7777777777777778, "f1-score": 0.7924528301886793, "support": 27.0}, "1": {"precision": 0.5384615384615384, "recall": 0.5833333333333334, "f1-score": 0.56, "support": 12.0}, "accuracy": 0.717948717948718, "macro avg": {"precision": 0.6730769230769231, "recall": 0.6805555555555556, "f1-score": 0.6762264150943397, "support": 39.0}, "weighted avg": {"precision": 0.7248520710059171, "recall": 0.717948717948718, "f1-score": 0.7209288824383163, "support": 39.0}}