{"0": {"precision": 0.7391304347826086, "recall": 0.6538461538461539, "f1-score": 0.6938775510204082, "support": 26.0}, "1": {"precision": 0.4375, "recall": 0.5384615384615384, "f1-score": 0.4827586206896552, "support": 13.0}, "accuracy": 0.6153846153846154, "macro avg": {"precision": 0.5883152173913043, "recall": 0.5961538461538461, "f1-score": 0.5883180858550316, "support": 39.0}, "weighted avg": {"precision": 0.6385869565217391, "recall": 0.6153846153846154, "f1-score": 0.6235045742434906, "support": 39.0}}