{"0": {"precision": 0.6785714285714286, "recall": 0.7307692307692307, "f1-score": 0.7037037037037037, "support": 26.0}, "1": {"precision": 0.36363636363636365, "recall": 0.3076923076923077, "f1-score": 0.3333333333333333, "support": 13.0}, "accuracy": 0.5897435897435898, "macro avg": {"precision": 0.5211038961038961, "recall": 0.5192307692307692, "f1-score": 0.5185185185185185, "support": 39.0}, "weighted avg": {"precision": 0.5735930735930735, "recall": 0.5897435897435898, "f1-score": 0.5802469135802469, "support": 39.0}}