{"best_estimator": "KNeighborsClassifier(n_neighbors=10, p=3)", "best_score": 0.7051145122014146, "test_score": 0.6613828689370486}