{"best_estimator": "RandomForestClassifier(criterion='log_loss', n_estimators=150)", "best_score": 0.7321518959143226, "test_score": 0.7486447539971178}