{"0": {"precision": 0.7575757575757576, "recall": 0.9615384615384616, "f1-score": 0.847457627118644, "support": 26.0}, "1": {"precision": 0.8333333333333334, "recall": 0.38461538461538464, "f1-score": 0.5263157894736842, "support": 13.0}, "accuracy": 0.7692307692307693, "macro avg": {"precision": 0.7954545454545454, "recall": 0.6730769230769231, "f1-score": 0.686886708296164, "support": 39.0}, "weighted avg": {"precision": 0.7828282828282829, "recall": 0.7692307692307693, "f1-score": 0.7404103479036573, "support": 39.0}}