{"best_estimator": "AdaBoostClassifier(algorithm='SAMME', learning_rate=0.01, n_estimators=200)", "best_score": 0.7373066115148548, "test_score": 0.7424731182795699}