{"best_estimator": "BernoulliNB()", "best_score": 0.5368891306388541, "test_score": 0.5723502304147465}