{"best_estimator": "BernoulliNB()", "best_score": 0.5133988622941621, "test_score": 0.5465512719643326}