{"0": {"precision": 0.5714285714285714, "recall": 0.7058823529411765, "f1-score": 0.631578947368421, "support": 17.0}, "1": {"precision": 0.4444444444444444, "recall": 0.3076923076923077, "f1-score": 0.36363636363636365, "support": 13.0}, "accuracy": 0.5333333333333333, "macro avg": {"precision": 0.5079365079365079, "recall": 0.5067873303167421, "f1-score": 0.49760765550239233, "support": 30.0}, "weighted avg": {"precision": 0.5164021164021163, "recall": 0.5333333333333333, "f1-score": 0.5154704944178629, "support": 30.0}}