{"best_estimator": "BernoulliNB()", "best_score": 0.5811368082464183, "test_score": 0.5619448340345955}