{"best_estimator": "BernoulliNB()", "best_score": 0.584592934395306, "test_score": 0.5154704944178629}