{"0": {"precision": 0.5833333333333334, "recall": 0.8235294117647058, "f1-score": 0.6829268292682927, "support": 17.0}, "1": {"precision": 0.5714285714285714, "recall": 0.2857142857142857, "f1-score": 0.38095238095238093, "support": 14.0}, "accuracy": 0.5806451612903226, "macro avg": {"precision": 0.5773809523809523, "recall": 0.5546218487394958, "f1-score": 0.5319396051103369, "support": 31.0}, "weighted avg": {"precision": 0.5779569892473119, "recall": 0.5806451612903226, "f1-score": 0.5465512719643326, "support": 31.0}}