{"best_estimator": "HistGradientBoostingClassifier(learning_rate=0.05)", "best_score": 0.6867888729218474, "test_score": 0.6780913978494624}