{"best_estimator": "HistGradientBoostingClassifier(learning_rate=0.01)", "best_score": 0.6697333898332443, "test_score": 0.8068548387096776}