{"best_estimator": "HistGradientBoostingClassifier(learning_rate=0.01)", "best_score": 0.6390067981341195, "test_score": 0.6925969447708578}