{"best_estimator": "HistGradientBoostingClassifier(learning_rate=0.5)", "best_score": 0.6686340387550048, "test_score": 0.7077942458587619}