{"0": {"precision": 0.75, "recall": 0.7058823529411765, "f1-score": 0.7272727272727273, "support": 17.0}, "1": {"precision": 0.6428571428571429, "recall": 0.6923076923076923, "f1-score": 0.6666666666666666, "support": 13.0}, "accuracy": 0.7, "macro avg": {"precision": 0.6964285714285714, "recall": 0.6990950226244343, "f1-score": 0.696969696969697, "support": 30.0}, "weighted avg": {"precision": 0.7035714285714286, "recall": 0.7, "f1-score": 0.7010101010101011, "support": 30.0}}