{"best_estimator": "KNeighborsClassifier(n_neighbors=25, p=3)", "best_score": 0.7436275967162634, "test_score": 0.678763440860215}