{"best_estimator": "KNeighborsClassifier(n_neighbors=25, p=3, weights='distance')", "best_score": 0.7477482582895898, "test_score": 0.6459028550241008}