{"best_estimator": "KNeighborsClassifier(n_neighbors=25, p=3)", "best_score": 0.703369113104797, "test_score": 0.7435619409053944}