{"0": {"precision": 0.8, "recall": 0.8888888888888888, "f1-score": 0.8421052631578947, "support": 18.0}, "1": {"precision": 0.8181818181818182, "recall": 0.6923076923076923, "f1-score": 0.75, "support": 13.0}, "accuracy": 0.8064516129032258, "macro avg": {"precision": 0.8090909090909091, "recall": 0.7905982905982906, "f1-score": 0.7960526315789473, "support": 31.0}, "weighted avg": {"precision": 0.8076246334310851, "recall": 0.8064516129032258, "f1-score": 0.8034804753820033, "support": 31.0}}