{"best_estimator": "KNeighborsClassifier(n_neighbors=25, p=3)", "best_score": 0.7036427482070599, "test_score": 0.7741935483870968}