{"best_estimator": "RandomForestClassifier(max_depth=2, n_estimators=200)", "best_score": 0.7464221846257688, "test_score": 0.8376634699215345}