{"best_estimator": "BernoulliNB()", "best_score": 0.5482686450757053, "test_score": 0.3541102077687444}