{"best_estimator": "BernoulliNB()", "best_score": 0.5207676743089235, "test_score": 0.6262626262626263}