{"best_estimator": "HistGradientBoostingClassifier(learning_rate=0.05)", "best_score": 0.538985080401108, "test_score": 0.5627963207478843}