{"best_estimator": "HistGradientBoostingClassifier(learning_rate=0.05)", "best_score": 0.5455816323271693, "test_score": 0.5767982610087874}