{"0": {"precision": 0.6585365853658537, "recall": 0.7941176470588235, "f1-score": 0.72, "support": 34.0}, "1": {"precision": 0.5625, "recall": 0.391304347826087, "f1-score": 0.46153846153846156, "support": 23.0}, "accuracy": 0.631578947368421, "macro avg": {"precision": 0.6105182926829269, "recall": 0.5927109974424553, "f1-score": 0.5907692307692307, "support": 57.0}, "weighted avg": {"precision": 0.6197849807445442, "recall": 0.631578947368421, "f1-score": 0.6157085020242915, "support": 57.0}}