{"0": {"precision": 0.5555555555555556, "recall": 0.7142857142857143, "f1-score": 0.625, "support": 28.0}, "1": {"precision": 0.5555555555555556, "recall": 0.38461538461538464, "f1-score": 0.45454545454545453, "support": 26.0}, "accuracy": 0.5555555555555556, "macro avg": {"precision": 0.5555555555555556, "recall": 0.5494505494505495, "f1-score": 0.5397727272727273, "support": 54.0}, "weighted avg": {"precision": 0.5555555555555556, "recall": 0.5555555555555556, "f1-score": 0.5429292929292929, "support": 54.0}}