{"best_estimator": "RandomForestClassifier(criterion='log_loss', n_estimators=150)", "best_score": 0.5553875110979127, "test_score": 0.5066045066045066}