{"best_estimator": "RandomForestClassifier(criterion='entropy', n_estimators=150)", "best_score": 0.5038902165599086, "test_score": 0.6112071411010458}