{"best_estimator": "BernoulliNB()", "best_score": 0.6224106638261598, "test_score": 0.43756787973865224}