{"0": {"precision": 0.7, "recall": 0.21212121212121213, "f1-score": 0.32558139534883723, "support": 33.0}, "1": {"precision": 0.44680851063829785, "recall": 0.875, "f1-score": 0.5915492957746479, "support": 24.0}, "accuracy": 0.49122807017543857, "macro avg": {"precision": 0.573404255319149, "recall": 0.5435606060606061, "f1-score": 0.45856534556174255, "support": 57.0}, "weighted avg": {"precision": 0.5933930571108622, "recall": 0.49122807017543857, "f1-score": 0.43756787973865224, "support": 57.0}}