{"best_estimator": "BernoulliNB()", "best_score": 0.6029252680417192, "test_score": 0.37224880382775116}