{"0": {"precision": 0.75, "recall": 0.16666666666666666, "f1-score": 0.2727272727272727, "support": 36.0}, "1": {"precision": 0.3877551020408163, "recall": 0.9047619047619048, "f1-score": 0.5428571428571428, "support": 21.0}, "accuracy": 0.43859649122807015, "macro avg": {"precision": 0.5688775510204082, "recall": 0.5357142857142857, "f1-score": 0.40779220779220776, "support": 57.0}, "weighted avg": {"precision": 0.6165413533834586, "recall": 0.43859649122807015, "f1-score": 0.37224880382775116, "support": 57.0}}