{"best_estimator": "BernoulliNB()", "best_score": 0.6081863104942541, "test_score": 0.32144736842105265}