{"best_estimator": "HistGradientBoostingClassifier(learning_rate=0.05)", "best_score": 0.7644106195976549, "test_score": 0.7197802197802197}