{"0": {"precision": 0.7575757575757576, "recall": 0.7575757575757576, "f1-score": 0.7575757575757576, "support": 33.0}, "1": {"precision": 0.6666666666666666, "recall": 0.6666666666666666, "f1-score": 0.6666666666666666, "support": 24.0}, "accuracy": 0.7192982456140351, "macro avg": {"precision": 0.7121212121212122, "recall": 0.7121212121212122, "f1-score": 0.7121212121212122, "support": 57.0}, "weighted avg": {"precision": 0.7192982456140351, "recall": 0.7192982456140351, "f1-score": 0.7192982456140351, "support": 57.0}}