{"best_estimator": "HistGradientBoostingClassifier(learning_rate=0.05)", "best_score": 0.7689541025022146, "test_score": 0.7069147069147069}