{"0": {"precision": 0.8285714285714286, "recall": 0.8055555555555556, "f1-score": 0.8169014084507042, "support": 36.0}, "1": {"precision": 0.631578947368421, "recall": 0.6666666666666666, "f1-score": 0.6486486486486487, "support": 18.0}, "accuracy": 0.7592592592592593, "macro avg": {"precision": 0.7300751879699248, "recall": 0.7361111111111112, "f1-score": 0.7327750285496765, "support": 54.0}, "weighted avg": {"precision": 0.7629072681704261, "recall": 0.7592592592592593, "f1-score": 0.7608171551833524, "support": 54.0}}