{"best_estimator": "HistGradientBoostingClassifier()", "best_score": 0.7344909618983486, "test_score": 0.7863278886872354}