{"0": {"precision": 0.8181818181818182, "recall": 0.6, "f1-score": 0.6923076923076923, "support": 15.0}, "1": {"precision": 0.3333333333333333, "recall": 0.6, "f1-score": 0.42857142857142855, "support": 5.0}, "accuracy": 0.6, "macro avg": {"precision": 0.5757575757575758, "recall": 0.6, "f1-score": 0.5604395604395604, "support": 20.0}, "weighted avg": {"precision": 0.696969696969697, "recall": 0.6, "f1-score": 0.6263736263736264, "support": 20.0}}