{"0": {"precision": 0.8846153846153846, "recall": 0.5476190476190477, "f1-score": 0.6764705882352942, "support": 42.0}, "1": {"precision": 0.3870967741935484, "recall": 0.8, "f1-score": 0.5217391304347826, "support": 15.0}, "accuracy": 0.6140350877192983, "macro avg": {"precision": 0.6358560794044665, "recall": 0.6738095238095239, "f1-score": 0.5991048593350383, "support": 57.0}, "weighted avg": {"precision": 0.7536894345043751, "recall": 0.6140350877192983, "f1-score": 0.6357517835509491, "support": 57.0}}