{"0": {"precision": 0.8, "recall": 0.75, "f1-score": 0.7741935483870968, "support": 16.0}, "1": {"precision": 0.42857142857142855, "recall": 0.5, "f1-score": 0.46153846153846156, "support": 6.0}, "accuracy": 0.6818181818181818, "macro avg": {"precision": 0.6142857142857143, "recall": 0.625, "f1-score": 0.6178660049627791, "support": 22.0}, "weighted avg": {"precision": 0.6987012987012987, "recall": 0.6818181818181818, "f1-score": 0.6889239792465599, "support": 22.0}}