{"0": {"precision": 0.8888888888888888, "recall": 0.7272727272727273, "f1-score": 0.8, "support": 11.0}, "1": {"precision": 0.75, "recall": 0.9, "f1-score": 0.8181818181818182, "support": 10.0}, "accuracy": 0.8095238095238095, "macro avg": {"precision": 0.8194444444444444, "recall": 0.8136363636363637, "f1-score": 0.8090909090909091, "support": 21.0}, "weighted avg": {"precision": 0.8227513227513228, "recall": 0.8095238095238095, "f1-score": 0.8086580086580087, "support": 21.0}}