{"0": {"precision": 0.8656716417910447, "recall": 0.7837837837837838, "f1-score": 0.8226950354609929, "support": 74.0}, "1": {"precision": 0.42857142857142855, "recall": 0.5714285714285714, "f1-score": 0.4897959183673469, "support": 21.0}, "accuracy": 0.7368421052631579, "macro avg": {"precision": 0.6471215351812366, "recall": 0.6776061776061776, "f1-score": 0.6562454769141699, "support": 95.0}, "weighted avg": {"precision": 0.7690494893951296, "recall": 0.7368421052631579, "f1-score": 0.7491068095771343, "support": 95.0}}