{"precision": 0.7219378909588111, "recall": 0.7108186705206738, "f1": 0.7051798156094825}