{"best_estimator": "HistGradientBoostingClassifier(learning_rate=0.5)", "best_score": 0.5278325682209296, "test_score": 0.6363636363636364}