{"best_estimator": "HistGradientBoostingClassifier(learning_rate=0.5)", "best_score": 0.5949833040431552, "test_score": 0.6822916666666667}