{"best_estimator": "KNeighborsClassifier(p=1, weights='distance')", "best_score": 0.5051548748075799, "test_score": 0.6579704704704705}