{"0": {"precision": 0.75, "recall": 0.631578947368421, "f1-score": 0.6857142857142857, "support": 19.0}, "1": {"precision": 0.5882352941176471, "recall": 0.7142857142857143, "f1-score": 0.6451612903225806, "support": 14.0}, "accuracy": 0.6666666666666666, "macro avg": {"precision": 0.6691176470588236, "recall": 0.6729323308270676, "f1-score": 0.6654377880184332, "support": 33.0}, "weighted avg": {"precision": 0.6813725490196079, "recall": 0.6666666666666666, "f1-score": 0.6685099846390169, "support": 33.0}}