{"0": {"precision": 0.6, "recall": 0.75, "f1-score": 0.6666666666666666, "support": 20.0}, "1": {"precision": 0.375, "recall": 0.23076923076923078, "f1-score": 0.2857142857142857, "support": 13.0}, "accuracy": 0.5454545454545454, "macro avg": {"precision": 0.4875, "recall": 0.4903846153846154, "f1-score": 0.47619047619047616, "support": 33.0}, "weighted avg": {"precision": 0.5113636363636364, "recall": 0.5454545454545454, "f1-score": 0.5165945165945166, "support": 33.0}}