{"0": {"precision": 0.5714285714285714, "recall": 0.631578947368421, "f1-score": 0.6, "support": 19.0}, "1": {"precision": 0.36363636363636365, "recall": 0.3076923076923077, "f1-score": 0.3333333333333333, "support": 13.0}, "accuracy": 0.5, "macro avg": {"precision": 0.4675324675324675, "recall": 0.46963562753036436, "f1-score": 0.4666666666666667, "support": 32.0}, "weighted avg": {"precision": 0.487012987012987, "recall": 0.5, "f1-score": 0.4916666666666667, "support": 32.0}}