{"best_estimator": "BernoulliNB()", "best_score": 0.5223038408100741, "test_score": 0.5251095118898623}