{"best_estimator": "BernoulliNB()", "best_score": 0.5199559360711781, "test_score": 0.5858585858585859}