{"best_estimator": "BernoulliNB()", "best_score": 0.5137603200496434, "test_score": 0.5267045454545454}