{"0": {"precision": 0.6060606060606061, "recall": 1.0, "f1-score": 0.7547169811320755, "support": 20.0}, "1": {"precision": 0.0, "recall": 0.0, "f1-score": 0.0, "support": 13.0}, "accuracy": 0.6060606060606061, "macro avg": {"precision": 0.30303030303030304, "recall": 0.5, "f1-score": 0.37735849056603776, "support": 33.0}, "weighted avg": {"precision": 0.3673094582185491, "recall": 0.6060606060606061, "f1-score": 0.45740423098913663, "support": 33.0}}