{"best_estimator": "BernoulliNB()", "best_score": 0.5278146739579122, "test_score": 0.490391156462585}