{"best_estimator": "HistGradientBoostingClassifier(learning_rate=0.5)", "best_score": 0.5856907274961634, "test_score": 0.34794372294372294}