{"best_estimator": "RandomForestClassifier(criterion='log_loss', n_estimators=300)", "best_score": 0.5433413344962776, "test_score": 0.6537820512820514}