{"best_estimator": "RandomForestClassifier(max_depth=6)", "best_score": 0.5731700022846475, "test_score": 0.45909090909090905}