{"0": {"precision": 0.6428571428571429, "recall": 0.9, "f1-score": 0.75, "support": 20.0}, "1": {"precision": 0.6, "recall": 0.23076923076923078, "f1-score": 0.3333333333333333, "support": 13.0}, "accuracy": 0.6363636363636364, "macro avg": {"precision": 0.6214285714285714, "recall": 0.5653846153846154, "f1-score": 0.5416666666666666, "support": 33.0}, "weighted avg": {"precision": 0.625974025974026, "recall": 0.6363636363636364, "f1-score": 0.5858585858585859, "support": 33.0}}