{"best_estimator": "AdaBoostClassifier(algorithm='SAMME', learning_rate=0.01)", "best_score": 0.6601525285163502, "test_score": 0.6175066312997347}