{"0": {"precision": 0.6842105263157895, "recall": 1.0, "f1-score": 0.8125, "support": 26.0}, "1": {"precision": 0.0, "recall": 0.0, "f1-score": 0.0, "support": 12.0}, "accuracy": 0.6842105263157895, "macro avg": {"precision": 0.34210526315789475, "recall": 0.5, "f1-score": 0.40625, "support": 38.0}, "weighted avg": {"precision": 0.46814404432132967, "recall": 0.6842105263157895, "f1-score": 0.555921052631579, "support": 38.0}}