{"best_estimator": "BernoulliNB()", "best_score": 0.5467294954993479, "test_score": 0.5664335664335665}