{"best_estimator": "BernoulliNB()", "best_score": 0.5515267457846169, "test_score": 0.5408653846153846}