{"0": {"precision": 0.6756756756756757, "recall": 0.9259259259259259, "f1-score": 0.78125, "support": 27.0}, "1": {"precision": 0.0, "recall": 0.0, "f1-score": 0.0, "support": 12.0}, "accuracy": 0.6410256410256411, "macro avg": {"precision": 0.33783783783783783, "recall": 0.46296296296296297, "f1-score": 0.390625, "support": 39.0}, "weighted avg": {"precision": 0.46777546777546775, "recall": 0.6410256410256411, "f1-score": 0.5408653846153846, "support": 39.0}}