{"best_estimator": "HistGradientBoostingClassifier(learning_rate=0.01)", "best_score": 0.644543448465177, "test_score": 0.6479128856624319}