{"best_estimator": "HistGradientBoostingClassifier(learning_rate=0.5)", "best_score": 0.6158384814537418, "test_score": 0.5670995670995671}