{"best_estimator": "HistGradientBoostingClassifier(learning_rate=0.01)", "best_score": 0.5928373556926896, "test_score": 0.6927880326631441}