{"best_estimator": "HistGradientBoostingClassifier(learning_rate=0.01)", "best_score": 0.6018543662060557, "test_score": 0.7349603145167273}