{"best_estimator": "KNeighborsClassifier(n_neighbors=25)", "best_score": 0.5957313176086176, "test_score": 0.5735449735449735}