{"best_estimator": "KNeighborsClassifier(p=1, weights='distance')", "best_score": 0.6171143012499984, "test_score": 0.6278855032317636}