{"best_estimator": "KNeighborsClassifier(n_neighbors=15, weights='distance')", "best_score": 0.597093364412532, "test_score": 0.6841397849462366}