{"0": {"precision": 0.6756756756756757, "recall": 0.9615384615384616, "f1-score": 0.7936507936507936, "support": 26.0}, "1": {"precision": 0.5, "recall": 0.07692307692307693, "f1-score": 0.13333333333333333, "support": 13.0}, "accuracy": 0.6666666666666666, "macro avg": {"precision": 0.5878378378378378, "recall": 0.5192307692307693, "f1-score": 0.46349206349206346, "support": 39.0}, "weighted avg": {"precision": 0.6171171171171171, "recall": 0.6666666666666666, "f1-score": 0.5735449735449735, "support": 39.0}}