{"best_estimator": "KNeighborsClassifier(n_neighbors=25, p=3, weights='distance')", "best_score": 0.5972700242382025, "test_score": 0.606456043956044}