{"0": {"precision": 0.7058823529411765, "recall": 0.9230769230769231, "f1-score": 0.8, "support": 26.0}, "1": {"precision": 0.6, "recall": 0.23076923076923078, "f1-score": 0.3333333333333333, "support": 13.0}, "accuracy": 0.6923076923076923, "macro avg": {"precision": 0.6529411764705882, "recall": 0.576923076923077, "f1-score": 0.5666666666666667, "support": 39.0}, "weighted avg": {"precision": 0.6705882352941177, "recall": 0.6923076923076923, "f1-score": 0.6444444444444445, "support": 39.0}}