{"best_estimator": "RandomForestClassifier(criterion='entropy', max_depth=3)", "best_score": 0.6276556840042711, "test_score": 0.5968954644676207}