{"0": {"precision": 0.6571428571428571, "recall": 0.8846153846153846, "f1-score": 0.7540983606557377, "support": 26.0}, "1": {"precision": 0.25, "recall": 0.07692307692307693, "f1-score": 0.11764705882352941, "support": 13.0}, "accuracy": 0.6153846153846154, "macro avg": {"precision": 0.45357142857142857, "recall": 0.4807692307692307, "f1-score": 0.43587270973963355, "support": 39.0}, "weighted avg": {"precision": 0.5214285714285715, "recall": 0.6153846153846154, "f1-score": 0.5419479267116682, "support": 39.0}}