{"best_estimator": "RandomForestClassifier(criterion='log_loss', n_estimators=400)", "best_score": 0.6299618341778854, "test_score": 0.6534798534798535}