{"best_estimator": "RandomForestClassifier(criterion='log_loss')", "best_score": 0.6568944427770094, "test_score": 0.6077556803274388}