{"best_estimator": "RandomForestClassifier(max_depth=3, n_estimators=200)", "best_score": 0.622705485149633, "test_score": 0.6841397849462366}