{"best_estimator": "RandomForestClassifier(max_depth=3, n_estimators=150)", "best_score": 0.5997804461501939, "test_score": 0.7349603145167273}