{"best_estimator": "AdaBoostClassifier(algorithm='SAMME', learning_rate=0.1, n_estimators=200)", "best_score": 0.6055989049612552, "test_score": 0.47491638795986624}