{"best_estimator": "BernoulliNB()", "best_score": 0.4438581074405105, "test_score": 0.5333333333333334}