{"0": {"precision": 0.6774193548387096, "recall": 0.8936170212765957, "f1-score": 0.7706422018348624, "support": 47.0}, "1": {"precision": 0.0, "recall": 0.0, "f1-score": 0.0, "support": 20.0}, "accuracy": 0.6268656716417911, "macro avg": {"precision": 0.3387096774193548, "recall": 0.44680851063829785, "f1-score": 0.3853211009174312, "support": 67.0}, "weighted avg": {"precision": 0.4752046220510351, "recall": 0.6268656716417911, "f1-score": 0.5405997535259482, "support": 67.0}}