{"best_estimator": "BernoulliNB()", "best_score": 0.4724145674985453, "test_score": 0.3558208955223881}