{"best_estimator": "BernoulliNB()", "best_score": 0.47090832675032274, "test_score": 0.16666666666666666}