{"best_estimator": "BernoulliNB()", "best_score": 0.4519766698482165, "test_score": 0.4274965800273598}