{"best_estimator": "HistGradientBoostingClassifier(learning_rate=0.5)", "best_score": 0.541016134916043, "test_score": 0.5057471264367815}