{"0": {"precision": 0.5161290322580645, "recall": 0.7272727272727273, "f1-score": 0.6037735849056604, "support": 22.0}, "1": {"precision": 0.6, "recall": 0.375, "f1-score": 0.46153846153846156, "support": 24.0}, "accuracy": 0.5434782608695652, "macro avg": {"precision": 0.5580645161290323, "recall": 0.5511363636363636, "f1-score": 0.532656023222061, "support": 46.0}, "weighted avg": {"precision": 0.5598877980364656, "recall": 0.5434782608695652, "f1-score": 0.529563955322774, "support": 46.0}}