{"best_estimator": "HistGradientBoostingClassifier()", "best_score": 0.5232806338144632, "test_score": 0.5797619047619048}