{"0": {"precision": 0.7368421052631579, "recall": 0.5957446808510638, "f1-score": 0.6588235294117647, "support": 47.0}, "1": {"precision": 0.3448275862068966, "recall": 0.5, "f1-score": 0.40816326530612246, "support": 20.0}, "accuracy": 0.5671641791044776, "macro avg": {"precision": 0.5408348457350272, "recall": 0.5478723404255319, "f1-score": 0.5334933973589435, "support": 67.0}, "weighted avg": {"precision": 0.6198228458433783, "recall": 0.5671641791044776, "f1-score": 0.5839995699772447, "support": 67.0}}