{"best_estimator": "KNeighborsClassifier(n_neighbors=25)", "best_score": 0.5473790437215472, "test_score": 0.6169772256728778}