{"0": {"precision": 0.4838709677419355, "recall": 0.6818181818181818, "f1-score": 0.5660377358490566, "support": 22.0}, "1": {"precision": 0.5333333333333333, "recall": 0.3333333333333333, "f1-score": 0.41025641025641024, "support": 24.0}, "accuracy": 0.5, "macro avg": {"precision": 0.5086021505376344, "recall": 0.5075757575757576, "f1-score": 0.4881470730527334, "support": 46.0}, "weighted avg": {"precision": 0.5096774193548387, "recall": 0.5, "f1-score": 0.4847605224963715, "support": 46.0}}