{"best_estimator": "RandomForestClassifier(criterion='entropy', n_estimators=200)", "best_score": 0.591362042144409, "test_score": 0.4363636363636364}