{"0": {"precision": 0.6551724137931034, "recall": 0.5277777777777778, "f1-score": 0.5846153846153846, "support": 36.0}, "1": {"precision": 0.39285714285714285, "recall": 0.5238095238095238, "f1-score": 0.4489795918367347, "support": 21.0}, "accuracy": 0.5263157894736842, "macro avg": {"precision": 0.5240147783251231, "recall": 0.5257936507936508, "f1-score": 0.5167974882260596, "support": 57.0}, "weighted avg": {"precision": 0.558529945553539, "recall": 0.5263157894736842, "f1-score": 0.5346443030653557, "support": 57.0}}