{"best_estimator": "BernoulliNB()", "best_score": 0.5734407126594077, "test_score": 0.6759002770083101}