{"0": {"precision": 0.7777777777777778, "recall": 0.9459459459459459, "f1-score": 0.8536585365853658, "support": 74.0}, "1": {"precision": 0.2, "recall": 0.047619047619047616, "f1-score": 0.07692307692307693, "support": 21.0}, "accuracy": 0.7473684210526316, "macro avg": {"precision": 0.48888888888888893, "recall": 0.49678249678249675, "f1-score": 0.4652908067542214, "support": 95.0}, "weighted avg": {"precision": 0.6500584795321638, "recall": 0.7473684210526316, "f1-score": 0.6819591191863336, "support": 95.0}}