{"best_estimator": "HistGradientBoostingClassifier(learning_rate=0.5)", "best_score": 0.6527594104874611, "test_score": 0.7691782648109635}