{"0": {"precision": 0.8805970149253731, "recall": 0.7972972972972973, "f1-score": 0.8368794326241135, "support": 74.0}, "1": {"precision": 0.4642857142857143, "recall": 0.6190476190476191, "f1-score": 0.5306122448979592, "support": 21.0}, "accuracy": 0.7578947368421053, "macro avg": {"precision": 0.6724413646055437, "recall": 0.7081724581724582, "f1-score": 0.6837458387610363, "support": 95.0}, "weighted avg": {"precision": 0.7885703063629222, "recall": 0.7578947368421053, "f1-score": 0.7691782648109635, "support": 95.0}}