{"0": {"precision": 0.8421052631578947, "recall": 0.7619047619047619, "f1-score": 0.8, "support": 42.0}, "1": {"precision": 0.47368421052631576, "recall": 0.6, "f1-score": 0.5294117647058824, "support": 15.0}, "accuracy": 0.7192982456140351, "macro avg": {"precision": 0.6578947368421052, "recall": 0.680952380952381, "f1-score": 0.6647058823529413, "support": 57.0}, "weighted avg": {"precision": 0.7451523545706371, "recall": 0.7192982456140351, "f1-score": 0.7287925696594428, "support": 57.0}}