{"best_estimator": "RandomForestClassifier(n_estimators=200)", "best_score": 0.6485518952361896, "test_score": 0.6428571428571428}