{"0": {"precision": 0.7872340425531915, "recall": 0.8809523809523809, "f1-score": 0.8314606741573034, "support": 42.0}, "1": {"precision": 0.5, "recall": 0.3333333333333333, "f1-score": 0.4, "support": 15.0}, "accuracy": 0.7368421052631579, "macro avg": {"precision": 0.6436170212765957, "recall": 0.6071428571428571, "f1-score": 0.6157303370786518, "support": 57.0}, "weighted avg": {"precision": 0.7116461366181411, "recall": 0.7368421052631579, "f1-score": 0.7179183914843289, "support": 57.0}}