{"best_estimator": "BernoulliNB()", "best_score": 0.5470843831153998, "test_score": 0.6069609507640068}