{"0": {"precision": 0.47619047619047616, "recall": 0.5882352941176471, "f1-score": 0.5263157894736842, "support": 17.0}, "1": {"precision": 0.3, "recall": 0.21428571428571427, "f1-score": 0.25, "support": 14.0}, "accuracy": 0.41935483870967744, "macro avg": {"precision": 0.38809523809523805, "recall": 0.4012605042016807, "f1-score": 0.3881578947368421, "support": 31.0}, "weighted avg": {"precision": 0.39662058371735787, "recall": 0.41935483870967744, "f1-score": 0.40152801358234297, "support": 31.0}}