{"best_estimator": "BernoulliNB()", "best_score": 0.5388864073975417, "test_score": 0.541454442558008}