{"best_estimator": "HistGradientBoostingClassifier(learning_rate=0.01)", "best_score": 0.7518737697879071, "test_score": 0.774665453197155}