{"best_estimator": "HistGradientBoostingClassifier(learning_rate=0.01)", "best_score": 0.7867209612288265, "test_score": 0.7114976236222066}