{"best_estimator": "HistGradientBoostingClassifier(learning_rate=0.01)", "best_score": 0.76012816106657, "test_score": 0.7741935483870968}