{"best_estimator": "KNeighborsClassifier(n_neighbors=20, p=3)", "best_score": 0.7170461192682773, "test_score": 0.6137096774193548}