{"best_estimator": "KNeighborsClassifier(n_neighbors=10, weights='distance')", "best_score": 0.7240064773935742, "test_score": 0.7370561127676878}