{"0": {"precision": 0.7857142857142857, "recall": 0.6470588235294118, "f1-score": 0.7096774193548387, "support": 17.0}, "1": {"precision": 0.6470588235294118, "recall": 0.7857142857142857, "f1-score": 0.7096774193548387, "support": 14.0}, "accuracy": 0.7096774193548387, "macro avg": {"precision": 0.7163865546218487, "recall": 0.7163865546218487, "f1-score": 0.7096774193548387, "support": 31.0}, "weighted avg": {"precision": 0.7230956898888588, "recall": 0.7096774193548387, "f1-score": 0.7096774193548387, "support": 31.0}}