{"best_estimator": "RandomForestClassifier(max_depth=2, n_estimators=150)", "best_score": 0.793582665232147, "test_score": 0.8068548387096776}