{"best_estimator": "RandomForestClassifier(max_depth=2, n_estimators=200)", "best_score": 0.7876726635912616, "test_score": 0.8387096774193549}