{"best_estimator": "AdaBoostClassifier(algorithm='SAMME', learning_rate=0.001, n_estimators=150)", "best_score": 0.7273686950171894, "test_score": 0.6451612903225806}