{"best_estimator": "BernoulliNB()", "best_score": 0.5120828646448174, "test_score": 0.5299120234604107}