{"best_estimator": "BernoulliNB()", "best_score": 0.5067798715547635, "test_score": 0.6003787878787878}