{"best_estimator": "HistGradientBoostingClassifier(learning_rate=0.01)", "best_score": 0.687698212165027, "test_score": 0.710284154110628}