{"best_estimator": "HistGradientBoostingClassifier(learning_rate=0.5)", "best_score": 0.6516715353906513, "test_score": 0.7419354838709677}