{"best_estimator": "HistGradientBoostingClassifier()", "best_score": 0.6795467438898835, "test_score": 0.8064516129032258}