{"best_estimator": "KNeighborsClassifier(n_neighbors=10, p=1, weights='distance')", "best_score": 0.6617207172062823, "test_score": 0.7419354838709677}