{"best_estimator": "RandomForestClassifier(max_depth=2, n_estimators=200)", "best_score": 0.7372333583152603, "test_score": 0.6774193548387096}