{"best_estimator": "RandomForestClassifier(max_depth=3, n_estimators=300)", "best_score": 0.7536401744245897, "test_score": 0.5694249649368863}