{"precision": 0.6853590891362222, "recall": 0.6921899304940241, "f1": 0.6642737568350533}