{"best_estimator": "AdaBoostClassifier(algorithm='SAMME', learning_rate=0.1, n_estimators=100)", "best_score": 0.5104282140739216, "test_score": 0.49769585253456217}