{"best_estimator": "AdaBoostClassifier(algorithm='SAMME', learning_rate=0.01, n_estimators=150)", "best_score": 0.47862280284865816, "test_score": 0.5512333965844401}