{"best_estimator": "AdaBoostClassifier(algorithm='SAMME', learning_rate=0.5, n_estimators=200)", "best_score": 0.49266188914575837, "test_score": 0.6177825969097316}