{"best_estimator": "BernoulliNB()", "best_score": 0.3333597359735974, "test_score": 0.22857142857142856}