{"best_estimator": "HistGradientBoostingClassifier(learning_rate=0.5)", "best_score": 0.5599353254675162, "test_score": 0.4838709677419355}