{"best_estimator": "HistGradientBoostingClassifier(learning_rate=0.5)", "best_score": 0.5465618393017095, "test_score": 0.5483870967741935}