{"best_estimator": "HistGradientBoostingClassifier()", "best_score": 0.5437517815699019, "test_score": 0.6069609507640068}