{"best_estimator": "HistGradientBoostingClassifier()", "best_score": 0.5118769495289228, "test_score": 0.6428596338273758}