{"best_estimator": "KNeighborsClassifier(n_neighbors=25, p=3, weights='distance')", "best_score": 0.39635625272403585, "test_score": 0.7115605928509154}