{"0": {"precision": 0.6111111111111112, "recall": 0.5789473684210527, "f1-score": 0.5945945945945946, "support": 19.0}, "1": {"precision": 0.38461538461538464, "recall": 0.4166666666666667, "f1-score": 0.4, "support": 12.0}, "accuracy": 0.5161290322580645, "macro avg": {"precision": 0.49786324786324787, "recall": 0.4978070175438597, "f1-score": 0.4972972972972973, "support": 31.0}, "weighted avg": {"precision": 0.5234353460159912, "recall": 0.5161290322580645, "f1-score": 0.5192676547515258, "support": 31.0}}