{"best_estimator": "KNeighborsClassifier(n_neighbors=15, p=3, weights='distance')", "best_score": 0.4690872068265752, "test_score": 0.40471672539983733}