{"best_estimator": "KNeighborsClassifier(n_neighbors=25, p=3)", "best_score": 0.5253649429402095, "test_score": 0.5192676547515258}