{"best_estimator": "KNeighborsClassifier(p=1, weights='distance')", "best_score": 0.48694029386746873, "test_score": 0.6794524261317431}