{"0": {"precision": 0.6666666666666666, "recall": 0.5263157894736842, "f1-score": 0.5882352941176471, "support": 19.0}, "1": {"precision": 0.4375, "recall": 0.5833333333333334, "f1-score": 0.5, "support": 12.0}, "accuracy": 0.5483870967741935, "macro avg": {"precision": 0.5520833333333333, "recall": 0.5548245614035088, "f1-score": 0.5441176470588236, "support": 31.0}, "weighted avg": {"precision": 0.5779569892473118, "recall": 0.5483870967741935, "f1-score": 0.554079696394687, "support": 31.0}}