{"0": {"precision": 0.5, "recall": 0.2777777777777778, "f1-score": 0.35714285714285715, "support": 18.0}, "1": {"precision": 0.38095238095238093, "recall": 0.6153846153846154, "f1-score": 0.47058823529411764, "support": 13.0}, "accuracy": 0.41935483870967744, "macro avg": {"precision": 0.44047619047619047, "recall": 0.4465811965811966, "f1-score": 0.41386554621848737, "support": 31.0}, "weighted avg": {"precision": 0.4500768049155146, "recall": 0.41935483870967744, "f1-score": 0.40471672539983733, "support": 31.0}}