{"best_estimator": "RandomForestClassifier(criterion='log_loss')", "best_score": 0.5370417278910208, "test_score": 0.6349206349206349}