{"best_estimator": "BernoulliNB()", "best_score": 0.5408581843112956, "test_score": 0.5053763440860215}