{"best_estimator": "BernoulliNB()", "best_score": 0.5346670988101002, "test_score": 0.48041389504804133}