{"best_estimator": "HistGradientBoostingClassifier()", "best_score": 0.5602240419283258, "test_score": 0.6454996186117467}