{"best_estimator": "HistGradientBoostingClassifier(learning_rate=0.05)", "best_score": 0.5686684757086546, "test_score": 0.6725828262339419}