{"0": {"precision": 0.6, "recall": 0.6, "f1-score": 0.6, "support": 25.0}, "1": {"precision": 0.3333333333333333, "recall": 0.3333333333333333, "f1-score": 0.3333333333333333, "support": 15.0}, "accuracy": 0.5, "macro avg": {"precision": 0.4666666666666667, "recall": 0.4666666666666667, "f1-score": 0.4666666666666667, "support": 40.0}, "weighted avg": {"precision": 0.5, "recall": 0.5, "f1-score": 0.5, "support": 40.0}}