{"best_estimator": "RandomForestClassifier(criterion='entropy')", "best_score": 0.5974145076758262, "test_score": 0.584045584045584}