{"best_estimator": "RandomForestClassifier(n_estimators=200)", "best_score": 0.5379475037291556, "test_score": 0.460691823899371}