{"0": {"precision": 0.696969696969697, "recall": 0.92, "f1-score": 0.7931034482758621, "support": 25.0}, "1": {"precision": 0.7142857142857143, "recall": 0.3333333333333333, "f1-score": 0.45454545454545453, "support": 15.0}, "accuracy": 0.7, "macro avg": {"precision": 0.7056277056277056, "recall": 0.6266666666666667, "f1-score": 0.6238244514106583, "support": 40.0}, "weighted avg": {"precision": 0.7034632034632036, "recall": 0.7, "f1-score": 0.6661442006269592, "support": 40.0}}