{"0": {"precision": 1.0, "recall": 0.5454545454545454, "f1-score": 0.7058823529411765, "support": 11.0}, "1": {"precision": 0.6666666666666666, "recall": 1.0, "f1-score": 0.8, "support": 10.0}, "accuracy": 0.7619047619047619, "macro avg": {"precision": 0.8333333333333333, "recall": 0.7727272727272727, "f1-score": 0.7529411764705882, "support": 21.0}, "weighted avg": {"precision": 0.8412698412698412, "recall": 0.7619047619047619, "f1-score": 0.7507002801120448, "support": 21.0}}