{"0": {"precision": 1.0, "recall": 0.4, "f1-score": 0.5714285714285714, "support": 15.0}, "1": {"precision": 0.35714285714285715, "recall": 1.0, "f1-score": 0.5263157894736842, "support": 5.0}, "accuracy": 0.55, "macro avg": {"precision": 0.6785714285714286, "recall": 0.7, "f1-score": 0.5488721804511278, "support": 20.0}, "weighted avg": {"precision": 0.8392857142857142, "recall": 0.55, "f1-score": 0.5601503759398496, "support": 20.0}}