{"best_estimator": "BernoulliNB()", "best_score": 0.5832283067044871, "test_score": 0.7507002801120448}