{"best_estimator": "BernoulliNB()", "best_score": 0.5904694427692236, "test_score": 0.5077399380804953}