{"best_estimator": "HistGradientBoostingClassifier()", "best_score": 0.7662382036566422, "test_score": 0.6688652577735901}