{"0": {"precision": 0.9230769230769231, "recall": 0.5714285714285714, "f1-score": 0.7058823529411765, "support": 42.0}, "1": {"precision": 0.41935483870967744, "recall": 0.8666666666666667, "f1-score": 0.5652173913043478, "support": 15.0}, "accuracy": 0.6491228070175439, "macro avg": {"precision": 0.6712158808933003, "recall": 0.719047619047619, "f1-score": 0.6355498721227621, "support": 57.0}, "weighted avg": {"precision": 0.7905184798223848, "recall": 0.6491228070175439, "f1-score": 0.6688652577735901, "support": 57.0}}