{"best_estimator": "HistGradientBoostingClassifier(learning_rate=0.05)", "best_score": 0.7540484173535003, "test_score": 0.7649572649572649}