{"best_estimator": "HistGradientBoostingClassifier()", "best_score": 0.8058762506649717, "test_score": 0.6681952178185392}