{"best_estimator": "HistGradientBoostingClassifier(learning_rate=0.05)", "best_score": 0.7598301416905473, "test_score": 0.6855921052631578}