{"best_estimator": "HistGradientBoostingClassifier(learning_rate=0.01)", "best_score": 0.7750331879885977, "test_score": 0.8929425837320574}