{"0": {"precision": 1.0, "recall": 0.6363636363636364, "f1-score": 0.7777777777777778, "support": 11.0}, "1": {"precision": 0.7142857142857143, "recall": 1.0, "f1-score": 0.8333333333333334, "support": 10.0}, "accuracy": 0.8095238095238095, "macro avg": {"precision": 0.8571428571428572, "recall": 0.8181818181818181, "f1-score": 0.8055555555555556, "support": 21.0}, "weighted avg": {"precision": 0.8639455782312925, "recall": 0.8095238095238095, "f1-score": 0.8042328042328043, "support": 21.0}}