{"best_estimator": "RandomForestClassifier(n_estimators=150)", "best_score": 0.6293541549566088, "test_score": 0.6824561403508771}