{"best_estimator": "RandomForestClassifier(n_estimators=200)", "best_score": 0.6736678241236745, "test_score": 0.7040853882959146}