{"0": {"precision": 0.5, "recall": 0.34615384615384615, "f1-score": 0.4090909090909091, "support": 26.0}, "1": {"precision": 0.41379310344827586, "recall": 0.5714285714285714, "f1-score": 0.48, "support": 21.0}, "accuracy": 0.44680851063829785, "macro avg": {"precision": 0.4568965517241379, "recall": 0.45879120879120877, "f1-score": 0.4445454545454546, "support": 47.0}, "weighted avg": {"precision": 0.4614820249449743, "recall": 0.44680851063829785, "f1-score": 0.44077369439071573, "support": 47.0}}