{"0": {"precision": 0.6875, "recall": 0.6666666666666666, "f1-score": 0.676923076923077, "support": 33.0}, "1": {"precision": 0.26666666666666666, "recall": 0.2857142857142857, "f1-score": 0.27586206896551724, "support": 14.0}, "accuracy": 0.5531914893617021, "macro avg": {"precision": 0.4770833333333333, "recall": 0.47619047619047616, "f1-score": 0.4763925729442971, "support": 47.0}, "weighted avg": {"precision": 0.562145390070922, "recall": 0.5531914893617021, "f1-score": 0.5574580958293358, "support": 47.0}}