{"best_estimator": "BernoulliNB()", "best_score": 0.5344588744588744, "test_score": 0.5131782945736434}