{"best_estimator": "BernoulliNB()", "best_score": 0.5482899040971231, "test_score": 0.585185185185185}