{"best_estimator": "BernoulliNB()", "best_score": 0.44090505073992203, "test_score": 0.9320574162679426}