{"best_estimator": "BernoulliNB()", "best_score": 0.3600052019942863, "test_score": 0.33333333333333326}