{"best_estimator": "HistGradientBoostingClassifier()", "best_score": 0.6108015414551471, "test_score": 0.512987012987013}