{"best_estimator": "HistGradientBoostingClassifier()", "best_score": 0.5738552129557637, "test_score": 0.4831737346101232}