{"best_estimator": "HistGradientBoostingClassifier()", "best_score": 0.6234260531997194, "test_score": 0.7219909718608934}