{"0": {"precision": 0.5517241379310345, "recall": 0.6153846153846154, "f1-score": 0.5818181818181818, "support": 26.0}, "1": {"precision": 0.4444444444444444, "recall": 0.38095238095238093, "f1-score": 0.41025641025641024, "support": 21.0}, "accuracy": 0.5106382978723404, "macro avg": {"precision": 0.49808429118773945, "recall": 0.4981684981684982, "f1-score": 0.496037296037296, "support": 47.0}, "weighted avg": {"precision": 0.5037906578625581, "recall": 0.5106382978723404, "f1-score": 0.5051629221841988, "support": 47.0}}