{"0": {"precision": 0.875, "recall": 0.6363636363636364, "f1-score": 0.7368421052631579, "support": 11.0}, "1": {"precision": 0.6, "recall": 0.8571428571428571, "f1-score": 0.7058823529411765, "support": 7.0}, "accuracy": 0.7222222222222222, "macro avg": {"precision": 0.7375, "recall": 0.7467532467532467, "f1-score": 0.7213622291021672, "support": 18.0}, "weighted avg": {"precision": 0.7680555555555555, "recall": 0.7222222222222222, "f1-score": 0.7248022015823873, "support": 18.0}}