{"0": {"precision": 0.4166666666666667, "recall": 0.7142857142857143, "f1-score": 0.5263157894736842, "support": 7.0}, "1": {"precision": 0.6666666666666666, "recall": 0.36363636363636365, "f1-score": 0.47058823529411764, "support": 11.0}, "accuracy": 0.5, "macro avg": {"precision": 0.5416666666666666, "recall": 0.538961038961039, "f1-score": 0.4984520123839009, "support": 18.0}, "weighted avg": {"precision": 0.5694444444444444, "recall": 0.5, "f1-score": 0.4922600619195047, "support": 18.0}}