{"0": {"precision": 0.6785714285714286, "recall": 0.4222222222222222, "f1-score": 0.5205479452054794, "support": 45.0}, "1": {"precision": 0.35, "recall": 0.6086956521739131, "f1-score": 0.4444444444444444, "support": 23.0}, "accuracy": 0.4852941176470588, "macro avg": {"precision": 0.5142857142857142, "recall": 0.5154589371980677, "f1-score": 0.4824961948249619, "support": 68.0}, "weighted avg": {"precision": 0.5674369747899161, "recall": 0.4852941176470588, "f1-score": 0.4948070552421881, "support": 68.0}}