{"best_estimator": "KNeighborsClassifier(n_neighbors=20, p=1, weights='distance')", "best_score": 0.5392152151400396, "test_score": 0.6369047619047619}