{"0": {"precision": 0.7575757575757576, "recall": 0.7575757575757576, "f1-score": 0.7575757575757576, "support": 33.0}, "1": {"precision": 0.42857142857142855, "recall": 0.42857142857142855, "f1-score": 0.42857142857142855, "support": 14.0}, "accuracy": 0.6595744680851063, "macro avg": {"precision": 0.5930735930735931, "recall": 0.5930735930735931, "f1-score": 0.5930735930735931, "support": 47.0}, "weighted avg": {"precision": 0.6595744680851063, "recall": 0.6595744680851063, "f1-score": 0.6595744680851063, "support": 47.0}}