{"best_estimator": "RandomForestClassifier()", "best_score": 0.6297968932603946, "test_score": 0.5588235294117647}