{"best_estimator": "RandomForestClassifier(criterion='entropy', n_estimators=300)", "best_score": 0.5920652937149402, "test_score": 0.5946284673605468}