{"precision": 0.74665014655413, "recall": 0.7282183302435933, "f1": 0.7294616967233513}