{"0": {"precision": 0.6666666666666666, "recall": 0.7, "f1-score": 0.6829268292682927, "support": 20.0}, "1": {"precision": 0.5, "recall": 0.46153846153846156, "f1-score": 0.48, "support": 13.0}, "accuracy": 0.6060606060606061, "macro avg": {"precision": 0.5833333333333333, "recall": 0.5807692307692307, "f1-score": 0.5814634146341464, "support": 33.0}, "weighted avg": {"precision": 0.601010101010101, "recall": 0.6060606060606061, "f1-score": 0.6029859571322986, "support": 33.0}}