{"best_estimator": "BernoulliNB()", "best_score": 0.5200978105053816, "test_score": 0.4428904428904429}