{"0": {"precision": 0.5666666666666667, "recall": 0.8947368421052632, "f1-score": 0.6938775510204082, "support": 19.0}, "1": {"precision": 0.0, "recall": 0.0, "f1-score": 0.0, "support": 13.0}, "accuracy": 0.53125, "macro avg": {"precision": 0.2833333333333333, "recall": 0.4473684210526316, "f1-score": 0.3469387755102041, "support": 32.0}, "weighted avg": {"precision": 0.3364583333333333, "recall": 0.53125, "f1-score": 0.4119897959183673, "support": 32.0}}