{"best_estimator": "BernoulliNB()", "best_score": 0.5278494759303998, "test_score": 0.5092857142857142}