{"best_estimator": "BernoulliNB()", "best_score": 0.5261963889338641, "test_score": 0.4119897959183673}