{"0": {"precision": 0.5217391304347826, "recall": 0.631578947368421, "f1-score": 0.5714285714285714, "support": 19.0}, "1": {"precision": 0.2222222222222222, "recall": 0.15384615384615385, "f1-score": 0.18181818181818182, "support": 13.0}, "accuracy": 0.4375, "macro avg": {"precision": 0.3719806763285024, "recall": 0.39271255060728744, "f1-score": 0.37662337662337664, "support": 32.0}, "weighted avg": {"precision": 0.40006038647342995, "recall": 0.4375, "f1-score": 0.4131493506493506, "support": 32.0}}