{"0": {"precision": 0.5769230769230769, "recall": 0.7894736842105263, "f1-score": 0.6666666666666666, "support": 19.0}, "1": {"precision": 0.3333333333333333, "recall": 0.15384615384615385, "f1-score": 0.21052631578947367, "support": 13.0}, "accuracy": 0.53125, "macro avg": {"precision": 0.45512820512820507, "recall": 0.4716599190283401, "f1-score": 0.43859649122807015, "support": 32.0}, "weighted avg": {"precision": 0.4779647435897435, "recall": 0.53125, "f1-score": 0.481359649122807, "support": 32.0}}