{"best_estimator": "HistGradientBoostingClassifier(learning_rate=0.01)", "best_score": 0.5435055442657271, "test_score": 0.481359649122807}