{"best_estimator": "HistGradientBoostingClassifier(learning_rate=0.01)", "best_score": 0.5592275236512719, "test_score": 0.5681818181818182}