{"best_estimator": "HistGradientBoostingClassifier(learning_rate=0.01)", "best_score": 0.5342370033895542, "test_score": 0.5690060908084165}