{"0": {"precision": 0.6875, "recall": 0.5789473684210527, "f1-score": 0.6285714285714286, "support": 19.0}, "1": {"precision": 0.5, "recall": 0.6153846153846154, "f1-score": 0.5517241379310345, "support": 13.0}, "accuracy": 0.59375, "macro avg": {"precision": 0.59375, "recall": 0.597165991902834, "f1-score": 0.5901477832512315, "support": 32.0}, "weighted avg": {"precision": 0.611328125, "recall": 0.59375, "f1-score": 0.5973522167487685, "support": 32.0}}