{"best_estimator": "HistGradientBoostingClassifier(learning_rate=0.5)", "best_score": 0.5621655591087756, "test_score": 0.5973522167487685}