{"best_estimator": "KNeighborsClassifier(n_neighbors=15)", "best_score": 0.5771765025066022, "test_score": 0.5628287352811429}