{"best_estimator": "KNeighborsClassifier(n_neighbors=20, p=1, weights='distance')", "best_score": 0.5584970210101112, "test_score": 0.6300858529301978}