{"best_estimator": "RandomForestClassifier(n_estimators=300)", "best_score": 0.5479422314267247, "test_score": 0.4740447957839262}