{"best_estimator": "KNeighborsClassifier(n_neighbors=25, p=3, weights='distance')", "best_score": 0.7118857395167131, "test_score": 0.6713201409596097}