{"best_estimator": "RandomForestClassifier(n_estimators=150)", "best_score": 0.7663731240771107, "test_score": 0.6774193548387096}