{"best_estimator": "RandomForestClassifier(max_depth=2, n_estimators=200)", "best_score": 0.7747021075800675, "test_score": 0.8338945005611672}