{"0": {"precision": 0.71875, "recall": 0.71875, "f1-score": 0.71875, "support": 32.0}, "1": {"precision": 0.4, "recall": 0.4, "f1-score": 0.4, "support": 15.0}, "accuracy": 0.6170212765957447, "macro avg": {"precision": 0.559375, "recall": 0.559375, "f1-score": 0.559375, "support": 47.0}, "weighted avg": {"precision": 0.6170212765957447, "recall": 0.6170212765957447, "f1-score": 0.6170212765957447, "support": 47.0}}