{"0": {"precision": 0.5, "recall": 0.4782608695652174, "f1-score": 0.4888888888888889, "support": 23.0}, "1": {"precision": 0.52, "recall": 0.5416666666666666, "f1-score": 0.5306122448979592, "support": 24.0}, "accuracy": 0.5106382978723404, "macro avg": {"precision": 0.51, "recall": 0.509963768115942, "f1-score": 0.509750566893424, "support": 47.0}, "weighted avg": {"precision": 0.5102127659574468, "recall": 0.5106382978723404, "f1-score": 0.5101944323828822, "support": 47.0}}