{"best_estimator": "AdaBoostClassifier(algorithm='SAMME', learning_rate=0.5, n_estimators=400)", "best_score": 0.46861123170034924, "test_score": 0.39078087375300996}