{"best_estimator": "BernoulliNB()", "best_score": 0.3398959583833533, "test_score": 0.24845070422535212}