{"best_estimator": "HistGradientBoostingClassifier()", "best_score": 0.4905866694435218, "test_score": 0.4305555555555556}