{"best_estimator": "HistGradientBoostingClassifier(learning_rate=0.5)", "best_score": 0.5101872508639305, "test_score": 0.49505376344086016}