{"best_estimator": "HistGradientBoostingClassifier()", "best_score": 0.49276700341470187, "test_score": 0.5333333333333334}