{"best_estimator": "HistGradientBoostingClassifier()", "best_score": 0.4359458552017289, "test_score": 0.5568519789521849}