{"best_estimator": "KNeighborsClassifier(weights='distance')", "best_score": 0.47636520317419917, "test_score": 0.5542857142857143}