{"0": {"precision": 0.5833333333333334, "recall": 0.5833333333333334, "f1-score": 0.5833333333333334, "support": 12.0}, "1": {"precision": 0.16666666666666666, "recall": 0.16666666666666666, "f1-score": 0.16666666666666666, "support": 6.0}, "accuracy": 0.4444444444444444, "macro avg": {"precision": 0.375, "recall": 0.375, "f1-score": 0.375, "support": 18.0}, "weighted avg": {"precision": 0.4444444444444444, "recall": 0.4444444444444444, "f1-score": 0.4444444444444444, "support": 18.0}}