{"0": {"precision": 0.42857142857142855, "recall": 0.75, "f1-score": 0.5454545454545454, "support": 8.0}, "1": {"precision": 0.5, "recall": 0.2, "f1-score": 0.2857142857142857, "support": 10.0}, "accuracy": 0.4444444444444444, "macro avg": {"precision": 0.4642857142857143, "recall": 0.475, "f1-score": 0.41558441558441556, "support": 18.0}, "weighted avg": {"precision": 0.46825396825396826, "recall": 0.4444444444444444, "f1-score": 0.4011544011544011, "support": 18.0}}