{"best_estimator": "RandomForestClassifier(criterion='entropy', n_estimators=200)", "best_score": 0.4580377483112438, "test_score": 0.467765157574788}