{"0": {"precision": 1.0, "recall": 0.7027027027027027, "f1-score": 0.8253968253968254, "support": 74.0}, "1": {"precision": 0.47619047619047616, "recall": 1.0, "f1-score": 0.6451612903225806, "support": 20.0}, "accuracy": 0.7659574468085106, "macro avg": {"precision": 0.7380952380952381, "recall": 0.8513513513513513, "f1-score": 0.735279057859703, "support": 94.0}, "weighted avg": {"precision": 0.8885511651469098, "recall": 0.7659574468085106, "f1-score": 0.7870488392108158, "support": 94.0}}