{"0": {"precision": 0.8571428571428571, "recall": 0.35294117647058826, "f1-score": 0.5, "support": 34.0}, "1": {"precision": 0.42105263157894735, "recall": 0.8888888888888888, "f1-score": 0.5714285714285714, "support": 18.0}, "accuracy": 0.5384615384615384, "macro avg": {"precision": 0.6390977443609023, "recall": 0.6209150326797386, "f1-score": 0.5357142857142857, "support": 52.0}, "weighted avg": {"precision": 0.7061885482938114, "recall": 0.5384615384615384, "f1-score": 0.5247252747252747, "support": 52.0}}