{"best_estimator": "BernoulliNB()", "best_score": 0.5772222693970239, "test_score": 0.6046223280265833}