{"best_estimator": "BernoulliNB()", "best_score": 0.6200478383455567, "test_score": 0.6687979539641944}