{"best_estimator": "BernoulliNB()", "best_score": 0.6614736190966702, "test_score": 0.48443496801705754}