{"0": {"precision": 0.9, "recall": 0.23076923076923078, "f1-score": 0.3673469387755102, "support": 39.0}, "1": {"precision": 0.2857142857142857, "recall": 0.9230769230769231, "f1-score": 0.43636363636363634, "support": 13.0}, "accuracy": 0.40384615384615385, "macro avg": {"precision": 0.5928571428571429, "recall": 0.576923076923077, "f1-score": 0.4018552875695733, "support": 52.0}, "weighted avg": {"precision": 0.7464285714285714, "recall": 0.40384615384615385, "f1-score": 0.38460111317254175, "support": 52.0}}