{"0": {"precision": 0.7307692307692307, "recall": 0.5588235294117647, "f1-score": 0.6333333333333333, "support": 34.0}, "1": {"precision": 0.4230769230769231, "recall": 0.6111111111111112, "f1-score": 0.5, "support": 18.0}, "accuracy": 0.5769230769230769, "macro avg": {"precision": 0.5769230769230769, "recall": 0.5849673202614379, "f1-score": 0.5666666666666667, "support": 52.0}, "weighted avg": {"precision": 0.6242603550295858, "recall": 0.5769230769230769, "f1-score": 0.5871794871794871, "support": 52.0}}