{"best_estimator": "HistGradientBoostingClassifier(learning_rate=0.5)", "best_score": 0.7873851943992246, "test_score": 0.6442396313364055}