{"best_estimator": "HistGradientBoostingClassifier()", "best_score": 0.7700688363141365, "test_score": 0.8556998556998557}