{"0": {"precision": 0.9545454545454546, "recall": 0.5384615384615384, "f1-score": 0.6885245901639344, "support": 39.0}, "1": {"precision": 0.4, "recall": 0.9230769230769231, "f1-score": 0.5581395348837209, "support": 13.0}, "accuracy": 0.6346153846153846, "macro avg": {"precision": 0.6772727272727272, "recall": 0.7307692307692308, "f1-score": 0.6233320625238277, "support": 52.0}, "weighted avg": {"precision": 0.8159090909090909, "recall": 0.6346153846153846, "f1-score": 0.6559283263438811, "support": 52.0}}