{"best_estimator": "KNeighborsClassifier(n_neighbors=10, weights='distance')", "best_score": 0.8106931470043544, "test_score": 0.5549104983067248}