{"best_estimator": "KNeighborsClassifier(weights='distance')", "best_score": 0.8059999740102729, "test_score": 0.6733333333333332}