{"0": {"precision": 0.9285714285714286, "recall": 0.8125, "f1-score": 0.8666666666666667, "support": 16.0}, "1": {"precision": 0.625, "recall": 0.8333333333333334, "f1-score": 0.7142857142857143, "support": 6.0}, "accuracy": 0.8181818181818182, "macro avg": {"precision": 0.7767857142857143, "recall": 0.8229166666666667, "f1-score": 0.7904761904761906, "support": 22.0}, "weighted avg": {"precision": 0.8457792207792209, "recall": 0.8181818181818182, "f1-score": 0.8251082251082251, "support": 22.0}}