{"0": {"precision": 0.7878787878787878, "recall": 0.7222222222222222, "f1-score": 0.7536231884057971, "support": 36.0}, "1": {"precision": 0.5238095238095238, "recall": 0.6111111111111112, "f1-score": 0.5641025641025641, "support": 18.0}, "accuracy": 0.6851851851851852, "macro avg": {"precision": 0.6558441558441559, "recall": 0.6666666666666667, "f1-score": 0.6588628762541806, "support": 54.0}, "weighted avg": {"precision": 0.6998556998556998, "recall": 0.6851851851851852, "f1-score": 0.6904496469713861, "support": 54.0}}