{"best_estimator": "KNeighborsClassifier(p=3, weights='distance')", "best_score": 0.784543405728536, "test_score": 0.7230822153422773}