{"0": {"precision": 0.8235294117647058, "recall": 0.4117647058823529, "f1-score": 0.5490196078431373, "support": 34.0}, "1": {"precision": 0.42857142857142855, "recall": 0.8333333333333334, "f1-score": 0.5660377358490566, "support": 18.0}, "accuracy": 0.5576923076923077, "macro avg": {"precision": 0.6260504201680672, "recall": 0.6225490196078431, "f1-score": 0.557528671846097, "support": 52.0}, "weighted avg": {"precision": 0.6868131868131868, "recall": 0.5576923076923077, "f1-score": 0.5549104983067248, "support": 52.0}}