{"best_estimator": "RandomForestClassifier(max_depth=2, n_estimators=400)", "best_score": 0.7883906744727528, "test_score": 0.8929425837320574}