{"best_estimator": "RandomForestClassifier(n_estimators=300)", "best_score": 0.7719289730707779, "test_score": 0.7445887445887446}