{"best_estimator": "RandomForestClassifier(n_estimators=400)", "best_score": 0.797164673599809, "test_score": 0.6589350544574425}