{"0": {"precision": 0.7931034482758621, "recall": 0.71875, "f1-score": 0.7540983606557377, "support": 32.0}, "1": {"precision": 0.6666666666666666, "recall": 0.75, "f1-score": 0.7058823529411765, "support": 24.0}, "accuracy": 0.7321428571428571, "macro avg": {"precision": 0.7298850574712643, "recall": 0.734375, "f1-score": 0.7299903567984571, "support": 56.0}, "weighted avg": {"precision": 0.7389162561576355, "recall": 0.7321428571428571, "f1-score": 0.7334343573494971, "support": 56.0}}