{"0": {"precision": 0.9827586206896551, "recall": 0.7702702702702703, "f1-score": 0.8636363636363636, "support": 74.0}, "1": {"precision": 0.5277777777777778, "recall": 0.95, "f1-score": 0.6785714285714286, "support": 20.0}, "accuracy": 0.8085106382978723, "macro avg": {"precision": 0.7552681992337165, "recall": 0.8601351351351352, "f1-score": 0.7711038961038961, "support": 94.0}, "weighted avg": {"precision": 0.8859541860275536, "recall": 0.8085106382978723, "f1-score": 0.8242608455374413, "support": 94.0}}