{"0": {"precision": 0.8571428571428571, "recall": 0.6153846153846154, "f1-score": 0.7164179104477612, "support": 39.0}, "1": {"precision": 0.375, "recall": 0.6923076923076923, "f1-score": 0.4864864864864865, "support": 13.0}, "accuracy": 0.6346153846153846, "macro avg": {"precision": 0.6160714285714286, "recall": 0.6538461538461539, "f1-score": 0.6014521984671238, "support": 52.0}, "weighted avg": {"precision": 0.7366071428571428, "recall": 0.6346153846153846, "f1-score": 0.6589350544574425, "support": 52.0}}