{"0": {"precision": 0.6363636363636364, "recall": 0.9130434782608695, "f1-score": 0.75, "support": 23.0}, "1": {"precision": 0.6, "recall": 0.2, "f1-score": 0.3, "support": 15.0}, "accuracy": 0.631578947368421, "macro avg": {"precision": 0.6181818181818182, "recall": 0.5565217391304348, "f1-score": 0.525, "support": 38.0}, "weighted avg": {"precision": 0.6220095693779905, "recall": 0.631578947368421, "f1-score": 0.5723684210526315, "support": 38.0}}