{"best_estimator": "BernoulliNB()", "best_score": 0.4937486199691713, "test_score": 0.5133771929824561}