{"best_estimator": "BernoulliNB()", "best_score": 0.4915998764068738, "test_score": 0.5747348119575699}