{"best_estimator": "BernoulliNB()", "best_score": 0.48597041758643134, "test_score": 0.49782232250616576}