{"best_estimator": "BernoulliNB()", "best_score": 0.5026374206173199, "test_score": 0.4307692307692307}