{"0": {"precision": 0.6052631578947368, "recall": 0.9583333333333334, "f1-score": 0.7419354838709677, "support": 24.0}, "1": {"precision": 0.0, "recall": 0.0, "f1-score": 0.0, "support": 15.0}, "accuracy": 0.5897435897435898, "macro avg": {"precision": 0.3026315789473684, "recall": 0.4791666666666667, "f1-score": 0.3709677419354839, "support": 39.0}, "weighted avg": {"precision": 0.3724696356275304, "recall": 0.5897435897435898, "f1-score": 0.456575682382134, "support": 39.0}}