{"best_estimator": "BernoulliNB()", "best_score": 0.5050493043321784, "test_score": 0.456575682382134}