{"best_estimator": "HistGradientBoostingClassifier(learning_rate=0.05)", "best_score": 0.6628252853223005, "test_score": 0.7615940070278411}