{"0": {"precision": 0.7916666666666666, "recall": 0.7916666666666666, "f1-score": 0.7916666666666666, "support": 24.0}, "1": {"precision": 0.6666666666666666, "recall": 0.6666666666666666, "f1-score": 0.6666666666666666, "support": 15.0}, "accuracy": 0.7435897435897436, "macro avg": {"precision": 0.7291666666666666, "recall": 0.7291666666666666, "f1-score": 0.7291666666666666, "support": 39.0}, "weighted avg": {"precision": 0.7435897435897436, "recall": 0.7435897435897436, "f1-score": 0.7435897435897436, "support": 39.0}}