{"best_estimator": "HistGradientBoostingClassifier(learning_rate=0.05)", "best_score": 0.6660525485943117, "test_score": 0.7435897435897436}