{"best_estimator": "HistGradientBoostingClassifier(learning_rate=0.05)", "best_score": 0.6934800494742559, "test_score": 0.6444397993311036}