{"best_estimator": "HistGradientBoostingClassifier(learning_rate=0.01)", "best_score": 0.6735434125542116, "test_score": 0.6629554655870445}