{"best_estimator": "HistGradientBoostingClassifier(learning_rate=0.05)", "best_score": 0.681303557284247, "test_score": 0.7676067774589942}