{"best_estimator": "HistGradientBoostingClassifier(learning_rate=0.01)", "best_score": 0.6575380478911664, "test_score": 0.7105748282218871}