{"0": {"precision": 0.7391304347826086, "recall": 0.7391304347826086, "f1-score": 0.7391304347826086, "support": 23.0}, "1": {"precision": 0.6, "recall": 0.6, "f1-score": 0.6, "support": 15.0}, "accuracy": 0.6842105263157895, "macro avg": {"precision": 0.6695652173913043, "recall": 0.6695652173913043, "f1-score": 0.6695652173913043, "support": 38.0}, "weighted avg": {"precision": 0.6842105263157895, "recall": 0.6842105263157895, "f1-score": 0.6842105263157895, "support": 38.0}}