{"best_estimator": "RandomForestClassifier(max_depth=3)", "best_score": 0.6995178557373404, "test_score": 0.6284270972755926}