{"best_estimator": "RandomForestClassifier(criterion='entropy', max_depth=3)", "best_score": 0.7036355627411595, "test_score": 0.7030478955007257}