{"0": {"precision": 0.65625, "recall": 0.9130434782608695, "f1-score": 0.7636363636363637, "support": 23.0}, "1": {"precision": 0.6666666666666666, "recall": 0.26666666666666666, "f1-score": 0.38095238095238093, "support": 15.0}, "accuracy": 0.6578947368421053, "macro avg": {"precision": 0.6614583333333333, "recall": 0.5898550724637681, "f1-score": 0.5722943722943723, "support": 38.0}, "weighted avg": {"precision": 0.6603618421052632, "recall": 0.6578947368421053, "f1-score": 0.6125768967874231, "support": 38.0}}