{"best_estimator": "RandomForestClassifier(criterion='entropy', n_estimators=150)", "best_score": 0.6839103672255364, "test_score": 0.7395604395604397}