{"best_estimator": "AdaBoostClassifier(algorithm='SAMME', learning_rate=0.5, n_estimators=100)", "best_score": 0.6056656790411182, "test_score": 0.48896434634974534}