{"best_estimator": "BernoulliNB()", "best_score": 0.5828675962951295, "test_score": 0.5896805896805897}