{"best_estimator": "BernoulliNB()", "best_score": 0.5851583430975671, "test_score": 0.6428571428571428}