{"0": {"precision": 0.6, "recall": 0.8181818181818182, "f1-score": 0.6923076923076923, "support": 33.0}, "1": {"precision": 0.5, "recall": 0.25, "f1-score": 0.3333333333333333, "support": 24.0}, "accuracy": 0.5789473684210527, "macro avg": {"precision": 0.55, "recall": 0.5340909090909092, "f1-score": 0.5128205128205128, "support": 57.0}, "weighted avg": {"precision": 0.5578947368421052, "recall": 0.5789473684210527, "f1-score": 0.5411605937921727, "support": 57.0}}