{"best_estimator": "BernoulliNB()", "best_score": 0.5513411195698229, "test_score": 0.6609250398724084}