{"best_estimator": "BernoulliNB()", "best_score": 0.5899985939863368, "test_score": 0.49885583524027466}