{"best_estimator": "HistGradientBoostingClassifier(learning_rate=0.5)", "best_score": 0.6020423394955693, "test_score": 0.4631578947368421}