{"0": {"precision": 0.6428571428571429, "recall": 0.8181818181818182, "f1-score": 0.72, "support": 33.0}, "1": {"precision": 0.6, "recall": 0.375, "f1-score": 0.46153846153846156, "support": 24.0}, "accuracy": 0.631578947368421, "macro avg": {"precision": 0.6214285714285714, "recall": 0.5965909090909092, "f1-score": 0.5907692307692307, "support": 57.0}, "weighted avg": {"precision": 0.6248120300751879, "recall": 0.631578947368421, "f1-score": 0.6111740890688258, "support": 57.0}}