{"best_estimator": "HistGradientBoostingClassifier(learning_rate=0.5)", "best_score": 0.5595713602299355, "test_score": 0.5532310399824011}