{"0": {"precision": 0.7222222222222222, "recall": 0.8666666666666667, "f1-score": 0.7878787878787878, "support": 15.0}, "1": {"precision": 0.0, "recall": 0.0, "f1-score": 0.0, "support": 5.0}, "accuracy": 0.65, "macro avg": {"precision": 0.3611111111111111, "recall": 0.43333333333333335, "f1-score": 0.3939393939393939, "support": 20.0}, "weighted avg": {"precision": 0.5416666666666667, "recall": 0.65, "f1-score": 0.5909090909090909, "support": 20.0}}