{"best_estimator": "KNeighborsClassifier(n_neighbors=10, weights='distance')", "best_score": 0.5747432324873303, "test_score": 0.5424614166996439}