{"best_estimator": "KNeighborsClassifier(n_neighbors=15, p=1, weights='distance')", "best_score": 0.6048006399536074, "test_score": 0.5637840420449115}