{"best_estimator": "KNeighborsClassifier(p=1)", "best_score": 0.624759968148157, "test_score": 0.5098398169336384}