{"best_estimator": "KNeighborsClassifier(p=1, weights='distance')", "best_score": 0.579911310822183, "test_score": 0.5909090909090909}