{"0": {"precision": 0.723404255319149, "recall": 0.8095238095238095, "f1-score": 0.7640449438202247, "support": 42.0}, "1": {"precision": 0.2, "recall": 0.13333333333333333, "f1-score": 0.16, "support": 15.0}, "accuracy": 0.631578947368421, "macro avg": {"precision": 0.4617021276595745, "recall": 0.4714285714285714, "f1-score": 0.46202247191011236, "support": 57.0}, "weighted avg": {"precision": 0.5856662933930571, "recall": 0.631578947368421, "f1-score": 0.6050857480780604, "support": 57.0}}