{"best_estimator": "RandomForestClassifier(criterion='log_loss', n_estimators=150)", "best_score": 0.5980016026518623, "test_score": 0.48896434634974534}