{"best_estimator": "BernoulliNB()", "best_score": 0.4966810741453294, "test_score": 0.6844103930712857}