{"best_estimator": "BernoulliNB()", "best_score": 0.5408785338320146, "test_score": 0.5610002016535591}