{"best_estimator": "HistGradientBoostingClassifier()", "best_score": 0.5350298932595872, "test_score": 0.7473684210526316}