{"best_estimator": "HistGradientBoostingClassifier()", "best_score": 0.59072517392963, "test_score": 0.46315789473684205}