{"best_estimator": "HistGradientBoostingClassifier()", "best_score": 0.5612852422399359, "test_score": 0.4400871459694989}