{"best_estimator": "HistGradientBoostingClassifier(learning_rate=0.5)", "best_score": 0.5346979056108632, "test_score": 0.4888888888888889}