{"0": {"precision": 0.5106382978723404, "recall": 0.75, "f1-score": 0.6075949367088608, "support": 32.0}, "1": {"precision": 0.2, "recall": 0.08, "f1-score": 0.11428571428571428, "support": 25.0}, "accuracy": 0.45614035087719296, "macro avg": {"precision": 0.3553191489361702, "recall": 0.415, "f1-score": 0.36094032549728755, "support": 57.0}, "weighted avg": {"precision": 0.3743934303844718, "recall": 0.45614035087719296, "f1-score": 0.3912312426636211, "support": 57.0}}