{"best_estimator": "KNeighborsClassifier(p=1, weights='distance')", "best_score": 0.5754396367920631, "test_score": 0.5438390702314984}