{"best_estimator": "KNeighborsClassifier(n_neighbors=15, p=1)", "best_score": 0.5853711639390987, "test_score": 0.5810035842293907}