{"best_estimator": "KNeighborsClassifier(p=1, weights='distance')", "best_score": 0.5660492744653118, "test_score": 0.6022988505747127}