{"best_estimator": "KNeighborsClassifier(n_neighbors=20, weights='distance')", "best_score": 0.5528623386371061, "test_score": 0.3912312426636211}