{"0": {"precision": 0.6470588235294118, "recall": 0.9705882352941176, "f1-score": 0.7764705882352941, "support": 34.0}, "1": {"precision": 0.8333333333333334, "recall": 0.21739130434782608, "f1-score": 0.3448275862068966, "support": 23.0}, "accuracy": 0.6666666666666666, "macro avg": {"precision": 0.7401960784313726, "recall": 0.5939897698209718, "f1-score": 0.5606490872210954, "support": 57.0}, "weighted avg": {"precision": 0.7222222222222223, "recall": 0.6666666666666666, "f1-score": 0.6022988505747127, "support": 57.0}}