{"0": {"precision": 0.723404255319149, "recall": 0.8292682926829268, "f1-score": 0.7727272727272727, "support": 41.0}, "1": {"precision": 0.3, "recall": 0.1875, "f1-score": 0.23076923076923078, "support": 16.0}, "accuracy": 0.6491228070175439, "macro avg": {"precision": 0.5117021276595745, "recall": 0.5083841463414633, "f1-score": 0.5017482517482518, "support": 57.0}, "weighted avg": {"precision": 0.6045539380365809, "recall": 0.6491228070175439, "f1-score": 0.620598699546068, "support": 57.0}}