{"best_estimator": "RandomForestClassifier(criterion='entropy', n_estimators=200)", "best_score": 0.6132141942110259, "test_score": 0.5810035842293907}