{"best_estimator": "RandomForestClassifier(n_estimators=300)", "best_score": 0.5598108347922098, "test_score": 0.5363155363155363}