{"precision": 0.7704141974708343, "recall": 0.7281324804716617, "f1": 0.7264166521659678}