{"best_estimator": "AdaBoostClassifier(algorithm='SAMME', learning_rate=0.01, n_estimators=150)", "best_score": 0.7882440625482995, "test_score": 0.8338895068594735}