{"best_estimator": "AdaBoostClassifier(algorithm='SAMME', learning_rate=0.01, n_estimators=150)", "best_score": 0.7873438741754966, "test_score": 0.6986175115207374}