{"best_estimator": "BernoulliNB()", "best_score": 0.4614774669591085, "test_score": 0.7379739671760045}