{"0": {"precision": 0.5384615384615384, "recall": 0.3888888888888889, "f1-score": 0.45161290322580644, "support": 18.0}, "1": {"precision": 0.3888888888888889, "recall": 0.5384615384615384, "f1-score": 0.45161290322580644, "support": 13.0}, "accuracy": 0.45161290322580644, "macro avg": {"precision": 0.4636752136752137, "recall": 0.4636752136752137, "f1-score": 0.45161290322580644, "support": 31.0}, "weighted avg": {"precision": 0.4757375241246209, "recall": 0.45161290322580644, "f1-score": 0.45161290322580644, "support": 31.0}}