{"best_estimator": "HistGradientBoostingClassifier(learning_rate=0.01)", "best_score": 0.7468125334292516, "test_score": 0.8027920845757658}