{"best_estimator": "HistGradientBoostingClassifier(learning_rate=0.01)", "best_score": 0.7587058684036002, "test_score": 0.6754032258064516}