{"best_estimator": "HistGradientBoostingClassifier(learning_rate=0.01)", "best_score": 0.7767025294256462, "test_score": 0.6794524261317431}