{"best_estimator": "KNeighborsClassifier(n_neighbors=7, p=1, weights='distance')", "best_score": 0.6946822018788562, "test_score": 0.8064516129032258}