{"best_estimator": "RandomForestClassifier(max_depth=2, n_estimators=400)", "best_score": 0.7872969788126779, "test_score": 0.735429655733261}