{"best_estimator": "BernoulliNB()", "best_score": 0.6308430460660588, "test_score": 0.5494709917451459}