{"0": {"precision": 0.9090909090909091, "recall": 0.29411764705882354, "f1-score": 0.4444444444444444, "support": 34.0}, "1": {"precision": 0.4146341463414634, "recall": 0.9444444444444444, "f1-score": 0.576271186440678, "support": 18.0}, "accuracy": 0.5192307692307693, "macro avg": {"precision": 0.6618625277161863, "recall": 0.619281045751634, "f1-score": 0.5103578154425612, "support": 52.0}, "weighted avg": {"precision": 0.7379327989084086, "recall": 0.5192307692307693, "f1-score": 0.49007677821237144, "support": 52.0}}