{"best_estimator": "BernoulliNB()", "best_score": 0.6115850035407979, "test_score": 0.49007677821237144}