{"best_estimator": "BernoulliNB()", "best_score": 0.6189897541245583, "test_score": 0.3571428571428571}