{"best_estimator": "BernoulliNB()", "best_score": 0.6039094582671456, "test_score": 0.6687979539641944}