{"best_estimator": "HistGradientBoostingClassifier(learning_rate=0.5)", "best_score": 0.7975219461374585, "test_score": 0.6225961538461539}