{"best_estimator": "HistGradientBoostingClassifier(learning_rate=0.5)", "best_score": 0.7597186652334045, "test_score": 0.8200757575757576}