{"best_estimator": "HistGradientBoostingClassifier(learning_rate=0.5)", "best_score": 0.7885532529579, "test_score": 0.6802197802197802}