{"0": {"precision": 0.9661016949152542, "recall": 0.7702702702702703, "f1-score": 0.8571428571428571, "support": 74.0}, "1": {"precision": 0.5142857142857142, "recall": 0.9, "f1-score": 0.6545454545454545, "support": 20.0}, "accuracy": 0.7978723404255319, "macro avg": {"precision": 0.7401937046004843, "recall": 0.8351351351351352, "f1-score": 0.7558441558441558, "support": 94.0}, "weighted avg": {"precision": 0.8699706352068416, "recall": 0.7978723404255319, "f1-score": 0.8140370268029842, "support": 94.0}}