{"0": {"precision": 0.75, "recall": 0.4411764705882353, "f1-score": 0.5555555555555556, "support": 34.0}, "1": {"precision": 0.40625, "recall": 0.7222222222222222, "f1-score": 0.52, "support": 18.0}, "accuracy": 0.5384615384615384, "macro avg": {"precision": 0.578125, "recall": 0.5816993464052287, "f1-score": 0.5377777777777778, "support": 52.0}, "weighted avg": {"precision": 0.6310096153846154, "recall": 0.5384615384615384, "f1-score": 0.5432478632478632, "support": 52.0}}