{"best_estimator": "KNeighborsClassifier(p=3, weights='distance')", "best_score": 0.7730102435721531, "test_score": 0.8140370268029842}