{"best_estimator": "RandomForestClassifier(criterion='entropy')", "best_score": 0.7895539901310628, "test_score": 0.7080213903743315}