{"0": {"precision": 1.0, "recall": 0.6944444444444444, "f1-score": 0.819672131147541, "support": 36.0}, "1": {"precision": 0.6206896551724138, "recall": 1.0, "f1-score": 0.7659574468085106, "support": 18.0}, "accuracy": 0.7962962962962963, "macro avg": {"precision": 0.8103448275862069, "recall": 0.8472222222222222, "f1-score": 0.7928147889780258, "support": 54.0}, "weighted avg": {"precision": 0.8735632183908045, "recall": 0.7962962962962963, "f1-score": 0.8017672363678643, "support": 54.0}}