{"best_estimator": "RandomForestClassifier(n_estimators=150)", "best_score": 0.7951189712910551, "test_score": 0.7109243697478991}