{"0": {"precision": 0.7894736842105263, "recall": 0.4411764705882353, "f1-score": 0.5660377358490566, "support": 34.0}, "1": {"precision": 0.42424242424242425, "recall": 0.7777777777777778, "f1-score": 0.5490196078431373, "support": 18.0}, "accuracy": 0.5576923076923077, "macro avg": {"precision": 0.6068580542264753, "recall": 0.6094771241830066, "f1-score": 0.557528671846097, "support": 52.0}, "weighted avg": {"precision": 0.6630474788369525, "recall": 0.5576923076923077, "f1-score": 0.5601468453854691, "support": 52.0}}